{
  "type": "FeatureCollection",
  "name": "Jabodetabek context boundaries",
  "features": [
    {
      "type": "Feature",
      "properties": {
        "name": "Bekasi",
        "source_id": "22746128B74302729610221",
        "role": "context"
      },
      "geometry": {
        "type": "Polygon",
        "coordinates": [
          [
            [
              107.098152300000038,
              -5.940092199999981
            ],
            [
              107.095312,
              -5.936981099999969
            ],
            [
              107.078144200000054,
              -5.935517799999957
            ],
            [
              107.049424100000067,
              -5.925143299999945
            ],
            [
              107.020370900000046,
              -5.918147699999963
            ],
            [
              107.008307,
              -5.919718099999955
            ],
            [
              107.004666400000076,
              -5.926856499999928
            ],
            [
              107.000668900000051,
              -5.93106819999997
            ],
            [
              106.99103,
              -5.9364
            ],
            [
              106.99097,
              -5.93809
            ],
            [
              106.99281,
              -5.93806
            ],
            [
              106.99862,
              -5.93557
            ],
            [
              106.991246300000057,
              -5.940348099999937
            ],
            [
              106.991103500000065,
              -5.941918499999929
            ],
            [
              107.00169,
              -5.94036
            ],
            [
              107.005308900000045,
              -5.941704399999935
            ],
            [
              107.008663900000045,
              -5.945130799999959
            ],
            [
              107.01621,
              -5.95852
            ],
            [
              107.017801100000042,
              -5.970614799999964
            ],
            [
              107.016516100000047,
              -5.974826499999949
            ],
            [
              107.01357,
              -5.97687
            ],
            [
              107.01448,
              -5.98073
            ],
            [
              107.01219,
              -5.9806
            ],
            [
              107.00703,
              -5.99712
            ],
            [
              107.00777,
              -5.99823
            ],
            [
              107.00095,
              -6.00252
            ],
            [
              106.98938,
              -6.00323
            ],
            [
              106.98959,
              -6.00449
            ],
            [
              106.98718,
              -6.00567
            ],
            [
              106.98792,
              -6.00689
            ],
            [
              106.9854,
              -6.00821
            ],
            [
              106.98625,
              -6.00985
            ],
            [
              106.98449,
              -6.01092
            ],
            [
              106.98898,
              -6.01076
            ],
            [
              106.9928,
              -6.01446
            ],
            [
              106.99379,
              -6.0201
            ],
            [
              106.99201,
              -6.02617
            ],
            [
              106.99315,
              -6.02609
            ],
            [
              106.99306,
              -6.02813
            ],
            [
              107.00124,
              -6.02472
            ],
            [
              107.01014,
              -6.02381
            ],
            [
              107.01265,
              -6.025
            ],
            [
              107.01508,
              -6.02933
            ],
            [
              107.01548,
              -6.0338
            ],
            [
              107.01379,
              -6.03485
            ],
            [
              107.01212,
              -6.03319
            ],
            [
              107.00551,
              -6.03797
            ],
            [
              107.00473,
              -6.04185
            ],
            [
              107.00855,
              -6.04272
            ],
            [
              107.00562,
              -6.04992
            ],
            [
              106.99867,
              -6.04799
            ],
            [
              106.99672,
              -6.05007
            ],
            [
              106.98941,
              -6.04959
            ],
            [
              106.99455,
              -6.05164
            ],
            [
              106.99152,
              -6.05369
            ],
            [
              106.99847,
              -6.05902
            ],
            [
              107.00094,
              -6.06794
            ],
            [
              107.00826,
              -6.07346
            ],
            [
              107.01386,
              -6.07523
            ],
            [
              107.0166,
              -6.07849
            ],
            [
              107.01212,
              -6.08083
            ],
            [
              107.00771,
              -6.08075
            ],
            [
              107.0073,
              -6.08212
            ],
            [
              107.002517900000043,
              -6.080451599999947
            ],
            [
              107.00234510000007,
              -6.078570299999967
            ],
            [
              106.997942800000033,
              -6.07682479999994
            ],
            [
              106.995996,
              -6.077717
            ],
            [
              106.997092300000077,
              -6.081476399999929
            ],
            [
              106.99086,
              -6.08741
            ],
            [
              106.986055800000088,
              -6.086451899999929
            ],
            [
              106.979155300000059,
              -6.087403699999925
            ],
            [
              106.977489700000035,
              -6.085738099999958
            ],
            [
              106.969637500000033,
              -6.088474499999961
            ],
            [
              106.968766800000083,
              -6.092243899999971
            ],
            [
              106.968765400000052,
              -6.099796399999946
            ],
            [
              106.970391800000073,
              -6.10457839999998
            ],
            [
              106.969604700000048,
              -6.117495599999927
            ],
            [
              106.970710300000064,
              -6.139853799999969
            ],
            [
              106.972825400000033,
              -6.146198799999979
            ],
            [
              106.971680100000071,
              -6.14612029999995
            ],
            [
              106.971893500000078,
              -6.15461449999998
            ],
            [
              106.97162650000007,
              -6.172236599999962
            ],
            [
              107.010713300000077,
              -6.172381799999926
            ],
            [
              107.010841900000059,
              -6.174752699999942
            ],
            [
              107.00829850000008,
              -6.174577699999929
            ],
            [
              107.008349600000088,
              -6.177663
            ],
            [
              107.006979500000057,
              -6.177694599999938
            ],
            [
              107.007494,
              -6.184865799999955
            ],
            [
              107.005943500000058,
              -6.195881499999928
            ],
            [
              107.011321800000076,
              -6.196507699999927
            ],
            [
              107.014929500000051,
              -6.195097499999974
            ],
            [
              107.018034700000044,
              -6.199803399999951
            ],
            [
              107.019663,
              -6.198819499999956
            ],
            [
              107.019945100000086,
              -6.19638109999994
            ],
            [
              107.027912800000081,
              -6.197017499999959
            ],
            [
              107.029687600000045,
              -6.198079399999926
            ],
            [
              107.029411700000082,
              -6.20001469999994
            ],
            [
              107.029870500000072,
              -6.198048299999925
            ],
            [
              107.03247360000006,
              -6.198399599999959
            ],
            [
              107.032756900000038,
              -6.203344399999935
            ],
            [
              107.034215400000051,
              -6.205349399999932
            ],
            [
              107.032165700000064,
              -6.208786099999941
            ],
            [
              107.033806,
              -6.21238859999994
            ],
            [
              107.030861100000038,
              -6.215143299999966
            ],
            [
              107.033035400000074,
              -6.220132899999953
            ],
            [
              107.030365200000062,
              -6.226734299999976
            ],
            [
              107.035194500000046,
              -6.226589799999942
            ],
            [
              107.038734600000055,
              -6.232362799999976
            ],
            [
              107.042526400000042,
              -6.232816299999968
            ],
            [
              107.041481200000078,
              -6.246151099999963
            ],
            [
              107.035143400000038,
              -6.24673219999994
            ],
            [
              107.030552100000079,
              -6.249891699999978
            ],
            [
              107.029609900000082,
              -6.252996499999938
            ],
            [
              107.024390100000062,
              -6.255007499999977
            ],
            [
              107.019988800000078,
              -6.263575899999978
            ],
            [
              107.017833900000085,
              -6.262806599999976
            ],
            [
              107.016388100000086,
              -6.265633699999967
            ],
            [
              107.016380500000082,
              -6.27021179999997
            ],
            [
              107.017830100000083,
              -6.27132
            ],
            [
              107.016571200000044,
              -6.276174199999957
            ],
            [
              107.021179400000051,
              -6.277621899999929
            ],
            [
              107.02252210000006,
              -6.280394699999931
            ],
            [
              107.028122400000086,
              -6.277938099999972
            ],
            [
              107.031431200000043,
              -6.282065699999976
            ],
            [
              107.037452900000062,
              -6.283712
            ],
            [
              107.040054500000053,
              -6.287696
            ],
            [
              107.040939500000036,
              -6.296051099999943
            ],
            [
              107.038315100000034,
              -6.306286799999953
            ],
            [
              107.041188100000056,
              -6.307487399999957
            ],
            [
              107.041109900000038,
              -6.30938059999994
            ],
            [
              107.039458700000068,
              -6.309213199999931
            ],
            [
              107.037088900000072,
              -6.314133599999934
            ],
            [
              107.038250400000038,
              -6.316801899999973
            ],
            [
              107.036712100000045,
              -6.317764
            ],
            [
              107.037059800000065,
              -6.321470699999963
            ],
            [
              107.034057800000085,
              -6.323545099999933
            ],
            [
              107.032524300000034,
              -6.323114
            ],
            [
              107.03038040000007,
              -6.325437699999952
            ],
            [
              107.028869800000052,
              -6.330399099999966
            ],
            [
              107.021003900000039,
              -6.328049299999975
            ],
            [
              107.016447,
              -6.330406599999947
            ],
            [
              107.016121100000078,
              -6.343642799999941
            ],
            [
              107.018100900000036,
              -6.348385399999927
            ],
            [
              107.017235,
              -6.353578199999959
            ],
            [
              107.00679690000004,
              -6.36258909999998
            ],
            [
              107.00392,
              -6.35975
            ],
            [
              107.004559500000084,
              -6.355427099999929
            ],
            [
              107.001606600000059,
              -6.35389749999996
            ],
            [
              106.998399500000062,
              -6.356295799999941
            ],
            [
              106.994287700000086,
              -6.355293
            ],
            [
              106.992652200000066,
              -6.36482419999993
            ],
            [
              106.994629600000053,
              -6.366022699999974
            ],
            [
              106.993972900000074,
              -6.367133699999954
            ],
            [
              106.993026900000075,
              -6.370531199999959
            ],
            [
              106.995681900000079,
              -6.378625
            ],
            [
              107.001159800000039,
              -6.379277799999954
            ],
            [
              107.005851900000039,
              -6.378164399999946
            ],
            [
              107.006485100000077,
              -6.383686599999976
            ],
            [
              107.004776200000038,
              -6.387862299999938
            ],
            [
              107.011100900000088,
              -6.391941199999962
            ],
            [
              107.008484100000032,
              -6.395854099999951
            ],
            [
              107.010270600000069,
              -6.402571299999977
            ],
            [
              107.020042600000068,
              -6.400470299999938
            ],
            [
              107.020233300000086,
              -6.403978499999937
            ],
            [
              107.023123800000064,
              -6.404207799999938
            ],
            [
              107.023202200000071,
              -6.40966949999995
            ],
            [
              107.026828700000067,
              -6.409009099999935
            ],
            [
              107.026854200000059,
              -6.410270399999945
            ],
            [
              107.029610800000057,
              -6.409962099999973
            ],
            [
              107.03071390000008,
              -6.411526799999933
            ],
            [
              107.035385300000087,
              -6.405669299999943
            ],
            [
              107.038292100000035,
              -6.405292599999939
            ],
            [
              107.041527,
              -6.40693959999993
            ],
            [
              107.046104600000035,
              -6.402846899999929
            ],
            [
              107.04830190000007,
              -6.396420599999942
            ],
            [
              107.05152650000008,
              -6.394258199999967
            ],
            [
              107.062088200000062,
              -6.399514299999964
            ],
            [
              107.061271800000043,
              -6.401500799999951
            ],
            [
              107.058799900000054,
              -6.40077169999995
            ],
            [
              107.058975400000065,
              -6.403052399999979
            ],
            [
              107.056991700000083,
              -6.402908899999943
            ],
            [
              107.054474,
              -6.40511859999998
            ],
            [
              107.054382500000088,
              -6.406795599999953
            ],
            [
              107.056831500000044,
              -6.40707459999993
            ],
            [
              107.058334500000058,
              -6.410524499999951
            ],
            [
              107.054374900000084,
              -6.412650199999973
            ],
            [
              107.057647900000063,
              -6.415599
            ],
            [
              107.055496400000038,
              -6.41658979999994
            ],
            [
              107.055443,
              -6.415547899999979
            ],
            [
              107.052215700000033,
              -6.415352899999959
            ],
            [
              107.051208700000075,
              -6.417232199999944
            ],
            [
              107.055160700000044,
              -6.420716399999947
            ],
            [
              107.054550300000074,
              -6.419395099999974
            ],
            [
              107.056419500000061,
              -6.417622699999981
            ],
            [
              107.056694200000038,
              -6.422349099999963
            ],
            [
              107.058410800000047,
              -6.423073399999964
            ],
            [
              107.057159600000034,
              -6.424201599999947
            ],
            [
              107.058922,
              -6.426730299999974
            ],
            [
              107.054550300000074,
              -6.429301799999962
            ],
            [
              107.057815700000049,
              -6.42963089999995
            ],
            [
              107.059433200000058,
              -6.433568099999945
            ],
            [
              107.05526750000007,
              -6.434757299999944
            ],
            [
              107.055381900000043,
              -6.435730599999943
            ],
            [
              107.059150900000077,
              -6.43627319999996
            ],
            [
              107.062721400000044,
              -6.433775
            ],
            [
              107.066742100000056,
              -6.43567859999996
            ],
            [
              107.068077300000084,
              -6.437832499999956
            ],
            [
              107.080795400000056,
              -6.444074699999931
            ],
            [
              107.080031300000087,
              -6.448878
            ],
            [
              107.099655300000052,
              -6.453660099999979
            ],
            [
              107.106018200000051,
              -6.458472799999981
            ],
            [
              107.107505900000035,
              -6.462338599999953
            ],
            [
              107.116958700000055,
              -6.46211859999994
            ],
            [
              107.120391100000063,
              -6.459010899999953
            ],
            [
              107.125957600000049,
              -6.459173
            ],
            [
              107.122721600000034,
              -6.467378799999949
            ],
            [
              107.128586,
              -6.465746
            ],
            [
              107.134811500000069,
              -6.466070799999954
            ],
            [
              107.14083880000004,
              -6.471645
            ],
            [
              107.14559950000006,
              -6.473295299999961
            ],
            [
              107.146644700000081,
              -6.471608799999956
            ],
            [
              107.151870900000063,
              -6.474224199999981
            ],
            [
              107.15613570000005,
              -6.474626699999931
            ],
            [
              107.159683400000063,
              -6.478255899999965
            ],
            [
              107.170846300000051,
              -6.480668299999934
            ],
            [
              107.171675700000037,
              -6.482019399999956
            ],
            [
              107.172271900000055,
              -6.479813199999967
            ],
            [
              107.178299100000061,
              -6.479723599999943
            ],
            [
              107.180763400000046,
              -6.478116199999931
            ],
            [
              107.181030400000054,
              -6.474781199999939
            ],
            [
              107.178351500000076,
              -6.473878799999966
            ],
            [
              107.182815700000049,
              -6.473480399999971
            ],
            [
              107.181786900000077,
              -6.467756099999974
            ],
            [
              107.185489600000039,
              -6.467292799999939
            ],
            [
              107.183971900000074,
              -6.471637099999953
            ],
            [
              107.188499600000057,
              -6.470314599999938
            ],
            [
              107.189422800000045,
              -6.46409239999997
            ],
            [
              107.19561630000004,
              -6.463796399999978
            ],
            [
              107.195448900000088,
              -6.461073799999951
            ],
            [
              107.201042900000061,
              -6.461092
            ],
            [
              107.208919200000082,
              -6.468561499999964
            ],
            [
              107.213150200000086,
              -6.464500599999951
            ],
            [
              107.215034500000058,
              -6.464478899999961
            ],
            [
              107.216873300000088,
              -6.461359699999946
            ],
            [
              107.212654200000088,
              -6.454964799999971
            ],
            [
              107.20537580000007,
              -6.451929699999937
            ],
            [
              107.207885900000065,
              -6.449283299999934
            ],
            [
              107.211067400000047,
              -6.452452299999948
            ],
            [
              107.211708200000032,
              -6.449280899999962
            ],
            [
              107.207039,
              -6.441059299999949
            ],
            [
              107.201996,
              -6.436088199999972
            ],
            [
              107.206680400000039,
              -6.43488659999997
            ],
            [
              107.203712600000074,
              -6.426079399999935
            ],
            [
              107.197670100000039,
              -6.424946
            ],
            [
              107.196212900000035,
              -6.422990899999945
            ],
            [
              107.200134400000081,
              -6.42203109999997
            ],
            [
              107.203476100000046,
              -6.423519799999951
            ],
            [
              107.205429200000083,
              -6.421652
            ],
            [
              107.201957800000059,
              -6.413947699999937
            ],
            [
              107.212181200000089,
              -6.417228399999942
            ],
            [
              107.212974700000075,
              -6.409221799999955
            ],
            [
              107.217270100000064,
              -6.407697799999937
            ],
            [
              107.221412800000053,
              -6.408061699999962
            ],
            [
              107.22212230000008,
              -6.400389299999972
            ],
            [
              107.219871700000056,
              -6.396245199999953
            ],
            [
              107.221222100000034,
              -6.384235099999955
            ],
            [
              107.218712,
              -6.383435899999938
            ],
            [
              107.219070600000066,
              -6.380638799999929
            ],
            [
              107.214439500000083,
              -6.379629299999976
            ],
            [
              107.212776300000087,
              -6.374544299999968
            ],
            [
              107.21046460000008,
              -6.37958969999994
            ],
            [
              107.204796,
              -6.375670599999978
            ],
            [
              107.205513200000041,
              -6.36924659999994
            ],
            [
              107.210365400000057,
              -6.36588919999997
            ],
            [
              107.210121300000083,
              -6.363820699999962
            ],
            [
              107.207504400000062,
              -6.36152519999996
            ],
            [
              107.210670600000071,
              -6.361295899999959
            ],
            [
              107.213249400000052,
              -6.363807299999962
            ],
            [
              107.215309300000058,
              -6.361815099999944
            ],
            [
              107.213081500000044,
              -6.356709199999955
            ],
            [
              107.214988900000037,
              -6.349893699999939
            ],
            [
              107.222984400000087,
              -6.35189209999993
            ],
            [
              107.226600800000085,
              -6.349158399999965
            ],
            [
              107.225601300000051,
              -6.341807499999959
            ],
            [
              107.223388800000066,
              -6.338813499999958
            ],
            [
              107.223640600000067,
              -6.335398899999973
            ],
            [
              107.220550700000047,
              -6.334493299999963
            ],
            [
              107.218696700000066,
              -6.331131199999959
            ],
            [
              107.214721800000063,
              -6.329958599999941
            ],
            [
              107.219139200000086,
              -6.325950299999931
            ],
            [
              107.218612800000074,
              -6.321387499999958
            ],
            [
              107.224739200000045,
              -6.320559699999933
            ],
            [
              107.223121800000058,
              -6.31838
            ],
            [
              107.21860520000007,
              -6.318253699999957
            ],
            [
              107.217399700000044,
              -6.315149
            ],
            [
              107.219917400000043,
              -6.313146299999971
            ],
            [
              107.221779,
              -6.316588099999933
            ],
            [
              107.223938100000055,
              -6.316335799999933
            ],
            [
              107.224609500000042,
              -6.310211799999934
            ],
            [
              107.22760020000004,
              -6.309338699999955
            ],
            [
              107.224174600000083,
              -6.307789499999956
            ],
            [
              107.223808400000053,
              -6.306096699999955
            ],
            [
              107.227760500000045,
              -6.304490199999975
            ],
            [
              107.229431300000044,
              -6.302201899999943
            ],
            [
              107.233017100000041,
              -6.303733
            ],
            [
              107.233139200000039,
              -6.299007099999926
            ],
            [
              107.235069400000043,
              -6.300659799999949
            ],
            [
              107.235496700000056,
              -6.307101899999964
            ],
            [
              107.238495,
              -6.306086199999925
            ],
            [
              107.239319,
              -6.303705899999954
            ],
            [
              107.236450300000058,
              -6.29667349999994
            ],
            [
              107.242012200000033,
              -6.296673
            ],
            [
              107.245712400000059,
              -6.299630299999933
            ],
            [
              107.247757100000058,
              -6.29829419999993
            ],
            [
              107.248665,
              -6.293299399999967
            ],
            [
              107.250923300000068,
              -6.292867799999954
            ],
            [
              107.254989800000033,
              -6.294834799999933
            ],
            [
              107.255050800000049,
              -6.290549399999975
            ],
            [
              107.261131400000068,
              -6.286111499999947
            ],
            [
              107.264297600000077,
              -6.286034699999959
            ],
            [
              107.261894400000074,
              -6.281950199999926
            ],
            [
              107.26326,
              -6.28008669999997
            ],
            [
              107.26710520000006,
              -6.284608
            ],
            [
              107.267845300000033,
              -6.280109099999947
            ],
            [
              107.265409,
              -6.278752199999929
            ],
            [
              107.266652600000043,
              -6.273805899999957
            ],
            [
              107.276146100000062,
              -6.26705
            ],
            [
              107.276024,
              -6.263124599999969
            ],
            [
              107.273407100000043,
              -6.25836529999998
            ],
            [
              107.277839800000038,
              -6.253597
            ],
            [
              107.274505700000077,
              -6.241206399999953
            ],
            [
              107.269134700000052,
              -6.231987199999935
            ],
            [
              107.274421800000084,
              -6.233573599999943
            ],
            [
              107.282089400000075,
              -6.228919699999949
            ],
            [
              107.283683900000085,
              -6.225881799999968
            ],
            [
              107.280716100000063,
              -6.223443699999962
            ],
            [
              107.274948300000062,
              -6.222477099999935
            ],
            [
              107.272216900000046,
              -6.216876699999943
            ],
            [
              107.278625600000055,
              -6.215370899999925
            ],
            [
              107.291038600000036,
              -6.216982099999939
            ],
            [
              107.293083300000035,
              -6.214167299999929
            ],
            [
              107.293968300000074,
              -6.206624199999965
            ],
            [
              107.296623400000044,
              -6.202945899999975
            ],
            [
              107.295982500000036,
              -6.201320799999962
            ],
            [
              107.292053300000077,
              -6.201693199999966
            ],
            [
              107.290832700000067,
              -6.200613699999963
            ],
            [
              107.292137300000036,
              -6.19015
            ],
            [
              107.290550400000086,
              -6.187070099999971
            ],
            [
              107.286201600000084,
              -6.183889599999929
            ],
            [
              107.286956900000064,
              -6.178236599999934
            ],
            [
              107.285972700000059,
              -6.175322199999925
            ],
            [
              107.279373300000088,
              -6.171085099999971
            ],
            [
              107.279907300000048,
              -6.165825599999948
            ],
            [
              107.278587500000071,
              -6.162015199999928
            ],
            [
              107.28120430000007,
              -6.15732689999993
            ],
            [
              107.288452300000074,
              -6.156322599999953
            ],
            [
              107.289207600000054,
              -6.149304099999938
            ],
            [
              107.292656100000045,
              -6.141432
            ],
            [
              107.291046300000062,
              -6.140503099999933
            ],
            [
              107.288955800000053,
              -6.141915499999925
            ],
            [
              107.285766700000067,
              -6.148701399999936
            ],
            [
              107.282417400000043,
              -6.148042399999952
            ],
            [
              107.281036500000084,
              -6.144830399999933
            ],
            [
              107.283920400000056,
              -6.137252499999931
            ],
            [
              107.283424500000081,
              -6.135372299999972
            ],
            [
              107.279472500000054,
              -6.133368699999949
            ],
            [
              107.281189100000063,
              -6.127599399999951
            ],
            [
              107.277893200000051,
              -6.127033399999959
            ],
            [
              107.272819600000048,
              -6.130534299999965
            ],
            [
              107.27063,
              -6.129683199999931
            ],
            [
              107.269386400000087,
              -6.115561199999945
            ],
            [
              107.265327600000035,
              -6.111335899999972
            ],
            [
              107.262451300000066,
              -6.111018899999976
            ],
            [
              107.251472600000056,
              -6.116168199999947
            ],
            [
              107.248504800000035,
              -6.116098099999931
            ],
            [
              107.248153800000068,
              -6.103693699999951
            ],
            [
              107.246795800000086,
              -6.101092
            ],
            [
              107.243347300000039,
              -6.100956599999961
            ],
            [
              107.237487900000076,
              -6.104367399999944
            ],
            [
              107.230140800000072,
              -6.102629799999931
            ],
            [
              107.221634,
              -6.103863399999966
            ],
            [
              107.211731100000065,
              -6.099679099999946
            ],
            [
              107.202560600000083,
              -6.093543199999942
            ],
            [
              107.189125200000035,
              -6.089252599999952
            ],
            [
              107.187042400000053,
              -6.086324399999967
            ],
            [
              107.188064700000041,
              -6.079007799999943
            ],
            [
              107.185684300000048,
              -6.07656019999996
            ],
            [
              107.182151900000065,
              -6.077293599999962
            ],
            [
              107.177017400000068,
              -6.081719599999929
            ],
            [
              107.171898,
              -6.07592649999998
            ],
            [
              107.159637600000053,
              -6.067674299999965
            ],
            [
              107.156822400000067,
              -6.067925099999968
            ],
            [
              107.151565700000049,
              -6.072830799999963
            ],
            [
              107.143593,
              -6.07130449999994
            ],
            [
              107.140411500000084,
              -6.063615
            ],
            [
              107.140541200000087,
              -6.057171
            ],
            [
              107.138923800000043,
              -6.057297399999925
            ],
            [
              107.134422500000085,
              -6.063488599999971
            ],
            [
              107.130340700000033,
              -6.061526899999933
            ],
            [
              107.132713500000079,
              -6.055733399999951
            ],
            [
              107.136848600000064,
              -6.055627
            ],
            [
              107.136161900000047,
              -6.049636
            ],
            [
              107.128509700000052,
              -6.054610899999943
            ],
            [
              107.126594700000055,
              -6.054319
            ],
            [
              107.124359300000037,
              -6.050889599999948
            ],
            [
              107.127823,
              -6.04739109999997
            ],
            [
              107.126533700000039,
              -6.046107399999926
            ],
            [
              107.121681400000057,
              -6.047082599999953
            ],
            [
              107.119117900000049,
              -6.039592
            ],
            [
              107.113296700000035,
              -6.03884469999997
            ],
            [
              107.111320700000078,
              -6.028898399999946
            ],
            [
              107.105133200000068,
              -6.028780099999949
            ],
            [
              107.099296700000082,
              -6.025037899999973
            ],
            [
              107.096092400000089,
              -6.027930899999944
            ],
            [
              107.093948500000067,
              -6.027396799999963
            ],
            [
              107.095009,
              -6.022052
            ],
            [
              107.101577900000052,
              -6.016244599999936
            ],
            [
              107.099655300000052,
              -6.014455399999974
            ],
            [
              107.093559400000061,
              -6.014279
            ],
            [
              107.09204120000004,
              -6.005757
            ],
            [
              107.084617800000046,
              -6.002277499999934
            ],
            [
              107.088348600000074,
              -5.995445399999937
            ],
            [
              107.087501700000075,
              -5.992797
            ],
            [
              107.084381300000075,
              -5.990820099999951
            ],
            [
              107.087219400000038,
              -5.987206599999979
            ],
            [
              107.084892400000058,
              -5.984919199999979
            ],
            [
              107.087753400000054,
              -5.985330699999963
            ],
            [
              107.089920200000051,
              -5.983525899999961
            ],
            [
              107.087631400000078,
              -5.982266599999946
            ],
            [
              107.088623200000086,
              -5.980072199999938
            ],
            [
              107.085632500000088,
              -5.979469
            ],
            [
              107.090034600000081,
              -5.976444899999933
            ],
            [
              107.088463,
              -5.975605599999938
            ],
            [
              107.090988300000049,
              -5.972685
            ],
            [
              107.089492900000039,
              -5.968626599999936
            ],
            [
              107.097137600000053,
              -5.961317199999939
            ],
            [
              107.093582300000037,
              -5.957870199999945
            ],
            [
              107.095291300000042,
              -5.955207
            ],
            [
              107.098152300000038,
              -5.940092199999981
            ]
          ]
        ]
      }
    },
    {
      "type": "Feature",
      "properties": {
        "name": "Bogor",
        "source_id": "22746128B99423643145371",
        "role": "context"
      },
      "geometry": {
        "type": "Polygon",
        "coordinates": [
          [
            [
              106.993972900000074,
              -6.367133699999954
            ],
            [
              106.988067800000067,
              -6.363652799999954
            ],
            [
              106.979729200000065,
              -6.364279299999964
            ],
            [
              106.97917190000004,
              -6.361946199999977
            ],
            [
              106.981941400000039,
              -6.357862599999976
            ],
            [
              106.978439500000036,
              -6.356841599999939
            ],
            [
              106.976783900000044,
              -6.355122699999981
            ],
            [
              106.977073800000085,
              -6.353251099999966
            ],
            [
              106.969978500000082,
              -6.349535499999945
            ],
            [
              106.972630700000082,
              -6.346660699999973
            ],
            [
              106.970031900000038,
              -6.346407
            ],
            [
              106.968048300000078,
              -6.343018099999938
            ],
            [
              106.966186700000037,
              -6.342419699999937
            ],
            [
              106.96863570000005,
              -6.341450299999963
            ],
            [
              106.971481500000039,
              -6.342945699999973
            ],
            [
              106.975738700000079,
              -6.340936299999953
            ],
            [
              106.975746300000083,
              -6.339444699999945
            ],
            [
              106.972839500000077,
              -6.340076099999976
            ],
            [
              106.975464,
              -6.335207499999967
            ],
            [
              106.972488600000077,
              -6.331926
            ],
            [
              106.974090700000033,
              -6.330133
            ],
            [
              106.975235100000077,
              -6.331782399999952
            ],
            [
              106.976961700000061,
              -6.331386599999973
            ],
            [
              106.976333800000077,
              -6.319182499999954
            ],
            [
              106.980858,
              -6.315075
            ],
            [
              106.973282,
              -6.311603599999955
            ],
            [
              106.970848200000034,
              -6.30234059999998
            ],
            [
              106.968292400000053,
              -6.303132099999971
            ],
            [
              106.969543600000065,
              -6.302986699999963
            ],
            [
              106.969978500000082,
              -6.305647499999964
            ],
            [
              106.966650600000037,
              -6.303007
            ],
            [
              106.966956200000084,
              -6.305188899999962
            ],
            [
              106.964485300000035,
              -6.305214499999977
            ],
            [
              106.966568100000075,
              -6.306959199999937
            ],
            [
              106.965210100000036,
              -6.307121799999948
            ],
            [
              106.96508810000006,
              -6.310177899999928
            ],
            [
              106.963768200000061,
              -6.310111599999971
            ],
            [
              106.964009,
              -6.308481899999947
            ],
            [
              106.961342,
              -6.308312
            ],
            [
              106.960968200000082,
              -6.309619199999929
            ],
            [
              106.963371400000085,
              -6.312236399999961
            ],
            [
              106.960235800000078,
              -6.312524899999971
            ],
            [
              106.960974,
              -6.315221599999973
            ],
            [
              106.963661400000035,
              -6.316912699999932
            ],
            [
              106.960251,
              -6.32139449999994
            ],
            [
              106.961906600000077,
              -6.322729199999969
            ],
            [
              106.961738800000035,
              -6.325107199999934
            ],
            [
              106.964729500000033,
              -6.324944099999925
            ],
            [
              106.963691900000072,
              -6.326722199999949
            ],
            [
              106.96078220000004,
              -6.326363299999969
            ],
            [
              106.963432500000067,
              -6.328894199999979
            ],
            [
              106.962295700000084,
              -6.331009499999936
            ],
            [
              106.960228200000074,
              -6.331479599999966
            ],
            [
              106.960373100000083,
              -6.333550099999968
            ],
            [
              106.962379600000077,
              -6.333196199999975
            ],
            [
              106.961776900000075,
              -6.335841699999946
            ],
            [
              106.959427100000084,
              -6.335421199999928
            ],
            [
              106.956894100000056,
              -6.337544
            ],
            [
              106.957100100000048,
              -6.33950429999993
            ],
            [
              106.952827600000035,
              -6.340188099999978
            ],
            [
              106.954643400000066,
              -6.34441
            ],
            [
              106.95025650000008,
              -6.344151099999976
            ],
            [
              106.952133500000059,
              -6.348633699999937
            ],
            [
              106.954002600000081,
              -6.349453099999948
            ],
            [
              106.953323500000067,
              -6.35116249999993
            ],
            [
              106.952049400000078,
              -6.349142099999938
            ],
            [
              106.950425600000074,
              -6.350526899999977
            ],
            [
              106.952408,
              -6.35350619999997
            ],
            [
              106.949508800000046,
              -6.35408549999994
            ],
            [
              106.947357300000078,
              -6.357559299999934
            ],
            [
              106.948662,
              -6.358650299999965
            ],
            [
              106.946212900000035,
              -6.359419399999979
            ],
            [
              106.947044500000061,
              -6.358204
            ],
            [
              106.943901200000084,
              -6.358025599999962
            ],
            [
              106.943824900000038,
              -6.359596299999964
            ],
            [
              106.94713610000008,
              -6.360190899999964
            ],
            [
              106.943939400000033,
              -6.366423199999929
            ],
            [
              106.945053300000041,
              -6.36629679999993
            ],
            [
              106.945457600000054,
              -6.368491699999936
            ],
            [
              106.94327560000005,
              -6.369113499999969
            ],
            [
              106.943374800000072,
              -6.367313499999966
            ],
            [
              106.942306700000074,
              -6.367376899999954
            ],
            [
              106.94204730000007,
              -6.369182199999955
            ],
            [
              106.938644600000089,
              -6.370584099999974
            ],
            [
              106.938652200000035,
              -6.372229599999969
            ],
            [
              106.940582500000062,
              -6.371434799999975
            ],
            [
              106.937866400000075,
              -6.374123199999929
            ],
            [
              106.938851500000055,
              -6.375
            ],
            [
              106.937776700000086,
              -6.377407099999971
            ],
            [
              106.93307260000006,
              -6.375833399999976
            ],
            [
              106.929730400000039,
              -6.379998799999953
            ],
            [
              106.929510900000082,
              -6.382310099999927
            ],
            [
              106.933766,
              -6.383556299999952
            ],
            [
              106.929229900000053,
              -6.386208599999975
            ],
            [
              106.926529100000039,
              -6.385491499999944
            ],
            [
              106.925819600000068,
              -6.388285699999926
            ],
            [
              106.924675200000081,
              -6.386166099999969
            ],
            [
              106.923227200000042,
              -6.389883
            ],
            [
              106.921798900000056,
              -6.388900799999931
            ],
            [
              106.920764600000041,
              -6.392713799999967
            ],
            [
              106.922977100000082,
              -6.394430299999954
            ],
            [
              106.921450700000037,
              -6.394718
            ],
            [
              106.92095530000006,
              -6.396948
            ],
            [
              106.918847800000037,
              -6.395603299999948
            ],
            [
              106.918267600000036,
              -6.398231
            ],
            [
              106.91609660000006,
              -6.399744699999928
            ],
            [
              106.918159700000047,
              -6.400571799999966
            ],
            [
              106.915953100000081,
              -6.401262899999949
            ],
            [
              106.917069,
              -6.403695099999936
            ],
            [
              106.915833500000076,
              -6.404936199999952
            ],
            [
              106.917214700000045,
              -6.405603499999927
            ],
            [
              106.915052500000058,
              -6.406617099999949
            ],
            [
              106.917214100000081,
              -6.409099
            ],
            [
              106.914665600000035,
              -6.414962599999967
            ],
            [
              106.91449920000008,
              -6.412801099999967
            ],
            [
              106.91291190000004,
              -6.411936
            ],
            [
              106.91069420000008,
              -6.413576599999942
            ],
            [
              106.908493400000054,
              -6.411593099999948
            ],
            [
              106.90798280000007,
              -6.415164199999936
            ],
            [
              106.905348500000059,
              -6.412663799999962
            ],
            [
              106.906077100000061,
              -6.415634299999965
            ],
            [
              106.904097800000045,
              -6.419028
            ],
            [
              106.903247,
              -6.417977399999927
            ],
            [
              106.90045450000008,
              -6.419072
            ],
            [
              106.900271400000065,
              -6.420613599999967
            ],
            [
              106.898964400000068,
              -6.419777899999929
            ],
            [
              106.898669700000085,
              -6.422540899999944
            ],
            [
              106.899969600000077,
              -6.423032699999965
            ],
            [
              106.89912170000008,
              -6.42603859999997
            ],
            [
              106.894566300000065,
              -6.424953099999925
            ],
            [
              106.895174600000075,
              -6.427977899999973
            ],
            [
              106.892878100000075,
              -6.426482
            ],
            [
              106.891888200000039,
              -6.42733839999994
            ],
            [
              106.892781300000081,
              -6.428291299999955
            ],
            [
              106.890182200000083,
              -6.43229649999995
            ],
            [
              106.891705500000057,
              -6.433965799999953
            ],
            [
              106.888210900000047,
              -6.434697399999948
            ],
            [
              106.887568600000066,
              -6.437318799999957
            ],
            [
              106.886014900000077,
              -6.437312399999939
            ],
            [
              106.88540560000007,
              -6.440628
            ],
            [
              106.887263700000062,
              -6.440554199999951
            ],
            [
              106.887065300000074,
              -6.442905899999971
            ],
            [
              106.885082400000044,
              -6.442194499999971
            ],
            [
              106.885137300000054,
              -6.445507699999951
            ],
            [
              106.882469400000048,
              -6.443681099999935
            ],
            [
              106.88215340000005,
              -6.446701599999926
            ],
            [
              106.883404800000051,
              -6.446598299999948
            ],
            [
              106.88382080000008,
              -6.448716299999944
            ],
            [
              106.880943200000047,
              -6.448276199999952
            ],
            [
              106.883039300000064,
              -6.450017
            ],
            [
              106.882000700000049,
              -6.454149899999948
            ],
            [
              106.878825400000039,
              -6.453552199999933
            ],
            [
              106.881985700000087,
              -6.456677699999943
            ],
            [
              106.880247200000042,
              -6.456166399999972
            ],
            [
              106.880350200000066,
              -6.457652099999962
            ],
            [
              106.878598800000077,
              -6.458590499999957
            ],
            [
              106.878827800000067,
              -6.45731829999994
            ],
            [
              106.876245700000084,
              -6.458245399999953
            ],
            [
              106.875000700000044,
              -6.455943799999943
            ],
            [
              106.855718800000034,
              -6.456269299999974
            ],
            [
              106.853291700000057,
              -6.44869019999993
            ],
            [
              106.853040400000054,
              -6.436009399999932
            ],
            [
              106.850220800000045,
              -6.435959299999979
            ],
            [
              106.844753700000069,
              -6.43665
            ],
            [
              106.843280800000059,
              -6.438316
            ],
            [
              106.842833600000063,
              -6.440978499999972
            ],
            [
              106.845964800000047,
              -6.443499599999939
            ],
            [
              106.844209500000034,
              -6.447388699999976
            ],
            [
              106.83708560000008,
              -6.450593
            ],
            [
              106.835229100000049,
              -6.449215099999947
            ],
            [
              106.833670700000084,
              -6.451052699999934
            ],
            [
              106.835494700000083,
              -6.452873499999953
            ],
            [
              106.835264600000073,
              -6.454674899999929
            ],
            [
              106.832760700000051,
              -6.453103499999941
            ],
            [
              106.832027700000083,
              -6.454826199999957
            ],
            [
              106.828747300000089,
              -6.455194
            ],
            [
              106.825383400000078,
              -6.461283099999946
            ],
            [
              106.824023900000043,
              -6.460964
            ],
            [
              106.825003,
              -6.45475829999998
            ],
            [
              106.821177800000044,
              -6.454136699999935
            ],
            [
              106.82056730000005,
              -6.452301599999942
            ],
            [
              106.823646,
              -6.447399299999972
            ],
            [
              106.823082100000079,
              -6.444290799999976
            ],
            [
              106.816356100000064,
              -6.445032699999956
            ],
            [
              106.805038100000047,
              -6.442827299999976
            ],
            [
              106.801589,
              -6.452040199999942
            ],
            [
              106.793200600000034,
              -6.451794699999937
            ],
            [
              106.794061,
              -6.44166569999993
            ],
            [
              106.788467200000071,
              -6.440705299999934
            ],
            [
              106.788187600000072,
              -6.438163499999973
            ],
            [
              106.78114,
              -6.43931
            ],
            [
              106.76635,
              -6.43726
            ],
            [
              106.75842,
              -6.43897
            ],
            [
              106.73841,
              -6.43892
            ],
            [
              106.73579,
              -6.4341
            ],
            [
              106.73612,
              -6.43181
            ],
            [
              106.73282,
              -6.4293
            ],
            [
              106.73294,
              -6.42661
            ],
            [
              106.73677710000004,
              -6.424402399999963
            ],
            [
              106.73533,
              -6.42273
            ],
            [
              106.73723,
              -6.41911
            ],
            [
              106.73261,
              -6.4145
            ],
            [
              106.73031,
              -6.41434
            ],
            [
              106.73139,
              -6.40718
            ],
            [
              106.73278,
              -6.40558
            ],
            [
              106.73123,
              -6.40451
            ],
            [
              106.73133,
              -6.40236
            ],
            [
              106.72968,
              -6.40202
            ],
            [
              106.73094,
              -6.39925
            ],
            [
              106.72871,
              -6.39871
            ],
            [
              106.72921,
              -6.39632
            ],
            [
              106.72649,
              -6.39641
            ],
            [
              106.72689,
              -6.39443
            ],
            [
              106.72857,
              -6.3943
            ],
            [
              106.72702,
              -6.38961
            ],
            [
              106.72879,
              -6.3895
            ],
            [
              106.7283,
              -6.38769
            ],
            [
              106.72595,
              -6.38791
            ],
            [
              106.72802,
              -6.38595
            ],
            [
              106.72598,
              -6.38542
            ],
            [
              106.72333,
              -6.38692
            ],
            [
              106.72185,
              -6.38599
            ],
            [
              106.72332,
              -6.38121
            ],
            [
              106.72167,
              -6.37982
            ],
            [
              106.72376,
              -6.37662
            ],
            [
              106.72083,
              -6.37639
            ],
            [
              106.72271,
              -6.37434
            ],
            [
              106.71689450000008,
              -6.369990399999949
            ],
            [
              106.718327,
              -6.367166399999974
            ],
            [
              106.716747300000065,
              -6.365307499999972
            ],
            [
              106.720986800000048,
              -6.363152699999944
            ],
            [
              106.720513700000083,
              -6.360478099999966
            ],
            [
              106.719177400000035,
              -6.362072499999954
            ],
            [
              106.711380200000065,
              -6.360186099999964
            ],
            [
              106.66624470000005,
              -6.35792779999997
            ],
            [
              106.658584800000085,
              -6.358821399999954
            ],
            [
              106.656227300000069,
              -6.361164099999939
            ],
            [
              106.651160300000072,
              -6.362204
            ],
            [
              106.628700500000036,
              -6.36087079999993
            ],
            [
              106.603393800000049,
              -6.361899299999948
            ],
            [
              106.598091300000078,
              -6.35870639999996
            ],
            [
              106.596725700000036,
              -6.359932399999934
            ],
            [
              106.597763300000054,
              -6.362566399999935
            ],
            [
              106.59386470000004,
              -6.36272809999997
            ],
            [
              106.592918600000075,
              -6.358623899999941
            ],
            [
              106.590873900000076,
              -6.358826099999931
            ],
            [
              106.589027600000065,
              -6.357015499999932
            ],
            [
              106.590278900000044,
              -6.356522499999926
            ],
            [
              106.587997700000074,
              -6.356235899999945
            ],
            [
              106.590072900000052,
              -6.352249599999936
            ],
            [
              106.587654300000054,
              -6.35155009999994
            ],
            [
              106.588531700000033,
              -6.347480699999949
            ],
            [
              106.587272900000073,
              -6.348288899999943
            ],
            [
              106.582390100000055,
              -6.34583559999993
            ],
            [
              106.582878300000061,
              -6.34461639999995
            ],
            [
              106.57751490000004,
              -6.340315299999929
            ],
            [
              106.577308900000048,
              -6.338576299999943
            ],
            [
              106.576332300000047,
              -6.338579099999947
            ],
            [
              106.576462,
              -6.341199299999971
            ],
            [
              106.574600500000088,
              -6.341944599999977
            ],
            [
              106.575149800000077,
              -6.339865599999939
            ],
            [
              106.573059300000068,
              -6.338447499999972
            ],
            [
              106.568367200000068,
              -6.338820899999973
            ],
            [
              106.566345400000046,
              -6.33747859999994
            ],
            [
              106.563942200000042,
              -6.339595299999928
            ],
            [
              106.56033350000007,
              -6.338638299999957
            ],
            [
              106.55923480000007,
              -6.336999799999944
            ],
            [
              106.559311200000081,
              -6.340109299999938
            ],
            [
              106.557892100000061,
              -6.340592299999969
            ],
            [
              106.556289900000081,
              -6.336268799999971
            ],
            [
              106.554024,
              -6.335036199999934
            ],
            [
              106.551834300000053,
              -6.335967
            ],
            [
              106.552048,
              -6.334052499999927
            ],
            [
              106.548797800000045,
              -6.33385549999997
            ],
            [
              106.551575,
              -6.333118799999966
            ],
            [
              106.548942800000077,
              -6.332408799999939
            ],
            [
              106.54198480000008,
              -6.334006199999976
            ],
            [
              106.54201530000006,
              -6.332005399999957
            ],
            [
              106.540481800000066,
              -6.333303899999976
            ],
            [
              106.53837610000005,
              -6.330983099999969
            ],
            [
              106.534149400000047,
              -6.33230059999994
            ],
            [
              106.533829,
              -6.330539599999952
            ],
            [
              106.529983800000082,
              -6.32979
            ],
            [
              106.530670400000076,
              -6.328765799999928
            ],
            [
              106.528480800000068,
              -6.328119699999945
            ],
            [
              106.529060600000037,
              -6.326258099999961
            ],
            [
              106.526878600000089,
              -6.324633499999948
            ],
            [
              106.526054600000066,
              -6.325853699999925
            ],
            [
              106.519287400000053,
              -6.325808499999937
            ],
            [
              106.518692200000032,
              -6.327093499999933
            ],
            [
              106.518112400000064,
              -6.325736
            ],
            [
              106.515754900000047,
              -6.325699199999974
            ],
            [
              106.515579500000058,
              -6.324307799999929
            ],
            [
              106.513298300000088,
              -6.325706399999945
            ],
            [
              106.514587600000084,
              -6.327540299999953
            ],
            [
              106.512726100000066,
              -6.329372799999931
            ],
            [
              106.515243800000064,
              -6.329832899999928
            ],
            [
              106.515098800000032,
              -6.332291099999964
            ],
            [
              106.518738,
              -6.331562899999938
            ],
            [
              106.52043180000004,
              -6.333417399999973
            ],
            [
              106.521507500000041,
              -6.332109399999979
            ],
            [
              106.526497100000086,
              -6.336357499999963
            ],
            [
              106.524444800000083,
              -6.33887569999996
            ],
            [
              106.528274800000077,
              -6.339386399999967
            ],
            [
              106.52995320000008,
              -6.337597799999969
            ],
            [
              106.531883500000049,
              -6.339636699999971
            ],
            [
              106.530411,
              -6.341283199999964
            ],
            [
              106.531379900000047,
              -6.342922099999953
            ],
            [
              106.528396800000053,
              -6.345214799999951
            ],
            [
              106.529693800000075,
              -6.34683119999994
            ],
            [
              106.526176700000065,
              -6.349483899999939
            ],
            [
              106.522102600000039,
              -6.350148599999955
            ],
            [
              106.521881400000041,
              -6.352868
            ],
            [
              106.519104200000072,
              -6.355163
            ],
            [
              106.516571300000066,
              -6.353882699999929
            ],
            [
              106.51109340000005,
              -6.355136799999968
            ],
            [
              106.50244930000008,
              -6.346178
            ],
            [
              106.501892300000065,
              -6.353902699999935
            ],
            [
              106.499000800000033,
              -6.355904499999951
            ],
            [
              106.476288100000033,
              -6.350949699999944
            ],
            [
              106.476356800000076,
              -6.344130399999926
            ],
            [
              106.482055900000034,
              -6.344043599999964
            ],
            [
              106.483475,
              -6.342847699999936
            ],
            [
              106.48173550000007,
              -6.334395799999925
            ],
            [
              106.482734900000082,
              -6.332550899999944
            ],
            [
              106.481705,
              -6.332066
            ],
            [
              106.483749600000067,
              -6.331006899999977
            ],
            [
              106.484352300000069,
              -6.328752899999927
            ],
            [
              106.483093500000052,
              -6.326613099999975
            ],
            [
              106.484105200000045,
              -6.325012099999981
            ],
            [
              106.483475,
              -6.322558799999968
            ],
            [
              106.480331700000079,
              -6.32074769999997
            ],
            [
              106.479271200000085,
              -6.316590699999949
            ],
            [
              106.478187800000057,
              -6.316650299999935
            ],
            [
              106.476197800000079,
              -6.308871899999929
            ],
            [
              106.473224900000048,
              -6.307668
            ],
            [
              106.471443900000054,
              -6.308456499999977
            ],
            [
              106.471823100000051,
              -6.306170699999939
            ],
            [
              106.469253800000047,
              -6.303490099999976
            ],
            [
              106.466179100000033,
              -6.305146099999945
            ],
            [
              106.464416800000038,
              -6.308880199999976
            ],
            [
              106.442146500000035,
              -6.325714
            ],
            [
              106.430656700000043,
              -6.347770599999933
            ],
            [
              106.426704700000073,
              -6.348073799999952
            ],
            [
              106.425537400000053,
              -6.350096099999973
            ],
            [
              106.429359700000077,
              -6.350549099999967
            ],
            [
              106.426826700000049,
              -6.353885
            ],
            [
              106.428444200000058,
              -6.356772799999931
            ],
            [
              106.430771100000072,
              -6.35723
            ],
            [
              106.429703,
              -6.358460799999932
            ],
            [
              106.431106800000066,
              -6.36102139999997
            ],
            [
              106.429825100000073,
              -6.363017
            ],
            [
              106.431991800000048,
              -6.36683069999998
            ],
            [
              106.428451800000062,
              -6.369432299999971
            ],
            [
              106.42911550000008,
              -6.37267769999994
            ],
            [
              106.430816900000082,
              -6.37350349999997
            ],
            [
              106.427421800000047,
              -6.376501899999937
            ],
            [
              106.431923200000085,
              -6.376958699999932
            ],
            [
              106.433861,
              -6.38496809999998
            ],
            [
              106.437973300000067,
              -6.387895
            ],
            [
              106.435280100000057,
              -6.39005839999993
            ],
            [
              106.437515500000075,
              -6.391303899999969
            ],
            [
              106.438354700000048,
              -6.39429169999994
            ],
            [
              106.434852900000067,
              -6.39228479999997
            ],
            [
              106.434212,
              -6.394164399999966
            ],
            [
              106.440002700000036,
              -6.397694899999976
            ],
            [
              106.442047400000035,
              -6.396315899999934
            ],
            [
              106.441757500000051,
              -6.398211299999957
            ],
            [
              106.438164,
              -6.399560299999962
            ],
            [
              106.439308400000073,
              -6.404442699999947
            ],
            [
              106.443985200000043,
              -6.404811799999948
            ],
            [
              106.444237,
              -6.407905899999946
            ],
            [
              106.447044600000083,
              -6.410662099999968
            ],
            [
              106.451004300000079,
              -6.407012799999961
            ],
            [
              106.451599400000077,
              -6.409293499999933
            ],
            [
              106.449936200000081,
              -6.412983799999949
            ],
            [
              106.453941600000064,
              -6.41381389999998
            ],
            [
              106.454040800000087,
              -6.418692
            ],
            [
              106.446304600000076,
              -6.419287599999961
            ],
            [
              106.444572700000037,
              -6.422300199999938
            ],
            [
              106.446312200000079,
              -6.423129899999935
            ],
            [
              106.449631,
              -6.421277399999951
            ],
            [
              106.454674,
              -6.426913599999978
            ],
            [
              106.449943800000085,
              -6.426909799999976
            ],
            [
              106.452942100000087,
              -6.428448499999945
            ],
            [
              106.448005900000055,
              -6.430322499999932
            ],
            [
              106.450279500000079,
              -6.434071399999937
            ],
            [
              106.446403700000076,
              -6.43529639999997
            ],
            [
              106.446441900000082,
              -6.43681179999993
            ],
            [
              106.443954700000063,
              -6.43814029999993
            ],
            [
              106.443605200000036,
              -6.441095599999926
            ],
            [
              106.440994500000045,
              -6.441278299999965
            ],
            [
              106.437904600000081,
              -6.444242399999951
            ],
            [
              106.438705700000071,
              -6.445527
            ],
            [
              106.440529100000049,
              -6.444165599999963
            ],
            [
              106.44237540000006,
              -6.445116399999961
            ],
            [
              106.439934,
              -6.450122699999952
            ],
            [
              106.424904100000049,
              -6.449129399999947
            ],
            [
              106.406975,
              -6.453891599999963
            ],
            [
              106.401138600000081,
              -6.452834899999971
            ],
            [
              106.401199600000041,
              -6.45570639999994
            ],
            [
              106.402748400000064,
              -6.455221499999936
            ],
            [
              106.402038800000071,
              -6.456014499999981
            ],
            [
              106.403389200000049,
              -6.457303899999943
            ],
            [
              106.404877,
              -6.456772199999932
            ],
            [
              106.404678600000068,
              -6.459167299999933
            ],
            [
              106.407486200000051,
              -6.460405699999967
            ],
            [
              106.411712900000055,
              -6.467389399999945
            ],
            [
              106.411262800000088,
              -6.477284299999951
            ],
            [
              106.412597900000037,
              -6.48306789999998
            ],
            [
              106.409668200000056,
              -6.492591199999936
            ],
            [
              106.405983200000037,
              -6.496398799999952
            ],
            [
              106.403488400000072,
              -6.516551399999969
            ],
            [
              106.405372900000089,
              -6.520421799999951
            ],
            [
              106.404800700000067,
              -6.52203789999993
            ],
            [
              106.407516700000087,
              -6.523935199999926
            ],
            [
              106.408722200000057,
              -6.534510399999931
            ],
            [
              106.415931900000032,
              -6.544326599999977
            ],
            [
              106.423317200000042,
              -6.550503599999956
            ],
            [
              106.416328700000065,
              -6.559753299999954
            ],
            [
              106.424362400000064,
              -6.56896009999997
            ],
            [
              106.430443,
              -6.590501199999949
            ],
            [
              106.427360800000088,
              -6.610804899999948
            ],
            [
              106.428772200000083,
              -6.618564899999967
            ],
            [
              106.431518800000049,
              -6.623274699999968
            ],
            [
              106.430313400000045,
              -6.624999899999978
            ],
            [
              106.431747700000074,
              -6.636523599999975
            ],
            [
              106.431495900000073,
              -6.652736499999946
            ],
            [
              106.428955300000041,
              -6.673036899999943
            ],
            [
              106.429390200000057,
              -6.682105399999955
            ],
            [
              106.436012500000061,
              -6.694980899999962
            ],
            [
              106.449112200000059,
              -6.707098299999927
            ],
            [
              106.451484900000082,
              -6.71445209999996
            ],
            [
              106.450622800000076,
              -6.726855599999965
            ],
            [
              106.453834800000038,
              -6.730781399999955
            ],
            [
              106.463196,
              -6.736881599999947
            ],
            [
              106.466636900000083,
              -6.750909199999967
            ],
            [
              106.475532800000053,
              -6.752205699999934
            ],
            [
              106.498398100000088,
              -6.752184299999954
            ],
            [
              106.514694400000053,
              -6.759558099999936
            ],
            [
              106.524774900000068,
              -6.762330499999962
            ],
            [
              106.525689,
              -6.757565099999965
            ],
            [
              106.533284200000082,
              -6.751484699999935
            ],
            [
              106.547935700000039,
              -6.750786199999936
            ],
            [
              106.559936700000037,
              -6.738283499999966
            ],
            [
              106.560814100000073,
              -6.733482699999968
            ],
            [
              106.566627700000083,
              -6.727717799999937
            ],
            [
              106.56860370000004,
              -6.722629899999959
            ],
            [
              106.574119800000062,
              -6.720202399999948
            ],
            [
              106.575859300000047,
              -6.717398599999967
            ],
            [
              106.580177500000048,
              -6.718589699999939
            ],
            [
              106.582748600000059,
              -6.721862199999975
            ],
            [
              106.584747500000049,
              -6.737238299999945
            ],
            [
              106.588959,
              -6.743731399999945
            ],
            [
              106.599075500000083,
              -6.748796399999947
            ],
            [
              106.622955600000068,
              -6.748986199999933
            ],
            [
              106.629982200000086,
              -6.752228699999932
            ],
            [
              106.631744600000047,
              -6.754997699999933
            ],
            [
              106.642296100000067,
              -6.749022899999943
            ],
            [
              106.656051800000057,
              -6.747749299999953
            ],
            [
              106.657692100000077,
              -6.745022699999936
            ],
            [
              106.656013700000074,
              -6.739310699999976
            ],
            [
              106.659096,
              -6.73178189999993
            ],
            [
              106.667518800000039,
              -6.736624199999937
            ],
            [
              106.673202300000071,
              -6.731638499999974
            ],
            [
              106.675796700000035,
              -6.737865899999974
            ],
            [
              106.682914900000071,
              -6.74585339999993
            ],
            [
              106.693809700000088,
              -6.744809099999941
            ],
            [
              106.69938680000007,
              -6.741781199999934
            ],
            [
              106.702720900000088,
              -6.733360299999958
            ],
            [
              106.713920800000039,
              -6.729131199999927
            ],
            [
              106.725242800000046,
              -6.718351299999938
            ],
            [
              106.732634800000085,
              -6.715714499999933
            ],
            [
              106.740600800000038,
              -6.71531669999996
            ],
            [
              106.757784100000038,
              -6.727546399999937
            ],
            [
              106.762729200000081,
              -6.736211899999944
            ],
            [
              106.764291100000037,
              -6.736779699999943
            ],
            [
              106.766490500000089,
              -6.744336499999974
            ],
            [
              106.772494900000083,
              -6.751189699999941
            ],
            [
              106.777565200000083,
              -6.754759299999932
            ],
            [
              106.786674700000049,
              -6.755947099999958
            ],
            [
              106.788040400000057,
              -6.754135599999927
            ],
            [
              106.793187800000055,
              -6.752614199999925
            ],
            [
              106.797894100000065,
              -6.755188299999929
            ],
            [
              106.80131270000004,
              -6.762912099999937
            ],
            [
              106.807246300000088,
              -6.764336499999956
            ],
            [
              106.814444900000069,
              -6.768708
            ],
            [
              106.822677800000065,
              -6.769601799999975
            ],
            [
              106.831293,
              -6.766999099999964
            ],
            [
              106.837341400000071,
              -6.768861399999935
            ],
            [
              106.838703300000077,
              -6.771453899999926
            ],
            [
              106.844578500000068,
              -6.77588609999998
            ],
            [
              106.858637900000076,
              -6.776769199999933
            ],
            [
              106.864914200000044,
              -6.778114099999925
            ],
            [
              106.871198800000059,
              -6.78162059999994
            ],
            [
              106.87875960000008,
              -6.781304199999965
            ],
            [
              106.884472300000084,
              -6.782788899999957
            ],
            [
              106.887288,
              -6.785449099999937
            ],
            [
              106.897022,
              -6.78620369999993
            ],
            [
              106.899768700000038,
              -6.78813839999998
            ],
            [
              106.904022400000088,
              -6.788518
            ],
            [
              106.920998200000042,
              -6.786610899999971
            ],
            [
              106.927914800000053,
              -6.781449099999975
            ],
            [
              106.934509500000047,
              -6.768491799999936
            ],
            [
              106.946998800000074,
              -6.760793299999932
            ],
            [
              106.953201500000034,
              -6.760148099999981
            ],
            [
              106.958290300000044,
              -6.761406499999964
            ],
            [
              106.962303300000087,
              -6.764587899999981
            ],
            [
              106.96515670000008,
              -6.77033769999997
            ],
            [
              106.974342500000034,
              -6.765287
            ],
            [
              106.975807400000065,
              -6.759130499999969
            ],
            [
              106.974235700000065,
              -6.750592799999936
            ],
            [
              106.978405900000041,
              -6.743418899999938
            ],
            [
              106.985761700000069,
              -6.742903899999931
            ],
            [
              106.98809650000004,
              -6.739822099999969
            ],
            [
              106.987897200000077,
              -6.730605799999978
            ],
            [
              106.990828500000077,
              -6.735445
            ],
            [
              106.994458200000054,
              -6.738047699999981
            ],
            [
              106.99649960000005,
              -6.737847299999942
            ],
            [
              106.998900700000036,
              -6.731692799999962
            ],
            [
              106.998725,
              -6.72829779999995
            ],
            [
              106.996611800000039,
              -6.725719199999958
            ],
            [
              106.993171600000039,
              -6.715060799999947
            ],
            [
              106.995971400000087,
              -6.706056699999976
            ],
            [
              106.994041800000048,
              -6.706198399999948
            ],
            [
              107.000000200000045,
              -6.699068599999976
            ],
            [
              107.003143500000078,
              -6.697523699999977
            ],
            [
              107.006591900000046,
              -6.692134399999929
            ],
            [
              107.003395200000057,
              -6.68535959999997
            ],
            [
              106.995056300000044,
              -6.678484499999968
            ],
            [
              106.99095120000004,
              -6.668471199999942
            ],
            [
              107.000389200000086,
              -6.666523499999926
            ],
            [
              107.006134200000076,
              -6.66815379999997
            ],
            [
              107.009407200000055,
              -6.664727299999981
            ],
            [
              107.011833400000057,
              -6.664846499999953
            ],
            [
              107.015892200000053,
              -6.667966899999954
            ],
            [
              107.025436600000035,
              -6.662424599999952
            ],
            [
              107.033142200000043,
              -6.662932
            ],
            [
              107.035316600000044,
              -6.660541599999931
            ],
            [
              107.03847520000005,
              -6.660855799999979
            ],
            [
              107.04279340000005,
              -6.656684499999926
            ],
            [
              107.04592910000008,
              -6.656701699999928
            ],
            [
              107.046844600000043,
              -6.658236599999952
            ],
            [
              107.051323100000047,
              -6.656587699999932
            ],
            [
              107.055198800000085,
              -6.659223599999962
            ],
            [
              107.065918100000033,
              -6.662019799999939
            ],
            [
              107.068519800000047,
              -6.665221299999928
            ],
            [
              107.07148,
              -6.664731599999925
            ],
            [
              107.073341500000083,
              -6.662501899999938
            ],
            [
              107.078933900000038,
              -6.664932399999941
            ],
            [
              107.084930600000064,
              -6.664931399999944
            ],
            [
              107.086250500000062,
              -6.667184899999938
            ],
            [
              107.088684200000046,
              -6.667453899999941
            ],
            [
              107.096962100000042,
              -6.664042099999961
            ],
            [
              107.100372500000049,
              -6.664440799999966
            ],
            [
              107.102477,
              -6.66675719999995
            ],
            [
              107.104173200000048,
              -6.663846799999931
            ],
            [
              107.106216600000039,
              -6.664913799999965
            ],
            [
              107.107979,
              -6.663910499999929
            ],
            [
              107.109863400000052,
              -6.665930899999978
            ],
            [
              107.113166900000067,
              -6.663548099999957
            ],
            [
              107.121071,
              -6.663283499999977
            ],
            [
              107.130211,
              -6.669806599999959
            ],
            [
              107.13462080000005,
              -6.670463199999972
            ],
            [
              107.137677900000085,
              -6.666792699999974
            ],
            [
              107.140335500000049,
              -6.667272899999944
            ],
            [
              107.150444200000038,
              -6.662951599999928
            ],
            [
              107.151611500000058,
              -6.660031899999979
            ],
            [
              107.150345,
              -6.654133399999978
            ],
            [
              107.152549900000054,
              -6.649833299999955
            ],
            [
              107.158050700000047,
              -6.650084599999957
            ],
            [
              107.157737900000086,
              -6.647496799999942
            ],
            [
              107.160248,
              -6.64550939999998
            ],
            [
              107.165046800000084,
              -6.646964199999957
            ],
            [
              107.169029400000056,
              -6.643344499999955
            ],
            [
              107.16816730000005,
              -6.641071499999953
            ],
            [
              107.169723600000054,
              -6.638850799999943
            ],
            [
              107.17968,
              -6.64649739999993
            ],
            [
              107.192177,
              -6.645480799999973
            ],
            [
              107.202667400000053,
              -6.640502599999934
            ],
            [
              107.215072800000087,
              -6.637297299999943
            ],
            [
              107.213005200000055,
              -6.630593
            ],
            [
              107.214592100000061,
              -6.620125
            ],
            [
              107.218826400000069,
              -6.614388099999928
            ],
            [
              107.222007900000051,
              -6.61249319999996
            ],
            [
              107.227111800000046,
              -6.602095499999962
            ],
            [
              107.220512500000041,
              -6.590748899999937
            ],
            [
              107.21351640000006,
              -6.590497699999958
            ],
            [
              107.207847700000059,
              -6.588303199999928
            ],
            [
              107.193107700000041,
              -6.578285799999946
            ],
            [
              107.190773100000058,
              -6.57169829999998
            ],
            [
              107.189590600000088,
              -6.561612199999956
            ],
            [
              107.185966600000086,
              -6.560838799999942
            ],
            [
              107.18433390000007,
              -6.555554
            ],
            [
              107.178688200000067,
              -6.551972499999977
            ],
            [
              107.178116,
              -6.540351099999953
            ],
            [
              107.175964500000077,
              -6.536622699999953
            ],
            [
              107.176544300000046,
              -6.532977699999947
            ],
            [
              107.174514900000077,
              -6.532745499999976
            ],
            [
              107.175163400000088,
              -6.529457199999968
            ],
            [
              107.171249500000044,
              -6.523172
            ],
            [
              107.169288800000061,
              -6.522824
            ],
            [
              107.168541100000084,
              -6.517237299999977
            ],
            [
              107.166397200000063,
              -6.516124799999943
            ],
            [
              107.16780870000008,
              -6.514503099999956
            ],
            [
              107.167579800000055,
              -6.511335499999973
            ],
            [
              107.16474930000004,
              -6.510863899999947
            ],
            [
              107.164604300000065,
              -6.500945199999933
            ],
            [
              107.166603200000054,
              -6.49720439999993
            ],
            [
              107.170059300000048,
              -6.496563099999946
            ],
            [
              107.169723700000077,
              -6.492325899999969
            ],
            [
              107.174385200000074,
              -6.490553
            ],
            [
              107.173774900000069,
              -6.484410899999943
            ],
            [
              107.171675700000037,
              -6.482019399999956
            ],
            [
              107.170846300000051,
              -6.480668299999934
            ],
            [
              107.159683400000063,
              -6.478255899999965
            ],
            [
              107.15613570000005,
              -6.474626699999931
            ],
            [
              107.151870900000063,
              -6.474224199999981
            ],
            [
              107.146644700000081,
              -6.471608799999956
            ],
            [
              107.14559950000006,
              -6.473295299999961
            ],
            [
              107.14083880000004,
              -6.471645
            ],
            [
              107.134811500000069,
              -6.466070799999954
            ],
            [
              107.128586,
              -6.465746
            ],
            [
              107.122721600000034,
              -6.467378799999949
            ],
            [
              107.125957600000049,
              -6.459173
            ],
            [
              107.120391100000063,
              -6.459010899999953
            ],
            [
              107.116958700000055,
              -6.46211859999994
            ],
            [
              107.107505900000035,
              -6.462338599999953
            ],
            [
              107.106018200000051,
              -6.458472799999981
            ],
            [
              107.099655300000052,
              -6.453660099999979
            ],
            [
              107.080031300000087,
              -6.448878
            ],
            [
              107.080795400000056,
              -6.444074699999931
            ],
            [
              107.068077300000084,
              -6.437832499999956
            ],
            [
              107.066742100000056,
              -6.43567859999996
            ],
            [
              107.062721400000044,
              -6.433775
            ],
            [
              107.059150900000077,
              -6.43627319999996
            ],
            [
              107.055381900000043,
              -6.435730599999943
            ],
            [
              107.05526750000007,
              -6.434757299999944
            ],
            [
              107.059433200000058,
              -6.433568099999945
            ],
            [
              107.057815700000049,
              -6.42963089999995
            ],
            [
              107.054550300000074,
              -6.429301799999962
            ],
            [
              107.058922,
              -6.426730299999974
            ],
            [
              107.057159600000034,
              -6.424201599999947
            ],
            [
              107.058410800000047,
              -6.423073399999964
            ],
            [
              107.056694200000038,
              -6.422349099999963
            ],
            [
              107.056419500000061,
              -6.417622699999981
            ],
            [
              107.054550300000074,
              -6.419395099999974
            ],
            [
              107.055160700000044,
              -6.420716399999947
            ],
            [
              107.051208700000075,
              -6.417232199999944
            ],
            [
              107.052215700000033,
              -6.415352899999959
            ],
            [
              107.055443,
              -6.415547899999979
            ],
            [
              107.055496400000038,
              -6.41658979999994
            ],
            [
              107.057647900000063,
              -6.415599
            ],
            [
              107.054374900000084,
              -6.412650199999973
            ],
            [
              107.058334500000058,
              -6.410524499999951
            ],
            [
              107.056831500000044,
              -6.40707459999993
            ],
            [
              107.054382500000088,
              -6.406795599999953
            ],
            [
              107.054474,
              -6.40511859999998
            ],
            [
              107.056991700000083,
              -6.402908899999943
            ],
            [
              107.058975400000065,
              -6.403052399999979
            ],
            [
              107.058799900000054,
              -6.40077169999995
            ],
            [
              107.061271800000043,
              -6.401500799999951
            ],
            [
              107.062088200000062,
              -6.399514299999964
            ],
            [
              107.05152650000008,
              -6.394258199999967
            ],
            [
              107.04830190000007,
              -6.396420599999942
            ],
            [
              107.046104600000035,
              -6.402846899999929
            ],
            [
              107.041527,
              -6.40693959999993
            ],
            [
              107.038292100000035,
              -6.405292599999939
            ],
            [
              107.035385300000087,
              -6.405669299999943
            ],
            [
              107.03071390000008,
              -6.411526799999933
            ],
            [
              107.029610800000057,
              -6.409962099999973
            ],
            [
              107.026854200000059,
              -6.410270399999945
            ],
            [
              107.026828700000067,
              -6.409009099999935
            ],
            [
              107.023202200000071,
              -6.40966949999995
            ],
            [
              107.023123800000064,
              -6.404207799999938
            ],
            [
              107.020233300000086,
              -6.403978499999937
            ],
            [
              107.020042600000068,
              -6.400470299999938
            ],
            [
              107.010270600000069,
              -6.402571299999977
            ],
            [
              107.008484100000032,
              -6.395854099999951
            ],
            [
              107.011100900000088,
              -6.391941199999962
            ],
            [
              107.004776200000038,
              -6.387862299999938
            ],
            [
              107.006485100000077,
              -6.383686599999976
            ],
            [
              107.005851900000039,
              -6.378164399999946
            ],
            [
              107.001159800000039,
              -6.379277799999954
            ],
            [
              106.995681900000079,
              -6.378625
            ],
            [
              106.993026900000075,
              -6.370531199999959
            ],
            [
              106.993972900000074,
              -6.367133699999954
            ]
          ],
          [
            [
              106.778904600000033,
              -6.511734899999965
            ],
            [
              106.781747,
              -6.51096339999998
            ],
            [
              106.783469400000058,
              -6.515082799999959
            ],
            [
              106.786438800000042,
              -6.514791899999977
            ],
            [
              106.788766500000065,
              -6.518153199999972
            ],
            [
              106.789463300000079,
              -6.527706699999953
            ],
            [
              106.790587,
              -6.526553199999967
            ],
            [
              106.793214600000056,
              -6.532219399999974
            ],
            [
              106.791790300000059,
              -6.53769879999993
            ],
            [
              106.793236800000045,
              -6.546022199999925
            ],
            [
              106.795241200000078,
              -6.547092799999973
            ],
            [
              106.799218100000076,
              -6.546523099999945
            ],
            [
              106.799158100000056,
              -6.543791499999941
            ],
            [
              106.805665,
              -6.53988309999994
            ],
            [
              106.805440900000065,
              -6.545434
            ],
            [
              106.808897100000081,
              -6.546061799999961
            ],
            [
              106.811369700000057,
              -6.539340599999946
            ],
            [
              106.818372300000078,
              -6.538134099999979
            ],
            [
              106.818183600000054,
              -6.542594599999973
            ],
            [
              106.822876,
              -6.543626699999948
            ],
            [
              106.823540300000047,
              -6.54248739999997
            ],
            [
              106.824455400000033,
              -6.54555229999994
            ],
            [
              106.825682900000061,
              -6.543961599999932
            ],
            [
              106.825918800000068,
              -6.547391699999935
            ],
            [
              106.829048300000068,
              -6.550139399999978
            ],
            [
              106.829927100000077,
              -6.560560799999962
            ],
            [
              106.833967100000052,
              -6.565915599999926
            ],
            [
              106.837173700000051,
              -6.577848
            ],
            [
              106.839566900000079,
              -6.574751299999946
            ],
            [
              106.831375300000047,
              -6.602687399999979
            ],
            [
              106.83193220000004,
              -6.612977
            ],
            [
              106.833641200000045,
              -6.618329499999959
            ],
            [
              106.838875,
              -6.630939
            ],
            [
              106.846909500000038,
              -6.642173499999956
            ],
            [
              106.848627100000044,
              -6.64667
            ],
            [
              106.848517,
              -6.65158409999998
            ],
            [
              106.845174700000086,
              -6.661483399999952
            ],
            [
              106.848114200000055,
              -6.676239
            ],
            [
              106.843367200000046,
              -6.678800699999954
            ],
            [
              106.839787800000067,
              -6.679584699999964
            ],
            [
              106.834218300000089,
              -6.677660599999967
            ],
            [
              106.830444500000056,
              -6.679191099999969
            ],
            [
              106.819099600000072,
              -6.67194939999996
            ],
            [
              106.818519800000047,
              -6.666361799999947
            ],
            [
              106.816322500000069,
              -6.665552099999957
            ],
            [
              106.815628200000049,
              -6.661324
            ],
            [
              106.80880760000008,
              -6.656303899999955
            ],
            [
              106.80839560000004,
              -6.652404799999942
            ],
            [
              106.810562300000072,
              -6.649079799999981
            ],
            [
              106.80971130000006,
              -6.646207
            ],
            [
              106.806069900000068,
              -6.651867
            ],
            [
              106.803905700000087,
              -6.651732799999934
            ],
            [
              106.805238200000076,
              -6.648979099999963
            ],
            [
              106.801351900000043,
              -6.648365399999932
            ],
            [
              106.799392,
              -6.645677399999954
            ],
            [
              106.794898300000057,
              -6.649347399999954
            ],
            [
              106.792510700000037,
              -6.653590599999973
            ],
            [
              106.790580900000066,
              -6.653136699999948
            ],
            [
              106.786957,
              -6.659218299999964
            ],
            [
              106.783020200000067,
              -6.658916499999975
            ],
            [
              106.771644800000047,
              -6.653687899999966
            ],
            [
              106.782959800000071,
              -6.644992599999966
            ],
            [
              106.786206500000048,
              -6.633978299999967
            ],
            [
              106.79029,
              -6.62777959999994
            ],
            [
              106.788789200000053,
              -6.625218199999949
            ],
            [
              106.786371,
              -6.624754099999961
            ],
            [
              106.785624700000085,
              -6.621546899999942
            ],
            [
              106.784326700000065,
              -6.621100299999966
            ],
            [
              106.783698800000082,
              -6.616025299999933
            ],
            [
              106.781707800000049,
              -6.612228099999925
            ],
            [
              106.779892,
              -6.612849799999935
            ],
            [
              106.779136900000083,
              -6.607469099999946
            ],
            [
              106.775428900000065,
              -6.606699499999934
            ],
            [
              106.774580900000046,
              -6.60045109999993
            ],
            [
              106.771478900000034,
              -6.598732699999971
            ],
            [
              106.770178800000053,
              -6.59578
            ],
            [
              106.766604400000062,
              -6.594771499999979
            ],
            [
              106.763133400000072,
              -6.583105599999953
            ],
            [
              106.760736400000042,
              -6.582340599999952
            ],
            [
              106.749822800000061,
              -6.572345799999937
            ],
            [
              106.745637900000077,
              -6.574395399999958
            ],
            [
              106.744549400000039,
              -6.573657899999944
            ],
            [
              106.74452320000006,
              -6.576278099999968
            ],
            [
              106.741050600000051,
              -6.575363899999957
            ],
            [
              106.738459700000078,
              -6.571042399999953
            ],
            [
              106.741593200000068,
              -6.570083699999941
            ],
            [
              106.742266,
              -6.568290599999955
            ],
            [
              106.740421600000047,
              -6.568230599999936
            ],
            [
              106.739878900000065,
              -6.566116299999976
            ],
            [
              106.735425700000064,
              -6.565329399999939
            ],
            [
              106.735702500000059,
              -6.554569799999967
            ],
            [
              106.738011800000038,
              -6.55484789999997
            ],
            [
              106.736759400000039,
              -6.552735
            ],
            [
              106.740829700000063,
              -6.542840499999954
            ],
            [
              106.746826400000089,
              -6.543672599999979
            ],
            [
              106.748024200000089,
              -6.547812
            ],
            [
              106.749771300000077,
              -6.547256499999946
            ],
            [
              106.751892300000065,
              -6.550980599999946
            ],
            [
              106.754894700000079,
              -6.548306099999934
            ],
            [
              106.756412500000067,
              -6.551823499999955
            ],
            [
              106.759285900000066,
              -6.549451699999963
            ],
            [
              106.758845300000075,
              -6.548048799999947
            ],
            [
              106.760732700000062,
              -6.549855799999932
            ],
            [
              106.760446400000035,
              -6.54711489999994
            ],
            [
              106.764620900000068,
              -6.54585359999993
            ],
            [
              106.764490700000067,
              -6.531001899999978
            ],
            [
              106.766323700000044,
              -6.527267699999925
            ],
            [
              106.764623900000061,
              -6.525095499999964
            ],
            [
              106.764860400000089,
              -6.521028199999932
            ],
            [
              106.76740280000007,
              -6.51593209999993
            ],
            [
              106.77341,
              -6.515227299999935
            ],
            [
              106.77239940000004,
              -6.512453899999969
            ],
            [
              106.778904600000033,
              -6.511734899999965
            ]
          ]
        ]
      }
    },
    {
      "type": "Feature",
      "properties": {
        "name": "Kepulauan Seribu",
        "source_id": "22746128B63742079715926",
        "role": "dki-core"
      },
      "geometry": {
        "type": "MultiPolygon",
        "coordinates": [
          [
            [
              [
                106.746761700000036,
                -6.037141399999939
              ],
              [
                106.747784,
                -6.036833299999955
              ],
              [
                106.747524600000077,
                -6.034005199999967
              ],
              [
                106.745632500000056,
                -6.035089099999936
              ],
              [
                106.746761700000036,
                -6.037141399999939
              ]
            ]
          ],
          [
            [
              [
                106.735496700000056,
                -6.034821499999964
              ],
              [
                106.736633500000039,
                -6.033019099999933
              ],
              [
                106.733452,
                -6.032489799999951
              ],
              [
                106.73343680000005,
                -6.034070499999928
              ],
              [
                106.735496700000056,
                -6.034821499999964
              ]
            ]
          ],
          [
            [
              [
                106.782001600000058,
                -6.005426199999931
              ],
              [
                106.782555,
                -6.003412399999945
              ],
              [
                106.779533100000037,
                -6.002797499999929
              ],
              [
                106.782001600000058,
                -6.005426199999931
              ]
            ]
          ],
          [
            [
              [
                106.847528900000043,
                -5.985541499999954
              ],
              [
                106.847855700000082,
                -5.983817599999952
              ],
              [
                106.846365200000037,
                -5.983591
              ],
              [
                106.847528900000043,
                -5.985541499999954
              ]
            ]
          ],
          [
            [
              [
                106.706325600000071,
                -5.974554299999966
              ],
              [
                106.702414800000042,
                -5.97617589999993
              ],
              [
                106.705321100000049,
                -5.979217799999958
              ],
              [
                106.708644400000082,
                -5.980296199999941
              ],
              [
                106.710884500000077,
                -5.976349899999946
              ],
              [
                106.706325600000071,
                -5.974554299999966
              ]
            ]
          ],
          [
            [
              [
                106.691919900000073,
                -5.970799799999952
              ],
              [
                106.689400400000068,
                -5.970641099999966
              ],
              [
                106.689621600000066,
                -5.974921299999949
              ],
              [
                106.691652100000056,
                -5.977355799999941
              ],
              [
                106.694880100000034,
                -5.978086499999961
              ],
              [
                106.695201500000053,
                -5.972015399999975
              ],
              [
                106.691919900000073,
                -5.970799799999952
              ]
            ]
          ],
          [
            [
              [
                106.843272500000069,
                -5.954603799999973
              ],
              [
                106.841220800000087,
                -5.956653099999926
              ],
              [
                106.846109100000035,
                -5.960522899999944
              ],
              [
                106.847269500000039,
                -5.956524499999944
              ],
              [
                106.843272500000069,
                -5.954603799999973
              ]
            ]
          ],
          [
            [
              [
                106.522202,
                -5.959464099999934
              ],
              [
                106.522962,
                -5.95421719999996
              ],
              [
                106.52116790000008,
                -5.953462099999967
              ],
              [
                106.519668400000057,
                -5.954925599999967
              ],
              [
                106.519225600000084,
                -5.959563499999945
              ],
              [
                106.522202,
                -5.959464099999934
              ]
            ]
          ],
          [
            [
              [
                106.632731500000034,
                -5.945542299999943
              ],
              [
                106.634037600000056,
                -5.943304599999976
              ],
              [
                106.633086700000035,
                -5.942314599999975
              ],
              [
                106.627560500000072,
                -5.942900299999962
              ],
              [
                106.632731500000034,
                -5.945542299999943
              ]
            ]
          ],
          [
            [
              [
                106.592660600000045,
                -5.934598499999936
              ],
              [
                106.591401800000085,
                -5.934916099999953
              ],
              [
                106.593408300000078,
                -5.938921099999959
              ],
              [
                106.597352700000044,
                -5.937892499999975
              ],
              [
                106.592660600000045,
                -5.934598499999936
              ]
            ]
          ],
          [
            [
              [
                106.584523900000079,
                -5.925645699999961
              ],
              [
                106.581472200000064,
                -5.925424
              ],
              [
                106.581205100000034,
                -5.926814499999978
              ],
              [
                106.58550050000008,
                -5.929856199999961
              ],
              [
                106.587667200000055,
                -5.933854499999939
              ],
              [
                106.589597400000059,
                -5.932398199999966
              ],
              [
                106.58792660000006,
                -5.931564199999968
              ],
              [
                106.58702640000007,
                -5.927104399999962
              ],
              [
                106.584523900000079,
                -5.925645699999961
              ]
            ]
          ],
          [
            [
              [
                106.606772500000034,
                -5.858601199999953
              ],
              [
                106.606052300000044,
                -5.856640199999958
              ],
              [
                106.602362300000038,
                -5.858299699999975
              ],
              [
                106.603228600000079,
                -5.859579699999927
              ],
              [
                106.606772500000034,
                -5.858601199999953
              ]
            ]
          ],
          [
            [
              [
                106.601695200000051,
                -5.85747
              ],
              [
                106.599919600000078,
                -5.855145599999958
              ],
              [
                106.599688100000037,
                -5.856481099999939
              ],
              [
                106.601695200000051,
                -5.85747
              ]
            ]
          ],
          [
            [
              [
                106.629875300000037,
                -5.853813299999956
              ],
              [
                106.614835800000037,
                -5.856485299999974
              ],
              [
                106.613348100000053,
                -5.860489399999949
              ],
              [
                106.609682800000087,
                -5.863598299999978
              ],
              [
                106.623112500000047,
                -5.856561399999975
              ],
              [
                106.631541600000048,
                -5.854498199999966
              ],
              [
                106.629875300000037,
                -5.853813299999956
              ]
            ]
          ],
          [
            [
              [
                106.62046330000004,
                -5.853242399999942
              ],
              [
                106.620537200000058,
                -5.852175799999941
              ],
              [
                106.619467,
                -5.854554599999972
              ],
              [
                106.62046330000004,
                -5.853242399999942
              ]
            ]
          ],
          [
            [
              [
                106.551928800000042,
                -5.819813699999941
              ],
              [
                106.548300600000061,
                -5.819781499999976
              ],
              [
                106.554566800000089,
                -5.823092
              ],
              [
                106.557928600000082,
                -5.821740899999952
              ],
              [
                106.557006600000079,
                -5.82013829999994
              ],
              [
                106.551928800000042,
                -5.819813699999941
              ]
            ]
          ],
          [
            [
              [
                106.520599600000082,
                -5.802145799999948
              ],
              [
                106.51613640000005,
                -5.802230699999939
              ],
              [
                106.522194100000036,
                -5.803898599999968
              ],
              [
                106.53063990000004,
                -5.803896299999963
              ],
              [
                106.520599600000082,
                -5.802145799999948
              ]
            ]
          ],
          [
            [
              [
                106.491262900000038,
                -5.795820399999968
              ],
              [
                106.481848200000059,
                -5.792868799999951
              ],
              [
                106.47827,
                -5.793229799999949
              ],
              [
                106.484114200000079,
                -5.795838599999968
              ],
              [
                106.501028500000075,
                -5.799680899999942
              ],
              [
                106.501387100000045,
                -5.800851499999965
              ],
              [
                106.501768600000048,
                -5.799970799999926
              ],
              [
                106.511541800000089,
                -5.802714099999946
              ],
              [
                106.505140800000049,
                -5.800541599999974
              ],
              [
                106.496893400000033,
                -5.795286799999928
              ],
              [
                106.491262900000038,
                -5.795820399999968
              ]
            ]
          ],
          [
            [
              [
                106.55971530000005,
                -5.771813499999951
              ],
              [
                106.561264,
                -5.769330099999934
              ],
              [
                106.559379600000057,
                -5.77015259999996
              ],
              [
                106.55971530000005,
                -5.771813499999951
              ]
            ]
          ],
          [
            [
              [
                106.583378900000071,
                -5.764828299999976
              ],
              [
                106.583657,
                -5.76019789999998
              ],
              [
                106.582239400000049,
                -5.76276619999993
              ],
              [
                106.583378900000071,
                -5.764828299999976
              ]
            ]
          ],
          [
            [
              [
                106.612414200000046,
                -5.749296499999957
              ],
              [
                106.615908500000046,
                -5.744329299999947
              ],
              [
                106.615588,
                -5.741711899999927
              ],
              [
                106.613390800000047,
                -5.743766599999958
              ],
              [
                106.611529200000064,
                -5.748566499999981
              ],
              [
                106.612414200000046,
                -5.749296499999957
              ]
            ]
          ],
          [
            [
              [
                106.604246600000067,
                -5.743158799999946
              ],
              [
                106.602018800000053,
                -5.737170699999979
              ],
              [
                106.598143,
                -5.737867799999947
              ],
              [
                106.601065100000085,
                -5.738886299999933
              ],
              [
                106.604246600000067,
                -5.743158799999946
              ]
            ]
          ],
          [
            [
              [
                106.601072700000088,
                -5.735687199999973
              ],
              [
                106.603453100000081,
                -5.734216199999935
              ],
              [
                106.598722900000041,
                -5.735033499999929
              ],
              [
                106.601072700000088,
                -5.735687199999973
              ]
            ]
          ],
          [
            [
              [
                106.537743300000045,
                -5.699366899999973
              ],
              [
                106.533966800000087,
                -5.700034499999958
              ],
              [
                106.540039700000079,
                -5.701564599999926
              ],
              [
                106.543724700000041,
                -5.700148899999931
              ],
              [
                106.537743300000045,
                -5.699366899999973
              ]
            ]
          ],
          [
            [
              [
                106.711219300000039,
                -5.696401699999967
              ],
              [
                106.713177200000075,
                -5.694880099999978
              ],
              [
                106.712922100000071,
                -5.693333699999926
              ],
              [
                106.711219300000039,
                -5.696401699999967
              ]
            ]
          ],
          [
            [
              [
                106.680961800000034,
                -5.686806199999978
              ],
              [
                106.679214700000045,
                -5.687222499999962
              ],
              [
                106.67827630000005,
                -5.690225099999964
              ],
              [
                106.680961800000034,
                -5.686806199999978
              ]
            ]
          ],
          [
            [
              [
                106.582594400000062,
                -5.668561299999965
              ],
              [
                106.579972100000077,
                -5.668937899999946
              ],
              [
                106.578891500000054,
                -5.671034499999962
              ],
              [
                106.585014300000068,
                -5.669129399999974
              ],
              [
                106.582594400000062,
                -5.668561299999965
              ]
            ]
          ],
          [
            [
              [
                106.56638810000004,
                -5.663164199999926
              ],
              [
                106.570546100000058,
                -5.660397099999955
              ],
              [
                106.568844800000079,
                -5.660252699999944
              ],
              [
                106.565457300000048,
                -5.662766599999941
              ],
              [
                106.56638810000004,
                -5.663164199999926
              ]
            ]
          ],
          [
            [
              [
                106.572724400000084,
                -5.652361799999937
              ],
              [
                106.567502800000057,
                -5.653293699999949
              ],
              [
                106.56435950000008,
                -5.656196699999953
              ],
              [
                106.567136500000061,
                -5.656425599999977
              ],
              [
                106.572724400000084,
                -5.652361799999937
              ]
            ]
          ],
          [
            [
              [
                106.578183900000056,
                -5.652037199999938
              ],
              [
                106.576230800000076,
                -5.651539399999933
              ],
              [
                106.576193,
                -5.653273499999955
              ],
              [
                106.581250900000043,
                -5.652709099999981
              ],
              [
                106.578183900000056,
                -5.652037199999938
              ]
            ]
          ],
          [
            [
              [
                106.564622900000074,
                -5.643996699999946
              ],
              [
                106.567072,
                -5.643067299999927
              ],
              [
                106.559030600000085,
                -5.644254599999954
              ],
              [
                106.557489400000065,
                -5.646199199999955
              ],
              [
                106.564622900000074,
                -5.643996699999946
              ]
            ]
          ],
          [
            [
              [
                106.582717900000034,
                -5.633879
              ],
              [
                106.575035100000036,
                -5.634424499999966
              ],
              [
                106.576057500000047,
                -5.635999
              ],
              [
                106.58566280000008,
                -5.634664399999963
              ],
              [
                106.582717900000034,
                -5.633879
              ]
            ]
          ],
          [
            [
              [
                106.545439200000033,
                -5.623296499999981
              ],
              [
                106.543692100000044,
                -5.624176199999965
              ],
              [
                106.548239200000069,
                -5.624086599999941
              ],
              [
                106.545439200000033,
                -5.623296499999981
              ]
            ]
          ],
          [
            [
              [
                106.583883300000082,
                -5.620503299999939
              ],
              [
                106.585477800000035,
                -5.618673199999932
              ],
              [
                106.583501800000079,
                -5.618153899999925
              ],
              [
                106.581548700000042,
                -5.619683599999973
              ],
              [
                106.583883300000082,
                -5.620503299999939
              ]
            ]
          ],
          [
            [
              [
                106.550348400000075,
                -5.620150399999943
              ],
              [
                106.556338400000072,
                -5.616738799999951
              ],
              [
                106.555001400000037,
                -5.613897599999973
              ],
              [
                106.550546500000053,
                -5.616696
              ],
              [
                106.549223900000072,
                -5.619983899999966
              ],
              [
                106.550348400000075,
                -5.620150399999943
              ]
            ]
          ],
          [
            [
              [
                106.574627,
                -5.614162499999964
              ],
              [
                106.582981200000063,
                -5.60979089999995
              ],
              [
                106.573406300000045,
                -5.610586199999943
              ],
              [
                106.572795900000074,
                -5.613532599999928
              ],
              [
                106.574627,
                -5.614162499999964
              ]
            ]
          ],
          [
            [
              [
                106.543512700000065,
                -5.605752
              ],
              [
                106.546518700000036,
                -5.603628899999933
              ],
              [
                106.543652900000041,
                -5.604309499999943
              ],
              [
                106.543512700000065,
                -5.605752
              ]
            ]
          ],
          [
            [
              [
                106.561500100000046,
                -5.592554099999973
              ],
              [
                106.556939600000078,
                -5.595439
              ],
              [
                106.561296200000072,
                -5.593945499999961
              ],
              [
                106.561500100000046,
                -5.592554099999973
              ]
            ]
          ],
          [
            [
              [
                106.569815300000073,
                -5.591127399999948
              ],
              [
                106.567536800000084,
                -5.59129919999998
              ],
              [
                106.567671,
                -5.593379
              ],
              [
                106.569947600000035,
                -5.592489299999954
              ],
              [
                106.569815300000073,
                -5.591127399999948
              ]
            ]
          ],
          [
            [
              [
                106.543055800000047,
                -5.592322799999977
              ],
              [
                106.544314600000064,
                -5.591735799999981
              ],
              [
                106.543261800000039,
                -5.590715399999965
              ],
              [
                106.541720600000076,
                -5.591809199999943
              ],
              [
                106.543055800000047,
                -5.592322799999977
              ]
            ]
          ],
          [
            [
              [
                106.552246,
                -5.59028509999996
              ],
              [
                106.555877600000088,
                -5.588948
              ],
              [
                106.551414400000056,
                -5.589463899999942
              ],
              [
                106.552246,
                -5.59028509999996
              ]
            ]
          ],
          [
            [
              [
                106.545836200000053,
                -5.586152399999946
              ],
              [
                106.544317900000067,
                -5.586778
              ],
              [
                106.546087900000089,
                -5.588080199999979
              ],
              [
                106.548201300000073,
                -5.58709319999997
              ],
              [
                106.545836200000053,
                -5.586152399999946
              ]
            ]
          ],
          [
            [
              [
                106.59038570000007,
                -5.587054899999941
              ],
              [
                106.592149300000074,
                -5.586021499999958
              ],
              [
                106.591978500000039,
                -5.583635399999935
              ],
              [
                106.588185200000055,
                -5.586011599999949
              ],
              [
                106.59038570000007,
                -5.587054899999941
              ]
            ]
          ],
          [
            [
              [
                106.595057300000065,
                -5.578655
              ],
              [
                106.592873100000077,
                -5.58026179999996
              ],
              [
                106.59612750000008,
                -5.580426
              ],
              [
                106.595057300000065,
                -5.578655
              ]
            ]
          ],
          [
            [
              [
                106.548748100000068,
                -5.582906299999934
              ],
              [
                106.550930100000073,
                -5.576616299999955
              ],
              [
                106.547168800000065,
                -5.580062899999973
              ],
              [
                106.548748100000068,
                -5.582906299999934
              ]
            ]
          ],
          [
            [
              [
                106.580505500000072,
                -5.576760899999954
              ],
              [
                106.582601700000055,
                -5.575264299999958
              ],
              [
                106.580823400000043,
                -5.573655499999973
              ],
              [
                106.580505500000072,
                -5.576760899999954
              ]
            ]
          ],
          [
            [
              [
                106.557024100000035,
                -5.570723499999929
              ],
              [
                106.555516900000043,
                -5.571502799999962
              ],
              [
                106.559625,
                -5.572225799999956
              ],
              [
                106.557024100000035,
                -5.570723499999929
              ]
            ]
          ],
          [
            [
              [
                106.540901900000051,
                -5.574224799999968
              ],
              [
                106.543251800000064,
                -5.572176699999943
              ],
              [
                106.542961800000057,
                -5.570387199999971
              ],
              [
                106.540642500000047,
                -5.571257899999978
              ],
              [
                106.539299700000072,
                -5.574513199999956
              ],
              [
                106.540901900000051,
                -5.574224799999968
              ]
            ]
          ],
          [
            [
              [
                106.550251100000082,
                -5.57042789999997
              ],
              [
                106.551441300000079,
                -5.568617399999937
              ],
              [
                106.549625500000047,
                -5.568942099999958
              ],
              [
                106.550251100000082,
                -5.57042789999997
              ]
            ]
          ],
          [
            [
              [
                106.527609900000073,
                -5.570259199999953
              ],
              [
                106.529387500000041,
                -5.567540699999938
              ],
              [
                106.525435500000071,
                -5.566895599999953
              ],
              [
                106.525221900000076,
                -5.56831509999995
              ],
              [
                106.527609900000073,
                -5.570259199999953
              ]
            ]
          ],
          [
            [
              [
                106.526313500000072,
                -5.557450499999959
              ],
              [
                106.527675500000043,
                -5.55624279999995
              ],
              [
                106.525361300000043,
                -5.556895099999963
              ],
              [
                106.526313500000072,
                -5.557450499999959
              ]
            ]
          ],
          [
            [
              [
                106.531038500000079,
                -5.55590559999996
              ],
              [
                106.532371400000045,
                -5.553942899999981
              ],
              [
                106.530492700000082,
                -5.554913799999952
              ],
              [
                106.531038500000079,
                -5.55590559999996
              ]
            ]
          ],
          [
            [
              [
                106.545787700000062,
                -5.551638299999979
              ],
              [
                106.541407700000036,
                -5.551619099999925
              ],
              [
                106.54070020000006,
                -5.554382199999964
              ],
              [
                106.543426700000055,
                -5.554569399999934
              ],
              [
                106.545787700000062,
                -5.551638299999979
              ]
            ]
          ],
          [
            [
              [
                106.530008200000054,
                -5.54871449999996
              ],
              [
                106.526381700000059,
                -5.549817799999971
              ],
              [
                106.529978500000084,
                -5.550029499999937
              ],
              [
                106.530008200000054,
                -5.54871449999996
              ]
            ]
          ],
          [
            [
              [
                106.519485,
                -5.550862699999925
              ],
              [
                106.520835200000079,
                -5.548273499999937
              ],
              [
                106.518852,
                -5.549206799999979
              ],
              [
                106.518381100000056,
                -5.550567199999932
              ],
              [
                106.519485,
                -5.550862699999925
              ]
            ]
          ],
          [
            [
              [
                106.536051400000076,
                -5.53527269999995
              ],
              [
                106.536391600000059,
                -5.534125599999925
              ],
              [
                106.534633900000074,
                -5.534406
              ],
              [
                106.530170600000076,
                -5.537342799999976
              ],
              [
                106.536051400000076,
                -5.53527269999995
              ]
            ]
          ],
          [
            [
              [
                106.544461900000044,
                -5.528069799999969
              ],
              [
                106.541054600000052,
                -5.527917899999977
              ],
              [
                106.539492800000062,
                -5.530977499999949
              ],
              [
                106.54442970000008,
                -5.529427899999973
              ],
              [
                106.544461900000044,
                -5.528069799999969
              ]
            ]
          ],
          [
            [
              [
                106.52617280000004,
                -5.522309299999961
              ],
              [
                106.526180400000044,
                -5.520506399999931
              ],
              [
                106.524418,
                -5.520864499999959
              ],
              [
                106.524257800000044,
                -5.522095699999966
              ],
              [
                106.52617280000004,
                -5.522309299999961
              ]
            ]
          ],
          [
            [
              [
                106.527444600000081,
                -5.511963199999968
              ],
              [
                106.525795300000084,
                -5.513149799999951
              ],
              [
                106.52885370000007,
                -5.51367259999995
              ],
              [
                106.527444600000081,
                -5.511963199999968
              ]
            ]
          ],
          [
            [
              [
                106.53813690000004,
                -5.510487199999943
              ],
              [
                106.533822600000065,
                -5.511651699999959
              ],
              [
                106.53225690000005,
                -5.515292
              ],
              [
                106.537107400000082,
                -5.513451699999962
              ],
              [
                106.53813690000004,
                -5.510487199999943
              ]
            ]
          ],
          [
            [
              [
                106.533575100000064,
                -5.501038799999947
              ],
              [
                106.531595300000049,
                -5.501014299999952
              ],
              [
                106.531805900000052,
                -5.502479
              ],
              [
                106.534614900000065,
                -5.503226599999948
              ],
              [
                106.535113900000056,
                -5.501937699999928
              ],
              [
                106.533575100000064,
                -5.501038799999947
              ]
            ]
          ],
          [
            [
              [
                106.549077,
                -5.499039399999958
              ],
              [
                106.546718200000043,
                -5.499331499999926
              ],
              [
                106.54299560000004,
                -5.504609799999969
              ],
              [
                106.54963870000006,
                -5.502125199999966
              ],
              [
                106.554774300000076,
                -5.502271499999949
              ],
              [
                106.557284,
                -5.500437799999929
              ],
              [
                106.549077,
                -5.499039399999958
              ]
            ]
          ],
          [
            [
              [
                106.580069600000058,
                -5.491179699999975
              ],
              [
                106.576545300000078,
                -5.491684
              ],
              [
                106.576218400000073,
                -5.494763899999953
              ],
              [
                106.578636,
                -5.493767599999956
              ],
              [
                106.580069600000058,
                -5.491179699999975
              ]
            ]
          ],
          [
            [
              [
                106.394197900000052,
                -5.479588599999943
              ],
              [
                106.39471670000006,
                -5.477394199999935
              ],
              [
                106.390566300000046,
                -5.478796599999953
              ],
              [
                106.392107500000066,
                -5.480897499999969
              ],
              [
                106.394197900000052,
                -5.479588599999943
              ]
            ]
          ],
          [
            [
              [
                106.524491800000078,
                -5.478705299999945
              ],
              [
                106.527665600000034,
                -5.475084699999968
              ],
              [
                106.522332700000049,
                -5.478271899999925
              ],
              [
                106.524491800000078,
                -5.478705299999945
              ]
            ]
          ],
          [
            [
              [
                106.43845390000007,
                -5.464522799999941
              ],
              [
                106.437362900000039,
                -5.464853199999936
              ],
              [
                106.438164,
                -5.466009099999951
              ],
              [
                106.43845390000007,
                -5.464522799999941
              ]
            ]
          ],
          [
            [
              [
                106.545393800000056,
                -5.463326299999949
              ],
              [
                106.54597380000007,
                -5.462137399999961
              ],
              [
                106.544694200000038,
                -5.462375699999939
              ],
              [
                106.545393800000056,
                -5.463326299999949
              ]
            ]
          ],
          [
            [
              [
                106.556767400000069,
                -5.460213799999963
              ],
              [
                106.553486800000087,
                -5.460864199999946
              ],
              [
                106.553479200000083,
                -5.464512899999932
              ],
              [
                106.556996300000037,
                -5.463960799999938
              ],
              [
                106.558453600000064,
                -5.460901899999953
              ],
              [
                106.556767400000069,
                -5.460213799999963
              ]
            ]
          ],
          [
            [
              [
                106.57269,
                -5.455819799999972
              ],
              [
                106.570790300000056,
                -5.454662
              ],
              [
                106.568196300000068,
                -5.455487399999981
              ],
              [
                106.56635760000006,
                -5.456623699999966
              ],
              [
                106.566144,
                -5.458651199999963
              ],
              [
                106.568173400000035,
                -5.459173399999941
              ],
              [
                106.57269,
                -5.455819799999972
              ]
            ]
          ],
          [
            [
              [
                106.492027,
                -5.422460199999932
              ],
              [
                106.494763800000044,
                -5.418369499999926
              ],
              [
                106.49061370000004,
                -5.418276099999957
              ],
              [
                106.490207100000077,
                -5.421103399999936
              ],
              [
                106.492027,
                -5.422460199999932
              ]
            ]
          ],
          [
            [
              [
                106.470934500000055,
                -5.415396299999941
              ],
              [
                106.47288,
                -5.411773799999935
              ],
              [
                106.470499700000062,
                -5.412253899999939
              ],
              [
                106.470934500000055,
                -5.415396299999941
              ]
            ]
          ],
          [
            [
              [
                106.463345300000071,
                -5.202155499999947
              ],
              [
                106.459541500000057,
                -5.203457699999944
              ],
              [
                106.45980650000007,
                -5.206466899999953
              ],
              [
                106.461877600000037,
                -5.205726499999969
              ],
              [
                106.463345300000071,
                -5.202155499999947
              ]
            ]
          ]
        ]
      }
    },
    {
      "type": "Feature",
      "properties": {
        "name": "Kota Bekasi",
        "source_id": "22746128B54763839112631",
        "role": "context"
      },
      "geometry": {
        "type": "Polygon",
        "coordinates": [
          [
            [
              106.97162650000007,
              -6.172236599999962
            ],
            [
              106.971267900000043,
              -6.18763359999997
            ],
            [
              106.969581800000071,
              -6.19495349999994
            ],
            [
              106.966488,
              -6.195695799999953
            ],
            [
              106.96756,
              -6.197811699999932
            ],
            [
              106.965744200000074,
              -6.201041799999928
            ],
            [
              106.966202,
              -6.206918299999927
            ],
            [
              106.962836800000048,
              -6.211464099999944
            ],
            [
              106.962394900000049,
              -6.214485699999955
            ],
            [
              106.959045600000081,
              -6.212894099999971
            ],
            [
              106.957756200000063,
              -6.217614699999956
            ],
            [
              106.955766,
              -6.219511199999943
            ],
            [
              106.950828700000045,
              -6.219086699999934
            ],
            [
              106.947235300000045,
              -6.226147199999957
            ],
            [
              106.945490900000038,
              -6.236821299999974
            ],
            [
              106.941757400000085,
              -6.238182199999926
            ],
            [
              106.943626600000073,
              -6.23890549999993
            ],
            [
              106.943887600000039,
              -6.252337799999964
            ],
            [
              106.93349470000004,
              -6.253953099999933
            ],
            [
              106.92944250000005,
              -6.253188899999941
            ],
            [
              106.927940500000034,
              -6.254637299999956
            ],
            [
              106.922020100000054,
              -6.253936899999928
            ],
            [
              106.921699700000033,
              -6.251299
            ],
            [
              106.919914400000039,
              -6.25034009999996
            ],
            [
              106.91624470000005,
              -6.252508699999964
            ],
            [
              106.915725900000041,
              -6.258374299999957
            ],
            [
              106.909736800000076,
              -6.255546199999969
            ],
            [
              106.909927500000038,
              -6.257999499999926
            ],
            [
              106.905319400000053,
              -6.260093799999936
            ],
            [
              106.904350400000055,
              -6.262069299999951
            ],
            [
              106.905685600000083,
              -6.267637799999932
            ],
            [
              106.904258900000059,
              -6.270325699999944
            ],
            [
              106.910073200000056,
              -6.272799
            ],
            [
              106.907976400000052,
              -6.282501699999955
            ],
            [
              106.910456500000066,
              -6.286988899999926
            ],
            [
              106.909340600000064,
              -6.290873199999965
            ],
            [
              106.911805800000081,
              -6.290250599999979
            ],
            [
              106.910193800000059,
              -6.294266899999968
            ],
            [
              106.912377700000036,
              -6.294688099999973
            ],
            [
              106.911072800000056,
              -6.295957
            ],
            [
              106.911827200000062,
              -6.298256499999979
            ],
            [
              106.913482900000076,
              -6.298887799999932
            ],
            [
              106.914891800000078,
              -6.297059699999977
            ],
            [
              106.917701900000054,
              -6.297984699999972
            ],
            [
              106.918922600000087,
              -6.300593899999967
            ],
            [
              106.920654500000069,
              -6.300198099999932
            ],
            [
              106.921829400000036,
              -6.303387199999975
            ],
            [
              106.920623900000066,
              -6.308298199999967
            ],
            [
              106.921531900000048,
              -6.310939799999971
            ],
            [
              106.920128,
              -6.311414299999967
            ],
            [
              106.922806,
              -6.314239599999951
            ],
            [
              106.920723100000089,
              -6.318261699999937
            ],
            [
              106.921692100000087,
              -6.32296759999997
            ],
            [
              106.918159700000047,
              -6.327909
            ],
            [
              106.920402700000068,
              -6.328868499999942
            ],
            [
              106.920883400000037,
              -6.331506299999944
            ],
            [
              106.919502400000056,
              -6.33862739999995
            ],
            [
              106.918227700000045,
              -6.339170799999977
            ],
            [
              106.91942750000004,
              -6.343601299999932
            ],
            [
              106.917358600000057,
              -6.34378769999995
            ],
            [
              106.917183100000045,
              -6.346124699999962
            ],
            [
              106.915920800000038,
              -6.346298199999978
            ],
            [
              106.917246800000044,
              -6.347945699999968
            ],
            [
              106.916132100000084,
              -6.348916699999961
            ],
            [
              106.917801100000077,
              -6.350381599999935
            ],
            [
              106.91546290000008,
              -6.354991199999972
            ],
            [
              106.91714010000004,
              -6.356434
            ],
            [
              106.913604900000053,
              -6.358816199999978
            ],
            [
              106.916221800000073,
              -6.362806899999953
            ],
            [
              106.914378400000032,
              -6.36546089999996
            ],
            [
              106.912475700000073,
              -6.368375799999967
            ],
            [
              106.911910800000044,
              -6.367093899999929
            ],
            [
              106.910146900000086,
              -6.367907499999944
            ],
            [
              106.907633900000064,
              -6.370752099999947
            ],
            [
              106.908203300000082,
              -6.376705199999947
            ],
            [
              106.903900300000032,
              -6.380260499999963
            ],
            [
              106.90506,
              -6.384386599999971
            ],
            [
              106.903526500000055,
              -6.388213699999937
            ],
            [
              106.904075800000044,
              -6.392219599999976
            ],
            [
              106.901252900000088,
              -6.394579
            ],
            [
              106.898446500000034,
              -6.394424699999945
            ],
            [
              106.897728100000052,
              -6.396414299999947
            ],
            [
              106.900272500000085,
              -6.39779249999998
            ],
            [
              106.906181500000059,
              -6.394360099999972
            ],
            [
              106.918847800000037,
              -6.395603299999948
            ],
            [
              106.92095530000006,
              -6.396948
            ],
            [
              106.921450700000037,
              -6.394718
            ],
            [
              106.922977100000082,
              -6.394430299999954
            ],
            [
              106.920764600000041,
              -6.392713799999967
            ],
            [
              106.921798900000056,
              -6.388900799999931
            ],
            [
              106.923227200000042,
              -6.389883
            ],
            [
              106.924675200000081,
              -6.386166099999969
            ],
            [
              106.925819600000068,
              -6.388285699999926
            ],
            [
              106.926529100000039,
              -6.385491499999944
            ],
            [
              106.929229900000053,
              -6.386208599999975
            ],
            [
              106.933766,
              -6.383556299999952
            ],
            [
              106.929510900000082,
              -6.382310099999927
            ],
            [
              106.929730400000039,
              -6.379998799999953
            ],
            [
              106.93307260000006,
              -6.375833399999976
            ],
            [
              106.937776700000086,
              -6.377407099999971
            ],
            [
              106.938851500000055,
              -6.375
            ],
            [
              106.937866400000075,
              -6.374123199999929
            ],
            [
              106.940582500000062,
              -6.371434799999975
            ],
            [
              106.938652200000035,
              -6.372229599999969
            ],
            [
              106.938644600000089,
              -6.370584099999974
            ],
            [
              106.94204730000007,
              -6.369182199999955
            ],
            [
              106.942306700000074,
              -6.367376899999954
            ],
            [
              106.943374800000072,
              -6.367313499999966
            ],
            [
              106.94327560000005,
              -6.369113499999969
            ],
            [
              106.945457600000054,
              -6.368491699999936
            ],
            [
              106.945053300000041,
              -6.36629679999993
            ],
            [
              106.943939400000033,
              -6.366423199999929
            ],
            [
              106.94713610000008,
              -6.360190899999964
            ],
            [
              106.943824900000038,
              -6.359596299999964
            ],
            [
              106.943901200000084,
              -6.358025599999962
            ],
            [
              106.947044500000061,
              -6.358204
            ],
            [
              106.946212900000035,
              -6.359419399999979
            ],
            [
              106.948662,
              -6.358650299999965
            ],
            [
              106.947357300000078,
              -6.357559299999934
            ],
            [
              106.949508800000046,
              -6.35408549999994
            ],
            [
              106.952408,
              -6.35350619999997
            ],
            [
              106.950425600000074,
              -6.350526899999977
            ],
            [
              106.952049400000078,
              -6.349142099999938
            ],
            [
              106.953323500000067,
              -6.35116249999993
            ],
            [
              106.954002600000081,
              -6.349453099999948
            ],
            [
              106.952133500000059,
              -6.348633699999937
            ],
            [
              106.95025650000008,
              -6.344151099999976
            ],
            [
              106.954643400000066,
              -6.34441
            ],
            [
              106.952827600000035,
              -6.340188099999978
            ],
            [
              106.957100100000048,
              -6.33950429999993
            ],
            [
              106.956894100000056,
              -6.337544
            ],
            [
              106.959427100000084,
              -6.335421199999928
            ],
            [
              106.961776900000075,
              -6.335841699999946
            ],
            [
              106.962379600000077,
              -6.333196199999975
            ],
            [
              106.960373100000083,
              -6.333550099999968
            ],
            [
              106.960228200000074,
              -6.331479599999966
            ],
            [
              106.962295700000084,
              -6.331009499999936
            ],
            [
              106.963432500000067,
              -6.328894199999979
            ],
            [
              106.96078220000004,
              -6.326363299999969
            ],
            [
              106.963691900000072,
              -6.326722199999949
            ],
            [
              106.964729500000033,
              -6.324944099999925
            ],
            [
              106.961738800000035,
              -6.325107199999934
            ],
            [
              106.961906600000077,
              -6.322729199999969
            ],
            [
              106.960251,
              -6.32139449999994
            ],
            [
              106.963661400000035,
              -6.316912699999932
            ],
            [
              106.960974,
              -6.315221599999973
            ],
            [
              106.960235800000078,
              -6.312524899999971
            ],
            [
              106.963371400000085,
              -6.312236399999961
            ],
            [
              106.960968200000082,
              -6.309619199999929
            ],
            [
              106.961342,
              -6.308312
            ],
            [
              106.964009,
              -6.308481899999947
            ],
            [
              106.963768200000061,
              -6.310111599999971
            ],
            [
              106.96508810000006,
              -6.310177899999928
            ],
            [
              106.965210100000036,
              -6.307121799999948
            ],
            [
              106.966568100000075,
              -6.306959199999937
            ],
            [
              106.964485300000035,
              -6.305214499999977
            ],
            [
              106.966956200000084,
              -6.305188899999962
            ],
            [
              106.966650600000037,
              -6.303007
            ],
            [
              106.969978500000082,
              -6.305647499999964
            ],
            [
              106.969543600000065,
              -6.302986699999963
            ],
            [
              106.968292400000053,
              -6.303132099999971
            ],
            [
              106.970848200000034,
              -6.30234059999998
            ],
            [
              106.973282,
              -6.311603599999955
            ],
            [
              106.980858,
              -6.315075
            ],
            [
              106.976333800000077,
              -6.319182499999954
            ],
            [
              106.976961700000061,
              -6.331386599999973
            ],
            [
              106.975235100000077,
              -6.331782399999952
            ],
            [
              106.974090700000033,
              -6.330133
            ],
            [
              106.972488600000077,
              -6.331926
            ],
            [
              106.975464,
              -6.335207499999967
            ],
            [
              106.972839500000077,
              -6.340076099999976
            ],
            [
              106.975746300000083,
              -6.339444699999945
            ],
            [
              106.975738700000079,
              -6.340936299999953
            ],
            [
              106.971481500000039,
              -6.342945699999973
            ],
            [
              106.96863570000005,
              -6.341450299999963
            ],
            [
              106.966186700000037,
              -6.342419699999937
            ],
            [
              106.968048300000078,
              -6.343018099999938
            ],
            [
              106.970031900000038,
              -6.346407
            ],
            [
              106.972630700000082,
              -6.346660699999973
            ],
            [
              106.969978500000082,
              -6.349535499999945
            ],
            [
              106.977073800000085,
              -6.353251099999966
            ],
            [
              106.976783900000044,
              -6.355122699999981
            ],
            [
              106.978439500000036,
              -6.356841599999939
            ],
            [
              106.981941400000039,
              -6.357862599999976
            ],
            [
              106.97917190000004,
              -6.361946199999977
            ],
            [
              106.979729200000065,
              -6.364279299999964
            ],
            [
              106.988067800000067,
              -6.363652799999954
            ],
            [
              106.993972900000074,
              -6.367133699999954
            ],
            [
              106.994629600000053,
              -6.366022699999974
            ],
            [
              106.992652200000066,
              -6.36482419999993
            ],
            [
              106.994287700000086,
              -6.355293
            ],
            [
              106.998399500000062,
              -6.356295799999941
            ],
            [
              107.001606600000059,
              -6.35389749999996
            ],
            [
              107.004559500000084,
              -6.355427099999929
            ],
            [
              107.00392,
              -6.35975
            ],
            [
              107.00679690000004,
              -6.36258909999998
            ],
            [
              107.017235,
              -6.353578199999959
            ],
            [
              107.018100900000036,
              -6.348385399999927
            ],
            [
              107.016121100000078,
              -6.343642799999941
            ],
            [
              107.016447,
              -6.330406599999947
            ],
            [
              107.021003900000039,
              -6.328049299999975
            ],
            [
              107.028869800000052,
              -6.330399099999966
            ],
            [
              107.03038040000007,
              -6.325437699999952
            ],
            [
              107.032524300000034,
              -6.323114
            ],
            [
              107.034057800000085,
              -6.323545099999933
            ],
            [
              107.037059800000065,
              -6.321470699999963
            ],
            [
              107.036712100000045,
              -6.317764
            ],
            [
              107.038250400000038,
              -6.316801899999973
            ],
            [
              107.037088900000072,
              -6.314133599999934
            ],
            [
              107.039458700000068,
              -6.309213199999931
            ],
            [
              107.041109900000038,
              -6.30938059999994
            ],
            [
              107.041188100000056,
              -6.307487399999957
            ],
            [
              107.038315100000034,
              -6.306286799999953
            ],
            [
              107.040939500000036,
              -6.296051099999943
            ],
            [
              107.040054500000053,
              -6.287696
            ],
            [
              107.037452900000062,
              -6.283712
            ],
            [
              107.031431200000043,
              -6.282065699999976
            ],
            [
              107.028122400000086,
              -6.277938099999972
            ],
            [
              107.02252210000006,
              -6.280394699999931
            ],
            [
              107.021179400000051,
              -6.277621899999929
            ],
            [
              107.016571200000044,
              -6.276174199999957
            ],
            [
              107.017830100000083,
              -6.27132
            ],
            [
              107.016380500000082,
              -6.27021179999997
            ],
            [
              107.016388100000086,
              -6.265633699999967
            ],
            [
              107.017833900000085,
              -6.262806599999976
            ],
            [
              107.019988800000078,
              -6.263575899999978
            ],
            [
              107.024390100000062,
              -6.255007499999977
            ],
            [
              107.029609900000082,
              -6.252996499999938
            ],
            [
              107.030552100000079,
              -6.249891699999978
            ],
            [
              107.035143400000038,
              -6.24673219999994
            ],
            [
              107.041481200000078,
              -6.246151099999963
            ],
            [
              107.042526400000042,
              -6.232816299999968
            ],
            [
              107.038734600000055,
              -6.232362799999976
            ],
            [
              107.035194500000046,
              -6.226589799999942
            ],
            [
              107.030365200000062,
              -6.226734299999976
            ],
            [
              107.033035400000074,
              -6.220132899999953
            ],
            [
              107.030861100000038,
              -6.215143299999966
            ],
            [
              107.033806,
              -6.21238859999994
            ],
            [
              107.032165700000064,
              -6.208786099999941
            ],
            [
              107.034215400000051,
              -6.205349399999932
            ],
            [
              107.032756900000038,
              -6.203344399999935
            ],
            [
              107.03247360000006,
              -6.198399599999959
            ],
            [
              107.029870500000072,
              -6.198048299999925
            ],
            [
              107.029411700000082,
              -6.20001469999994
            ],
            [
              107.029687600000045,
              -6.198079399999926
            ],
            [
              107.027912800000081,
              -6.197017499999959
            ],
            [
              107.019945100000086,
              -6.19638109999994
            ],
            [
              107.019663,
              -6.198819499999956
            ],
            [
              107.018034700000044,
              -6.199803399999951
            ],
            [
              107.014929500000051,
              -6.195097499999974
            ],
            [
              107.011321800000076,
              -6.196507699999927
            ],
            [
              107.005943500000058,
              -6.195881499999928
            ],
            [
              107.007494,
              -6.184865799999955
            ],
            [
              107.006979500000057,
              -6.177694599999938
            ],
            [
              107.008349600000088,
              -6.177663
            ],
            [
              107.00829850000008,
              -6.174577699999929
            ],
            [
              107.010841900000059,
              -6.174752699999942
            ],
            [
              107.010713300000077,
              -6.172381799999926
            ],
            [
              106.97162650000007,
              -6.172236599999962
            ]
          ]
        ]
      }
    },
    {
      "type": "Feature",
      "properties": {
        "name": "Kota Bogor",
        "source_id": "22746128B63896883204987",
        "role": "context"
      },
      "geometry": {
        "type": "Polygon",
        "coordinates": [
          [
            [
              106.778904600000033,
              -6.511734899999965
            ],
            [
              106.77239940000004,
              -6.512453899999969
            ],
            [
              106.77341,
              -6.515227299999935
            ],
            [
              106.76740280000007,
              -6.51593209999993
            ],
            [
              106.764860400000089,
              -6.521028199999932
            ],
            [
              106.764623900000061,
              -6.525095499999964
            ],
            [
              106.766323700000044,
              -6.527267699999925
            ],
            [
              106.764490700000067,
              -6.531001899999978
            ],
            [
              106.764620900000068,
              -6.54585359999993
            ],
            [
              106.760446400000035,
              -6.54711489999994
            ],
            [
              106.760732700000062,
              -6.549855799999932
            ],
            [
              106.758845300000075,
              -6.548048799999947
            ],
            [
              106.759285900000066,
              -6.549451699999963
            ],
            [
              106.756412500000067,
              -6.551823499999955
            ],
            [
              106.754894700000079,
              -6.548306099999934
            ],
            [
              106.751892300000065,
              -6.550980599999946
            ],
            [
              106.749771300000077,
              -6.547256499999946
            ],
            [
              106.748024200000089,
              -6.547812
            ],
            [
              106.746826400000089,
              -6.543672599999979
            ],
            [
              106.740829700000063,
              -6.542840499999954
            ],
            [
              106.736759400000039,
              -6.552735
            ],
            [
              106.738011800000038,
              -6.55484789999997
            ],
            [
              106.735702500000059,
              -6.554569799999967
            ],
            [
              106.735425700000064,
              -6.565329399999939
            ],
            [
              106.739878900000065,
              -6.566116299999976
            ],
            [
              106.740421600000047,
              -6.568230599999936
            ],
            [
              106.742266,
              -6.568290599999955
            ],
            [
              106.741593200000068,
              -6.570083699999941
            ],
            [
              106.738459700000078,
              -6.571042399999953
            ],
            [
              106.741050600000051,
              -6.575363899999957
            ],
            [
              106.74452320000006,
              -6.576278099999968
            ],
            [
              106.744549400000039,
              -6.573657899999944
            ],
            [
              106.745637900000077,
              -6.574395399999958
            ],
            [
              106.749822800000061,
              -6.572345799999937
            ],
            [
              106.760736400000042,
              -6.582340599999952
            ],
            [
              106.763133400000072,
              -6.583105599999953
            ],
            [
              106.766604400000062,
              -6.594771499999979
            ],
            [
              106.770178800000053,
              -6.59578
            ],
            [
              106.771478900000034,
              -6.598732699999971
            ],
            [
              106.774580900000046,
              -6.60045109999993
            ],
            [
              106.775428900000065,
              -6.606699499999934
            ],
            [
              106.779136900000083,
              -6.607469099999946
            ],
            [
              106.779892,
              -6.612849799999935
            ],
            [
              106.781707800000049,
              -6.612228099999925
            ],
            [
              106.783698800000082,
              -6.616025299999933
            ],
            [
              106.784326700000065,
              -6.621100299999966
            ],
            [
              106.785624700000085,
              -6.621546899999942
            ],
            [
              106.786371,
              -6.624754099999961
            ],
            [
              106.788789200000053,
              -6.625218199999949
            ],
            [
              106.79029,
              -6.62777959999994
            ],
            [
              106.786206500000048,
              -6.633978299999967
            ],
            [
              106.782959800000071,
              -6.644992599999966
            ],
            [
              106.771644800000047,
              -6.653687899999966
            ],
            [
              106.783020200000067,
              -6.658916499999975
            ],
            [
              106.786957,
              -6.659218299999964
            ],
            [
              106.790580900000066,
              -6.653136699999948
            ],
            [
              106.792510700000037,
              -6.653590599999973
            ],
            [
              106.794898300000057,
              -6.649347399999954
            ],
            [
              106.799392,
              -6.645677399999954
            ],
            [
              106.801351900000043,
              -6.648365399999932
            ],
            [
              106.805238200000076,
              -6.648979099999963
            ],
            [
              106.803905700000087,
              -6.651732799999934
            ],
            [
              106.806069900000068,
              -6.651867
            ],
            [
              106.80971130000006,
              -6.646207
            ],
            [
              106.810562300000072,
              -6.649079799999981
            ],
            [
              106.80839560000004,
              -6.652404799999942
            ],
            [
              106.80880760000008,
              -6.656303899999955
            ],
            [
              106.815628200000049,
              -6.661324
            ],
            [
              106.816322500000069,
              -6.665552099999957
            ],
            [
              106.818519800000047,
              -6.666361799999947
            ],
            [
              106.819099600000072,
              -6.67194939999996
            ],
            [
              106.830444500000056,
              -6.679191099999969
            ],
            [
              106.834218300000089,
              -6.677660599999967
            ],
            [
              106.839787800000067,
              -6.679584699999964
            ],
            [
              106.843367200000046,
              -6.678800699999954
            ],
            [
              106.848114200000055,
              -6.676239
            ],
            [
              106.845174700000086,
              -6.661483399999952
            ],
            [
              106.848517,
              -6.65158409999998
            ],
            [
              106.848627100000044,
              -6.64667
            ],
            [
              106.846909500000038,
              -6.642173499999956
            ],
            [
              106.838875,
              -6.630939
            ],
            [
              106.833641200000045,
              -6.618329499999959
            ],
            [
              106.83193220000004,
              -6.612977
            ],
            [
              106.831375300000047,
              -6.602687399999979
            ],
            [
              106.839566900000079,
              -6.574751299999946
            ],
            [
              106.837173700000051,
              -6.577848
            ],
            [
              106.833967100000052,
              -6.565915599999926
            ],
            [
              106.829927100000077,
              -6.560560799999962
            ],
            [
              106.829048300000068,
              -6.550139399999978
            ],
            [
              106.825918800000068,
              -6.547391699999935
            ],
            [
              106.825682900000061,
              -6.543961599999932
            ],
            [
              106.824455400000033,
              -6.54555229999994
            ],
            [
              106.823540300000047,
              -6.54248739999997
            ],
            [
              106.822876,
              -6.543626699999948
            ],
            [
              106.818183600000054,
              -6.542594599999973
            ],
            [
              106.818372300000078,
              -6.538134099999979
            ],
            [
              106.811369700000057,
              -6.539340599999946
            ],
            [
              106.808897100000081,
              -6.546061799999961
            ],
            [
              106.805440900000065,
              -6.545434
            ],
            [
              106.805665,
              -6.53988309999994
            ],
            [
              106.799158100000056,
              -6.543791499999941
            ],
            [
              106.799218100000076,
              -6.546523099999945
            ],
            [
              106.795241200000078,
              -6.547092799999973
            ],
            [
              106.793236800000045,
              -6.546022199999925
            ],
            [
              106.791790300000059,
              -6.53769879999993
            ],
            [
              106.793214600000056,
              -6.532219399999974
            ],
            [
              106.790587,
              -6.526553199999967
            ],
            [
              106.789463300000079,
              -6.527706699999953
            ],
            [
              106.788766500000065,
              -6.518153199999972
            ],
            [
              106.786438800000042,
              -6.514791899999977
            ],
            [
              106.783469400000058,
              -6.515082799999959
            ],
            [
              106.781747,
              -6.51096339999998
            ],
            [
              106.778904600000033,
              -6.511734899999965
            ]
          ]
        ]
      }
    },
    {
      "type": "Feature",
      "properties": {
        "name": "Kota Jakarta Barat",
        "source_id": "22746128B58252967349746",
        "role": "dki-core"
      },
      "geometry": {
        "type": "Polygon",
        "coordinates": [
          [
            [
              106.711379100000045,
              -6.09595
            ],
            [
              106.704101800000046,
              -6.095236799999952
            ],
            [
              106.702148600000044,
              -6.09676079999997
            ],
            [
              106.691967600000055,
              -6.095673899999952
            ],
            [
              106.687235700000087,
              -6.097140699999954
            ],
            [
              106.688957400000049,
              -6.106362299999944
            ],
            [
              106.693687600000032,
              -6.107194399999969
            ],
            [
              106.697883800000056,
              -6.110893699999963
            ],
            [
              106.696403700000076,
              -6.112876899999947
            ],
            [
              106.689018500000088,
              -6.114240699999925
            ],
            [
              106.689697500000079,
              -6.121171
            ],
            [
              106.687080600000058,
              -6.128622099999973
            ],
            [
              106.691398800000059,
              -6.133455799999979
            ],
            [
              106.691704,
              -6.136499899999933
            ],
            [
              106.686210800000083,
              -6.14306449999998
            ],
            [
              106.688102700000059,
              -6.159980499999961
            ],
            [
              106.689972100000034,
              -6.16003319999993
            ],
            [
              106.688827700000047,
              -6.172126799999944
            ],
            [
              106.704887600000063,
              -6.179064299999936
            ],
            [
              106.717064100000073,
              -6.186707
            ],
            [
              106.716911500000037,
              -6.193122399999936
            ],
            [
              106.724050900000066,
              -6.191571899999929
            ],
            [
              106.724395800000082,
              -6.207603099999972
            ],
            [
              106.720169300000066,
              -6.209604299999967
            ],
            [
              106.718143100000077,
              -6.217743899999959
            ],
            [
              106.718230400000039,
              -6.224172299999964
            ],
            [
              106.737315500000079,
              -6.223623099999941
            ],
            [
              106.76555,
              -6.222980799999959
            ],
            [
              106.76703,
              -6.22541
            ],
            [
              106.764308200000073,
              -6.227256
            ],
            [
              106.778416200000038,
              -6.226909
            ],
            [
              106.777748300000042,
              -6.213585899999941
            ],
            [
              106.783172800000045,
              -6.212946899999963
            ],
            [
              106.783142300000065,
              -6.206719899999939
            ],
            [
              106.788994,
              -6.20849329999993
            ],
            [
              106.792389100000037,
              -6.207788
            ],
            [
              106.796058800000083,
              -6.20758109999997
            ],
            [
              106.797714400000075,
              -6.203137
            ],
            [
              106.804283300000066,
              -6.197340499999939
            ],
            [
              106.806747600000051,
              -6.189106
            ],
            [
              106.810653900000034,
              -6.188723099999947
            ],
            [
              106.80963150000008,
              -6.179301799999962
            ],
            [
              106.798149300000034,
              -6.161384599999963
            ],
            [
              106.800613600000077,
              -6.160232599999972
            ],
            [
              106.801429900000073,
              -6.158043
            ],
            [
              106.801590200000078,
              -6.160112399999946
            ],
            [
              106.804008700000054,
              -6.161744599999963
            ],
            [
              106.820282200000065,
              -6.159548299999926
            ],
            [
              106.82830830000006,
              -6.162252899999942
            ],
            [
              106.826332300000047,
              -6.147045699999978
            ],
            [
              106.821274,
              -6.136870899999963
            ],
            [
              106.816745500000081,
              -6.137063599999976
            ],
            [
              106.815033100000051,
              -6.13024189999993
            ],
            [
              106.813186900000062,
              -6.130124199999955
            ],
            [
              106.80114,
              -6.133650799999941
            ],
            [
              106.80052210000008,
              -6.141887199999928
            ],
            [
              106.790010700000039,
              -6.142329899999936
            ],
            [
              106.775085600000068,
              -6.145231699999954
            ],
            [
              106.774887300000046,
              -6.14141369999993
            ],
            [
              106.768226800000036,
              -6.140689899999927
            ],
            [
              106.750854700000048,
              -6.134427099999925
            ],
            [
              106.733252,
              -6.123161099999948
            ],
            [
              106.727417200000048,
              -6.11758089999995
            ],
            [
              106.711379100000045,
              -6.09595
            ]
          ]
        ]
      }
    },
    {
      "type": "Feature",
      "properties": {
        "name": "Kota Jakarta Pusat",
        "source_id": "22746128B21128962092426",
        "role": "dki-core"
      },
      "geometry": {
        "type": "Polygon",
        "coordinates": [
          [
            [
              106.792389100000037,
              -6.207788
            ],
            [
              106.793429700000047,
              -6.211732199999972
            ],
            [
              106.795761300000038,
              -6.212493
            ],
            [
              106.796867600000041,
              -6.21845959999996
            ],
            [
              106.795616300000063,
              -6.22841509999995
            ],
            [
              106.797523700000056,
              -6.229304799999966
            ],
            [
              106.799591300000088,
              -6.228997299999946
            ],
            [
              106.818596100000036,
              -6.214367899999957
            ],
            [
              106.821595400000035,
              -6.209226199999932
            ],
            [
              106.822708300000045,
              -6.202698699999928
            ],
            [
              106.837166,
              -6.205395299999964
            ],
            [
              106.846090100000083,
              -6.208558399999959
            ],
            [
              106.84905260000005,
              -6.207543
            ],
            [
              106.84993,
              -6.205592199999955
            ],
            [
              106.855087500000081,
              -6.205792499999973
            ],
            [
              106.855285800000047,
              -6.202552399999945
            ],
            [
              106.851028600000063,
              -6.201626799999929
            ],
            [
              106.861725,
              -6.193864399999939
            ],
            [
              106.875023100000078,
              -6.192334699999947
            ],
            [
              106.876083600000072,
              -6.175885799999946
            ],
            [
              106.878807300000062,
              -6.166463399999941
            ],
            [
              106.881432,
              -6.16247889999994
            ],
            [
              106.876877,
              -6.163494199999946
            ],
            [
              106.860176300000035,
              -6.153843499999937
            ],
            [
              106.86116050000004,
              -6.150890899999979
            ],
            [
              106.859823,
              -6.152616099999932
            ],
            [
              106.85627,
              -6.151831199999947
            ],
            [
              106.843567100000087,
              -6.153652699999952
            ],
            [
              106.841194400000063,
              -6.151069699999937
            ],
            [
              106.844055300000036,
              -6.14498569999995
            ],
            [
              106.838356200000078,
              -6.14178469999996
            ],
            [
              106.837112600000069,
              -6.146111099999928
            ],
            [
              106.835670700000037,
              -6.143171799999948
            ],
            [
              106.83117690000006,
              -6.140411
            ],
            [
              106.830665800000077,
              -6.135321199999964
            ],
            [
              106.821274,
              -6.136870899999963
            ],
            [
              106.826332300000047,
              -6.147045699999978
            ],
            [
              106.82830830000006,
              -6.162252899999942
            ],
            [
              106.820282200000065,
              -6.159548299999926
            ],
            [
              106.804008700000054,
              -6.161744599999963
            ],
            [
              106.801590200000078,
              -6.160112399999946
            ],
            [
              106.801429900000073,
              -6.158043
            ],
            [
              106.800613600000077,
              -6.160232599999972
            ],
            [
              106.798149300000034,
              -6.161384599999963
            ],
            [
              106.80963150000008,
              -6.179301799999962
            ],
            [
              106.810653900000034,
              -6.188723099999947
            ],
            [
              106.806747600000051,
              -6.189106
            ],
            [
              106.804283300000066,
              -6.197340499999939
            ],
            [
              106.797714400000075,
              -6.203137
            ],
            [
              106.796058800000083,
              -6.20758109999997
            ],
            [
              106.792389100000037,
              -6.207788
            ]
          ]
        ]
      }
    },
    {
      "type": "Feature",
      "properties": {
        "name": "Kota Jakarta Selatan",
        "source_id": "22746128B93686700937380",
        "role": "dki-core"
      },
      "geometry": {
        "type": "Polygon",
        "coordinates": [
          [
            [
              106.840943400000072,
              -6.341976799999941
            ],
            [
              106.839233600000057,
              -6.340447899999958
            ],
            [
              106.84037040000004,
              -6.338213
            ],
            [
              106.839851600000088,
              -6.332842399999947
            ],
            [
              106.843399200000079,
              -6.331596899999965
            ],
            [
              106.840233,
              -6.329210299999943
            ],
            [
              106.841308800000036,
              -6.32668979999994
            ],
            [
              106.842178500000045,
              -6.327716399999929
            ],
            [
              106.843109300000037,
              -6.326263499999925
            ],
            [
              106.84004230000005,
              -6.322776399999952
            ],
            [
              106.840873900000076,
              -6.321370199999933
            ],
            [
              106.838295200000061,
              -6.320729799999981
            ],
            [
              106.839996500000041,
              -6.318625499999939
            ],
            [
              106.843834100000038,
              -6.318456199999957
            ],
            [
              106.844272400000079,
              -6.316648699999973
            ],
            [
              106.846157100000084,
              -6.317046699999935
            ],
            [
              106.848350700000083,
              -6.31511409999996
            ],
            [
              106.848476800000071,
              -6.317138799999952
            ],
            [
              106.846794800000055,
              -6.317993599999966
            ],
            [
              106.84926130000008,
              -6.318787099999952
            ],
            [
              106.851726600000063,
              -6.315987799999959
            ],
            [
              106.852363800000035,
              -6.311065699999972
            ],
            [
              106.854881500000033,
              -6.31382949999994
            ],
            [
              106.858322300000054,
              -6.311088099999949
            ],
            [
              106.856773600000054,
              -6.309880299999975
            ],
            [
              106.858452,
              -6.305379
            ],
            [
              106.854736500000058,
              -6.303328599999929
            ],
            [
              106.854812800000047,
              -6.299657899999943
            ],
            [
              106.851623700000061,
              -6.301093599999945
            ],
            [
              106.84977740000005,
              -6.299765699999966
            ],
            [
              106.85214250000007,
              -6.298979299999928
            ],
            [
              106.850654800000086,
              -6.295853199999954
            ],
            [
              106.854240600000082,
              -6.295954299999948
            ],
            [
              106.853965900000048,
              -6.29379229999995
            ],
            [
              106.852279800000076,
              -6.294538099999954
            ],
            [
              106.854439,
              -6.290829199999962
            ],
            [
              106.85021990000007,
              -6.292498599999931
            ],
            [
              106.849289100000078,
              -6.290471599999933
            ],
            [
              106.851158300000066,
              -6.288453599999968
            ],
            [
              106.848488,
              -6.288068399999929
            ],
            [
              106.847336,
              -6.285711799999945
            ],
            [
              106.848762700000066,
              -6.283681399999978
            ],
            [
              106.847461600000088,
              -6.283037199999967
            ],
            [
              106.850343800000076,
              -6.279704
            ],
            [
              106.846588300000064,
              -6.279078499999969
            ],
            [
              106.851646600000038,
              -6.276172199999962
            ],
            [
              106.851303300000041,
              -6.273455199999944
            ],
            [
              106.85334030000007,
              -6.273264899999958
            ],
            [
              106.853584500000068,
              -6.271981799999935
            ],
            [
              106.856720100000075,
              -6.272686499999963
            ],
            [
              106.854843300000084,
              -6.270412499999964
            ],
            [
              106.85650650000008,
              -6.270156899999961
            ],
            [
              106.853973400000086,
              -6.265087599999958
            ],
            [
              106.857120300000076,
              -6.263782299999946
            ],
            [
              106.854324500000075,
              -6.262162699999976
            ],
            [
              106.859202800000048,
              -6.262845199999958
            ],
            [
              106.860504300000059,
              -6.257686199999966
            ],
            [
              106.859314100000063,
              -6.256818799999962
            ],
            [
              106.860710300000051,
              -6.255185599999947
            ],
            [
              106.85778090000008,
              -6.255272399999967
            ],
            [
              106.857734900000082,
              -6.253223
            ],
            [
              106.860180200000059,
              -6.250985199999946
            ],
            [
              106.861167300000034,
              -6.254006599999968
            ],
            [
              106.862685100000078,
              -6.253499599999941
            ],
            [
              106.862190400000088,
              -6.250467799999967
            ],
            [
              106.864052,
              -6.249419299999943
            ],
            [
              106.861984500000062,
              -6.246113799999932
            ],
            [
              106.863014400000054,
              -6.238899299999957
            ],
            [
              106.864731,
              -6.236797799999977
            ],
            [
              106.866844400000048,
              -6.238765299999955
            ],
            [
              106.865204,
              -6.235170399999959
            ],
            [
              106.866127200000051,
              -6.233753299999933
            ],
            [
              106.863220400000046,
              -6.230864099999962
            ],
            [
              106.864837800000032,
              -6.22888039999998
            ],
            [
              106.863533200000063,
              -6.224649499999941
            ],
            [
              106.865295600000081,
              -6.223348199999975
            ],
            [
              106.862877100000048,
              -6.21970129999994
            ],
            [
              106.86155720000005,
              -6.219972699999971
            ],
            [
              106.861334800000066,
              -6.221832099999972
            ],
            [
              106.86006180000004,
              -6.221212499999979
            ],
            [
              106.86352590000007,
              -6.216260099999943
            ],
            [
              106.860453200000052,
              -6.217326299999968
            ],
            [
              106.858668400000056,
              -6.216321499999935
            ],
            [
              106.857223700000077,
              -6.217577
            ],
            [
              106.856285300000081,
              -6.216156499999954
            ],
            [
              106.858230800000058,
              -6.213580699999966
            ],
            [
              106.857528200000047,
              -6.212212499999964
            ],
            [
              106.84905260000005,
              -6.207543
            ],
            [
              106.846090100000083,
              -6.208558399999959
            ],
            [
              106.837166,
              -6.205395299999964
            ],
            [
              106.822708300000045,
              -6.202698699999928
            ],
            [
              106.821595400000035,
              -6.209226199999932
            ],
            [
              106.818596100000036,
              -6.214367899999957
            ],
            [
              106.799591300000088,
              -6.228997299999946
            ],
            [
              106.797523700000056,
              -6.229304799999966
            ],
            [
              106.795616300000063,
              -6.22841509999995
            ],
            [
              106.796867600000041,
              -6.21845959999996
            ],
            [
              106.795761300000038,
              -6.212493
            ],
            [
              106.793429700000047,
              -6.211732199999972
            ],
            [
              106.792389100000037,
              -6.207788
            ],
            [
              106.788994,
              -6.20849329999993
            ],
            [
              106.783142300000065,
              -6.206719899999939
            ],
            [
              106.783172800000045,
              -6.212946899999963
            ],
            [
              106.777748300000042,
              -6.213585899999941
            ],
            [
              106.778416200000038,
              -6.226909
            ],
            [
              106.764308200000073,
              -6.227256
            ],
            [
              106.76703,
              -6.22541
            ],
            [
              106.76555,
              -6.222980799999959
            ],
            [
              106.737315500000079,
              -6.223623099999941
            ],
            [
              106.737778800000058,
              -6.225320299999964
            ],
            [
              106.740303,
              -6.22610409999993
            ],
            [
              106.740307400000063,
              -6.227635599999928
            ],
            [
              106.743211,
              -6.22746589999997
            ],
            [
              106.743899300000066,
              -6.230478499999947
            ],
            [
              106.74538780000006,
              -6.230721699999947
            ],
            [
              106.743919400000038,
              -6.236242299999958
            ],
            [
              106.746999,
              -6.236389599999939
            ],
            [
              106.74858880000005,
              -6.240682599999957
            ],
            [
              106.746673200000032,
              -6.246667699999932
            ],
            [
              106.748153400000035,
              -6.249611899999934
            ],
            [
              106.751787300000046,
              -6.249973599999976
            ],
            [
              106.754645100000062,
              -6.255559399999981
            ],
            [
              106.753516800000057,
              -6.25605
            ],
            [
              106.754373900000076,
              -6.259847
            ],
            [
              106.752359500000068,
              -6.259796499999936
            ],
            [
              106.751465,
              -6.261748799999964
            ],
            [
              106.756310500000041,
              -6.261482
            ],
            [
              106.756523300000083,
              -6.262475
            ],
            [
              106.752457500000048,
              -6.264694599999928
            ],
            [
              106.753014200000052,
              -6.269033899999954
            ],
            [
              106.750298800000053,
              -6.271841199999926
            ],
            [
              106.751587100000052,
              -6.274566199999981
            ],
            [
              106.756963800000051,
              -6.274247399999979
            ],
            [
              106.75719040000007,
              -6.277839799999981
            ],
            [
              106.762212500000032,
              -6.277862899999946
            ],
            [
              106.760102900000049,
              -6.286402599999974
            ],
            [
              106.762933500000088,
              -6.286850799999968
            ],
            [
              106.763068600000054,
              -6.288749399999972
            ],
            [
              106.765910600000041,
              -6.288837099999967
            ],
            [
              106.76813530000004,
              -6.291791899999964
            ],
            [
              106.767395200000067,
              -6.295490799999925
            ],
            [
              106.770080800000073,
              -6.295619
            ],
            [
              106.769798500000036,
              -6.297561199999961
            ],
            [
              106.771286200000077,
              -6.299055599999974
            ],
            [
              106.773750500000062,
              -6.298570699999971
            ],
            [
              106.773742900000059,
              -6.299531499999944
            ],
            [
              106.771522700000048,
              -6.299374099999966
            ],
            [
              106.773124900000084,
              -6.301498
            ],
            [
              106.770859,
              -6.302105399999959
            ],
            [
              106.773468200000082,
              -6.303120199999967
            ],
            [
              106.773155400000064,
              -6.304795799999965
            ],
            [
              106.77446,
              -6.30329519999998
            ],
            [
              106.775596800000073,
              -6.304074799999967
            ],
            [
              106.775329800000065,
              -6.306140399999947
            ],
            [
              106.773926,
              -6.30656289999996
            ],
            [
              106.774963600000035,
              -6.308388299999933
            ],
            [
              106.773277500000063,
              -6.309679
            ],
            [
              106.775337400000069,
              -6.310543099999961
            ],
            [
              106.774719400000038,
              -6.312135199999943
            ],
            [
              106.776535200000069,
              -6.311933499999952
            ],
            [
              106.776840400000083,
              -6.315314299999955
            ],
            [
              106.779899800000067,
              -6.31654409999993
            ],
            [
              106.789512800000068,
              -6.316242199999976
            ],
            [
              106.790573300000062,
              -6.314519
            ],
            [
              106.792419600000073,
              -6.315701
            ],
            [
              106.80915850000008,
              -6.314913799999943
            ],
            [
              106.806122,
              -6.324241699999959
            ],
            [
              106.804588500000079,
              -6.324332699999957
            ],
            [
              106.80339070000008,
              -6.329963699999951
            ],
            [
              106.801323100000047,
              -6.331503399999974
            ],
            [
              106.801697,
              -6.333417899999972
            ],
            [
              106.799118200000066,
              -6.333960099999956
            ],
            [
              106.799374800000066,
              -6.343154599999934
            ],
            [
              106.796676800000057,
              -6.346479
            ],
            [
              106.795341700000051,
              -6.345989699999961
            ],
            [
              106.792436400000042,
              -6.348418699999968
            ],
            [
              106.793991300000073,
              -6.350950699999942
            ],
            [
              106.792595100000085,
              -6.352284499999939
            ],
            [
              106.79396840000004,
              -6.354495499999928
            ],
            [
              106.792473,
              -6.359365
            ],
            [
              106.793098600000064,
              -6.363530199999957
            ],
            [
              106.794687900000042,
              -6.364917899999966
            ],
            [
              106.799864500000069,
              -6.365513799999974
            ],
            [
              106.802994,
              -6.363421499999959
            ],
            [
              106.810582100000033,
              -6.363991699999929
            ],
            [
              106.815919700000052,
              -6.356030799999928
            ],
            [
              106.827341800000056,
              -6.356854599999963
            ],
            [
              106.835312100000067,
              -6.354968099999951
            ],
            [
              106.835327300000074,
              -6.35200169999996
            ],
            [
              106.839134400000034,
              -6.351900099999966
            ],
            [
              106.837542800000051,
              -6.34713359999995
            ],
            [
              106.839790500000049,
              -6.343941699999959
            ],
            [
              106.83807470000005,
              -6.343331599999942
            ],
            [
              106.836336700000061,
              -6.345072699999946
            ],
            [
              106.835323200000062,
              -6.344055799999978
            ],
            [
              106.838028100000088,
              -6.341218
            ],
            [
              106.840943400000072,
              -6.341976799999941
            ]
          ]
        ]
      }
    },
    {
      "type": "Feature",
      "properties": {
        "name": "Kota Jakarta Timur",
        "source_id": "22746128B5353616278909",
        "role": "dki-core"
      },
      "geometry": {
        "type": "Polygon",
        "coordinates": [
          [
            [
              106.971893500000078,
              -6.15461449999998
            ],
            [
              106.963918500000034,
              -6.156266099999925
            ],
            [
              106.959744900000032,
              -6.155641599999967
            ],
            [
              106.958592900000042,
              -6.159534299999962
            ],
            [
              106.95433010000005,
              -6.157600799999955
            ],
            [
              106.953034700000046,
              -6.158399699999961
            ],
            [
              106.951577600000064,
              -6.163381
            ],
            [
              106.94439710000006,
              -6.162994
            ],
            [
              106.944236900000078,
              -6.155086599999947
            ],
            [
              106.940155200000049,
              -6.155268699999965
            ],
            [
              106.939971100000037,
              -6.151422799999978
            ],
            [
              106.935552400000063,
              -6.158545099999969
            ],
            [
              106.921890800000085,
              -6.162368399999934
            ],
            [
              106.920364500000062,
              -6.169804599999964
            ],
            [
              106.922455,
              -6.183112199999925
            ],
            [
              106.910080100000073,
              -6.182484199999976
            ],
            [
              106.901363600000082,
              -6.178538599999968
            ],
            [
              106.896431200000052,
              -6.177996199999939
            ],
            [
              106.89123550000005,
              -6.173327099999938
            ],
            [
              106.878807300000062,
              -6.166463399999941
            ],
            [
              106.876083600000072,
              -6.175885799999946
            ],
            [
              106.875023100000078,
              -6.192334699999947
            ],
            [
              106.861725,
              -6.193864399999939
            ],
            [
              106.851028600000063,
              -6.201626799999929
            ],
            [
              106.855285800000047,
              -6.202552399999945
            ],
            [
              106.855087500000081,
              -6.205792499999973
            ],
            [
              106.84993,
              -6.205592199999955
            ],
            [
              106.84905260000005,
              -6.207543
            ],
            [
              106.857528200000047,
              -6.212212499999964
            ],
            [
              106.858230800000058,
              -6.213580699999966
            ],
            [
              106.856285300000081,
              -6.216156499999954
            ],
            [
              106.857223700000077,
              -6.217577
            ],
            [
              106.858668400000056,
              -6.216321499999935
            ],
            [
              106.860453200000052,
              -6.217326299999968
            ],
            [
              106.86352590000007,
              -6.216260099999943
            ],
            [
              106.86006180000004,
              -6.221212499999979
            ],
            [
              106.861334800000066,
              -6.221832099999972
            ],
            [
              106.86155720000005,
              -6.219972699999971
            ],
            [
              106.862877100000048,
              -6.21970129999994
            ],
            [
              106.865295600000081,
              -6.223348199999975
            ],
            [
              106.863533200000063,
              -6.224649499999941
            ],
            [
              106.864837800000032,
              -6.22888039999998
            ],
            [
              106.863220400000046,
              -6.230864099999962
            ],
            [
              106.866127200000051,
              -6.233753299999933
            ],
            [
              106.865204,
              -6.235170399999959
            ],
            [
              106.866844400000048,
              -6.238765299999955
            ],
            [
              106.864731,
              -6.236797799999977
            ],
            [
              106.863014400000054,
              -6.238899299999957
            ],
            [
              106.861984500000062,
              -6.246113799999932
            ],
            [
              106.864052,
              -6.249419299999943
            ],
            [
              106.862190400000088,
              -6.250467799999967
            ],
            [
              106.862685100000078,
              -6.253499599999941
            ],
            [
              106.861167300000034,
              -6.254006599999968
            ],
            [
              106.860180200000059,
              -6.250985199999946
            ],
            [
              106.857734900000082,
              -6.253223
            ],
            [
              106.85778090000008,
              -6.255272399999967
            ],
            [
              106.860710300000051,
              -6.255185599999947
            ],
            [
              106.859314100000063,
              -6.256818799999962
            ],
            [
              106.860504300000059,
              -6.257686199999966
            ],
            [
              106.859202800000048,
              -6.262845199999958
            ],
            [
              106.854324500000075,
              -6.262162699999976
            ],
            [
              106.857120300000076,
              -6.263782299999946
            ],
            [
              106.853973400000086,
              -6.265087599999958
            ],
            [
              106.85650650000008,
              -6.270156899999961
            ],
            [
              106.854843300000084,
              -6.270412499999964
            ],
            [
              106.856720100000075,
              -6.272686499999963
            ],
            [
              106.853584500000068,
              -6.271981799999935
            ],
            [
              106.85334030000007,
              -6.273264899999958
            ],
            [
              106.851303300000041,
              -6.273455199999944
            ],
            [
              106.851646600000038,
              -6.276172199999962
            ],
            [
              106.846588300000064,
              -6.279078499999969
            ],
            [
              106.850343800000076,
              -6.279704
            ],
            [
              106.847461600000088,
              -6.283037199999967
            ],
            [
              106.848762700000066,
              -6.283681399999978
            ],
            [
              106.847336,
              -6.285711799999945
            ],
            [
              106.848488,
              -6.288068399999929
            ],
            [
              106.851158300000066,
              -6.288453599999968
            ],
            [
              106.849289100000078,
              -6.290471599999933
            ],
            [
              106.85021990000007,
              -6.292498599999931
            ],
            [
              106.854439,
              -6.290829199999962
            ],
            [
              106.852279800000076,
              -6.294538099999954
            ],
            [
              106.853965900000048,
              -6.29379229999995
            ],
            [
              106.854240600000082,
              -6.295954299999948
            ],
            [
              106.850654800000086,
              -6.295853199999954
            ],
            [
              106.85214250000007,
              -6.298979299999928
            ],
            [
              106.84977740000005,
              -6.299765699999966
            ],
            [
              106.851623700000061,
              -6.301093599999945
            ],
            [
              106.854812800000047,
              -6.299657899999943
            ],
            [
              106.854736500000058,
              -6.303328599999929
            ],
            [
              106.858452,
              -6.305379
            ],
            [
              106.856773600000054,
              -6.309880299999975
            ],
            [
              106.858322300000054,
              -6.311088099999949
            ],
            [
              106.854881500000033,
              -6.31382949999994
            ],
            [
              106.852363800000035,
              -6.311065699999972
            ],
            [
              106.851726600000063,
              -6.315987799999959
            ],
            [
              106.84926130000008,
              -6.318787099999952
            ],
            [
              106.846794800000055,
              -6.317993599999966
            ],
            [
              106.848476800000071,
              -6.317138799999952
            ],
            [
              106.848350700000083,
              -6.31511409999996
            ],
            [
              106.846157100000084,
              -6.317046699999935
            ],
            [
              106.844272400000079,
              -6.316648699999973
            ],
            [
              106.843834100000038,
              -6.318456199999957
            ],
            [
              106.839996500000041,
              -6.318625499999939
            ],
            [
              106.838295200000061,
              -6.320729799999981
            ],
            [
              106.840873900000076,
              -6.321370199999933
            ],
            [
              106.84004230000005,
              -6.322776399999952
            ],
            [
              106.843109300000037,
              -6.326263499999925
            ],
            [
              106.842178500000045,
              -6.327716399999929
            ],
            [
              106.841308800000036,
              -6.32668979999994
            ],
            [
              106.840233,
              -6.329210299999943
            ],
            [
              106.843399200000079,
              -6.331596899999965
            ],
            [
              106.839851600000088,
              -6.332842399999947
            ],
            [
              106.84037040000004,
              -6.338213
            ],
            [
              106.839233600000057,
              -6.340447899999958
            ],
            [
              106.840943400000072,
              -6.341976799999941
            ],
            [
              106.846084800000085,
              -6.342052499999966
            ],
            [
              106.846992700000044,
              -6.33803039999998
            ],
            [
              106.848915300000044,
              -6.337711799999965
            ],
            [
              106.84942650000005,
              -6.336128299999928
            ],
            [
              106.851555,
              -6.336623199999963
            ],
            [
              106.85214250000007,
              -6.338164399999926
            ],
            [
              106.849991,
              -6.340187599999979
            ],
            [
              106.854614500000082,
              -6.343823
            ],
            [
              106.85446950000005,
              -6.346851399999935
            ],
            [
              106.856659100000059,
              -6.347175199999981
            ],
            [
              106.855613900000037,
              -6.352387
            ],
            [
              106.860244900000055,
              -6.353737399999943
            ],
            [
              106.862213300000064,
              -6.357338
            ],
            [
              106.871216,
              -6.352892499999939
            ],
            [
              106.873901500000045,
              -6.356351899999936
            ],
            [
              106.871475400000065,
              -6.360035499999981
            ],
            [
              106.876617600000088,
              -6.361892299999965
            ],
            [
              106.878830100000073,
              -6.361035399999935
            ],
            [
              106.877968,
              -6.363197799999966
            ],
            [
              106.880653600000073,
              -6.364637899999934
            ],
            [
              106.881080800000063,
              -6.366613399999949
            ],
            [
              106.883629,
              -6.36510329999993
            ],
            [
              106.88349020000004,
              -6.370231599999954
            ],
            [
              106.887741300000073,
              -6.369716199999971
            ],
            [
              106.889114600000084,
              -6.367465099999947
            ],
            [
              106.894370500000036,
              -6.370833399999981
            ],
            [
              106.897590800000046,
              -6.368752499999971
            ],
            [
              106.901169,
              -6.369519799999978
            ],
            [
              106.906631700000048,
              -6.360801299999935
            ],
            [
              106.914378400000032,
              -6.36546089999996
            ],
            [
              106.916221800000073,
              -6.362806899999953
            ],
            [
              106.913604900000053,
              -6.358816199999978
            ],
            [
              106.91714010000004,
              -6.356434
            ],
            [
              106.91546290000008,
              -6.354991199999972
            ],
            [
              106.917801100000077,
              -6.350381599999935
            ],
            [
              106.916132100000084,
              -6.348916699999961
            ],
            [
              106.917246800000044,
              -6.347945699999968
            ],
            [
              106.915920800000038,
              -6.346298199999978
            ],
            [
              106.917183100000045,
              -6.346124699999962
            ],
            [
              106.917358600000057,
              -6.34378769999995
            ],
            [
              106.91942750000004,
              -6.343601299999932
            ],
            [
              106.918227700000045,
              -6.339170799999977
            ],
            [
              106.919502400000056,
              -6.33862739999995
            ],
            [
              106.920883400000037,
              -6.331506299999944
            ],
            [
              106.920402700000068,
              -6.328868499999942
            ],
            [
              106.918159700000047,
              -6.327909
            ],
            [
              106.921692100000087,
              -6.32296759999997
            ],
            [
              106.920723100000089,
              -6.318261699999937
            ],
            [
              106.922806,
              -6.314239599999951
            ],
            [
              106.920128,
              -6.311414299999967
            ],
            [
              106.921531900000048,
              -6.310939799999971
            ],
            [
              106.920623900000066,
              -6.308298199999967
            ],
            [
              106.921829400000036,
              -6.303387199999975
            ],
            [
              106.920654500000069,
              -6.300198099999932
            ],
            [
              106.918922600000087,
              -6.300593899999967
            ],
            [
              106.917701900000054,
              -6.297984699999972
            ],
            [
              106.914891800000078,
              -6.297059699999977
            ],
            [
              106.913482900000076,
              -6.298887799999932
            ],
            [
              106.911827200000062,
              -6.298256499999979
            ],
            [
              106.911072800000056,
              -6.295957
            ],
            [
              106.912377700000036,
              -6.294688099999973
            ],
            [
              106.910193800000059,
              -6.294266899999968
            ],
            [
              106.911805800000081,
              -6.290250599999979
            ],
            [
              106.909340600000064,
              -6.290873199999965
            ],
            [
              106.910456500000066,
              -6.286988899999926
            ],
            [
              106.907976400000052,
              -6.282501699999955
            ],
            [
              106.910073200000056,
              -6.272799
            ],
            [
              106.904258900000059,
              -6.270325699999944
            ],
            [
              106.905685600000083,
              -6.267637799999932
            ],
            [
              106.904350400000055,
              -6.262069299999951
            ],
            [
              106.905319400000053,
              -6.260093799999936
            ],
            [
              106.909927500000038,
              -6.257999499999926
            ],
            [
              106.909736800000076,
              -6.255546199999969
            ],
            [
              106.915725900000041,
              -6.258374299999957
            ],
            [
              106.91624470000005,
              -6.252508699999964
            ],
            [
              106.919914400000039,
              -6.25034009999996
            ],
            [
              106.921699700000033,
              -6.251299
            ],
            [
              106.922020100000054,
              -6.253936899999928
            ],
            [
              106.927940500000034,
              -6.254637299999956
            ],
            [
              106.92944250000005,
              -6.253188899999941
            ],
            [
              106.93349470000004,
              -6.253953099999933
            ],
            [
              106.943887600000039,
              -6.252337799999964
            ],
            [
              106.943626600000073,
              -6.23890549999993
            ],
            [
              106.941757400000085,
              -6.238182199999926
            ],
            [
              106.945490900000038,
              -6.236821299999974
            ],
            [
              106.947235300000045,
              -6.226147199999957
            ],
            [
              106.950828700000045,
              -6.219086699999934
            ],
            [
              106.955766,
              -6.219511199999943
            ],
            [
              106.957756200000063,
              -6.217614699999956
            ],
            [
              106.959045600000081,
              -6.212894099999971
            ],
            [
              106.962394900000049,
              -6.214485699999955
            ],
            [
              106.962836800000048,
              -6.211464099999944
            ],
            [
              106.966202,
              -6.206918299999927
            ],
            [
              106.965744200000074,
              -6.201041799999928
            ],
            [
              106.96756,
              -6.197811699999932
            ],
            [
              106.966488,
              -6.195695799999953
            ],
            [
              106.969581800000071,
              -6.19495349999994
            ],
            [
              106.971267900000043,
              -6.18763359999997
            ],
            [
              106.97162650000007,
              -6.172236599999962
            ],
            [
              106.971893500000078,
              -6.15461449999998
            ]
          ]
        ]
      }
    },
    {
      "type": "Feature",
      "properties": {
        "name": "Kota Jakarta Utara",
        "source_id": "22746128B85966169947265",
        "role": "dki-core"
      },
      "geometry": {
        "type": "MultiPolygon",
        "coordinates": [
          [
            [
              [
                106.876767100000052,
                -6.100300399999981
              ],
              [
                106.878194800000074,
                -6.098967899999934
              ],
              [
                106.878337600000066,
                -6.094684899999947
              ],
              [
                106.877005100000076,
                -6.094542099999956
              ],
              [
                106.876767100000052,
                -6.100300399999981
              ]
            ]
          ],
          [
            [
              [
                106.968766800000083,
                -6.092243899999971
              ],
              [
                106.965187900000046,
                -6.093733099999952
              ],
              [
                106.961083100000053,
                -6.092163
              ],
              [
                106.959046600000079,
                -6.093828899999949
              ],
              [
                106.953995900000052,
                -6.094475799999941
              ],
              [
                106.953671300000053,
                -6.096017399999937
              ],
              [
                106.94301130000008,
                -6.097920899999963
              ],
              [
                106.940339200000039,
                -6.098151899999948
              ],
              [
                106.938383400000077,
                -6.096011799999928
              ],
              [
                106.927916500000038,
                -6.097753799999964
              ],
              [
                106.925816100000077,
                -6.100061399999959
              ],
              [
                106.92033930000008,
                -6.100667199999975
              ],
              [
                106.919727300000034,
                -6.103402499999959
              ],
              [
                106.921548100000052,
                -6.103540299999963
              ],
              [
                106.91965,
                -6.10434
              ],
              [
                106.918765800000074,
                -6.099112399999967
              ],
              [
                106.916269200000045,
                -6.098958899999957
              ],
              [
                106.91521,
                -6.10051
              ],
              [
                106.91336670000004,
                -6.098734699999966
              ],
              [
                106.909267300000067,
                -6.098938699999962
              ],
              [
                106.907877400000075,
                -6.100901
              ],
              [
                106.91035,
                -6.10168
              ],
              [
                106.91038,
                -6.10344
              ],
              [
                106.907200800000055,
                -6.104091
              ],
              [
                106.906925200000046,
                -6.108699
              ],
              [
                106.905156300000044,
                -6.107000899999946
              ],
              [
                106.905449300000043,
                -6.097563
              ],
              [
                106.892617600000051,
                -6.097351599999968
              ],
              [
                106.892332100000033,
                -6.106853299999955
              ],
              [
                106.89069,
                -6.10674
              ],
              [
                106.890894400000036,
                -6.097306199999935
              ],
              [
                106.888325100000088,
                -6.097253199999955
              ],
              [
                106.88797,
                -6.10655
              ],
              [
                106.88668,
                -6.10651
              ],
              [
                106.88697,
                -6.09729
              ],
              [
                106.88445,
                -6.09613
              ],
              [
                106.88377,
                -6.10644
              ],
              [
                106.88222,
                -6.10637
              ],
              [
                106.881708700000047,
                -6.093527399999971
              ],
              [
                106.87984,
                -6.09854
              ],
              [
                106.87964,
                -6.09431
              ],
              [
                106.87905,
                -6.095
              ],
              [
                106.87872,
                -6.10138
              ],
              [
                106.8802,
                -6.10211
              ],
              [
                106.878675700000088,
                -6.102348799999959
              ],
              [
                106.87851,
                -6.10991
              ],
              [
                106.87732,
                -6.11018
              ],
              [
                106.87715,
                -6.10679
              ],
              [
                106.87556,
                -6.11133
              ],
              [
                106.87742,
                -6.10522
              ],
              [
                106.877705200000037,
                -6.101598199999955
              ],
              [
                106.876672,
                -6.101537699999938
              ],
              [
                106.874816,
                -6.103155799999968
              ],
              [
                106.872814900000037,
                -6.114389899999935
              ],
              [
                106.87026,
                -6.11471
              ],
              [
                106.87137,
                -6.11037
              ],
              [
                106.865331200000071,
                -6.113569
              ],
              [
                106.866150800000071,
                -6.119867599999964
              ],
              [
                106.862464900000077,
                -6.121488699999929
              ],
              [
                106.86472,
                -6.12018
              ],
              [
                106.86485,
                -6.11247
              ],
              [
                106.87206,
                -6.10844
              ],
              [
                106.872829300000035,
                -6.104380899999967
              ],
              [
                106.86388,
                -6.1116
              ],
              [
                106.863390800000047,
                -6.113994899999966
              ],
              [
                106.861285800000076,
                -6.114512599999955
              ],
              [
                106.860798500000044,
                -6.110167199999978
              ],
              [
                106.857645400000081,
                -6.110998099999961
              ],
              [
                106.858826,
                -6.114435599999979
              ],
              [
                106.857371400000034,
                -6.116388
              ],
              [
                106.847318900000062,
                -6.120496099999968
              ],
              [
                106.846291,
                -6.119304
              ],
              [
                106.843602500000088,
                -6.121326499999952
              ],
              [
                106.84335,
                -6.1235
              ],
              [
                106.840712900000085,
                -6.123839199999964
              ],
              [
                106.839336,
                -6.122594499999934
              ],
              [
                106.842476100000056,
                -6.122604299999978
              ],
              [
                106.84264,
                -6.12109
              ],
              [
                106.83008790000008,
                -6.120906099999956
              ],
              [
                106.827560500000061,
                -6.116326099999981
              ],
              [
                106.8172,
                -6.1149
              ],
              [
                106.816472500000089,
                -6.119910299999958
              ],
              [
                106.814513600000055,
                -6.119444499999929
              ],
              [
                106.81326,
                -6.12072
              ],
              [
                106.811924700000077,
                -6.119190099999969
              ],
              [
                106.8118,
                -6.12266
              ],
              [
                106.80745040000005,
                -6.11489279999995
              ],
              [
                106.80363,
                -6.09451
              ],
              [
                106.804403400000069,
                -6.101947099999961
              ],
              [
                106.802263200000084,
                -6.102331799999945
              ],
              [
                106.80025,
                -6.09652
              ],
              [
                106.79869,
                -6.09683
              ],
              [
                106.8006,
                -6.10831
              ],
              [
                106.796301500000084,
                -6.109515499999929
              ],
              [
                106.797131600000057,
                -6.09509509999998
              ],
              [
                106.794368200000065,
                -6.092965
              ],
              [
                106.791273700000033,
                -6.093466599999942
              ],
              [
                106.790343800000073,
                -6.108044
              ],
              [
                106.785679600000037,
                -6.108132699999942
              ],
              [
                106.785141500000066,
                -6.111138099999948
              ],
              [
                106.784449900000084,
                -6.10859
              ],
              [
                106.776471100000037,
                -6.10599979999995
              ],
              [
                106.774488600000041,
                -6.11010269999997
              ],
              [
                106.776682500000049,
                -6.103634099999965
              ],
              [
                106.77203,
                -6.10499
              ],
              [
                106.771659900000088,
                -6.103372799999931
              ],
              [
                106.765115800000046,
                -6.099438099999929
              ],
              [
                106.764247800000078,
                -6.102482499999951
              ],
              [
                106.759143400000085,
                -6.10405419999995
              ],
              [
                106.754027500000063,
                -6.102935899999977
              ],
              [
                106.750315600000079,
                -6.099461899999937
              ],
              [
                106.746850700000039,
                -6.099897099999964
              ],
              [
                106.74499620000006,
                -6.10193709999993
              ],
              [
                106.735782200000074,
                -6.099761099999967
              ],
              [
                106.728316100000086,
                -6.094187499999975
              ],
              [
                106.726312900000039,
                -6.091314
              ],
              [
                106.726943700000049,
                -6.089639099999943
              ],
              [
                106.724658200000079,
                -6.089184499999931
              ],
              [
                106.722333300000059,
                -6.091892199999961
              ],
              [
                106.713734500000044,
                -6.093319299999962
              ],
              [
                106.711379100000045,
                -6.09595
              ],
              [
                106.727417200000048,
                -6.11758089999995
              ],
              [
                106.733252,
                -6.123161099999948
              ],
              [
                106.750854700000048,
                -6.134427099999925
              ],
              [
                106.768226800000036,
                -6.140689899999927
              ],
              [
                106.774887300000046,
                -6.14141369999993
              ],
              [
                106.775085600000068,
                -6.145231699999954
              ],
              [
                106.790010700000039,
                -6.142329899999936
              ],
              [
                106.80052210000008,
                -6.141887199999928
              ],
              [
                106.80114,
                -6.133650799999941
              ],
              [
                106.813186900000062,
                -6.130124199999955
              ],
              [
                106.815033100000051,
                -6.13024189999993
              ],
              [
                106.816745500000081,
                -6.137063599999976
              ],
              [
                106.821274,
                -6.136870899999963
              ],
              [
                106.830665800000077,
                -6.135321199999964
              ],
              [
                106.83117690000006,
                -6.140411
              ],
              [
                106.835670700000037,
                -6.143171799999948
              ],
              [
                106.837112600000069,
                -6.146111099999928
              ],
              [
                106.838356200000078,
                -6.14178469999996
              ],
              [
                106.844055300000036,
                -6.14498569999995
              ],
              [
                106.841194400000063,
                -6.151069699999937
              ],
              [
                106.843567100000087,
                -6.153652699999952
              ],
              [
                106.85627,
                -6.151831199999947
              ],
              [
                106.859823,
                -6.152616099999932
              ],
              [
                106.86116050000004,
                -6.150890899999979
              ],
              [
                106.860176300000035,
                -6.153843499999937
              ],
              [
                106.876877,
                -6.163494199999946
              ],
              [
                106.881432,
                -6.16247889999994
              ],
              [
                106.878807300000062,
                -6.166463399999941
              ],
              [
                106.89123550000005,
                -6.173327099999938
              ],
              [
                106.896431200000052,
                -6.177996199999939
              ],
              [
                106.901363600000082,
                -6.178538599999968
              ],
              [
                106.910080100000073,
                -6.182484199999976
              ],
              [
                106.922455,
                -6.183112199999925
              ],
              [
                106.920364500000062,
                -6.169804599999964
              ],
              [
                106.921890800000085,
                -6.162368399999934
              ],
              [
                106.935552400000063,
                -6.158545099999969
              ],
              [
                106.939971100000037,
                -6.151422799999978
              ],
              [
                106.940155200000049,
                -6.155268699999965
              ],
              [
                106.944236900000078,
                -6.155086599999947
              ],
              [
                106.94439710000006,
                -6.162994
              ],
              [
                106.951577600000064,
                -6.163381
              ],
              [
                106.953034700000046,
                -6.158399699999961
              ],
              [
                106.95433010000005,
                -6.157600799999955
              ],
              [
                106.958592900000042,
                -6.159534299999962
              ],
              [
                106.959744900000032,
                -6.155641599999967
              ],
              [
                106.963918500000034,
                -6.156266099999925
              ],
              [
                106.971893500000078,
                -6.15461449999998
              ],
              [
                106.971680100000071,
                -6.14612029999995
              ],
              [
                106.972825400000033,
                -6.146198799999979
              ],
              [
                106.970710300000064,
                -6.139853799999969
              ],
              [
                106.969604700000048,
                -6.117495599999927
              ],
              [
                106.970391800000073,
                -6.10457839999998
              ],
              [
                106.968765400000052,
                -6.099796399999946
              ],
              [
                106.968766800000083,
                -6.092243899999971
              ]
            ]
          ]
        ]
      }
    },
    {
      "type": "Feature",
      "properties": {
        "name": "Kota Tangerang",
        "source_id": "22746128B7613374511026",
        "role": "context"
      },
      "geometry": {
        "type": "Polygon",
        "coordinates": [
          [
            [
              106.687235700000087,
              -6.097140699999954
            ],
            [
              106.67696090000004,
              -6.098011099999951
            ],
            [
              106.675773800000059,
              -6.098608499999955
            ],
            [
              106.675483900000074,
              -6.102169
            ],
            [
              106.670132600000045,
              -6.102960899999971
            ],
            [
              106.671524300000044,
              -6.105793
            ],
            [
              106.642509700000062,
              -6.117345299999954
            ],
            [
              106.642494400000032,
              -6.107842399999981
            ],
            [
              106.635780500000067,
              -6.105780099999947
            ],
            [
              106.631331400000079,
              -6.117271199999948
            ],
            [
              106.63209,
              -6.12023
            ],
            [
              106.623062400000038,
              -6.120690299999978
            ],
            [
              106.614090200000078,
              -6.125971299999946
            ],
            [
              106.614044400000068,
              -6.131606099999942
            ],
            [
              106.610839500000054,
              -6.135185199999967
            ],
            [
              106.615677500000061,
              -6.140526899999941
            ],
            [
              106.613350100000048,
              -6.147672599999964
            ],
            [
              106.590325200000052,
              -6.148125
            ],
            [
              106.591773800000055,
              -6.158514799999978
            ],
            [
              106.587394900000049,
              -6.162125499999945
            ],
            [
              106.58355430000006,
              -6.162277
            ],
            [
              106.582611300000053,
              -6.166902499999935
            ],
            [
              106.580642900000043,
              -6.166967299999953
            ],
            [
              106.57863640000005,
              -6.170040599999936
            ],
            [
              106.579223900000045,
              -6.172037099999955
            ],
            [
              106.568458800000087,
              -6.174938199999929
            ],
            [
              106.564728,
              -6.178111
            ],
            [
              106.564873,
              -6.17978039999997
            ],
            [
              106.561036100000081,
              -6.180189799999937
            ],
            [
              106.560936200000071,
              -6.181604799999945
            ],
            [
              106.552650700000072,
              -6.184793899999931
            ],
            [
              106.553383100000076,
              -6.188133599999958
            ],
            [
              106.551643600000034,
              -6.189044899999942
            ],
            [
              106.551938,
              -6.19484609999995
            ],
            [
              106.553352600000039,
              -6.195025899999962
            ],
            [
              106.55394,
              -6.197649399999932
            ],
            [
              106.552612500000066,
              -6.19948519999997
            ],
            [
              106.556198600000073,
              -6.198923699999966
            ],
            [
              106.558075200000076,
              -6.201459399999976
            ],
            [
              106.569084400000065,
              -6.206267799999978
            ],
            [
              106.564903500000071,
              -6.211240199999963
            ],
            [
              106.56975680000005,
              -6.213203699999951
            ],
            [
              106.571411800000078,
              -6.212289
            ],
            [
              106.571321100000034,
              -6.214140899999961
            ],
            [
              106.573344900000052,
              -6.214328099999932
            ],
            [
              106.573178400000074,
              -6.215519799999981
            ],
            [
              106.580322500000079,
              -6.216339099999971
            ],
            [
              106.582884600000057,
              -6.220676699999956
            ],
            [
              106.59163250000006,
              -6.222724599999935
            ],
            [
              106.590621900000087,
              -6.22164319999996
            ],
            [
              106.594749700000079,
              -6.21457909999998
            ],
            [
              106.593735,
              -6.213551
            ],
            [
              106.5957,
              -6.20586
            ],
            [
              106.596982900000057,
              -6.207595099999935
            ],
            [
              106.59990810000005,
              -6.207358199999931
            ],
            [
              106.60126050000008,
              -6.205773199999953
            ],
            [
              106.604712200000051,
              -6.208392899999978
            ],
            [
              106.602382100000057,
              -6.213429899999937
            ],
            [
              106.612587200000064,
              -6.215792099999931
            ],
            [
              106.609489,
              -6.220338499999968
            ],
            [
              106.613581400000044,
              -6.220709799999952
            ],
            [
              106.613584900000035,
              -6.223552
            ],
            [
              106.610751100000073,
              -6.225301599999966
            ],
            [
              106.611634,
              -6.227167599999973
            ],
            [
              106.617816100000084,
              -6.224926
            ],
            [
              106.619285,
              -6.227484499999946
            ],
            [
              106.627847100000054,
              -6.227812
            ],
            [
              106.630462900000055,
              -6.225513
            ],
            [
              106.638065,
              -6.229747299999929
            ],
            [
              106.643209200000058,
              -6.230127099999947
            ],
            [
              106.645698700000082,
              -6.22893369999997
            ],
            [
              106.670503900000085,
              -6.232120399999928
            ],
            [
              106.693431200000077,
              -6.229370599999925
            ],
            [
              106.693532100000084,
              -6.231176
            ],
            [
              106.691131700000085,
              -6.231178499999942
            ],
            [
              106.690589600000067,
              -6.233253199999979
            ],
            [
              106.689788600000043,
              -6.232514699999967
            ],
            [
              106.687916500000085,
              -6.233890899999949
            ],
            [
              106.68869090000004,
              -6.235553399999958
            ],
            [
              106.686718700000085,
              -6.237191899999971
            ],
            [
              106.686484,
              -6.23989169999993
            ],
            [
              106.6892,
              -6.240336099999979
            ],
            [
              106.690674900000033,
              -6.243988899999977
            ],
            [
              106.696954700000049,
              -6.244289899999956
            ],
            [
              106.695877300000063,
              -6.251670799999943
            ],
            [
              106.698280500000067,
              -6.251788599999941
            ],
            [
              106.704086500000074,
              -6.256234199999938
            ],
            [
              106.704147600000056,
              -6.253315899999961
            ],
            [
              106.707495700000038,
              -6.252170499999977
            ],
            [
              106.720439300000066,
              -6.25223619999997
            ],
            [
              106.720792300000085,
              -6.250960099999929
            ],
            [
              106.723440700000083,
              -6.252834699999937
            ],
            [
              106.724052100000051,
              -6.25107909999997
            ],
            [
              106.743640900000059,
              -6.250210599999946
            ],
            [
              106.743933100000049,
              -6.248892699999942
            ],
            [
              106.748153400000035,
              -6.249611899999934
            ],
            [
              106.746673200000032,
              -6.246667699999932
            ],
            [
              106.74858880000005,
              -6.240682599999957
            ],
            [
              106.746999,
              -6.236389599999939
            ],
            [
              106.743919400000038,
              -6.236242299999958
            ],
            [
              106.74538780000006,
              -6.230721699999947
            ],
            [
              106.743899300000066,
              -6.230478499999947
            ],
            [
              106.743211,
              -6.22746589999997
            ],
            [
              106.740307400000063,
              -6.227635599999928
            ],
            [
              106.740303,
              -6.22610409999993
            ],
            [
              106.737778800000058,
              -6.225320299999964
            ],
            [
              106.737315500000079,
              -6.223623099999941
            ],
            [
              106.718230400000039,
              -6.224172299999964
            ],
            [
              106.718143100000077,
              -6.217743899999959
            ],
            [
              106.720169300000066,
              -6.209604299999967
            ],
            [
              106.724395800000082,
              -6.207603099999972
            ],
            [
              106.724050900000066,
              -6.191571899999929
            ],
            [
              106.716911500000037,
              -6.193122399999936
            ],
            [
              106.717064100000073,
              -6.186707
            ],
            [
              106.704887600000063,
              -6.179064299999936
            ],
            [
              106.688827700000047,
              -6.172126799999944
            ],
            [
              106.689972100000034,
              -6.16003319999993
            ],
            [
              106.688102700000059,
              -6.159980499999961
            ],
            [
              106.686210800000083,
              -6.14306449999998
            ],
            [
              106.691704,
              -6.136499899999933
            ],
            [
              106.691398800000059,
              -6.133455799999979
            ],
            [
              106.687080600000058,
              -6.128622099999973
            ],
            [
              106.689697500000079,
              -6.121171
            ],
            [
              106.689018500000088,
              -6.114240699999925
            ],
            [
              106.696403700000076,
              -6.112876899999947
            ],
            [
              106.697883800000056,
              -6.110893699999963
            ],
            [
              106.693687600000032,
              -6.107194399999969
            ],
            [
              106.688957400000049,
              -6.106362299999944
            ],
            [
              106.687235700000087,
              -6.097140699999954
            ]
          ]
        ]
      }
    },
    {
      "type": "Feature",
      "properties": {
        "name": "Kota Tangerang Selatan",
        "source_id": "22746128B62533997811788",
        "role": "context"
      },
      "geometry": {
        "type": "Polygon",
        "coordinates": [
          [
            [
              106.720513700000083,
              -6.360478099999966
            ],
            [
              106.759430100000088,
              -6.360786899999937
            ],
            [
              106.761261200000035,
              -6.357379899999955
            ],
            [
              106.771065,
              -6.357180099999937
            ],
            [
              106.770027300000038,
              -6.352325899999926
            ],
            [
              106.771850100000051,
              -6.352414199999942
            ],
            [
              106.772102500000074,
              -6.35008769999996
            ],
            [
              106.773681800000077,
              -6.350258399999973
            ],
            [
              106.773254600000087,
              -6.346584299999961
            ],
            [
              106.774437100000057,
              -6.345799399999976
            ],
            [
              106.772537400000033,
              -6.344069
            ],
            [
              106.77366660000007,
              -6.33886629999995
            ],
            [
              106.772400100000084,
              -6.338206799999966
            ],
            [
              106.77642,
              -6.335915899999975
            ],
            [
              106.775284,
              -6.333162799999968
            ],
            [
              106.77755760000008,
              -6.329489699999954
            ],
            [
              106.776794600000073,
              -6.327005899999961
            ],
            [
              106.778846900000076,
              -6.326871399999959
            ],
            [
              106.777725400000065,
              -6.323257
            ],
            [
              106.779240600000037,
              -6.321405599999935
            ],
            [
              106.778595200000041,
              -6.3174
            ],
            [
              106.779899800000067,
              -6.31654409999993
            ],
            [
              106.776840400000083,
              -6.315314299999955
            ],
            [
              106.776535200000069,
              -6.311933499999952
            ],
            [
              106.774719400000038,
              -6.312135199999943
            ],
            [
              106.775337400000069,
              -6.310543099999961
            ],
            [
              106.773277500000063,
              -6.309679
            ],
            [
              106.774963600000035,
              -6.308388299999933
            ],
            [
              106.773926,
              -6.30656289999996
            ],
            [
              106.775329800000065,
              -6.306140399999947
            ],
            [
              106.775596800000073,
              -6.304074799999967
            ],
            [
              106.77446,
              -6.30329519999998
            ],
            [
              106.773155400000064,
              -6.304795799999965
            ],
            [
              106.773468200000082,
              -6.303120199999967
            ],
            [
              106.770859,
              -6.302105399999959
            ],
            [
              106.773124900000084,
              -6.301498
            ],
            [
              106.771522700000048,
              -6.299374099999966
            ],
            [
              106.773742900000059,
              -6.299531499999944
            ],
            [
              106.773750500000062,
              -6.298570699999971
            ],
            [
              106.771286200000077,
              -6.299055599999974
            ],
            [
              106.769798500000036,
              -6.297561199999961
            ],
            [
              106.770080800000073,
              -6.295619
            ],
            [
              106.767395200000067,
              -6.295490799999925
            ],
            [
              106.76813530000004,
              -6.291791899999964
            ],
            [
              106.765910600000041,
              -6.288837099999967
            ],
            [
              106.763068600000054,
              -6.288749399999972
            ],
            [
              106.762933500000088,
              -6.286850799999968
            ],
            [
              106.760102900000049,
              -6.286402599999974
            ],
            [
              106.762212500000032,
              -6.277862899999946
            ],
            [
              106.75719040000007,
              -6.277839799999981
            ],
            [
              106.756963800000051,
              -6.274247399999979
            ],
            [
              106.751587100000052,
              -6.274566199999981
            ],
            [
              106.750298800000053,
              -6.271841199999926
            ],
            [
              106.753014200000052,
              -6.269033899999954
            ],
            [
              106.752457500000048,
              -6.264694599999928
            ],
            [
              106.756523300000083,
              -6.262475
            ],
            [
              106.756310500000041,
              -6.261482
            ],
            [
              106.751465,
              -6.261748799999964
            ],
            [
              106.752359500000068,
              -6.259796499999936
            ],
            [
              106.754373900000076,
              -6.259847
            ],
            [
              106.753516800000057,
              -6.25605
            ],
            [
              106.754645100000062,
              -6.255559399999981
            ],
            [
              106.751787300000046,
              -6.249973599999976
            ],
            [
              106.748153400000035,
              -6.249611899999934
            ],
            [
              106.743933100000049,
              -6.248892699999942
            ],
            [
              106.743640900000059,
              -6.250210599999946
            ],
            [
              106.724052100000051,
              -6.25107909999997
            ],
            [
              106.723440700000083,
              -6.252834699999937
            ],
            [
              106.720792300000085,
              -6.250960099999929
            ],
            [
              106.720439300000066,
              -6.25223619999997
            ],
            [
              106.707495700000038,
              -6.252170499999977
            ],
            [
              106.704147600000056,
              -6.253315899999961
            ],
            [
              106.704086500000074,
              -6.256234199999938
            ],
            [
              106.698280500000067,
              -6.251788599999941
            ],
            [
              106.695877300000063,
              -6.251670799999943
            ],
            [
              106.696954700000049,
              -6.244289899999956
            ],
            [
              106.690674900000033,
              -6.243988899999977
            ],
            [
              106.6892,
              -6.240336099999979
            ],
            [
              106.686484,
              -6.23989169999993
            ],
            [
              106.686718700000085,
              -6.237191899999971
            ],
            [
              106.68869090000004,
              -6.235553399999958
            ],
            [
              106.687916500000085,
              -6.233890899999949
            ],
            [
              106.689788600000043,
              -6.232514699999967
            ],
            [
              106.690589600000067,
              -6.233253199999979
            ],
            [
              106.691131700000085,
              -6.231178499999942
            ],
            [
              106.693532100000084,
              -6.231176
            ],
            [
              106.693431200000077,
              -6.229370599999925
            ],
            [
              106.670503900000085,
              -6.232120399999928
            ],
            [
              106.645698700000082,
              -6.22893369999997
            ],
            [
              106.643209200000058,
              -6.230127099999947
            ],
            [
              106.638065,
              -6.229747299999929
            ],
            [
              106.639490300000034,
              -6.230999299999951
            ],
            [
              106.63671,
              -6.23667
            ],
            [
              106.64433,
              -6.24249
            ],
            [
              106.64396,
              -6.24752
            ],
            [
              106.64906,
              -6.26103
            ],
            [
              106.64739,
              -6.26585
            ],
            [
              106.65186,
              -6.26903
            ],
            [
              106.65101,
              -6.27258
            ],
            [
              106.64603,
              -6.27605
            ],
            [
              106.64649,
              -6.27918
            ],
            [
              106.64996,
              -6.28393
            ],
            [
              106.65582,
              -6.28633
            ],
            [
              106.65752,
              -6.29001
            ],
            [
              106.65388,
              -6.29466
            ],
            [
              106.65367,
              -6.29871
            ],
            [
              106.65585,
              -6.30052
            ],
            [
              106.65707,
              -6.30613
            ],
            [
              106.65916,
              -6.30853
            ],
            [
              106.65538,
              -6.31591
            ],
            [
              106.65638,
              -6.31683
            ],
            [
              106.66089,
              -6.31568
            ],
            [
              106.66231,
              -6.31758
            ],
            [
              106.65914,
              -6.31802
            ],
            [
              106.65846,
              -6.32026
            ],
            [
              106.65774,
              -6.32484
            ],
            [
              106.66062,
              -6.32804
            ],
            [
              106.65457,
              -6.33541
            ],
            [
              106.64697,
              -6.33998
            ],
            [
              106.64698,
              -6.34378
            ],
            [
              106.654251300000055,
              -6.350199199999963
            ],
            [
              106.656839600000069,
              -6.357265199999972
            ],
            [
              106.656846800000039,
              -6.35951579999994
            ],
            [
              106.651160300000072,
              -6.362204
            ],
            [
              106.656227300000069,
              -6.361164099999939
            ],
            [
              106.658584800000085,
              -6.358821399999954
            ],
            [
              106.66624470000005,
              -6.35792779999997
            ],
            [
              106.711380200000065,
              -6.360186099999964
            ],
            [
              106.719177400000035,
              -6.362072499999954
            ],
            [
              106.720513700000083,
              -6.360478099999966
            ]
          ]
        ]
      }
    },
    {
      "type": "Feature",
      "properties": {
        "name": "Tangerang",
        "source_id": "22746128B62876177397182",
        "role": "context"
      },
      "geometry": {
        "type": "Polygon",
        "coordinates": [
          [
            [
              106.651160300000072,
              -6.362204
            ],
            [
              106.656846800000039,
              -6.35951579999994
            ],
            [
              106.656839600000069,
              -6.357265199999972
            ],
            [
              106.654251300000055,
              -6.350199199999963
            ],
            [
              106.64698,
              -6.34378
            ],
            [
              106.64697,
              -6.33998
            ],
            [
              106.65457,
              -6.33541
            ],
            [
              106.66062,
              -6.32804
            ],
            [
              106.65774,
              -6.32484
            ],
            [
              106.65846,
              -6.32026
            ],
            [
              106.65914,
              -6.31802
            ],
            [
              106.66231,
              -6.31758
            ],
            [
              106.66089,
              -6.31568
            ],
            [
              106.65638,
              -6.31683
            ],
            [
              106.65538,
              -6.31591
            ],
            [
              106.65916,
              -6.30853
            ],
            [
              106.65707,
              -6.30613
            ],
            [
              106.65585,
              -6.30052
            ],
            [
              106.65367,
              -6.29871
            ],
            [
              106.65388,
              -6.29466
            ],
            [
              106.65752,
              -6.29001
            ],
            [
              106.65582,
              -6.28633
            ],
            [
              106.64996,
              -6.28393
            ],
            [
              106.64649,
              -6.27918
            ],
            [
              106.64603,
              -6.27605
            ],
            [
              106.65101,
              -6.27258
            ],
            [
              106.65186,
              -6.26903
            ],
            [
              106.64739,
              -6.26585
            ],
            [
              106.64906,
              -6.26103
            ],
            [
              106.64396,
              -6.24752
            ],
            [
              106.64433,
              -6.24249
            ],
            [
              106.63671,
              -6.23667
            ],
            [
              106.639490300000034,
              -6.230999299999951
            ],
            [
              106.638065,
              -6.229747299999929
            ],
            [
              106.630462900000055,
              -6.225513
            ],
            [
              106.627847100000054,
              -6.227812
            ],
            [
              106.619285,
              -6.227484499999946
            ],
            [
              106.617816100000084,
              -6.224926
            ],
            [
              106.611634,
              -6.227167599999973
            ],
            [
              106.610751100000073,
              -6.225301599999966
            ],
            [
              106.613584900000035,
              -6.223552
            ],
            [
              106.613581400000044,
              -6.220709799999952
            ],
            [
              106.609489,
              -6.220338499999968
            ],
            [
              106.612587200000064,
              -6.215792099999931
            ],
            [
              106.602382100000057,
              -6.213429899999937
            ],
            [
              106.604712200000051,
              -6.208392899999978
            ],
            [
              106.60126050000008,
              -6.205773199999953
            ],
            [
              106.59990810000005,
              -6.207358199999931
            ],
            [
              106.596982900000057,
              -6.207595099999935
            ],
            [
              106.5957,
              -6.20586
            ],
            [
              106.593735,
              -6.213551
            ],
            [
              106.594749700000079,
              -6.21457909999998
            ],
            [
              106.590621900000087,
              -6.22164319999996
            ],
            [
              106.59163250000006,
              -6.222724599999935
            ],
            [
              106.582884600000057,
              -6.220676699999956
            ],
            [
              106.580322500000079,
              -6.216339099999971
            ],
            [
              106.573178400000074,
              -6.215519799999981
            ],
            [
              106.573344900000052,
              -6.214328099999932
            ],
            [
              106.571321100000034,
              -6.214140899999961
            ],
            [
              106.571411800000078,
              -6.212289
            ],
            [
              106.56975680000005,
              -6.213203699999951
            ],
            [
              106.564903500000071,
              -6.211240199999963
            ],
            [
              106.569084400000065,
              -6.206267799999978
            ],
            [
              106.558075200000076,
              -6.201459399999976
            ],
            [
              106.556198600000073,
              -6.198923699999966
            ],
            [
              106.552612500000066,
              -6.19948519999997
            ],
            [
              106.55394,
              -6.197649399999932
            ],
            [
              106.553352600000039,
              -6.195025899999962
            ],
            [
              106.551938,
              -6.19484609999995
            ],
            [
              106.551643600000034,
              -6.189044899999942
            ],
            [
              106.553383100000076,
              -6.188133599999958
            ],
            [
              106.552650700000072,
              -6.184793899999931
            ],
            [
              106.560936200000071,
              -6.181604799999945
            ],
            [
              106.561036100000081,
              -6.180189799999937
            ],
            [
              106.564873,
              -6.17978039999997
            ],
            [
              106.564728,
              -6.178111
            ],
            [
              106.568458800000087,
              -6.174938199999929
            ],
            [
              106.579223900000045,
              -6.172037099999955
            ],
            [
              106.57863640000005,
              -6.170040599999936
            ],
            [
              106.580642900000043,
              -6.166967299999953
            ],
            [
              106.582611300000053,
              -6.166902499999935
            ],
            [
              106.58355430000006,
              -6.162277
            ],
            [
              106.587394900000049,
              -6.162125499999945
            ],
            [
              106.591773800000055,
              -6.158514799999978
            ],
            [
              106.590325200000052,
              -6.148125
            ],
            [
              106.613350100000048,
              -6.147672599999964
            ],
            [
              106.615677500000061,
              -6.140526899999941
            ],
            [
              106.610839500000054,
              -6.135185199999967
            ],
            [
              106.614044400000068,
              -6.131606099999942
            ],
            [
              106.614090200000078,
              -6.125971299999946
            ],
            [
              106.623062400000038,
              -6.120690299999978
            ],
            [
              106.63209,
              -6.12023
            ],
            [
              106.631331400000079,
              -6.117271199999948
            ],
            [
              106.635780500000067,
              -6.105780099999947
            ],
            [
              106.642494400000032,
              -6.107842399999981
            ],
            [
              106.642509700000062,
              -6.117345299999954
            ],
            [
              106.671524300000044,
              -6.105793
            ],
            [
              106.670132600000045,
              -6.102960899999971
            ],
            [
              106.675483900000074,
              -6.102169
            ],
            [
              106.675773800000059,
              -6.098608499999955
            ],
            [
              106.67696090000004,
              -6.098011099999951
            ],
            [
              106.687235700000087,
              -6.097140699999954
            ],
            [
              106.691967600000055,
              -6.095673899999952
            ],
            [
              106.702148600000044,
              -6.09676079999997
            ],
            [
              106.704101800000046,
              -6.095236799999952
            ],
            [
              106.711379100000045,
              -6.09595
            ],
            [
              106.713734500000044,
              -6.093319299999962
            ],
            [
              106.722333300000059,
              -6.091892199999961
            ],
            [
              106.724658200000079,
              -6.089184499999931
            ],
            [
              106.71262,
              -6.06897
            ],
            [
              106.70953,
              -6.05557
            ],
            [
              106.70959,
              -6.04983
            ],
            [
              106.7111,
              -6.04605
            ],
            [
              106.71469,
              -6.04486
            ],
            [
              106.713021100000049,
              -6.043982399999948
            ],
            [
              106.712414300000034,
              -6.040306199999975
            ],
            [
              106.709309100000041,
              -6.036130199999945
            ],
            [
              106.705097500000079,
              -6.035059499999932
            ],
            [
              106.703636900000049,
              -6.031225799999959
            ],
            [
              106.700636,
              -6.030062599999951
            ],
            [
              106.69943,
              -6.02605
            ],
            [
              106.698708600000089,
              -6.027064499999938
            ],
            [
              106.695210800000041,
              -6.025672499999928
            ],
            [
              106.689214600000071,
              -6.021889099999953
            ],
            [
              106.67941,
              -6.01267
            ],
            [
              106.664876600000071,
              -6.02193479999994
            ],
            [
              106.657729200000063,
              -6.018760099999952
            ],
            [
              106.658234,
              -6.017177799999956
            ],
            [
              106.652368900000056,
              -6.013125399999979
            ],
            [
              106.64859720000004,
              -6.005256699999961
            ],
            [
              106.644890600000053,
              -6.005692599999975
            ],
            [
              106.64306490000007,
              -6.001402
            ],
            [
              106.638068100000055,
              -6.005113899999969
            ],
            [
              106.63299980000005,
              -6.006505899999979
            ],
            [
              106.629359200000067,
              -6.012752
            ],
            [
              106.623910200000068,
              -6.014476799999954
            ],
            [
              106.614,
              -6.02249
            ],
            [
              106.608132800000078,
              -6.025109499999928
            ],
            [
              106.601350400000058,
              -6.025926399999946
            ],
            [
              106.60128080000004,
              -6.027264899999977
            ],
            [
              106.595808800000043,
              -6.027885399999946
            ],
            [
              106.586778800000047,
              -6.032061299999953
            ],
            [
              106.569442200000083,
              -6.031048699999928
            ],
            [
              106.55847,
              -6.02525
            ],
            [
              106.553063900000041,
              -6.025367
            ],
            [
              106.543986300000086,
              -6.019085799999971
            ],
            [
              106.540886800000067,
              -6.014252
            ],
            [
              106.539863700000069,
              -6.014852899999937
            ],
            [
              106.53721180000008,
              -6.012771899999962
            ],
            [
              106.537605200000087,
              -6.010910799999976
            ],
            [
              106.53524,
              -6.010473
            ],
            [
              106.529696600000079,
              -6.014570699999979
            ],
            [
              106.523612100000037,
              -6.029170799999974
            ],
            [
              106.525055300000076,
              -6.031231199999979
            ],
            [
              106.521408500000064,
              -6.033172
            ],
            [
              106.52241360000005,
              -6.033983
            ],
            [
              106.518442500000049,
              -6.031491299999971
            ],
            [
              106.517269100000078,
              -6.033390099999963
            ],
            [
              106.515734900000041,
              -6.03235
            ],
            [
              106.514263200000073,
              -6.034249799999941
            ],
            [
              106.512346300000047,
              -6.033176699999956
            ],
            [
              106.50877470000006,
              -6.037663
            ],
            [
              106.503589,
              -6.040985899999953
            ],
            [
              106.496681800000033,
              -6.044548799999973
            ],
            [
              106.489633,
              -6.046078399999942
            ],
            [
              106.482239200000038,
              -6.046562399999971
            ],
            [
              106.47335,
              -6.04465
            ],
            [
              106.463339300000086,
              -6.038639799999942
            ],
            [
              106.458744100000047,
              -6.037762199999975
            ],
            [
              106.45789,
              -6.03623
            ],
            [
              106.44597,
              -6.03372
            ],
            [
              106.442133800000079,
              -6.03088
            ],
            [
              106.441864500000065,
              -6.027795499999968
            ],
            [
              106.440708500000085,
              -6.028125799999941
            ],
            [
              106.4403,
              -6.03166
            ],
            [
              106.43111,
              -6.03213
            ],
            [
              106.415352700000085,
              -6.024150099999929
            ],
            [
              106.411963400000047,
              -6.023995499999955
            ],
            [
              106.407478600000047,
              -6.030905099999927
            ],
            [
              106.401207200000044,
              -6.030308099999957
            ],
            [
              106.397873200000049,
              -6.027823299999966
            ],
            [
              106.396507500000041,
              -6.029094099999952
            ],
            [
              106.393699900000058,
              -6.027711299999964
            ],
            [
              106.390910500000075,
              -6.02893819999997
            ],
            [
              106.388056600000084,
              -6.027903299999934
            ],
            [
              106.388237300000071,
              -6.031220299999973
            ],
            [
              106.385547600000052,
              -6.028718699999956
            ],
            [
              106.385227900000075,
              -6.031166499999927
            ],
            [
              106.382976,
              -6.029722299999946
            ],
            [
              106.383118200000069,
              -6.032235699999944
            ],
            [
              106.379913600000066,
              -6.034825199999943
            ],
            [
              106.378746300000046,
              -6.038370499999928
            ],
            [
              106.374306800000056,
              -6.040624399999956
            ],
            [
              106.372363200000052,
              -6.044171199999937
            ],
            [
              106.370756400000062,
              -6.037326899999925
            ],
            [
              106.366524,
              -6.038467799999978
            ],
            [
              106.358149,
              -6.045726899999977
            ],
            [
              106.359075,
              -6.04978129999995
            ],
            [
              106.356205500000044,
              -6.049717499999929
            ],
            [
              106.351724100000069,
              -6.057596099999955
            ],
            [
              106.348874400000057,
              -6.057255599999962
            ],
            [
              106.35052520000005,
              -6.059746099999927
            ],
            [
              106.349998700000071,
              -6.062485599999945
            ],
            [
              106.339386200000035,
              -6.06317839999997
            ],
            [
              106.339973700000087,
              -6.074607199999946
            ],
            [
              106.348396600000058,
              -6.086581599999931
            ],
            [
              106.351150800000084,
              -6.08721479999997
            ],
            [
              106.352745300000038,
              -6.089271899999972
            ],
            [
              106.350860800000078,
              -6.090602299999944
            ],
            [
              106.351074500000038,
              -6.092054699999949
            ],
            [
              106.353531200000077,
              -6.092441899999926
            ],
            [
              106.352600400000085,
              -6.096776399999953
            ],
            [
              106.35016660000008,
              -6.097566
            ],
            [
              106.351280500000087,
              -6.10074549999996
            ],
            [
              106.352791100000047,
              -6.101120799999933
            ],
            [
              106.352196,
              -6.102478799999972
            ],
            [
              106.349777500000073,
              -6.102745899999945
            ],
            [
              106.350738800000045,
              -6.109929399999942
            ],
            [
              106.351684800000044,
              -6.111114799999939
            ],
            [
              106.353897400000051,
              -6.110239899999954
            ],
            [
              106.355850500000088,
              -6.113596299999926
            ],
            [
              106.36185480000006,
              -6.116478299999926
            ],
            [
              106.364601400000083,
              -6.12038309999997
            ],
            [
              106.36215240000007,
              -6.121276699999953
            ],
            [
              106.367737100000056,
              -6.127336399999933
            ],
            [
              106.371895100000074,
              -6.129230799999959
            ],
            [
              106.377235700000085,
              -6.128857499999981
            ],
            [
              106.378799700000059,
              -6.13482369999997
            ],
            [
              106.384582800000032,
              -6.140445599999964
            ],
            [
              106.392578400000048,
              -6.151805299999978
            ],
            [
              106.392669900000044,
              -6.156810199999939
            ],
            [
              106.388214400000038,
              -6.156320499999936
            ],
            [
              106.387535400000047,
              -6.15732509999998
            ],
            [
              106.392784400000039,
              -6.160369299999957
            ],
            [
              106.392776800000036,
              -6.161934299999928
            ],
            [
              106.390251400000068,
              -6.162693399999966
            ],
            [
              106.393661800000075,
              -6.16504939999993
            ],
            [
              106.393127700000036,
              -6.166412199999968
            ],
            [
              106.390228500000035,
              -6.166372699999954
            ],
            [
              106.390861800000039,
              -6.169736299999954
            ],
            [
              106.394256800000051,
              -6.170584599999927
            ],
            [
              106.388923900000066,
              -6.175308599999937
            ],
            [
              106.388794200000063,
              -6.176722899999959
            ],
            [
              106.391296600000032,
              -6.176452
            ],
            [
              106.390754900000047,
              -6.179121799999962
            ],
            [
              106.389435100000071,
              -6.180407399999979
            ],
            [
              106.387497200000041,
              -6.179353099999958
            ],
            [
              106.385704300000043,
              -6.186179
            ],
            [
              106.38024930000006,
              -6.186276799999973
            ],
            [
              106.380134900000087,
              -6.189008599999966
            ],
            [
              106.377998600000069,
              -6.187745899999925
            ],
            [
              106.373779600000034,
              -6.191479499999957
            ],
            [
              106.372803,
              -6.195759599999974
            ],
            [
              106.378305100000034,
              -6.195803
            ],
            [
              106.379288,
              -6.200752099999931
            ],
            [
              106.376564300000041,
              -6.201515499999971
            ],
            [
              106.37703730000004,
              -6.204819499999928
            ],
            [
              106.37283350000007,
              -6.207889899999941
            ],
            [
              106.374431,
              -6.211789199999942
            ],
            [
              106.372894400000064,
              -6.212237
            ],
            [
              106.370331100000044,
              -6.209898799999962
            ],
            [
              106.36907750000006,
              -6.212613799999929
            ],
            [
              106.370032400000071,
              -6.216394599999944
            ],
            [
              106.367872200000079,
              -6.216400199999953
            ],
            [
              106.368994500000042,
              -6.215316299999927
            ],
            [
              106.368179900000086,
              -6.213561899999945
            ],
            [
              106.366440100000034,
              -6.214778299999978
            ],
            [
              106.366983300000072,
              -6.217980199999943
            ],
            [
              106.370354,
              -6.218752299999949
            ],
            [
              106.373123400000054,
              -6.221577
            ],
            [
              106.379555,
              -6.218632599999978
            ],
            [
              106.378265600000077,
              -6.21990569999997
            ],
            [
              106.381256400000041,
              -6.22091039999998
            ],
            [
              106.383285800000067,
              -6.224027499999977
            ],
            [
              106.381828600000063,
              -6.226667299999974
            ],
            [
              106.386230700000056,
              -6.227916099999959
            ],
            [
              106.385528800000088,
              -6.229226499999925
            ],
            [
              106.387108100000034,
              -6.23032029999996
            ],
            [
              106.384277600000075,
              -6.232294899999943
            ],
            [
              106.385879800000055,
              -6.238192399999946
            ],
            [
              106.383949500000085,
              -6.240240899999947
            ],
            [
              106.386543500000073,
              -6.240463099999943
            ],
            [
              106.386581700000079,
              -6.242783899999949
            ],
            [
              106.388641600000085,
              -6.244926799999973
            ],
            [
              106.38726070000007,
              -6.248177399999975
            ],
            [
              106.385238900000047,
              -6.248879799999941
            ],
            [
              106.386001800000088,
              -6.252714499999968
            ],
            [
              106.382782200000065,
              -6.261917899999958
            ],
            [
              106.385834,
              -6.261419199999978
            ],
            [
              106.387756600000046,
              -6.264660699999979
            ],
            [
              106.384811700000057,
              -6.266032499999937
            ],
            [
              106.387329400000056,
              -6.268481599999973
            ],
            [
              106.389374,
              -6.268558399999961
            ],
            [
              106.387741400000039,
              -6.270117599999935
            ],
            [
              106.389137500000061,
              -6.272078399999941
            ],
            [
              106.387375100000042,
              -6.275221199999976
            ],
            [
              106.389290100000039,
              -6.27679859999995
            ],
            [
              106.39231140000004,
              -6.274662399999954
            ],
            [
              106.393059,
              -6.278534699999966
            ],
            [
              106.395134200000086,
              -6.279893299999969
            ],
            [
              106.394104300000038,
              -6.281206
            ],
            [
              106.391258500000049,
              -6.279576199999951
            ],
            [
              106.39031250000005,
              -6.281788699999936
            ],
            [
              106.392769100000066,
              -6.283473799999967
            ],
            [
              106.394653600000083,
              -6.293346299999939
            ],
            [
              106.398102100000074,
              -6.296638399999949
            ],
            [
              106.398933700000043,
              -6.302556899999956
            ],
            [
              106.397415400000057,
              -6.30488
            ],
            [
              106.394546800000057,
              -6.305188
            ],
            [
              106.395752200000061,
              -6.30687649999993
            ],
            [
              106.394462800000042,
              -6.313864599999931
            ],
            [
              106.391922300000033,
              -6.313926099999946
            ],
            [
              106.395393600000034,
              -6.315908299999933
            ],
            [
              106.39932280000005,
              -6.316007
            ],
            [
              106.396927100000084,
              -6.317159499999946
            ],
            [
              106.399689,
              -6.318761699999925
            ],
            [
              106.397789300000056,
              -6.324715
            ],
            [
              106.400657900000056,
              -6.324079899999958
            ],
            [
              106.399055700000076,
              -6.327303699999959
            ],
            [
              106.402130400000033,
              -6.325521799999933
            ],
            [
              106.402900900000077,
              -6.327511699999945
            ],
            [
              106.400810500000034,
              -6.330655
            ],
            [
              106.401409300000068,
              -6.331834
            ],
            [
              106.399726900000076,
              -6.332384799999943
            ],
            [
              106.404312400000038,
              -6.333837899999935
            ],
            [
              106.403198500000087,
              -6.336569199999929
            ],
            [
              106.40531180000005,
              -6.340001499999971
            ],
            [
              106.410713500000043,
              -6.339195599999925
            ],
            [
              106.410263300000054,
              -6.345063099999948
            ],
            [
              106.413208300000065,
              -6.344209099999944
            ],
            [
              106.413788100000033,
              -6.346226599999966
            ],
            [
              106.415832800000032,
              -6.346084499999961
            ],
            [
              106.416794100000061,
              -6.347800599999971
            ],
            [
              106.418373400000064,
              -6.346377699999948
            ],
            [
              106.420616400000085,
              -6.349154399999975
            ],
            [
              106.422249100000045,
              -6.34658509999997
            ],
            [
              106.426704700000073,
              -6.348073799999952
            ],
            [
              106.430656700000043,
              -6.347770599999933
            ],
            [
              106.442146500000035,
              -6.325714
            ],
            [
              106.464416800000038,
              -6.308880199999976
            ],
            [
              106.466179100000033,
              -6.305146099999945
            ],
            [
              106.469253800000047,
              -6.303490099999976
            ],
            [
              106.471823100000051,
              -6.306170699999939
            ],
            [
              106.471443900000054,
              -6.308456499999977
            ],
            [
              106.473224900000048,
              -6.307668
            ],
            [
              106.476197800000079,
              -6.308871899999929
            ],
            [
              106.478187800000057,
              -6.316650299999935
            ],
            [
              106.479271200000085,
              -6.316590699999949
            ],
            [
              106.480331700000079,
              -6.32074769999997
            ],
            [
              106.483475,
              -6.322558799999968
            ],
            [
              106.484105200000045,
              -6.325012099999981
            ],
            [
              106.483093500000052,
              -6.326613099999975
            ],
            [
              106.484352300000069,
              -6.328752899999927
            ],
            [
              106.483749600000067,
              -6.331006899999977
            ],
            [
              106.481705,
              -6.332066
            ],
            [
              106.482734900000082,
              -6.332550899999944
            ],
            [
              106.48173550000007,
              -6.334395799999925
            ],
            [
              106.483475,
              -6.342847699999936
            ],
            [
              106.482055900000034,
              -6.344043599999964
            ],
            [
              106.476356800000076,
              -6.344130399999926
            ],
            [
              106.476288100000033,
              -6.350949699999944
            ],
            [
              106.499000800000033,
              -6.355904499999951
            ],
            [
              106.501892300000065,
              -6.353902699999935
            ],
            [
              106.50244930000008,
              -6.346178
            ],
            [
              106.51109340000005,
              -6.355136799999968
            ],
            [
              106.516571300000066,
              -6.353882699999929
            ],
            [
              106.519104200000072,
              -6.355163
            ],
            [
              106.521881400000041,
              -6.352868
            ],
            [
              106.522102600000039,
              -6.350148599999955
            ],
            [
              106.526176700000065,
              -6.349483899999939
            ],
            [
              106.529693800000075,
              -6.34683119999994
            ],
            [
              106.528396800000053,
              -6.345214799999951
            ],
            [
              106.531379900000047,
              -6.342922099999953
            ],
            [
              106.530411,
              -6.341283199999964
            ],
            [
              106.531883500000049,
              -6.339636699999971
            ],
            [
              106.52995320000008,
              -6.337597799999969
            ],
            [
              106.528274800000077,
              -6.339386399999967
            ],
            [
              106.524444800000083,
              -6.33887569999996
            ],
            [
              106.526497100000086,
              -6.336357499999963
            ],
            [
              106.521507500000041,
              -6.332109399999979
            ],
            [
              106.52043180000004,
              -6.333417399999973
            ],
            [
              106.518738,
              -6.331562899999938
            ],
            [
              106.515098800000032,
              -6.332291099999964
            ],
            [
              106.515243800000064,
              -6.329832899999928
            ],
            [
              106.512726100000066,
              -6.329372799999931
            ],
            [
              106.514587600000084,
              -6.327540299999953
            ],
            [
              106.513298300000088,
              -6.325706399999945
            ],
            [
              106.515579500000058,
              -6.324307799999929
            ],
            [
              106.515754900000047,
              -6.325699199999974
            ],
            [
              106.518112400000064,
              -6.325736
            ],
            [
              106.518692200000032,
              -6.327093499999933
            ],
            [
              106.519287400000053,
              -6.325808499999937
            ],
            [
              106.526054600000066,
              -6.325853699999925
            ],
            [
              106.526878600000089,
              -6.324633499999948
            ],
            [
              106.529060600000037,
              -6.326258099999961
            ],
            [
              106.528480800000068,
              -6.328119699999945
            ],
            [
              106.530670400000076,
              -6.328765799999928
            ],
            [
              106.529983800000082,
              -6.32979
            ],
            [
              106.533829,
              -6.330539599999952
            ],
            [
              106.534149400000047,
              -6.33230059999994
            ],
            [
              106.53837610000005,
              -6.330983099999969
            ],
            [
              106.540481800000066,
              -6.333303899999976
            ],
            [
              106.54201530000006,
              -6.332005399999957
            ],
            [
              106.54198480000008,
              -6.334006199999976
            ],
            [
              106.548942800000077,
              -6.332408799999939
            ],
            [
              106.551575,
              -6.333118799999966
            ],
            [
              106.548797800000045,
              -6.33385549999997
            ],
            [
              106.552048,
              -6.334052499999927
            ],
            [
              106.551834300000053,
              -6.335967
            ],
            [
              106.554024,
              -6.335036199999934
            ],
            [
              106.556289900000081,
              -6.336268799999971
            ],
            [
              106.557892100000061,
              -6.340592299999969
            ],
            [
              106.559311200000081,
              -6.340109299999938
            ],
            [
              106.55923480000007,
              -6.336999799999944
            ],
            [
              106.56033350000007,
              -6.338638299999957
            ],
            [
              106.563942200000042,
              -6.339595299999928
            ],
            [
              106.566345400000046,
              -6.33747859999994
            ],
            [
              106.568367200000068,
              -6.338820899999973
            ],
            [
              106.573059300000068,
              -6.338447499999972
            ],
            [
              106.575149800000077,
              -6.339865599999939
            ],
            [
              106.574600500000088,
              -6.341944599999977
            ],
            [
              106.576462,
              -6.341199299999971
            ],
            [
              106.576332300000047,
              -6.338579099999947
            ],
            [
              106.577308900000048,
              -6.338576299999943
            ],
            [
              106.57751490000004,
              -6.340315299999929
            ],
            [
              106.582878300000061,
              -6.34461639999995
            ],
            [
              106.582390100000055,
              -6.34583559999993
            ],
            [
              106.587272900000073,
              -6.348288899999943
            ],
            [
              106.588531700000033,
              -6.347480699999949
            ],
            [
              106.587654300000054,
              -6.35155009999994
            ],
            [
              106.590072900000052,
              -6.352249599999936
            ],
            [
              106.587997700000074,
              -6.356235899999945
            ],
            [
              106.590278900000044,
              -6.356522499999926
            ],
            [
              106.589027600000065,
              -6.357015499999932
            ],
            [
              106.590873900000076,
              -6.358826099999931
            ],
            [
              106.592918600000075,
              -6.358623899999941
            ],
            [
              106.59386470000004,
              -6.36272809999997
            ],
            [
              106.597763300000054,
              -6.362566399999935
            ],
            [
              106.596725700000036,
              -6.359932399999934
            ],
            [
              106.598091300000078,
              -6.35870639999996
            ],
            [
              106.603393800000049,
              -6.361899299999948
            ],
            [
              106.628700500000036,
              -6.36087079999993
            ],
            [
              106.651160300000072,
              -6.362204
            ]
          ]
        ]
      }
    }
  ]
}
