{"type": "FeatureCollection", "features": [{"type": "Feature", "properties": {"name": "Kabupaten Mojokerto"}, "geometry": {"type": "Polygon", "coordinates": [[[112.490967, -7.763756], [112.49041, -7.76406], [112.489696, -7.764328], [112.489017, -7.764512], [112.4889, -7.76462], [112.488874, -7.764644], [112.488837, -7.764608], [112.488752, -7.764524], [112.487859, -7.764292], [112.48747, -7.764318], [112.487045, -7.764416], [112.486298, -7.764579], [112.485678, -7.764445], [112.485027, -7.764279], [112.484416, -7.764313], [112.483817, -7.76429], [112.483531, -7.764502], [112.483376, -7.764862], [112.482669, -7.765543], [112.482297, -7.765752], [112.481489, -7.766069], [112.481188, -7.766177], [112.480817, -7.766557], [112.480078, -7.767047], [112.480036, -7.767075], [112.479248, -7.76756], [112.478567, -7.767892], [112.478558, -7.767897], [112.478225, -7.767765], [112.477798, -7.767689], [112.47721, -7.767601], [112.47681, -7.767577], [112.476738, -7.767545], [112.476736, -7.767544], [112.47637, -7.767379], [112.475962, -7.767414], [112.475806, -7.767427], [112.474392, -7.767685], [112.472717, -7.767706], [112.47259, -7.767749], [112.471791, -7.76802], [112.471147, -7.768239], [112.470977, -7.76828], [112.470471, -7.768403], [112.4701, -7.768431], [112.470094, -7.768432], [112.469107, -7.768508], [112.468824, -7.768421], [112.467953, -7.768154], [112.467808, -7.76811], [112.467805, -7.76811], [112.466921, -7.767847], [112.466523, -7.767957], [112.465888, -7.768133], [112.464982, -7.76873], [112.464132, -7.768846], [112.463027, -7.769033], [112.461598, -7.769711], [112.461151, -7.770109], [112.460887, -7.770432], [112.46066, -7.77075], [112.460565, -7.771276], [112.46047, -7.771834], [112.46045, -7.771932], [112.460332, -7.77249], [112.46017, -7.772842], [112.460129, -7.77293], [112.459993, -7.773187], [112.459882, -7.77367], [112.459413, -7.774293], [112.459154, -7.774739], [112.459096, -7.774839], [112.458858, -7.775168], [112.458464, -7.775713], [112.458272, -7.775922], [112.458147, -7.776148], [112.457871, -7.776417], [112.457402, -7.776686], [112.457224, -7.776896], [112.45721, -7.776912], [112.45707, -7.777133], [112.456883, -7.777295], [112.456773, -7.777653], [112.456773, -7.777686], [112.456774, -7.777897], [112.456797, -7.778125], [112.456676, -7.778491], [112.456641, -7.778725], [112.456479, -7.778888], [112.456284, -7.778975], [112.456062, -7.779097], [112.455643, -7.779211], [112.455629, -7.779214], [112.455629, -7.779214], [112.455623, -7.779216], [112.455606, -7.779201], [112.455604, -7.7792], [112.455598, -7.779194], [112.455511, -7.779117], [112.455414, -7.77903], [112.455237, -7.778871], [112.454572, -7.778277], [112.453987, -7.77779], [112.45303, -7.777009], [112.452021, -7.775844], [112.451433, -7.775132], [112.451195, -7.77465], [112.451081, -7.774079], [112.451229, -7.773657], [112.45145, -7.772912], [112.451454, -7.772886], [112.451497, -7.772581], [112.451513, -7.772462], [112.451599, -7.771848], [112.451599, -7.771847], [112.451599, -7.771847], [112.451303, -7.771275], [112.450581, -7.770727], [112.45003, -7.770517], [112.450031, -7.770516], [112.450451, -7.769422], [112.450527, -7.769258], [112.450887, -7.768475], [112.45089, -7.768469], [112.450922, -7.767478], [112.450923, -7.767466], [112.450902, -7.767295], [112.450899, -7.767268], [112.450899, -7.767267], [112.450779, -7.767131], [112.450639, -7.766971], [112.450527, -7.766896], [112.450167, -7.766656], [112.449734, -7.766301], [112.449237, -7.765946], [112.449212, -7.765927], [112.448392, -7.765312], [112.448379, -7.765303], [112.448376, -7.7653], [112.448297, -7.765229], [112.448099, -7.765051], [112.447817, -7.764798], [112.447781, -7.764765], [112.447873, -7.764552], [112.447931, -7.764418], [112.447996, -7.764267], [112.447999, -7.76426], [112.448034, -7.76405], [112.448039, -7.764022], [112.44802, -7.763588], [112.448015, -7.763485], [112.448015, -7.763485], [112.447902, -7.763095], [112.447692, -7.762518], [112.447658, -7.762426], [112.447605, -7.762222], [112.4476, -7.762206], [112.4476, -7.762206], [112.447568, -7.761811], [112.447577, -7.76177], [112.447711, -7.761148], [112.447716, -7.761123], [112.447716, -7.761123], [112.447703, -7.76094], [112.447698, -7.760875], [112.447689, -7.76075], [112.447689, -7.76075], [112.447143, -7.760006], [112.446968, -7.759775], [112.446968, -7.759774], [112.446965, -7.759768], [112.446816, -7.759434], [112.446816, -7.759432], [112.44679, -7.759116], [112.446856, -7.758498], [112.446868, -7.758392], [112.446874, -7.758363], [112.447007, -7.757765], [112.447025, -7.757654], [112.447115, -7.757095], [112.447146, -7.757011], [112.447218, -7.75681], [112.447691, -7.75586], [112.447824, -7.755238], [112.447834, -7.755189], [112.447937, -7.754659], [112.44807, -7.753971], [112.448059, -7.753869], [112.448301, -7.753397], [112.448318, -7.753364], [112.448467, -7.753271], [112.448473, -7.753267], [112.448473, -7.753266], [112.448435, -7.752959], [112.448409, -7.752753], [112.448377, -7.752496], [112.448376, -7.75246], [112.448348, -7.751399], [112.448347, -7.751349], [112.448342, -7.751312], [112.44817, -7.75], [112.447904, -7.748981], [112.447876, -7.748937], [112.44752, -7.748383], [112.447307, -7.748099], [112.447039, -7.747743], [112.446901, -7.747507], [112.446849, -7.747419], [112.446792, -7.747322], [112.44674, -7.747233], [112.446513, -7.74684], [112.446307, -7.746311], [112.446253, -7.746042], [112.446255, -7.745984], [112.446262, -7.745789], [112.446229, -7.744954], [112.446229, -7.744949], [112.446229, -7.744949], [112.446381, -7.744761], [112.446624, -7.744622], [112.446651, -7.744615], [112.446775, -7.74458], [112.447073, -7.744521], [112.447396, -7.744457], [112.447755, -7.744309], [112.447944, -7.744154], [112.448086, -7.743893], [112.44809, -7.743866], [112.448114, -7.743652], [112.448125, -7.743559], [112.448128, -7.743534], [112.448116, -7.743018], [112.447899, -7.742526], [112.447891, -7.742507], [112.447739, -7.741866], [112.447468, -7.74117], [112.447462, -7.741162], [112.44725, -7.74085], [112.447041, -7.740739], [112.446557, -7.740483], [112.446327, -7.740095], [112.445802, -7.739911], [112.445289, -7.739618], [112.44499, -7.739328], [112.444785, -7.73903], [112.444274, -7.738113], [112.443778, -7.737381], [112.443151, -7.736311], [112.443087, -7.736202], [112.442828, -7.735896], [112.442675, -7.735717], [112.442093, -7.735142], [112.441593, -7.73476], [112.440087, -7.733741], [112.440003, -7.733684], [112.439929, -7.733644], [112.43987, -7.733613], [112.439832, -7.733592], [112.438834, -7.733059], [112.438786, -7.733033], [112.438588, -7.732867], [112.438587, -7.732863], [112.438487, -7.732524], [112.438429, -7.732324], [112.438427, -7.732168], [112.438421, -7.731647], [112.438421, -7.731619], [112.438421, -7.731618], [112.438421, -7.731618], [112.438421, -7.731617], [112.438472, -7.731058], [112.438494, -7.730822], [112.438496, -7.730795], [112.438493, -7.730752], [112.438421, -7.729846], [112.438284, -7.729485], [112.438115, -7.728998], [112.438027, -7.728744], [112.437888, -7.728564], [112.437712, -7.728336], [112.437521, -7.727909], [112.437515, -7.727896], [112.436825, -7.726678], [112.436196, -7.725197], [112.435675, -7.723815], [112.435626, -7.7233], [112.435618, -7.723218], [112.43566, -7.722532], [112.435576, -7.721979], [112.435269, -7.721048], [112.434956, -7.719972], [112.434567, -7.718641], [112.434439, -7.717786], [112.434411, -7.717601], [112.434267, -7.71645], [112.434266, -7.716448], [112.433986, -7.715822], [112.433482, -7.715219], [112.433195, -7.714844], [112.43319, -7.714825], [112.433131, -7.714625], [112.432997, -7.714174], [112.432997, -7.714173], [112.432997, -7.714173], [112.432958, -7.713755], [112.432946, -7.713348], [112.432941, -7.713178], [112.432952, -7.713094], [112.433028, -7.712511], [112.433021, -7.712288], [112.433011, -7.712007], [112.432949, -7.711238], [112.432949, -7.711218], [112.432951, -7.710252], [112.432951, -7.710229], [112.432951, -7.710196], [112.432954, -7.70922], [112.432927, -7.708534], [112.432906, -7.707857], [112.432904, -7.7078], [112.432892, -7.707461], [112.432799, -7.706842], [112.432726, -7.706467], [112.432619, -7.70592], [112.43247, -7.705373], [112.432409, -7.705153], [112.43217, -7.704511], [112.431826, -7.703896], [112.431457, -7.703194], [112.431401, -7.703088], [112.431371, -7.70303], [112.431328, -7.702949], [112.431286, -7.702883], [112.43096, -7.702374], [112.430804, -7.702123], [112.430804, -7.702122], [112.430755, -7.701815], [112.430708, -7.701521], [112.430705, -7.701501], [112.430703, -7.701487], [112.430598, -7.700686], [112.430546, -7.700518], [112.430483, -7.70031], [112.430403, -7.700051], [112.430403, -7.70005], [112.430403, -7.70005], [112.429964, -7.69923], [112.429481, -7.69866], [112.429157, -7.69839], [112.428585, -7.697962], [112.427484, -7.697232], [112.426887, -7.696508], [112.426725, -7.695986], [112.426482, -7.695206], [112.426472, -7.695176], [112.426267, -7.69458], [112.426212, -7.694422], [112.425983, -7.694195], [112.425665, -7.69388], [112.425613, -7.693828], [112.425393, -7.69361], [112.424533, -7.692745], [112.42444, -7.692651], [112.424367, -7.692529], [112.424289, -7.6924], [112.424022, -7.691956], [112.423974, -7.691763], [112.423901, -7.691468], [112.423731, -7.690945], [112.423646, -7.690684], [112.423452, -7.689294], [112.423416, -7.689194], [112.423119, -7.68839], [112.42298, -7.687772], [112.422979, -7.687767], [112.422793, -7.687351], [112.422564, -7.687018], [112.421828, -7.685412], [112.421769, -7.685284], [112.421751, -7.685265], [112.42174, -7.685254], [112.42148, -7.684986], [112.421326, -7.684827], [112.420955, -7.684701], [112.420895, -7.68468], [112.420306, -7.684463], [112.419996, -7.684348], [112.419803, -7.684276], [112.419688, -7.684177], [112.418187, -7.682885], [112.418176, -7.682876], [112.418162, -7.682861], [112.417414, -7.682069], [112.417365, -7.682016], [112.417286, -7.681947], [112.417186, -7.68186], [112.416998, -7.681696], [112.416929, -7.681635], [112.416878, -7.681585], [112.4157, -7.680421], [112.415566, -7.680289], [112.415545, -7.680268], [112.415334, -7.679946], [112.415332, -7.679943], [112.415332, -7.679943], [112.414954, -7.679101], [112.414908, -7.678998], [112.414632, -7.678435], [112.414171, -7.677714], [112.413876, -7.677254], [112.41385, -7.677217], [112.413097, -7.676157], [112.41303, -7.676062], [112.412985, -7.675954], [112.412777, -7.675448], [112.41246, -7.674829], [112.412406, -7.674723], [112.412378, -7.674668], [112.411773, -7.67369], [112.411678, -7.673536], [112.411676, -7.673524], [112.411431, -7.67185], [112.411429, -7.671835], [112.411406, -7.671437], [112.411406, -7.671435], [112.411452, -7.670694], [112.411461, -7.670253], [112.41147, -7.669788], [112.411474, -7.669557], [112.411477, -7.669421], [112.4114, -7.668491], [112.411392, -7.668392], [112.411385, -7.668339], [112.411301, -7.667689], [112.411262, -7.667289], [112.411354, -7.666815], [112.411371, -7.666729], [112.411371, -7.666729], [112.411527, -7.666481], [112.411617, -7.666361], [112.41192, -7.665958], [112.412034, -7.665806], [112.412057, -7.665775], [112.412057, -7.665774], [112.411915, -7.665395], [112.41191, -7.665386], [112.411797, -7.665162], [112.411589, -7.664941], [112.411328, -7.664664], [112.41132, -7.664651], [112.41131, -7.664634], [112.411044, -7.664187], [112.41088, -7.663518], [112.410887, -7.663438], [112.410917, -7.663072], [112.411046, -7.662514], [112.411245, -7.662061], [112.411505, -7.661361], [112.411505, -7.661359], [112.411485, -7.660891], [112.411473, -7.660522], [112.411482, -7.660493], [112.411541, -7.660317], [112.411865, -7.659897], [112.411865, -7.659896], [112.411918, -7.659546], [112.411952, -7.659142], [112.412059, -7.65851], [112.412115, -7.658178], [112.412054, -7.657772], [112.412037, -7.657663], [112.411899, -7.656777], [112.411887, -7.656741], [112.411735, -7.656288], [112.410991, -7.654638], [112.410787, -7.654368], [112.410645, -7.654181], [112.410632, -7.654141], [112.410422, -7.653523], [112.41042, -7.653517], [112.41042, -7.653515], [112.41042, -7.652595], [112.410638, -7.651947], [112.410591, -7.650653], [112.410588, -7.650587], [112.41059, -7.650581], [112.410749, -7.649742], [112.410749, -7.649741], [112.410802, -7.649464], [112.410769, -7.649306], [112.410753, -7.649226], [112.41068, -7.648874], [112.410668, -7.648817], [112.410579, -7.64804], [112.410579, -7.648036], [112.410579, -7.648035], [112.410583, -7.647997], [112.410683, -7.647097], [112.410543, -7.646552], [112.410001, -7.644983], [112.409984, -7.644956], [112.409434, -7.644079], [112.409396, -7.644061], [112.408956, -7.643851], [112.407949, -7.643754], [112.407259, -7.643641], [112.405167, -7.642273], [112.403666, -7.641854], [112.402756, -7.641951], [112.40043, -7.644058], [112.399047, -7.644743], [112.394708, -7.646986], [112.394446, -7.647122], [112.392326, -7.648718], [112.390681, -7.65033], [112.390425, -7.650744], [112.389667, -7.650746], [112.389286, -7.650407], [112.388787, -7.648612], [112.388862, -7.647555], [112.388936, -7.646969], [112.388896, -7.646269], [112.388875, -7.645891], [112.388609, -7.645476], [112.388208, -7.644891], [112.38796, -7.644438], [112.387694, -7.644231], [112.387258, -7.644251], [112.386689, -7.644196], [112.386366, -7.644102], [112.386156, -7.643763], [112.385758, -7.643764], [112.385379, -7.644087], [112.385039, -7.644466], [112.38466, -7.644562], [112.384224, -7.644525], [112.383634, -7.64413], [112.383424, -7.643639], [112.383667, -7.642636], [112.383495, -7.642031], [112.382961, -7.641239], [112.382776, -7.640799], [112.382541, -7.640238], [112.382747, -7.639499], [112.382157, -7.638839], [112.381795, -7.638462], [112.38118, -7.63709], [112.380323, -7.635882], [112.380036, -7.635164], [112.37992, -7.634408], [112.380068, -7.633311], [112.381128, -7.632759], [112.382588, -7.632508], [112.382965, -7.631713], [112.382696, -7.630673], [112.382827, -7.630124], [112.384061, -7.629271], [112.384471, -7.627058], [112.384471, -7.627057], [112.384429, -7.62579], [112.385124, -7.6235], [112.385873, -7.622763], [112.387053, -7.621602], [112.386908, -7.62107], [112.386553, -7.619769], [112.386194, -7.617098], [112.386165, -7.616883], [112.38677, -7.615455], [112.387257, -7.614308], [112.387257, -7.614308], [112.387221, -7.614231], [112.38613, -7.611909], [112.384832, -7.610215], [112.384293, -7.607721], [112.383776, -7.606323], [112.383842, -7.603191], [112.383842, -7.603183], [112.382803, -7.598366], [112.381207, -7.594409], [112.381044, -7.594003], [112.379691, -7.592135], [112.378755, -7.590804], [112.376372, -7.587418], [112.376106, -7.586996], [112.375667, -7.586304], [112.375451, -7.58396], [112.375434, -7.583937], [112.374861, -7.583167], [112.374861, -7.583167], [112.375096, -7.58182], [112.375168, -7.58043], [112.375168, -7.58043], [112.375186, -7.58042], [112.375209, -7.580407], [112.375563, -7.58021], [112.375563, -7.58021], [112.375674, -7.580311], [112.375674, -7.580311], [112.375997, -7.579487], [112.376225, -7.578839], [112.376599, -7.577354], [112.376384, -7.577245], [112.375877, -7.576988], [112.37594, -7.57649], [112.375697, -7.576365], [112.375264, -7.576142], [112.37462, -7.575761], [112.374563, -7.575422], [112.373898, -7.575197], [112.373914, -7.575015], [112.373917, -7.574974], [112.373912, -7.574931], [112.373905, -7.57487], [112.373748, -7.574564], [112.373699, -7.574362], [112.373592, -7.573723], [112.373392, -7.573675], [112.373364, -7.573668], [112.373491, -7.573078], [112.373486, -7.572958], [112.373504, -7.572803], [112.373544, -7.572439], [112.373548, -7.572398], [112.373544, -7.572378], [112.373538, -7.572348], [112.373516, -7.572307], [112.37345, -7.572077], [112.373413, -7.571949], [112.373413, -7.571949], [112.373413, -7.571949], [112.373393, -7.571949], [112.373244, -7.571946], [112.373077, -7.571925], [112.372784, -7.571888], [112.372503, -7.571798], [112.372406, -7.571788], [112.372086, -7.571757], [112.371863, -7.57172], [112.371684, -7.57169], [112.371679, -7.571685], [112.371629, -7.571636], [112.371596, -7.571497], [112.371564, -7.571344], [112.371555, -7.57118], [112.371554, -7.571032], [112.371556, -7.570929], [112.371558, -7.57082], [112.371563, -7.570761], [112.371585, -7.570634], [112.371617, -7.570454], [112.37165, -7.570172], [112.371652, -7.570153], [112.371652, -7.570153], [112.371452, -7.570085], [112.371359, -7.570054], [112.371393, -7.569804], [112.371449, -7.569389], [112.371366, -7.569356], [112.371311, -7.569334], [112.371352, -7.569109], [112.371476, -7.568411], [112.371721, -7.567037], [112.371814, -7.566516], [112.371822, -7.566519], [112.371869, -7.566534], [112.371869, -7.566534], [112.371869, -7.566534], [112.371942, -7.566498], [112.372061, -7.566506], [112.372392, -7.566906], [112.372602, -7.566906], [112.372602, -7.566906], [112.372602, -7.566906], [112.372565, -7.566449], [112.372569, -7.566403], [112.372573, -7.566354], [112.372711, -7.565694], [112.372827, -7.565138], [112.372863, -7.564966], [112.372863, -7.564966], [112.373026, -7.564987], [112.373206, -7.56501], [112.373207, -7.56501], [112.373608, -7.565061], [112.373608, -7.565061], [112.37376, -7.565088], [112.374405, -7.565202], [112.374439, -7.565083], [112.37447, -7.564974], [112.374518, -7.564974], [112.374535, -7.564974], [112.374535, -7.564974], [112.374535, -7.564974], [112.37454, -7.564952], [112.374595, -7.564674], [112.37464, -7.564454], [112.374641, -7.564446], [112.374697, -7.564136], [112.374713, -7.564085], [112.374735, -7.564017], [112.374768, -7.563914], [112.374944, -7.563949], [112.374961, -7.563953], [112.374963, -7.563953], [112.374974, -7.563956], [112.375089, -7.563979], [112.37518, -7.563997], [112.375181, -7.563413], [112.375367, -7.563363], [112.375264, -7.563069], [112.375258, -7.563026], [112.375258, -7.56302], [112.375257, -7.563002], [112.375257, -7.563002], [112.375257, -7.563002], [112.374563, -7.562845], [112.374134, -7.562737], [112.374037, -7.562712], [112.373947, -7.562805], [112.373687, -7.562693], [112.373569, -7.562642], [112.373191, -7.56248], [112.373191, -7.562417], [112.373193, -7.562197], [112.373193, -7.562197], [112.372944, -7.562179], [112.372678, -7.562123], [112.371632, -7.561859], [112.371068, -7.561711], [112.370451, -7.56155], [112.370005, -7.561469], [112.369349, -7.561286], [112.369305, -7.561274], [112.369331, -7.561216], [112.369379, -7.561105], [112.369379, -7.561105], [112.369409, -7.561114], [112.36952, -7.561146], [112.369675, -7.560796], [112.369612, -7.560731], [112.369417, -7.560531], [112.369417, -7.560531], [112.369367, -7.559786], [112.369366, -7.55977], [112.369365, -7.559763], [112.369365, -7.559763], [112.369404, -7.559631], [112.369459, -7.559443], [112.369474, -7.559392], [112.369474, -7.559392], [112.369474, -7.559392], [112.369474, -7.559392], [112.369344, -7.559196], [112.36924, -7.559035], [112.369161, -7.558905], [112.369115, -7.558827], [112.369058, -7.558753], [112.369054, -7.558748], [112.368994, -7.55867], [112.368929, -7.55848], [112.368876, -7.55829], [112.368863, -7.558164], [112.368852, -7.558062], [112.36885, -7.557984], [112.368847, -7.557908], [112.368845, -7.557824], [112.368829, -7.557737], [112.368795, -7.55756], [112.368784, -7.557491], [112.368773, -7.557432], [112.368738, -7.557364], [112.368702, -7.557024], [112.368634, -7.556742], [112.368611, -7.556644], [112.36848, -7.556148], [112.36848, -7.556148], [112.368116, -7.556112], [112.367644, -7.556065], [112.367388, -7.55604], [112.366685, -7.555974], [112.366665, -7.555972], [112.366701, -7.555604], [112.366724, -7.555366], [112.366729, -7.555318], [112.366729, -7.555318], [112.366729, -7.555318], [112.366254, -7.555211], [112.36568, -7.555083], [112.365161, -7.554958], [112.365129, -7.55495], [112.365124, -7.554935], [112.365118, -7.554919], [112.365119, -7.554831], [112.36512, -7.55467], [112.365123, -7.554357], [112.365123, -7.554338], [112.365123, -7.554319], [112.365119, -7.554287], [112.365109, -7.55422], [112.36507, -7.554195], [112.365004, -7.554153], [112.364946, -7.553957], [112.3649, -7.553797], [112.364926, -7.553755], [112.364939, -7.553733], [112.364962, -7.553697], [112.364979, -7.553669], [112.364991, -7.553631], [112.364999, -7.553603], [112.365007, -7.553538], [112.365008, -7.553528], [112.365008, -7.553528], [112.365008, -7.553528], [112.364983, -7.553518], [112.364992, -7.553373], [112.364945, -7.553367], [112.36494, -7.553367], [112.364969, -7.553264], [112.364977, -7.553235], [112.364977, -7.553235], [112.364889, -7.553195], [112.36468, -7.553101], [112.364672, -7.553098], [112.364654, -7.553091], [112.36464, -7.553088], [112.364628, -7.553], [112.364361, -7.552948], [112.364183, -7.552913], [112.363984, -7.552874], [112.363677, -7.552814], [112.363687, -7.552781], [112.363991, -7.551844], [112.3642, -7.55132], [112.364253, -7.55119], [112.364574, -7.550419], [112.364574, -7.550418], [112.364855, -7.549881], [112.364978, -7.549647], [112.365081, -7.549449], [112.365381, -7.548876], [112.365381, -7.548876], [112.365381, -7.548876], [112.364979, -7.548844], [112.364185, -7.54878], [112.364159, -7.548715], [112.364301, -7.546567], [112.364324, -7.546207], [112.364455, -7.545218], [112.364547, -7.544524], [112.364573, -7.544324], [112.364612, -7.544215], [112.364614, -7.54421], [112.364616, -7.544206], [112.364663, -7.544098], [112.364748, -7.54392], [112.364785, -7.543854], [112.364825, -7.543842], [112.36485, -7.543834], [112.364972, -7.543834], [112.365228, -7.543234], [112.36652, -7.54343], [112.36723, -7.543545], [112.367449, -7.543589], [112.367654, -7.54363], [112.367789, -7.543658], [112.368314, -7.543764], [112.368314, -7.543764], [112.368314, -7.543764], [112.369035, -7.542562], [112.369182, -7.542326], [112.369505, -7.541807], [112.369818, -7.541304], [112.369818, -7.541304], [112.370103, -7.540845], [112.370464, -7.540264], [112.369948, -7.540002], [112.368904, -7.539722], [112.368527, -7.539579], [112.368783, -7.53889], [112.368928, -7.5385], [112.368969, -7.538391], [112.369012, -7.538277], [112.369131, -7.537977], [112.369137, -7.537924], [112.369084, -7.537898], [112.368924, -7.537871], [112.368892, -7.537866], [112.368899, -7.537826], [112.369115, -7.537101], [112.369232, -7.536708], [112.369367, -7.536255], [112.369625, -7.535389], [112.369625, -7.535389], [112.369625, -7.535389], [112.369401, -7.535344], [112.369083, -7.535279], [112.368891, -7.535187], [112.368913, -7.535085], [112.368913, -7.535085], [112.369007, -7.534642], [112.369012, -7.53462], [112.369012, -7.53462], [112.369164, -7.533909], [112.369193, -7.533718], [112.369294, -7.533065], [112.36941, -7.532231], [112.369742, -7.529843], [112.369745, -7.529821], [112.369745, -7.529821], [112.369719, -7.529816], [112.36954, -7.529779], [112.368648, -7.529595], [112.367954, -7.529406], [112.367925, -7.529398], [112.36726, -7.529217], [112.367266, -7.529178], [112.367377, -7.528525], [112.367484, -7.527892], [112.367529, -7.527625], [112.367666, -7.526819], [112.367667, -7.526812], [112.366784, -7.526666], [112.36611, -7.526554], [112.366111, -7.526553], [112.366273, -7.525991], [112.366384, -7.525592], [112.366413, -7.525488], [112.366443, -7.525382], [112.366554, -7.524985], [112.366549, -7.524806], [112.366542, -7.524765], [112.366526, -7.524671], [112.366671, -7.524196], [112.366687, -7.524145], [112.367919, -7.524378], [112.368295, -7.52445], [112.368542, -7.524497], [112.370223, -7.524818], [112.371666, -7.525093], [112.371666, -7.525093], [112.372838, -7.525316], [112.373934, -7.525525], [112.373934, -7.525525], [112.373934, -7.525525], [112.373934, -7.525525], [112.373934, -7.525524], [112.373931, -7.524635], [112.373929, -7.524245], [112.373939, -7.524093], [112.374341, -7.518143], [112.374345, -7.518083], [112.37443, -7.517398], [112.374454, -7.517233], [112.374478, -7.517066], [112.375231, -7.511862], [112.375256, -7.511822], [112.376027, -7.51188], [112.378015, -7.512183], [112.378015, -7.512183], [112.378015, -7.512183], [112.378069, -7.511758], [112.378069, -7.511755], [112.378071, -7.511745], [112.378071, -7.511741], [112.378074, -7.51172], [112.378074, -7.51172], [112.378074, -7.51172], [112.378046, -7.511721], [112.378029, -7.511722], [112.377974, -7.511715], [112.377774, -7.511689], [112.377601, -7.511669], [112.377562, -7.511664], [112.377474, -7.51165], [112.377145, -7.511599], [112.376834, -7.511554], [112.376585, -7.511518], [112.376466, -7.511499], [112.376321, -7.511476], [112.37628, -7.511474], [112.376243, -7.511472], [112.376234, -7.511472], [112.376227, -7.511472], [112.376223, -7.511362], [112.376268, -7.51071], [112.376277, -7.510471], [112.376289, -7.510266], [112.376307, -7.509965], [112.376301, -7.509892], [112.376279, -7.509651], [112.376199, -7.508856], [112.376191, -7.508801], [112.376188, -7.508779], [112.376188, -7.508778], [112.376171, -7.508738], [112.376091, -7.508709], [112.37609, -7.508708], [112.37609, -7.508708], [112.37609, -7.508708], [112.376064, -7.508702], [112.375946, -7.508673], [112.375936, -7.508671], [112.375885, -7.508656], [112.375875, -7.508656], [112.375871, -7.508655], [112.375825, -7.508686], [112.375819, -7.508687], [112.375808, -7.508688], [112.375782, -7.508688], [112.375443, -7.508611], [112.375264, -7.508566], [112.375217, -7.508548], [112.37515, -7.50853], [112.375004, -7.508498], [112.37493, -7.508481], [112.374925, -7.508469], [112.374932, -7.50828], [112.374931, -7.508169], [112.37495, -7.507895], [112.374971, -7.507385], [112.374979, -7.507014], [112.374984, -7.506828], [112.374986, -7.50673], [112.374989, -7.506642], [112.374995, -7.506394], [112.374998, -7.506156], [112.375014, -7.505928], [112.375024, -7.505803], [112.375023, -7.505678], [112.375029, -7.505498], [112.375045, -7.505335], [112.375058, -7.505241], [112.375062, -7.505166], [112.375064, -7.505122], [112.375065, -7.505083], [112.375066, -7.505003], [112.375069, -7.504908], [112.375073, -7.504829], [112.375067, -7.50474], [112.375066, -7.504723], [112.37506, -7.50464], [112.37505, -7.504579], [112.375047, -7.50442], [112.375059, -7.504274], [112.375085, -7.504029], [112.375096, -7.503926], [112.375096, -7.503926], [112.375178, -7.503861], [112.375332, -7.503738], [112.375386, -7.503695], [112.375548, -7.503596], [112.375673, -7.503524], [112.376249, -7.503191], [112.376287, -7.503029], [112.376311, -7.502927], [112.376334, -7.502878], [112.376378, -7.50278], [112.376393, -7.502703], [112.376385, -7.502662], [112.376376, -7.502618], [112.376335, -7.502508], [112.376405, -7.50216], [112.376415, -7.502103], [112.376391, -7.502001], [112.376302, -7.501704], [112.376289, -7.50166], [112.376285, -7.501649], [112.376275, -7.501617], [112.376269, -7.50161], [112.376255, -7.501592], [112.376228, -7.501576], [112.376216, -7.501567], [112.376209, -7.501562], [112.376194, -7.501537], [112.37617, -7.501496], [112.376159, -7.501463], [112.376096, -7.501275], [112.376055, -7.501088], [112.376056, -7.501037], [112.376152, -7.501029], [112.376374, -7.50101], [112.376476, -7.500998], [112.376476, -7.500998], [112.376476, -7.500998], [112.37651, -7.500742], [112.376528, -7.500606], [112.37654, -7.500581], [112.376558, -7.500541], [112.376584, -7.500155], [112.376609, -7.499782], [112.376643, -7.499383], [112.376699, -7.498733], [112.376768, -7.498279], [112.376756, -7.497665], [112.376745, -7.497252], [112.3767, -7.496478], [112.376612, -7.496019], [112.376527, -7.495423], [112.376558, -7.495282], [112.376355, -7.494255], [112.376333, -7.494245], [112.37632, -7.49424], [112.37632, -7.49424], [112.37632, -7.49424], [112.375983, -7.494357], [112.375982, -7.493959], [112.375761, -7.493951], [112.375536, -7.493943], [112.375467, -7.493941], [112.375386, -7.493938], [112.375374, -7.493875], [112.375374, -7.493871], [112.375374, -7.493871], [112.375374, -7.493871], [112.375276, -7.493879], [112.375247, -7.493845], [112.374918, -7.493828], [112.374833, -7.493824], [112.37481, -7.493674], [112.374778, -7.493467], [112.374765, -7.493386], [112.374748, -7.493276], [112.374742, -7.493], [112.374738, -7.49282], [112.374712, -7.492281], [112.374654, -7.491536], [112.374617, -7.491415], [112.37452, -7.491098], [112.374442, -7.490778], [112.374394, -7.490639], [112.374388, -7.490621], [112.374365, -7.49008], [112.374361, -7.490029], [112.374328, -7.489568], [112.374264, -7.488928], [112.374219, -7.488697], [112.374246, -7.488263], [112.374286, -7.487654], [112.374286, -7.487633], [112.374284, -7.487199], [112.375229, -7.487081], [112.375229, -7.487081], [112.375229, -7.487081], [112.375698, -7.487011], [112.375699, -7.487008], [112.375883, -7.486413], [112.376259, -7.485847], [112.376294, -7.485794], [112.376338, -7.485728], [112.37633, -7.485669], [112.376263, -7.485197], [112.376185, -7.484307], [112.376197, -7.483631], [112.376197, -7.483626], [112.377335, -7.483462], [112.377509, -7.483494], [112.377509, -7.483494], [112.377965, -7.483306], [112.378311, -7.483218], [112.378311, -7.483218], [112.378384, -7.4832], [112.378555, -7.483157], [112.378657, -7.483106], [112.378755, -7.482991], [112.378772, -7.482971], [112.378901, -7.482735], [112.379022, -7.482554], [112.379028, -7.482543], [112.379098, -7.482487], [112.379106, -7.48248], [112.379151, -7.482441], [112.379195, -7.482402], [112.379472, -7.482251], [112.379559, -7.482188], [112.37961, -7.482151], [112.379752, -7.481984], [112.379771, -7.481959], [112.379899, -7.48179], [112.379923, -7.481768], [112.379943, -7.481749], [112.379961, -7.481766], [112.380183, -7.48165], [112.380401, -7.481537], [112.380528, -7.481389], [112.380575, -7.481333], [112.380899, -7.481032], [112.38109, -7.480861], [112.381195, -7.480766], [112.381195, -7.480766], [112.381835, -7.480195], [112.381923, -7.480117], [112.381923, -7.480117], [112.382167, -7.480064], [112.382386, -7.480046], [112.382557, -7.480032], [112.382669, -7.479952], [112.382874, -7.479803], [112.383406, -7.479574], [112.383543, -7.479503], [112.383628, -7.479459], [112.383772, -7.479361], [112.383999, -7.479207], [112.38438, -7.478977], [112.38438, -7.478977], [112.384465, -7.478968], [112.384844, -7.479201], [112.384844, -7.479201], [112.385176, -7.479323], [112.385182, -7.479325], [112.38519, -7.479329], [112.385521, -7.47951], [112.385744, -7.479753], [112.386349, -7.480168], [112.386956, -7.480561], [112.387154, -7.480629], [112.387154, -7.480629], [112.387158, -7.48063], [112.387284, -7.480644], [112.387284, -7.480644], [112.387789, -7.480695], [112.388221, -7.480914], [112.388221, -7.480915], [112.388272, -7.48092], [112.388338, -7.480927], [112.388578, -7.480951], [112.388922, -7.480972], [112.388922, -7.480972], [112.388922, -7.480972], [112.388897, -7.480677], [112.388897, -7.480677], [112.388897, -7.480677], [112.388923, -7.48043], [112.388928, -7.480387], [112.388928, -7.480387], [112.388903, -7.480054], [112.388887, -7.479694], [112.388923, -7.47934], [112.388993, -7.479102], [112.389082, -7.478869], [112.389144, -7.478838], [112.389439, -7.478829], [112.38958, -7.478832], [112.390038, -7.478841], [112.390038, -7.478841], [112.390038, -7.478841], [112.390195, -7.477108], [112.390237, -7.476846], [112.390404, -7.475798], [112.390566, -7.475013], [112.390566, -7.475013], [112.390664, -7.474894], [112.390664, -7.474894], [112.390821, -7.47379], [112.390964, -7.472786], [112.390963, -7.472769], [112.390951, -7.472611], [112.390997, -7.471899], [112.391014, -7.471235], [112.391014, -7.471235], [112.390993, -7.470874], [112.39095, -7.470766], [112.39095, -7.470766], [112.390844, -7.470612], [112.390485, -7.470246], [112.390465, -7.470231], [112.390303, -7.470109], [112.390303, -7.470109], [112.3905, -7.469964], [112.390552, -7.469925], [112.390786, -7.469751], [112.390862, -7.46966], [112.391106, -7.469367], [112.391702, -7.468551], [112.392039, -7.468113], [112.392437, -7.467626], [112.392665, -7.467301], [112.392919, -7.467057], [112.392964, -7.467014], [112.393027, -7.467007], [112.393125, -7.466996], [112.393439, -7.467036], [112.393945, -7.467115], [112.393983, -7.467108], [112.394029, -7.467099], [112.394121, -7.467081], [112.394338, -7.467071], [112.394899, -7.467045], [112.395184, -7.467016], [112.395395, -7.466994], [112.395459, -7.466975], [112.395837, -7.466866], [112.396449, -7.466595], [112.396804, -7.466304], [112.396877, -7.466244], [112.397079, -7.466078], [112.3974, -7.465809], [112.397492, -7.465731], [112.397598, -7.465642], [112.397851, -7.465432], [112.398072, -7.465364], [112.398304, -7.465293], [112.398325, -7.465288], [112.398375, -7.465277], [112.398819, -7.46518], [112.398819, -7.46518], [112.398819, -7.46518], [112.399068, -7.46506], [112.399344, -7.464943], [112.399618, -7.46485], [112.399672, -7.464831], [112.399883, -7.464887], [112.399886, -7.464888], [112.400008, -7.464926], [112.400015, -7.464928], [112.400269, -7.46506], [112.400508, -7.465186], [112.400563, -7.465215], [112.400763, -7.465351], [112.40107, -7.465461], [112.401076, -7.465464], [112.401114, -7.465484], [112.401149, -7.465502], [112.401239, -7.465551], [112.401299, -7.46558], [112.401552, -7.4657], [112.401716, -7.465813], [112.402017, -7.466021], [112.402614, -7.466465], [112.402872, -7.466624], [112.403042, -7.466783], [112.4031, -7.466849], [112.403207, -7.466965], [112.403265, -7.466991], [112.403428, -7.466864], [112.403619, -7.466537], [112.403676, -7.466346], [112.403415, -7.46634], [112.403241, -7.466257], [112.403121, -7.466179], [112.402989, -7.46606], [112.402989, -7.46606], [112.402989, -7.46606], [112.402943, -7.465972], [112.402832, -7.465755], [112.402832, -7.465755], [112.402843, -7.465657], [112.402864, -7.465487], [112.402864, -7.465487], [112.40289, -7.465406], [112.40292, -7.465312], [112.402937, -7.465295], [112.402992, -7.46524], [112.403406, -7.465424], [112.403807, -7.465542], [112.403824, -7.465156], [112.403693, -7.464721], [112.403429, -7.464122], [112.403049, -7.463404], [112.402977, -7.463209], [112.402977, -7.463209], [112.402921, -7.463095], [112.402879, -7.463011], [112.402935, -7.462605], [112.403184, -7.46244], [112.40338, -7.462434], [112.403633, -7.462386], [112.403978, -7.462223], [112.404344, -7.462003], [112.404673, -7.46176], [112.404852, -7.461529], [112.404888, -7.461321], [112.404799, -7.461226], [112.404399, -7.460975], [112.403955, -7.460837], [112.40367, -7.460782], [112.403294, -7.460771], [112.403094, -7.460786], [112.403101, -7.460591], [112.403017, -7.460576], [112.403017, -7.460576], [112.402768, -7.460476], [112.402455, -7.460323], [112.402207, -7.460203], [112.402282, -7.459954], [112.402353, -7.459715], [112.402353, -7.459715], [112.402268, -7.459564], [112.402268, -7.459564], [112.402116, -7.459294], [112.401882, -7.459039], [112.401835, -7.458923], [112.401695, -7.458702], [112.401471, -7.458098], [112.401021, -7.458038], [112.400819, -7.458011], [112.400303, -7.457938], [112.399495, -7.457824], [112.399343, -7.457796], [112.398265, -7.457599], [112.397814, -7.457565], [112.395969, -7.457428], [112.392547, -7.457651], [112.392407, -7.45766], [112.392401, -7.457661], [112.392141, -7.457678], [112.391896, -7.457752], [112.391576, -7.457849], [112.39119, -7.457965], [112.388431, -7.458409], [112.387509, -7.458482], [112.384818, -7.458698], [112.381461, -7.458887], [112.381251, -7.458899], [112.381201, -7.458894], [112.379929, -7.458773], [112.3798, -7.458761], [112.377872, -7.458577], [112.376231, -7.458487], [112.374897, -7.457874], [112.374817, -7.45785], [112.372635, -7.457193], [112.371011, -7.456832], [112.371003, -7.45683], [112.370286, -7.456671], [112.369784, -7.45656], [112.369784, -7.45656], [112.36947, -7.45649], [112.368551, -7.456468], [112.367757, -7.456448], [112.367319, -7.45655], [112.36625, -7.456797], [112.365784, -7.456905], [112.365602, -7.456924], [112.363537, -7.457141], [112.363454, -7.45715], [112.361267, -7.45737], [112.360682, -7.457356], [112.35953, -7.457328], [112.357746, -7.457238], [112.357406, -7.457152], [112.355532, -7.456675], [112.355171, -7.456582], [112.353271, -7.456089], [112.353271, -7.456089], [112.351174, -7.454861], [112.349747, -7.454889], [112.349744, -7.45489], [112.348983, -7.455155], [112.348514, -7.455319], [112.348511, -7.45532], [112.347923, -7.45589], [112.347847, -7.455963], [112.347847, -7.455963], [112.347847, -7.455963], [112.346376, -7.457178], [112.345607, -7.458077], [112.345073, -7.458702], [112.342935, -7.459824], [112.341365, -7.459781], [112.340696, -7.459287], [112.340531, -7.459166], [112.339315, -7.458268], [112.338589, -7.457607], [112.336966, -7.456129], [112.336119, -7.455358], [112.335142, -7.454705], [112.335023, -7.454625], [112.335023, -7.454625], [112.335023, -7.454625], [112.335023, -7.454625], [112.334894, -7.454582], [112.33388, -7.454248], [112.333342, -7.454331], [112.332672, -7.454433], [112.332667, -7.453988], [112.332658, -7.453088], [112.332855, -7.452056], [112.333121, -7.451033], [112.333236, -7.450618], [112.333401, -7.450136], [112.333445, -7.44992], [112.333488, -7.449615], [112.333543, -7.449466], [112.333609, -7.449377], [112.333628, -7.449316], [112.333659, -7.449216], [112.333673, -7.4491], [112.333692, -7.44894], [112.333721, -7.448818], [112.33373, -7.448779], [112.333763, -7.448714], [112.333829, -7.448585], [112.333866, -7.448487], [112.333929, -7.448321], [112.333982, -7.448026], [112.333983, -7.448022], [112.334026, -7.447546], [112.334053, -7.44738], [112.33413, -7.447258], [112.334189, -7.447131], [112.334191, -7.447125], [112.334201, -7.447074], [112.334213, -7.447009], [112.334213, -7.447009], [112.334215, -7.447009], [112.334485, -7.447069], [112.334485, -7.447069], [112.334773, -7.447094], [112.335151, -7.447128], [112.335883, -7.447203], [112.336643, -7.447267], [112.33762, -7.447375], [112.337831, -7.447407], [112.338203, -7.446539], [112.338227, -7.446453], [112.338242, -7.446402], [112.338245, -7.446333], [112.338246, -7.44629], [112.338242, -7.446237], [112.338221, -7.445972], [112.33824, -7.44583], [112.338287, -7.445788], [112.338318, -7.445761], [112.338331, -7.445751], [112.338343, -7.445742], [112.338426, -7.445678], [112.338449, -7.445658], [112.338485, -7.445629], [112.338492, -7.445603], [112.338518, -7.445516], [112.33862, -7.445129], [112.338757, -7.444918], [112.338838, -7.444771], [112.339027, -7.444427], [112.339359, -7.443706], [112.339708, -7.442836], [112.340185, -7.441709], [112.340222, -7.441633], [112.340322, -7.441425], [112.340463, -7.441064], [112.340519, -7.440904], [112.340591, -7.440699], [112.340677, -7.44063], [112.340719, -7.44063], [112.340737, -7.44063], [112.340737, -7.44063], [112.341052, -7.440745], [112.341405, -7.440916], [112.341754, -7.441099], [112.342202, -7.441248], [112.342551, -7.441333], [112.342762, -7.441409], [112.342762, -7.441409], [112.342771, -7.441407], [112.342831, -7.441388], [112.342891, -7.441336], [112.342891, -7.441336], [112.342891, -7.441336], [112.342907, -7.441267], [112.342976, -7.440984], [112.342989, -7.44092], [112.343006, -7.440838], [112.343057, -7.440812], [112.343064, -7.440813], [112.343384, -7.440875], [112.343476, -7.440902], [112.343707, -7.440969], [112.345065, -7.441359], [112.345928, -7.441598], [112.34593, -7.441599], [112.34593, -7.441599], [112.34593, -7.441599], [112.345934, -7.441447], [112.345935, -7.441392], [112.345935, -7.441392], [112.345928, -7.441067], [112.345928, -7.441065], [112.345928, -7.441065], [112.346048, -7.440494], [112.345923, -7.44035], [112.345895, -7.440319], [112.345779, -7.440143], [112.345769, -7.440109], [112.345718, -7.439937], [112.345723, -7.439791], [112.345723, -7.439791], [112.345832, -7.439463], [112.345832, -7.439463], [112.345832, -7.439463], [112.3449, -7.438931], [112.344013, -7.438462], [112.343461, -7.438163], [112.342566, -7.437821], [112.341792, -7.43755], [112.341781, -7.437546], [112.341232, -7.437293], [112.341368, -7.43652], [112.34116, -7.436452], [112.34111, -7.436435], [112.34111, -7.436435], [112.341231, -7.436024], [112.341234, -7.436012], [112.341561, -7.43484], [112.34161, -7.434666], [112.341625, -7.434611], [112.341795, -7.434019], [112.341983, -7.433483], [112.342019, -7.433381], [112.34209, -7.432962], [112.342067, -7.432695], [112.341846, -7.432577], [112.341366, -7.432495], [112.341374, -7.432406], [112.341312, -7.432399], [112.341278, -7.432395], [112.341269, -7.432335], [112.341282, -7.432274], [112.341287, -7.432252], [112.341295, -7.432243], [112.341305, -7.432231], [112.341318, -7.432237], [112.341353, -7.432255], [112.341412, -7.432287], [112.341445, -7.432266], [112.34145, -7.432248], [112.34148, -7.432123], [112.341592, -7.431872], [112.341596, -7.431864], [112.341651, -7.43177], [112.341943, -7.431273], [112.34241, -7.430327], [112.342606, -7.429922], [112.342745, -7.429633], [112.342724, -7.429549], [112.342665, -7.429516], [112.342186, -7.429246], [112.342186, -7.429246], [112.342214, -7.429175], [112.343489, -7.425916], [112.343489, -7.425915], [112.34373, -7.42534], [112.343795, -7.425249], [112.343795, -7.425249], [112.343867, -7.425242], [112.343867, -7.425242], [112.344056, -7.425281], [112.344056, -7.425281], [112.344056, -7.425281], [112.344145, -7.425003], [112.344296, -7.42453], [112.344386, -7.42414], [112.344395, -7.424117], [112.344449, -7.423987], [112.344456, -7.423953], [112.344471, -7.423869], [112.344483, -7.423787], [112.344487, -7.423757], [112.344532, -7.423709], [112.344583, -7.423645], [112.344601, -7.423558], [112.344605, -7.423543], [112.344646, -7.423521], [112.34471, -7.423504], [112.344713, -7.423487], [112.344723, -7.423431], [112.344745, -7.423345], [112.344772, -7.42333], [112.344786, -7.423322], [112.344821, -7.423327], [112.344837, -7.423328], [112.344843, -7.423329], [112.344869, -7.423332], [112.344879, -7.423306], [112.344886, -7.423278], [112.344933, -7.423099], [112.345005, -7.422968], [112.345022, -7.422939], [112.345022, -7.422939], [112.345022, -7.422939], [112.345037, -7.422878], [112.345041, -7.422742], [112.34506, -7.422646], [112.345125, -7.422469], [112.345161, -7.422347], [112.345173, -7.42226], [112.345178, -7.422229], [112.345203, -7.422136], [112.34522, -7.422082], [112.345248, -7.421994], [112.345291, -7.421927], [112.345304, -7.421907], [112.34534, -7.421875], [112.345386, -7.421833], [112.345481, -7.421751], [112.345524, -7.421701], [112.345546, -7.421675], [112.345562, -7.421652], [112.345571, -7.421638], [112.345574, -7.421487], [112.345585, -7.421281], [112.345625, -7.421124], [112.345649, -7.42103], [112.345657, -7.421008], [112.345702, -7.420892], [112.345709, -7.420822], [112.345709, -7.420822], [112.34571, -7.42081], [112.34571, -7.420709], [112.34571, -7.420658], [112.345702, -7.420633], [112.345693, -7.420607], [112.345647, -7.420568], [112.345646, -7.420556], [112.345642, -7.420528], [112.345647, -7.42052], [112.345706, -7.420435], [112.345727, -7.420392], [112.345732, -7.420384], [112.345727, -7.420375], [112.345712, -7.420347], [112.345635, -7.420286], [112.34557, -7.420193], [112.345541, -7.420123], [112.345536, -7.420111], [112.345538, -7.420097], [112.345544, -7.420052], [112.345544, -7.419973], [112.345484, -7.419897], [112.345484, -7.419895], [112.345475, -7.419861], [112.345478, -7.419799], [112.345599, -7.419537], [112.345716, -7.419241], [112.345725, -7.419218], [112.345761, -7.419133], [112.345768, -7.419126], [112.345826, -7.419057], [112.345859, -7.419026], [112.345894, -7.418992], [112.34592, -7.418926], [112.345925, -7.418916], [112.345955, -7.418763], [112.345958, -7.418759], [112.345981, -7.418726], [112.346025, -7.418693], [112.346048, -7.418676], [112.346124, -7.418619], [112.346153, -7.418595], [112.346175, -7.418577], [112.346214, -7.418466], [112.346228, -7.418424], [112.346248, -7.418365], [112.346276, -7.418281], [112.346186, -7.418242], [112.346185, -7.418217], [112.34619, -7.418193], [112.34621, -7.418096], [112.346306, -7.417802], [112.346337, -7.417768], [112.346464, -7.417776], [112.346662, -7.417804], [112.346998, -7.417853], [112.347233, -7.417898], [112.347335, -7.417915], [112.347366, -7.417917], [112.347366, -7.417917], [112.347366, -7.417917], [112.347377, -7.417886], [112.347408, -7.417872], [112.347574, -7.4179], [112.347592, -7.417902], [112.347592, -7.417902], [112.347892, -7.417961], [112.347934, -7.417969], [112.347985, -7.418098], [112.347991, -7.418113], [112.347999, -7.418126], [112.348048, -7.418211], [112.348085, -7.418251], [112.348121, -7.418267], [112.348207, -7.418289], [112.348359, -7.418329], [112.348508, -7.418373], [112.348707, -7.418432], [112.349184, -7.418583], [112.349206, -7.418577], [112.349206, -7.418562], [112.349203, -7.418462], [112.349209, -7.418386], [112.349236, -7.418287], [112.349236, -7.418129], [112.349275, -7.417929], [112.349354, -7.417742], [112.34936, -7.417721], [112.349404, -7.417582], [112.34946, -7.417342], [112.349735, -7.416123], [112.349766, -7.415983], [112.349865, -7.415537], [112.350392, -7.415659], [112.350848, -7.415785], [112.350878, -7.4158], [112.350888, -7.415805], [112.350891, -7.415808], [112.350904, -7.415825], [112.350908, -7.415889], [112.350912, -7.415908], [112.350912, -7.415912], [112.350912, -7.415912], [112.350912, -7.415912], [112.35094, -7.415916], [112.351094, -7.415899], [112.351128, -7.415896], [112.351188, -7.415909], [112.351472, -7.415971], [112.351716, -7.416065], [112.351805, -7.416088], [112.351805, -7.416088], [112.351805, -7.416088], [112.351829, -7.41608], [112.351865, -7.416068], [112.351898, -7.416048], [112.351905, -7.416044], [112.35192, -7.416038], [112.351965, -7.41602], [112.351965, -7.41602], [112.351965, -7.41602], [112.351977, -7.415972], [112.352075, -7.415481], [112.352198, -7.415134], [112.352317, -7.414755], [112.35236, -7.414596], [112.352384, -7.41456], [112.352456, -7.414552], [112.352516, -7.414575], [112.352608, -7.414587], [112.352608, -7.414587], [112.352608, -7.414587], [112.352636, -7.414571], [112.352651, -7.414452], [112.352709, -7.414161], [112.35271, -7.414153], [112.352736, -7.41407], [112.352837, -7.413743], [112.352837, -7.413743], [112.352884, -7.413569], [112.352893, -7.413536], [112.352944, -7.413253], [112.352947, -7.413211], [112.352971, -7.412906], [112.352858, -7.412877], [112.352787, -7.412858], [112.352641, -7.412822], [112.352455, -7.412776], [112.352323, -7.412744], [112.352324, -7.412729], [112.352331, -7.412637], [112.352328, -7.412625], [112.352322, -7.412601], [112.352322, -7.412601], [112.352322, -7.412601], [112.352306, -7.412596], [112.352151, -7.412554], [112.352071, -7.412522], [112.352069, -7.412519], [112.352051, -7.412486], [112.352074, -7.412323], [112.352075, -7.412318], [112.352075, -7.412314], [112.352125, -7.411964], [112.352127, -7.411942], [112.352151, -7.411713], [112.352076, -7.411683], [112.352066, -7.411679], [112.35202, -7.411674], [112.351812, -7.411652], [112.351696, -7.411639], [112.351665, -7.411635], [112.351575, -7.41159], [112.35153, -7.41154], [112.35153, -7.41154], [112.35153, -7.41154], [112.351454, -7.411538], [112.351366, -7.411535], [112.350835, -7.411463], [112.350515, -7.411424], [112.350033, -7.411395], [112.350008, -7.41139], [112.349952, -7.411379], [112.349944, -7.411365], [112.349933, -7.411348], [112.349922, -7.411285], [112.349949, -7.411065], [112.34993, -7.411038], [112.349929, -7.411037], [112.349929, -7.411037], [112.349705, -7.410952], [112.349705, -7.410952], [112.349705, -7.410952], [112.349686, -7.410958], [112.349681, -7.410999], [112.349681, -7.411002], [112.349681, -7.411009], [112.349678, -7.411076], [112.349667, -7.411132], [112.349659, -7.411156], [112.349636, -7.411169], [112.349634, -7.41117], [112.349435, -7.411171], [112.349147, -7.411108], [112.349097, -7.411098], [112.348854, -7.411048], [112.348816, -7.411038], [112.348713, -7.41101], [112.348647, -7.410991], [112.348647, -7.410991], [112.348647, -7.410991], [112.348628, -7.410992], [112.348514, -7.410994], [112.34831, -7.410896], [112.348246, -7.410852], [112.348139, -7.410838], [112.348105, -7.410833], [112.347997, -7.41082], [112.347894, -7.410764], [112.347883, -7.410752], [112.347828, -7.410695], [112.347772, -7.410577], [112.347716, -7.410478], [112.347699, -7.410457], [112.347672, -7.410426], [112.347537, -7.410412], [112.347346, -7.410399], [112.347216, -7.410359], [112.347169, -7.410345], [112.347064, -7.410238], [112.346826, -7.410175], [112.346582, -7.410117], [112.346275, -7.410049], [112.346027, -7.409983], [112.345947, -7.409962], [112.345946, -7.409961], [112.345924, -7.40994], [112.345949, -7.40974], [112.345973, -7.409549], [112.346008, -7.409171], [112.346054, -7.408975], [112.346094, -7.408759], [112.346102, -7.408712], [112.346111, -7.408585], [112.346116, -7.408519], [112.346143, -7.408304], [112.346175, -7.408133], [112.346205, -7.408034], [112.346225, -7.40796], [112.346246, -7.407728], [112.346251, -7.407557], [112.34625, -7.407522], [112.346247, -7.407399], [112.346272, -7.407206], [112.346281, -7.407012], [112.346282, -7.407002], [112.346282, -7.407002], [112.346282, -7.407002], [112.346267, -7.406685], [112.346242, -7.406473], [112.346239, -7.406451], [112.346237, -7.406437], [112.346216, -7.406239], [112.346216, -7.406198], [112.346237, -7.406185], [112.346274, -7.406162], [112.346289, -7.406163], [112.346373, -7.406167], [112.346531, -7.406194], [112.346627, -7.406222], [112.346633, -7.406224], [112.346639, -7.406225], [112.346738, -7.406237], [112.346802, -7.406234], [112.346879, -7.406215], [112.34697, -7.406206], [112.347406, -7.406266], [112.347605, -7.406284], [112.347718, -7.406284], [112.347718, -7.406284], [112.347718, -7.406284], [112.347855, -7.406255], [112.347855, -7.406255], [112.347879, -7.406169], [112.347912, -7.406045], [112.34797, -7.40583], [112.348018, -7.40564], [112.34806, -7.405538], [112.348225, -7.405251], [112.348421, -7.404927], [112.348431, -7.40491], [112.348435, -7.404903], [112.34864, -7.404554], [112.34879, -7.404293], [112.348804, -7.40427], [112.349033, -7.403908], [112.349033, -7.403908], [112.348729, -7.403804], [112.348494, -7.403722], [112.348438, -7.403702], [112.348406, -7.403691], [112.348064, -7.403574], [112.348126, -7.40305], [112.348168, -7.402621], [112.348177, -7.402531], [112.348228, -7.401963], [112.348309, -7.401201], [112.348389, -7.400446], [112.348393, -7.400385], [112.348424, -7.399949], [112.348424, -7.399949], [112.348005, -7.399043], [112.347549, -7.397915], [112.347022, -7.396943], [112.346873, -7.39667], [112.346873, -7.39667], [112.346815, -7.396531], [112.346633, -7.396099], [112.346353, -7.395752], [112.346345, -7.395743], [112.34631, -7.395667], [112.346201, -7.395433], [112.346152, -7.395053], [112.346063, -7.394915], [112.346052, -7.3949], [112.345888, -7.394648], [112.345434, -7.394364], [112.345027, -7.394008], [112.344806, -7.393852], [112.344739, -7.393804], [112.344692, -7.393771], [112.344689, -7.393768], [112.344591, -7.393642], [112.344356, -7.393343], [112.344169, -7.39311], [112.344164, -7.393105], [112.344092, -7.392796], [112.344073, -7.392683], [112.34404, -7.392494], [112.343995, -7.392225], [112.343946, -7.391939], [112.343751, -7.391746], [112.343659, -7.391654], [112.343306, -7.391398], [112.3433, -7.391393], [112.342319, -7.390777], [112.341888, -7.390469], [112.341601, -7.390112], [112.341453, -7.389814], [112.341, -7.388899], [112.340712, -7.388346], [112.340616, -7.388162], [112.340616, -7.388162], [112.340543, -7.38815], [112.340066, -7.388069], [112.338142, -7.387668], [112.337505, -7.387457], [112.337505, -7.387457], [112.337245, -7.387364], [112.337037, -7.387289], [112.336871, -7.38729], [112.336506, -7.387291], [112.335934, -7.387484], [112.335701, -7.387781], [112.335701, -7.387781], [112.335638, -7.387963], [112.33549, -7.388396], [112.335483, -7.388479], [112.335449, -7.388904], [112.335153, -7.389138], [112.334967, -7.389167], [112.334877, -7.389181], [112.334366, -7.389013], [112.334139, -7.388869], [112.334069, -7.388824], [112.334059, -7.388809], [112.333877, -7.388528], [112.333875, -7.38804], [112.333895, -7.387532], [112.33383, -7.387151], [112.33351, -7.386516], [112.333224, -7.385588], [112.332995, -7.384844], [112.332908, -7.384378], [112.332907, -7.38387], [112.332902, -7.383791], [112.332885, -7.38351], [112.332819, -7.383023], [112.332731, -7.382555], [112.332714, -7.382464], [112.332711, -7.382451], [112.332711, -7.382451], [112.332693, -7.382401], [112.332134, -7.380846], [112.332134, -7.380843], [112.332004, -7.380293], [112.331973, -7.380206], [112.331898, -7.379998], [112.331897, -7.379997], [112.331888, -7.379854], [112.331875, -7.379658], [112.332199, -7.379232], [112.33238, -7.378995], [112.332395, -7.378977], [112.332697, -7.37861], [112.332781, -7.378422], [112.332882, -7.378198], [112.333053, -7.377628], [112.333038, -7.377178], [112.333016, -7.377075], [112.332957, -7.376807], [112.332777, -7.376406], [112.332744, -7.376331], [112.332379, -7.375026], [112.332341, -7.374889], [112.332341, -7.374889], [112.332335, -7.374862], [112.332247, -7.374452], [112.33232, -7.374227], [112.332372, -7.374066], [112.33259, -7.373764], [112.33259, -7.373764], [112.332595, -7.373717], [112.332619, -7.373487], [112.332639, -7.373294], [112.332638, -7.372942], [112.332637, -7.372505], [112.332636, -7.372457], [112.332629, -7.372388], [112.332585, -7.371988], [112.332432, -7.371502], [112.332297, -7.371218], [112.332212, -7.370983], [112.332194, -7.370799], [112.332378, -7.370346], [112.332608, -7.370057], [112.332646, -7.37001], [112.332716, -7.36999], [112.332948, -7.369925], [112.333044, -7.369949], [112.333351, -7.370025], [112.333772, -7.370291], [112.334327, -7.370474], [112.33512, -7.370226], [112.33512, -7.370226], [112.33512, -7.370226], [112.335195, -7.370178], [112.335417, -7.370035], [112.335554, -7.369874], [112.335671, -7.369737], [112.335707, -7.369503], [112.335713, -7.369461], [112.335693, -7.369426], [112.335542, -7.369165], [112.335389, -7.368938], [112.335371, -7.368911], [112.335052, -7.368827], [112.334729, -7.368715], [112.33469, -7.368701], [112.334626, -7.368468], [112.334654, -7.368364], [112.334689, -7.368235], [112.3349, -7.367746], [112.335154, -7.367322], [112.335259, -7.366919], [112.335328, -7.366532], [112.335342, -7.366452], [112.335346, -7.366394], [112.335363, -7.366155], [112.335362, -7.365879], [112.335422, -7.365584], [112.33546, -7.365399], [112.335463, -7.365331], [112.335478, -7.364984], [112.335496, -7.36472], [112.335457, -7.364475], [112.335469, -7.364182], [112.335475, -7.364022], [112.335481, -7.363861], [112.335493, -7.363589], [112.335756, -7.363116], [112.335816, -7.362965], [112.335868, -7.362833], [112.33598, -7.362399], [112.336121, -7.362117], [112.336131, -7.362097], [112.336131, -7.362097], [112.336159, -7.362061], [112.336489, -7.361643], [112.336942, -7.361435], [112.336987, -7.361423], [112.337735, -7.361225], [112.337735, -7.361225], [112.33776, -7.361197], [112.338168, -7.360741], [112.338533, -7.359686], [112.338784, -7.359312], [112.338849, -7.359214], [112.338857, -7.359207], [112.33933, -7.358752], [112.33972, -7.358428], [112.340342, -7.35791], [112.340342, -7.35791], [112.340597, -7.357183], [112.340779, -7.356466], [112.341097, -7.356051], [112.341506, -7.355579], [112.34216, -7.354953], [112.342221, -7.35475], [112.342261, -7.354615], [112.342263, -7.35461], [112.342353, -7.354287], [112.342331, -7.353983], [112.342325, -7.35376], [112.342321, -7.353649], [112.342321, -7.353608], [112.34232, -7.353362], [112.34245, -7.352525], [112.342674, -7.351449], [112.342766, -7.351213], [112.342918, -7.350826], [112.343691, -7.350013], [112.343797, -7.34983], [112.344142, -7.349238], [112.344887, -7.348072], [112.345196, -7.347355], [112.345385, -7.346734], [112.345527, -7.345945], [112.345575, -7.345667], [112.345644, -7.345277], [112.345725, -7.345163], [112.345796, -7.345063], [112.345796, -7.345063], [112.345882, -7.344942], [112.345934, -7.344864], [112.345981, -7.344793], [112.345994, -7.344774], [112.346025, -7.344727], [112.346061, -7.344713], [112.346216, -7.344655], [112.346671, -7.344581], [112.346982, -7.344437], [112.347122, -7.344201], [112.347124, -7.344198], [112.347105, -7.344122], [112.347052, -7.343912], [112.346983, -7.343696], [112.346931, -7.343531], [112.346882, -7.343125], [112.346904, -7.342671], [112.346999, -7.342194], [112.347212, -7.341596], [112.347283, -7.341358], [112.347739, -7.340935], [112.347771, -7.3408], [112.347824, -7.34058], [112.347868, -7.340396], [112.347897, -7.340281], [112.347935, -7.340248], [112.348015, -7.340219], [112.348159, -7.34017], [112.348264, -7.340127], [112.348347, -7.340052], [112.348416, -7.339862], [112.348429, -7.339747], [112.348422, -7.339708], [112.348293, -7.339636], [112.348282, -7.339629], [112.348049, -7.339491], [112.348048, -7.339444], [112.348494, -7.338393], [112.348603, -7.338091], [112.348576, -7.338062], [112.34856, -7.338043], [112.348555, -7.337998], [112.348595, -7.33791], [112.348645, -7.337845], [112.34871, -7.337826], [112.348776, -7.337741], [112.348875, -7.337511], [112.348944, -7.337404], [112.34899, -7.337409], [112.349022, -7.337425], [112.349057, -7.337454], [112.349113, -7.337456], [112.349134, -7.337451], [112.349166, -7.337427], [112.349207, -7.337424], [112.349228, -7.337443], [112.34925, -7.337472], [112.34933, -7.337467], [112.349398, -7.337434], [112.349448, -7.337397], [112.349597, -7.337315], [112.349722, -7.337278], [112.349864, -7.33723], [112.350013, -7.33723], [112.35012, -7.337244], [112.35027, -7.337272], [112.350422, -7.337326], [112.350524, -7.337372], [112.350735, -7.337498], [112.350808, -7.337504], [112.350946, -7.337521], [112.351006, -7.337509], [112.351068, -7.337485], [112.351087, -7.337447], [112.351094, -7.337399], [112.351093, -7.337319], [112.351148, -7.337242], [112.351202, -7.337166], [112.351318, -7.337071], [112.351385, -7.337016], [112.351501, -7.336938], [112.351587, -7.336921], [112.351722, -7.336883], [112.351844, -7.336877], [112.351961, -7.336834], [112.352083, -7.336768], [112.352248, -7.336698], [112.352284, -7.336679], [112.352293, -7.336649], [112.352287, -7.336602], [112.352295, -7.33657], [112.352298, -7.336553], [112.352332, -7.336525], [112.35237, -7.336514], [112.352413, -7.336506], [112.352479, -7.336508], [112.352535, -7.336502], [112.352597, -7.336471], [112.352629, -7.336445], [112.352673, -7.33643], [112.352709, -7.336434], [112.352738, -7.336462], [112.352764, -7.336519], [112.352794, -7.336639], [112.352813, -7.336712], [112.352826, -7.336729], [112.352853, -7.336746], [112.352885, -7.336767], [112.352914, -7.33677], [112.352974, -7.336775], [112.353059, -7.3368], [112.353101, -7.336838], [112.35316, -7.33691], [112.353205, -7.336949], [112.353253, -7.336953], [112.353264, -7.336953], [112.353288, -7.336939], [112.353326, -7.336899], [112.353385, -7.336828], [112.353468, -7.336676], [112.353537, -7.336619], [112.353627, -7.336583], [112.353682, -7.336542], [112.353703, -7.336485], [112.353693, -7.336455], [112.353677, -7.336433], [112.353619, -7.336365], [112.353567, -7.336315], [112.353526, -7.336268], [112.35351, -7.33622], [112.353509, -7.336183], [112.353531, -7.336156], [112.35359, -7.336118], [112.35364, -7.336106], [112.353704, -7.336106], [112.35378, -7.336118], [112.353844, -7.33616], [112.353921, -7.336234], [112.353983, -7.336314], [112.354007, -7.336404], [112.354031, -7.336446], [112.35408, -7.336439], [112.354144, -7.33637], [112.354256, -7.336323], [112.354342, -7.336325], [112.354409, -7.336314], [112.354443, -7.336296], [112.354467, -7.336226], [112.354512, -7.336042], [112.354541, -7.335914], [112.35457, -7.335879], [112.354594, -7.33585], [112.354605, -7.335797], [112.354599, -7.335754], [112.354621, -7.335733], [112.354711, -7.335732], [112.354738, -7.335732], [112.354797, -7.335732], [112.35493, -7.335738], [112.354986, -7.335738], [112.35505, -7.335727], [112.35512, -7.335713], [112.355189, -7.335692], [112.355224, -7.33566], [112.355248, -7.335625], [112.35525, -7.335566], [112.355258, -7.335476], [112.355298, -7.335393], [112.355315, -7.335257], [112.35535, -7.335107], [112.355446, -7.335011], [112.355502, -7.334926], [112.355568, -7.334825], [112.355637, -7.334669], [112.355744, -7.334507], [112.355889, -7.334278], [112.35595, -7.334289], [112.356003, -7.334267], [112.35606, -7.334225], [112.356169, -7.33419], [112.356533, -7.334087], [112.356761, -7.334028], [112.356763, -7.334027], [112.356871, -7.333999], [112.356992, -7.333987], [112.357072, -7.334006], [112.357072, -7.334074], [112.357095, -7.334172], [112.357098, -7.334179], [112.357099, -7.334181], [112.3571, -7.334183], [112.357118, -7.334225], [112.357145, -7.334248], [112.357175, -7.334255], [112.357247, -7.334255], [112.357316, -7.33421], [112.357338, -7.33416], [112.357391, -7.334021], [112.357494, -7.333935], [112.357799, -7.33375], [112.35782, -7.333737], [112.357903, -7.333664], [112.357976, -7.3336], [112.358026, -7.333556], [112.358146, -7.333521], [112.35838, -7.3336], [112.358419, -7.333614], [112.358529, -7.333651], [112.358584, -7.333635], [112.358843, -7.333562], [112.358897, -7.333424], [112.358937, -7.333317], [112.358938, -7.333316], [112.358975, -7.333215], [112.358949, -7.333011], [112.358929, -7.332856], [112.3589, -7.332629], [112.358872, -7.332411], [112.358839, -7.332154], [112.358872, -7.332091], [112.358975, -7.331896], [112.359111, -7.331639], [112.359138, -7.331586], [112.359103, -7.331509], [112.359015, -7.331475], [112.358862, -7.331416], [112.358501, -7.331305], [112.358425, -7.331322], [112.358424, -7.331322], [112.358257, -7.331411], [112.358097, -7.331495], [112.357994, -7.331487], [112.357805, -7.331384], [112.357727, -7.331312], [112.357649, -7.331239], [112.357667, -7.331165], [112.357692, -7.331058], [112.357727, -7.331025], [112.357812, -7.330946], [112.357819, -7.330939], [112.35794, -7.330826], [112.358052, -7.330688], [112.35806, -7.330669], [112.358143, -7.330479], [112.358139, -7.330465], [112.358102, -7.330345], [112.357938, -7.330076], [112.357904, -7.330019], [112.357882, -7.329995], [112.357622, -7.329705], [112.357533, -7.329606], [112.357489, -7.329496], [112.357486, -7.32937], [112.357479, -7.329076], [112.357432, -7.328893], [112.357375, -7.328673], [112.357409, -7.328595], [112.357558, -7.328557], [112.357789, -7.328767], [112.358039, -7.328824], [112.358051, -7.328821], [112.358096, -7.32881], [112.358269, -7.328766], [112.35835, -7.328673], [112.358373, -7.328646], [112.358403, -7.328612], [112.35832, -7.328297], [112.358267, -7.328095], [112.358265, -7.327673], [112.358233, -7.327242], [112.358226, -7.327142], [112.358289, -7.327082], [112.358315, -7.327059], [112.358365, -7.326919], [112.358412, -7.326747], [112.358485, -7.326581], [112.358552, -7.326479], [112.35866, -7.326444], [112.358928, -7.326436], [112.359288, -7.32647], [112.359578, -7.326581], [112.359964, -7.326748], [112.360318, -7.326919], [112.360605, -7.327013], [112.360863, -7.326996], [112.360898, -7.326986], [112.361115, -7.326921], [112.361235, -7.326886], [112.361652, -7.326808], [112.361897, -7.326752], [112.36217, -7.326727], [112.362192, -7.326732], [112.362435, -7.326794], [112.362531, -7.326858], [112.362544, -7.326909], [112.362548, -7.326922], [112.362384, -7.327046], [112.36232, -7.327115], [112.362284, -7.327283], [112.362293, -7.327711], [112.362323, -7.328013], [112.362408, -7.328261], [112.362489, -7.328369], [112.362625, -7.328448], [112.36271, -7.32846], [112.362794, -7.32842], [112.362974, -7.328259], [112.363102, -7.328167], [112.363174, -7.328155], [112.36323, -7.32815], [112.363234, -7.328078], [112.363234, -7.327886], [112.363173, -7.32779], [112.363016, -7.327747], [112.362808, -7.327655], [112.362703, -7.327527], [112.362634, -7.327367], [112.362634, -7.327255], [112.362661, -7.327119], [112.362733, -7.327055], [112.362898, -7.32715], [112.363224, -7.327157], [112.363681, -7.327092], [112.363909, -7.326995], [112.364185, -7.326858], [112.364486, -7.326689], [112.364749, -7.326562], [112.364949, -7.326493], [112.365197, -7.326478], [112.365282, -7.326472], [112.365543, -7.326439], [112.365754, -7.326356], [112.365829, -7.326326], [112.365879, -7.326306], [112.366284, -7.326089], [112.366476, -7.325932], [112.366608, -7.325748], [112.366696, -7.325531], [112.366807, -7.325262], [112.366883, -7.325158], [112.367051, -7.325082], [112.3673, -7.325005], [112.367573, -7.324977], [112.367676, -7.324967], [112.367734, -7.324961], [112.367995, -7.32491], [112.368134, -7.324881], [112.368187, -7.324869], [112.368408, -7.324824], [112.368561, -7.324783], [112.368749, -7.324777], [112.369004, -7.324844], [112.369192, -7.325002], [112.369473, -7.325352], [112.369482, -7.325364], [112.369716, -7.325589], [112.369738, -7.325555], [112.369743, -7.325403], [112.369617, -7.325012], [112.3696, -7.32482], [112.369614, -7.324612], [112.369616, -7.324576], [112.369667, -7.324486], [112.369911, -7.324457], [112.370183, -7.324422], [112.370358, -7.324376], [112.370392, -7.324325], [112.370708, -7.324309], [112.370862, -7.324302], [112.370942, -7.324421], [112.370959, -7.324651], [112.370816, -7.324937], [112.370706, -7.325168], [112.370675, -7.325359], [112.370731, -7.325533], [112.370707, -7.325652], [112.370756, -7.325787], [112.371139, -7.32635], [112.371299, -7.326508], [112.371602, -7.326571], [112.37178, -7.326497], [112.371872, -7.326459], [112.372054, -7.326331], [112.3723, -7.326068], [112.372475, -7.325877], [112.372514, -7.325679], [112.37245, -7.325512], [112.372362, -7.325449], [112.371988, -7.325259], [112.371732, -7.325109], [112.371596, -7.324832], [112.371619, -7.324482], [112.371722, -7.324283], [112.371968, -7.324163], [112.372429, -7.324146], [112.37274, -7.32409], [112.373169, -7.323961], [112.373622, -7.323817], [112.374417, -7.323656], [112.374624, -7.323631], [112.374648, -7.323671], [112.374466, -7.323973], [112.374094, -7.324594], [112.373999, -7.324824], [112.374, -7.324959], [112.374032, -7.325118], [112.374208, -7.32534], [112.374502, -7.325466], [112.374709, -7.325465], [112.37486, -7.325433], [112.374964, -7.32533], [112.375011, -7.325123], [112.374979, -7.324964], [112.37485, -7.324639], [112.374834, -7.324496], [112.374968, -7.324258], [112.375023, -7.324067], [112.375071, -7.3239], [112.375142, -7.323773], [112.375182, -7.323731], [112.375264, -7.323721], [112.37545, -7.32372], [112.375624, -7.323725], [112.375761, -7.323779], [112.375903, -7.323863], [112.376007, -7.323988], [112.37606, -7.324132], [112.376067, -7.324307], [112.375994, -7.32444], [112.375865, -7.324597], [112.375719, -7.3247], [112.375535, -7.324805], [112.375395, -7.324973], [112.375327, -7.325226], [112.375338, -7.325479], [112.375482, -7.326231], [112.375619, -7.326677], [112.375628, -7.326686], [112.375667, -7.326686], [112.375743, -7.326609], [112.375893, -7.326465], [112.376042, -7.326333], [112.376171, -7.326193], [112.376278, -7.326016], [112.37635, -7.325896], [112.376519, -7.325842], [112.376626, -7.325831], [112.376775, -7.32583], [112.376955, -7.325867], [112.377031, -7.325923], [112.377155, -7.326025], [112.377308, -7.326209], [112.37737, -7.326329], [112.377401, -7.326423], [112.377393, -7.326483], [112.377363, -7.326563], [112.37729, -7.326657], [112.377203, -7.326781], [112.377092, -7.326849], [112.377004, -7.326872], [112.376859, -7.326877], [112.376642, -7.326878], [112.376349, -7.326811], [112.376082, -7.326783], [112.375962, -7.32677], [112.375773, -7.326856], [112.375618, -7.326894], [112.375576, -7.327001], [112.375489, -7.327266], [112.37535, -7.32747], [112.375337, -7.327618], [112.375344, -7.327725], [112.375378, -7.327775], [112.375463, -7.327835], [112.375593, -7.327898], [112.375701, -7.327914], [112.375845, -7.327924], [112.375941, -7.327907], [112.376059, -7.327886], [112.376512, -7.327808], [112.37658, -7.327804], [112.376718, -7.327808], [112.37691, -7.327905], [112.377136, -7.328062], [112.377285, -7.328159], [112.377404, -7.328189], [112.377507, -7.328196], [112.377618, -7.328192], [112.377776, -7.328124], [112.377849, -7.328086], [112.377947, -7.328006], [112.378003, -7.327921], [112.37811, -7.327768], [112.378182, -7.327586], [112.37825, -7.327417], [112.378276, -7.327299], [112.378327, -7.327239], [112.378396, -7.327172], [112.378576, -7.32704], [112.378735, -7.326955], [112.378804, -7.326938], [112.378898, -7.326929], [112.379061, -7.326933], [112.379504, -7.327067], [112.379938, -7.327214], [112.380123, -7.327303], [112.380268, -7.327396], [112.380349, -7.327501], [112.38043, -7.327699], [112.380441, -7.327783], [112.380398, -7.327942], [112.380338, -7.328069], [112.380231, -7.328183], [112.380052, -7.328331], [112.379867, -7.328442], [112.379769, -7.328535], [112.379735, -7.32867], [112.379735, -7.328844], [112.379749, -7.328932], [112.379775, -7.329029], [112.379796, -7.32911], [112.37984, -7.329177], [112.3799, -7.329265], [112.379986, -7.329354], [112.380266, -7.329522], [112.380438, -7.329606], [112.380597, -7.329688], [112.380723, -7.329777], [112.38083, -7.329934], [112.380975, -7.330123], [112.381053, -7.330237], [112.38113, -7.330289], [112.381367, -7.330355], [112.381488, -7.330369], [112.381623, -7.330369], [112.381821, -7.330354], [112.381966, -7.330339], [112.382067, -7.33032], [112.382144, -7.330281], [112.382226, -7.330248], [112.382298, -7.330205], [112.382352, -7.330153], [112.382419, -7.330076], [112.382452, -7.329915], [112.382466, -7.329834], [112.382466, -7.32972], [112.382466, -7.329625], [112.382451, -7.329573], [112.382386, -7.32947], [112.38227, -7.329394], [112.382069, -7.329326], [112.381899, -7.329282], [112.381652, -7.329146], [112.381543, -7.329047], [112.381528, -7.328971], [112.381527, -7.32888], [112.381535, -7.328812], [112.38165, -7.32869], [112.381773, -7.328568], [112.38185, -7.328545], [112.381904, -7.328545], [112.382105, -7.328544], [112.382352, -7.328582], [112.382499, -7.328589], [112.382545, -7.328589], [112.382789, -7.32855], [112.382904, -7.328516], [112.383074, -7.328444], [112.383245, -7.328389], [112.383395, -7.328413], [112.383549, -7.328518], [112.383647, -7.328602], [112.383746, -7.328761], [112.383776, -7.328908], [112.383802, -7.329147], [112.383782, -7.329316], [112.38379, -7.329404], [112.383812, -7.329492], [112.38383, -7.329546], [112.383855, -7.329626], [112.383907, -7.329702], [112.384004, -7.329797], [112.384139, -7.329879], [112.384379, -7.329982], [112.38459, -7.330117], [112.384686, -7.330208], [112.384755, -7.330273], [112.384961, -7.3306], [112.385021, -7.3307], [112.385043, -7.33078], [112.385065, -7.330893], [112.385096, -7.331029], [112.385096, -7.331049], [112.385029, -7.331062], [112.384946, -7.331046], [112.384797, -7.331025], [112.384728, -7.331035], [112.384613, -7.331077], [112.38446, -7.331153], [112.384392, -7.33122], [112.384371, -7.331396], [112.384222, -7.331422], [112.383988, -7.331507], [112.38373, -7.330748], [112.38369, -7.330699], [112.383354, -7.330573], [112.383089, -7.330496], [112.382782, -7.33046], [112.382581, -7.330513], [112.382305, -7.330636], [112.382169, -7.3309], [112.382115, -7.330996], [112.3821, -7.331037], [112.382159, -7.331534], [112.382173, -7.331629], [112.382202, -7.331653], [112.382235, -7.331662], [112.382273, -7.331669], [112.382297, -7.331694], [112.382297, -7.331729], [112.38229, -7.331801], [112.382265, -7.331997], [112.382243, -7.332076], [112.382123, -7.332296], [112.38202, -7.332472], [112.381941, -7.332658], [112.38192, -7.332766], [112.38192, -7.33292], [112.381918, -7.333096], [112.3819, -7.333177], [112.381927, -7.333271], [112.382073, -7.333289], [112.382158, -7.333302], [112.382204, -7.333302], [112.382251, -7.333291], [112.382286, -7.333283], [112.382363, -7.33328], [112.38243, -7.333285], [112.38247, -7.333277], [112.382507, -7.333262], [112.382587, -7.333204], [112.382719, -7.333049], [112.382799, -7.332941], [112.383131, -7.332663], [112.383205, -7.332598], [112.383229, -7.332557], [112.383241, -7.332527], [112.383244, -7.332474], [112.383231, -7.332286], [112.383237, -7.332186], [112.383261, -7.33215], [112.383308, -7.332076], [112.383427, -7.331935], [112.383484, -7.331887], [112.383506, -7.332141], [112.38356, -7.332361], [112.383607, -7.3325], [112.383678, -7.332622], [112.383702, -7.332662], [112.383766, -7.332702], [112.383945, -7.332837], [112.384704, -7.333308], [112.384754, -7.333308], [112.384791, -7.333301], [112.384905, -7.333238], [112.384979, -7.333178], [112.384999, -7.333132], [112.385016, -7.332746], [112.384966, -7.332639], [112.384772, -7.332431], [112.384681, -7.332278], [112.384662, -7.332133], [112.384672, -7.33185], [112.38474, -7.331813], [112.384846, -7.331738], [112.384903, -7.331662], [112.385003, -7.331629], [112.385065, -7.331638], [112.385263, -7.331314], [112.38581, -7.331258], [112.386065, -7.331257], [112.386247, -7.331384], [112.386503, -7.331638], [112.386759, -7.33171], [112.387432, -7.331508], [112.388072, -7.331618], [112.388076, -7.33148], [112.388085, -7.331368], [112.38811, -7.331279], [112.388173, -7.331167], [112.388237, -7.331116], [112.388367, -7.331009], [112.388446, -7.330973], [112.388536, -7.330961], [112.388693, -7.330972], [112.388796, -7.331019], [112.388838, -7.331078], [112.388929, -7.331215], [112.389063, -7.331529], [112.389082, -7.331775], [112.389487, -7.3319], [112.389691, -7.332278], [112.390005, -7.332917], [112.390175, -7.333279], [112.390454, -7.333446], [112.390732, -7.333488], [112.391196, -7.333511], [112.391415, -7.333418], [112.391718, -7.333148], [112.392249, -7.332851], [112.39267, -7.332623], [112.393057, -7.332242], [112.393443, -7.331761], [112.393763, -7.33144], [112.39394, -7.331372], [112.394403, -7.331303], [112.394698, -7.3311], [112.394854, -7.330786], [112.39505, -7.330388], [112.395023, -7.329988], [112.394896, -7.329719], [112.394761, -7.329601], [112.394473, -7.329451], [112.394287, -7.329299], [112.394143, -7.329039], [112.394057, -7.328466], [112.393988, -7.328037], [112.394045, -7.327405], [112.394087, -7.327144], [112.394245, -7.327007], [112.39444, -7.326983], [112.394643, -7.327092], [112.394888, -7.32726], [112.395142, -7.327343], [112.39591, -7.327492], [112.39612, -7.327416], [112.396238, -7.327255], [112.396345, -7.326337], [112.396528, -7.325469], [112.3966, -7.32502], [112.396602, -7.325006], [112.396727, -7.324601], [112.396903, -7.324314], [112.397307, -7.32401], [112.39783, -7.323764], [112.3982, -7.323552], [112.398571, -7.323278], [112.398604, -7.323107], [112.398642, -7.322991], [112.398743, -7.322853], [112.398822, -7.322682], [112.398826, -7.322503], [112.398813, -7.322387], [112.398752, -7.322207], [112.398632, -7.32203], [112.398522, -7.321867], [112.398441, -7.321713], [112.398373, -7.321339], [112.398388, -7.321264], [112.398518, -7.321066], [112.398705, -7.320818], [112.398542, -7.32067], [112.398467, -7.320373], [112.398613, -7.320203], [112.39866, -7.320149], [112.398853, -7.31997], [112.399136, -7.319984], [112.399404, -7.319968], [112.399701, -7.319729], [112.399887, -7.319474], [112.40018, -7.319248], [112.400488, -7.319106], [112.400701, -7.319039], [112.400852, -7.319043], [112.401081, -7.319075], [112.401243, -7.319167], [112.40133, -7.31927], [112.40136, -7.319344], [112.401352, -7.319419], [112.401297, -7.319548], [112.401197, -7.319702], [112.401083, -7.319872], [112.401063, -7.319968], [112.401131, -7.320436], [112.401183, -7.320747], [112.401188, -7.320963], [112.401199, -7.321182], [112.401213, -7.321326], [112.401285, -7.321485], [112.401399, -7.32162], [112.401461, -7.321699], [112.401613, -7.321768], [112.401793, -7.321777], [112.401987, -7.321758], [112.402058, -7.321734], [112.402111, -7.321688], [112.402182, -7.32158], [112.40229, -7.321379], [112.402389, -7.321187], [112.402512, -7.320949], [112.402615, -7.320809], [112.402738, -7.320664], [112.402838, -7.320594], [112.402937, -7.320556], [112.403003, -7.320556], [112.403037, -7.32057], [112.403065, -7.320607], [112.40308, -7.320709], [112.403128, -7.320957], [112.403209, -7.321175], [112.4033, -7.321404], [112.4034, -7.321609], [112.403441, -7.321817], [112.403525, -7.322488], [112.403552, -7.322551], [112.403612, -7.322654], [112.40374, -7.322764], [112.403882, -7.322822], [112.40398, -7.322855], [112.404021, -7.322863], [112.404055, -7.322844], [112.404118, -7.322818], [112.404363, -7.322653], [112.404531, -7.322528], [112.404753, -7.32227], [112.404842, -7.322166], [112.404858, -7.322075], [112.404849, -7.322005], [112.404828, -7.321909], [112.404811, -7.321872], [112.404756, -7.321835], [112.404651, -7.321781], [112.40447, -7.321749], [112.40428, -7.32172], [112.404043, -7.321627], [112.403815, -7.321404], [112.403591, -7.32113], [112.403309, -7.320652], [112.40323, -7.320486], [112.40314, -7.320428], [112.402956, -7.320377], [112.40272, -7.320315], [112.402499, -7.320238], [112.402333, -7.320157], [112.402115, -7.319978], [112.402052, -7.319876], [112.402031, -7.319759], [112.402004, -7.319605], [112.401987, -7.319474], [112.402, -7.31931], [112.402126, -7.319139], [112.402212, -7.319044], [112.402444, -7.31894], [112.402497, -7.318927], [112.402633, -7.318959], [112.402673, -7.318955], [112.402779, -7.318893], [112.402829, -7.318893], [112.403055, -7.318974], [112.403262, -7.319107], [112.403338, -7.319179], [112.403575, -7.319391], [112.403638, -7.31942], [112.403681, -7.319417], [112.403711, -7.319393], [112.40374, -7.319332], [112.403732, -7.319212], [112.403741, -7.319027], [112.403763, -7.318909], [112.403783, -7.318764], [112.40377, -7.318246], [112.40378, -7.317796], [112.403798, -7.317781], [112.403824, -7.317772], [112.403857, -7.317784], [112.403919, -7.317821], [112.403969, -7.317856], [112.404184, -7.317984], [112.404208, -7.31801], [112.404238, -7.318049], [112.404248, -7.318137], [112.404255, -7.318163], [112.404288, -7.318179], [112.404365, -7.318199], [112.404517, -7.318227], [112.404518, -7.318277], [112.404459, -7.318653], [112.404362, -7.318842], [112.40433, -7.318911], [112.404321, -7.318956], [112.404324, -7.318991], [112.404365, -7.319093], [112.404545, -7.319364], [112.404628, -7.319444], [112.404712, -7.319464], [112.404739, -7.319464], [112.404759, -7.319435], [112.404772, -7.319384], [112.404854, -7.319271], [112.404915, -7.319232], [112.405062, -7.31917], [112.405242, -7.319086], [112.405547, -7.318939], [112.405663, -7.318864], [112.405743, -7.318788], [112.405776, -7.318694], [112.405882, -7.318478], [112.40595, -7.318325], [112.406044, -7.318172], [112.406143, -7.318045], [112.406257, -7.317967], [112.406475, -7.317902], [112.406595, -7.317879], [112.406693, -7.317867], [112.406764, -7.317875], [112.406825, -7.317884], [112.407044, -7.317921], [112.407115, -7.317941], [112.407254, -7.317949], [112.407345, -7.317943], [112.40746, -7.317917], [112.407557, -7.317882], [112.407687, -7.3178], [112.407795, -7.317721], [112.407854, -7.317619], [112.407901, -7.317509], [112.407918, -7.317433], [112.407921, -7.317343], [112.407897, -7.317228], [112.407876, -7.317149], [112.407823, -7.317088], [112.407717, -7.317002], [112.407626, -7.316972], [112.407449, -7.316961], [112.407246, -7.316962], [112.407053, -7.316948], [112.406907, -7.31693], [112.406825, -7.316934], [112.406371, -7.317116], [112.40593, -7.317362], [112.405797, -7.317468], [112.405731, -7.317595], [112.405698, -7.317706], [112.405612, -7.317781], [112.405496, -7.317873], [112.405225, -7.318105], [112.405129, -7.318161], [112.405033, -7.318161], [112.404887, -7.318158], [112.404752, -7.318133], [112.404659, -7.318094], [112.404536, -7.318022], [112.404489, -7.317964], [112.404425, -7.317758], [112.404258, -7.316714], [112.404261, -7.31663], [112.404322, -7.316484], [112.40441, -7.316385], [112.404481, -7.316319], [112.404556, -7.316302], [112.404665, -7.316318], [112.404791, -7.316342], [112.404896, -7.316358], [112.405089, -7.316358], [112.405198, -7.31637], [112.405407, -7.316431], [112.40552, -7.316451], [112.405592, -7.316459], [112.40568, -7.316455], [112.405822, -7.31643], [112.405956, -7.316433], [112.406078, -7.31645], [112.406286, -7.316543], [112.406419, -7.316566], [112.406525, -7.316569], [112.406578, -7.316562], [112.406611, -7.316546], [112.406617, -7.316507], [112.40664, -7.316399], [112.40668, -7.316353], [112.406763, -7.316295], [112.406878, -7.316265], [112.406951, -7.316248], [112.40706, -7.316248], [112.407262, -7.316247], [112.407563, -7.316237], [112.407709, -7.316213], [112.407855, -7.316161], [112.407947, -7.316099], [112.408013, -7.315968], [112.408101, -7.315623], [112.40815, -7.315463], [112.408223, -7.315349], [112.408359, -7.314852], [112.408566, -7.314539], [112.408804, -7.31436], [112.409116, -7.314195], [112.409593, -7.314209], [112.409977, -7.314356], [112.409981, -7.314223], [112.409981, -7.314106], [112.409965, -7.314037], [112.409842, -7.313916], [112.409586, -7.313656], [112.409388, -7.313487], [112.409287, -7.313392], [112.409223, -7.313302], [112.409217, -7.313169], [112.409286, -7.313047], [112.409477, -7.312764], [112.409537, -7.312701], [112.40965, -7.312664], [112.409709, -7.312657], [112.409809, -7.312657], [112.409946, -7.312653], [112.410118, -7.312615], [112.410266, -7.312554], [112.410381, -7.312392], [112.410484, -7.312276], [112.410495, -7.312264], [112.410549, -7.312277], [112.410623, -7.31227], [112.410717, -7.312182], [112.410858, -7.312], [112.410939, -7.311899], [112.411087, -7.311851], [112.411309, -7.311851], [112.411579, -7.311883], [112.411755, -7.31195], [112.411802, -7.312044], [112.41181, -7.312314], [112.411799, -7.313014], [112.411793, -7.313277], [112.411766, -7.313506], [112.411661, -7.314145], [112.411501, -7.314158], [112.410785, -7.314175], [112.410753, -7.314271], [112.410661, -7.314988], [112.410584, -7.315245], [112.410462, -7.315648], [112.410399, -7.315913], [112.4104, -7.316114], [112.4104, -7.316286], [112.410415, -7.316368], [112.410449, -7.316412], [112.41052, -7.316487], [112.410576, -7.31652], [112.410748, -7.316572], [112.410835, -7.316575], [112.410995, -7.316574], [112.411062, -7.316571], [112.41116, -7.316548], [112.411264, -7.316495], [112.411342, -7.316391], [112.411431, -7.316249], [112.411554, -7.315978], [112.411571, -7.315898], [112.411583, -7.315776], [112.411604, -7.315634], [112.411624, -7.315529], [112.411653, -7.315462], [112.411862, -7.315021], [112.412153, -7.314417], [112.412171, -7.314304], [112.412214, -7.3142], [112.412246, -7.314177], [112.41235, -7.314101], [112.41244, -7.313997], [112.412562, -7.313841], [112.412661, -7.31369], [112.412807, -7.313496], [112.412957, -7.313378], [112.413141, -7.313283], [112.413235, -7.313255], [112.413391, -7.313235], [112.413509, -7.31324], [112.413566, -7.313244], [112.413646, -7.313286], [112.413798, -7.313432], [112.413836, -7.313498], [112.413836, -7.313573], [112.413832, -7.313644], [112.413771, -7.313785], [112.413738, -7.313974], [112.413711, -7.314189], [112.413853, -7.314289], [112.413981, -7.314434], [112.413927, -7.314743], [112.413582, -7.315254], [112.413565, -7.315454], [112.41362, -7.315727], [112.413803, -7.315926], [112.414296, -7.316161], [112.414752, -7.316378], [112.415207, -7.316359], [112.415535, -7.316212], [112.416026, -7.315828], [112.416425, -7.315372], [112.416678, -7.314862], [112.416642, -7.314717], [112.41613, -7.314373], [112.415318, -7.31368], [112.414984, -7.31369], [112.414799, -7.313679], [112.414573, -7.313644], [112.414441, -7.313537], [112.414274, -7.313359], [112.414256, -7.313276], [112.414285, -7.313228], [112.414314, -7.313056], [112.414355, -7.312812], [112.414559, -7.311998], [112.414563, -7.31189], [112.414529, -7.311303], [112.414509, -7.311143], [112.414509, -7.311096], [112.414537, -7.311053], [112.41473, -7.310837], [112.41481, -7.310756], [112.414875, -7.310726], [112.414983, -7.31071], [112.415137, -7.31072], [112.415344, -7.310846], [112.415423, -7.310915], [112.415498, -7.310982], [112.415685, -7.311149], [112.415706, -7.311196], [112.415759, -7.311307], [112.415906, -7.312572], [112.41618, -7.31279], [112.416672, -7.312843], [112.417402, -7.312711], [112.417562, -7.312612], [112.417769, -7.312541], [112.418032, -7.31254], [112.418121, -7.312539], [112.418244, -7.312595], [112.418277, -7.312633], [112.418367, -7.312838], [112.418367, -7.313092], [112.418441, -7.313383], [112.418624, -7.313728], [112.418844, -7.313891], [112.419008, -7.313891], [112.419208, -7.313781], [112.419115, -7.313454], [112.418932, -7.313091], [112.418895, -7.312836], [112.418967, -7.312563], [112.419294, -7.312325], [112.419769, -7.312524], [112.420788, -7.312393], [112.421881, -7.312263], [112.422519, -7.312242], [112.42292, -7.312314], [112.423084, -7.312495], [112.423176, -7.31275], [112.423068, -7.313023], [112.422759, -7.313188], [112.422358, -7.313298], [112.421922, -7.313518], [112.421413, -7.314138], [112.421196, -7.314448], [112.421034, -7.315049], [112.420998, -7.315413], [112.421109, -7.315958], [112.421129, -7.316376], [112.42104, -7.316904], [112.421131, -7.317122], [112.421332, -7.317176], [112.421551, -7.317175], [112.421787, -7.317084], [112.421914, -7.316829], [112.42213, -7.3159], [112.422238, -7.315554], [112.422365, -7.315372], [112.422561, -7.315236], [112.422765, -7.315152], [112.423111, -7.315097], [112.423713, -7.315349], [112.424169, -7.315439], [112.42417, -7.315439], [112.424351, -7.315402], [112.424641, -7.315074], [112.425186, -7.314581], [112.425404, -7.314271], [112.425456, -7.31347], [112.425545, -7.312888], [112.425745, -7.312614], [112.426127, -7.312431], [112.426746, -7.312302], [112.42731, -7.312064], [112.427837, -7.31148], [112.428254, -7.311078], [112.428752, -7.310932], [112.428917, -7.310808], [112.429058, -7.310847], [112.429315, -7.310934], [112.429509, -7.3111], [112.42965, -7.311292], [112.429664, -7.311587], [112.429639, -7.311882], [112.429589, -7.312267], [112.429642, -7.312741], [112.429835, -7.312971], [112.430157, -7.313072], [112.430631, -7.312981], [112.431017, -7.313031], [112.431518, -7.313094], [112.431852, -7.313349], [112.432123, -7.313809], [112.432368, -7.314193], [112.432587, -7.314359], [112.432793, -7.314448], [112.432985, -7.31446], [112.433191, -7.314344], [112.433484, -7.313844], [112.433739, -7.313381], [112.433919, -7.313188], [112.434265, -7.313149], [112.434664, -7.313289], [112.435486, -7.313645], [112.435897, -7.313669], [112.436731, -7.313603], [112.43727, -7.313473], [112.437501, -7.313472], [112.437591, -7.313249], [112.437603, -7.313247], [112.437876, -7.313202], [112.437921, -7.313182], [112.437944, -7.313161], [112.437943, -7.313121], [112.43792, -7.313028], [112.437733, -7.312551], [112.437674, -7.312432], [112.437307, -7.31203], [112.437307, -7.311998], [112.437344, -7.311865], [112.437384, -7.311833], [112.437445, -7.311792], [112.437602, -7.311736], [112.437939, -7.311718], [112.437994, -7.311724], [112.438014, -7.311752], [112.438044, -7.311802], [112.43805, -7.311854], [112.438042, -7.311984], [112.438036, -7.312103], [112.437984, -7.312211], [112.437903, -7.312434], [112.437901, -7.312477], [112.438071, -7.312922], [112.438274, -7.312817], [112.438326, -7.312801], [112.438375, -7.312797], [112.438473, -7.312826], [112.438561, -7.312855], [112.438607, -7.312891], [112.438669, -7.312959], [112.438696, -7.312992], [112.438745, -7.313034], [112.438791, -7.313057], [112.438846, -7.313073], [112.438902, -7.313096], [112.438961, -7.313115], [112.438994, -7.313134], [112.43903, -7.313199], [112.43903, -7.313268], [112.438994, -7.313382], [112.438925, -7.313454], [112.438893, -7.313513], [112.438835, -7.313619], [112.438794, -7.313774], [112.438795, -7.313918], [112.438792, -7.314021], [112.438803, -7.314114], [112.438824, -7.314186], [112.43885, -7.314253], [112.438941, -7.314322], [112.438995, -7.314348], [112.439059, -7.314355], [112.439116, -7.31436], [112.439207, -7.314368], [112.439289, -7.31436], [112.439367, -7.314349], [112.439475, -7.31432], [112.439552, -7.314261], [112.439658, -7.314155], [112.439737, -7.314081], [112.439758, -7.314062], [112.439865, -7.313913], [112.439972, -7.313785], [112.440071, -7.313707], [112.440141, -7.313674], [112.440203, -7.313665], [112.440244, -7.313665], [112.440294, -7.313673], [112.440368, -7.313718], [112.440615, -7.313856], [112.440653, -7.313878], [112.440889, -7.314079], [112.441042, -7.314169], [112.441224, -7.31423], [112.441344, -7.314242], [112.441492, -7.314246], [112.441632, -7.314233], [112.441715, -7.314233], [112.441802, -7.314212], [112.441892, -7.314158], [112.442061, -7.314042], [112.44216, -7.313943], [112.44223, -7.313832], [112.442254, -7.31377], [112.442299, -7.31363], [112.442303, -7.313523], [112.442286, -7.313444], [112.442198, -7.313174], [112.442107, -7.312953], [112.442018, -7.312802], [112.441985, -7.312735], [112.441944, -7.312651], [112.4419, -7.312614], [112.441702, -7.312558], [112.441106, -7.312365], [112.440916, -7.312288], [112.440714, -7.312214], [112.440602, -7.312182], [112.440544, -7.312133], [112.440499, -7.31205], [112.440444, -7.311861], [112.440415, -7.311734], [112.440427, -7.311713], [112.440473, -7.311701], [112.440559, -7.311692], [112.440691, -7.31168], [112.440881, -7.311638], [112.441232, -7.311587], [112.441568, -7.311523], [112.44163, -7.311519], [112.441707, -7.311519], [112.441758, -7.311497], [112.441791, -7.311449], [112.441824, -7.311379], [112.441868, -7.311343], [112.441912, -7.311328], [112.441952, -7.311328], [112.442029, -7.31135], [112.442139, -7.311422], [112.442399, -7.311601], [112.442463, -7.311728], [112.442556, -7.311843], [112.442684, -7.311915], [112.442805, -7.311966], [112.442834, -7.311978], [112.443008, -7.311998], [112.44328, -7.311988], [112.443535, -7.311952], [112.443769, -7.311929], [112.444007, -7.311908], [112.444172, -7.311835], [112.444319, -7.311768], [112.444472, -7.311665], [112.444576, -7.311509], [112.444627, -7.31135], [112.44465, -7.311256], [112.444614, -7.311145], [112.444519, -7.311016], [112.444346, -7.310916], [112.444203, -7.310881], [112.443924, -7.310846], [112.443731, -7.310833], [112.443623, -7.310759], [112.443492, -7.310685], [112.443394, -7.310663], [112.443252, -7.310668], [112.44278, -7.310674], [112.442666, -7.310694], [112.442606, -7.310681], [112.442591, -7.310678], [112.442503, -7.310597], [112.442395, -7.310448], [112.442233, -7.310343], [112.442003, -7.310278], [112.441824, -7.310202], [112.441724, -7.3101], [112.441699, -7.309987], [112.441698, -7.309896], [112.441731, -7.309702], [112.441763, -7.309613], [112.441803, -7.309501], [112.441876, -7.309348], [112.441971, -7.309189], [112.442073, -7.309046], [112.442166, -7.308927], [112.442318, -7.308774], [112.442485, -7.308585], [112.44261, -7.308411], [112.442693, -7.308239], [112.442766, -7.308068], [112.442783, -7.307904], [112.442783, -7.307761], [112.442759, -7.307553], [112.442751, -7.307428], [112.442765, -7.307292], [112.442791, -7.30723], [112.442796, -7.307218], [112.442814, -7.307186], [112.442845, -7.307131], [112.442904, -7.30704], [112.443015, -7.306949], [112.443159, -7.306886], [112.443288, -7.306847], [112.443389, -7.306843], [112.443529, -7.306874], [112.443683, -7.30695], [112.443823, -7.307095], [112.443831, -7.307103], [112.443922, -7.307208], [112.443985, -7.307408], [112.44401, -7.30751], [112.44403, -7.30762], [112.444086, -7.307755], [112.444158, -7.307835], [112.444241, -7.307892], [112.444319, -7.307939], [112.444443, -7.307997], [112.444532, -7.308035], [112.444656, -7.308068], [112.444764, -7.308067], [112.444827, -7.308064], [112.444902, -7.308053], [112.444965, -7.308025], [112.445064, -7.307968], [112.445116, -7.307918], [112.445201, -7.307848], [112.445279, -7.30776], [112.445332, -7.307686], [112.445353, -7.307621], [112.44539, -7.307523], [112.445404, -7.307372], [112.445401, -7.307269], [112.445398, -7.307169], [112.445366, -7.30703], [112.445295, -7.306857], [112.445161, -7.306657], [112.445043, -7.306512], [112.444921, -7.306356], [112.444802, -7.306239], [112.44468, -7.306118], [112.444566, -7.305989], [112.444409, -7.305818], [112.444408, -7.305817], [112.444342, -7.305745], [112.444331, -7.305658], [112.444341, -7.305519], [112.444355, -7.305424], [112.444397, -7.305327], [112.444452, -7.305257], [112.444522, -7.305191], [112.444623, -7.305141], [112.444941, -7.305005], [112.445201, -7.304884], [112.445436, -7.304753], [112.445608, -7.304655], [112.445904, -7.3044], [112.446251, -7.304275], [112.446615, -7.304061], [112.446986, -7.303834], [112.447136, -7.303588], [112.447354, -7.303206], [112.447355, -7.303205], [112.447455, -7.303135], [112.447549, -7.303129], [112.447681, -7.303197], [112.447795, -7.303266], [112.447839, -7.303385], [112.44785, -7.303465], [112.447803, -7.303724], [112.447684, -7.30407], [112.447484, -7.304315], [112.447384, -7.30446], [112.447353, -7.304661], [112.447347, -7.304856], [112.44738, -7.305396], [112.447433, -7.306073], [112.447528, -7.306412], [112.44756, -7.3065], [112.447686, -7.306481], [112.447875, -7.306549], [112.448133, -7.306712], [112.448307, -7.306924], [112.448557, -7.307189], [112.448644, -7.30726], [112.448731, -7.30733], [112.44877, -7.307347], [112.448924, -7.307411], [112.449222, -7.307453], [112.449613, -7.307452], [112.449826, -7.30738], [112.449978, -7.30722], [112.450056, -7.307039], [112.450005, -7.306574], [112.45, -7.306156], [112.450012, -7.306047], [112.450045, -7.305751], [112.450133, -7.30551], [112.450278, -7.305431], [112.450502, -7.30542], [112.450733, -7.305454], [112.450933, -7.305692], [112.451294, -7.306275], [112.451418, -7.306513], [112.451494, -7.306708], [112.451469, -7.306914], [112.451378, -7.307283], [112.451315, -7.307386], [112.451194, -7.307528], [112.450943, -7.30771], [112.450819, -7.307902], [112.45083, -7.308189], [112.451002, -7.308434], [112.451148, -7.308532], [112.451358, -7.30861], [112.451571, -7.308705], [112.451699, -7.308786], [112.451719, -7.30881], [112.451803, -7.30891], [112.451914, -7.30914], [112.45199, -7.309679], [112.452079, -7.309814], [112.452229, -7.309912], [112.452536, -7.309929], [112.452595, -7.309933], [112.4529, -7.309942], [112.453135, -7.309981], [112.453274, -7.310058], [112.453297, -7.310081], [112.453438, -7.310221], [112.453573, -7.310316], [112.45373, -7.310401], [112.453921, -7.310517], [112.453941, -7.31058], [112.453943, -7.310724], [112.453953, -7.31087], [112.453983, -7.311002], [112.454004, -7.311057], [112.454058, -7.311103], [112.4541, -7.311122], [112.454156, -7.311122], [112.454202, -7.311118], [112.454244, -7.311108], [112.454288, -7.311083], [112.454328, -7.311039], [112.454386, -7.310965], [112.45444, -7.310881], [112.454495, -7.310799], [112.45455, -7.310737], [112.454563, -7.310722], [112.454631, -7.310638], [112.45471, -7.310572], [112.454754, -7.310536], [112.454811, -7.31049], [112.454925, -7.310462], [112.455021, -7.310455], [112.455096, -7.310452], [112.455146, -7.31045], [112.455217, -7.310419], [112.455277, -7.310385], [112.455357, -7.310322], [112.455464, -7.310231], [112.455606, -7.310095], [112.455751, -7.309987], [112.455949, -7.309859], [112.455415, -7.309314], [112.455423, -7.30924], [112.455421, -7.309087], [112.455355, -7.30859], [112.455344, -7.308476], [112.455354, -7.308425], [112.455364, -7.30842], [112.455395, -7.308413], [112.45547, -7.308418], [112.455595, -7.308469], [112.455837, -7.308596], [112.45593, -7.308751], [112.456097, -7.309087], [112.456215, -7.309214], [112.456274, -7.309277], [112.456536, -7.3091], [112.456896, -7.308958], [112.457117, -7.308949], [112.457208, -7.308945], [112.457428, -7.30903], [112.457722, -7.30923], [112.457884, -7.309312], [112.458055, -7.309362], [112.458119, -7.309381], [112.458129, -7.309381], [112.45837, -7.30938], [112.45847, -7.309542], [112.45853, -7.309638], [112.458651, -7.309657], [112.458692, -7.309695], [112.458796, -7.309924], [112.45885, -7.310054], [112.458855, -7.31008], [112.458849, -7.310107], [112.458809, -7.310143], [112.458711, -7.310233], [112.458367, -7.310572], [112.458255, -7.310631], [112.458189, -7.310666], [112.45811, -7.310723], [112.458091, -7.310767], [112.458049, -7.310811], [112.45804, -7.310859], [112.458033, -7.311045], [112.458033, -7.311048], [112.458027, -7.311252], [112.45806, -7.311342], [112.458273, -7.311683], [112.458409, -7.311858], [112.458572, -7.31201], [112.458689, -7.312092], [112.458729, -7.312097], [112.458806, -7.312107], [112.458839, -7.312107], [112.458879, -7.312106], [112.458915, -7.312097], [112.458976, -7.312079], [112.45905, -7.312044], [112.45906, -7.312039], [112.45928, -7.311901], [112.459557, -7.311697], [112.459628, -7.31176], [112.459872, -7.311896], [112.459967, -7.311943], [112.460025, -7.311975], [112.460068, -7.311974], [112.460145, -7.311974], [112.460203, -7.311963], [112.460446, -7.311916], [112.460538, -7.311892], [112.460588, -7.311887], [112.460646, -7.311887], [112.460672, -7.311896], [112.460704, -7.311921], [112.460719, -7.311932], [112.460739, -7.311936], [112.460797, -7.311938], [112.460904, -7.311932], [112.461005, -7.311931], [112.461058, -7.311926], [112.461159, -7.311917], [112.461196, -7.311913], [112.461326, -7.311903], [112.461412, -7.311908], [112.461496, -7.311921], [112.461552, -7.311934], [112.461598, -7.311953], [112.461619, -7.311953], [112.461628, -7.311938], [112.46164, -7.311907], [112.461627, -7.311686], [112.461621, -7.311631], [112.461602, -7.311446], [112.461884, -7.311447], [112.461941, -7.311436], [112.462014, -7.311382], [112.462324, -7.311384], [112.462484, -7.311372], [112.462834, -7.311415], [112.462924, -7.311436], [112.46296, -7.31144], [112.462981, -7.311416], [112.463003, -7.311396], [112.463028, -7.311375], [112.463066, -7.311364], [112.46311, -7.311364], [112.463782, -7.311417], [112.463814, -7.311437], [112.463828, -7.311462], [112.463845, -7.311515], [112.463849, -7.311544], [112.463881, -7.311578], [112.463896, -7.311578], [112.463916, -7.311576], [112.46394, -7.311563], [112.463958, -7.311527], [112.463973, -7.311513], [112.464016, -7.3115], [112.464051, -7.311499], [112.464087, -7.311503], [112.464116, -7.311516], [112.464125, -7.311532], [112.464126, -7.311564], [112.464133, -7.311602], [112.464149, -7.311621], [112.464176, -7.311614], [112.464239, -7.311589], [112.464365, -7.311546], [112.464453, -7.311527], [112.464527, -7.311527], [112.464633, -7.311569], [112.464691, -7.311578], [112.464777, -7.311605], [112.464792, -7.311636], [112.464823, -7.311739], [112.464842, -7.311852], [112.464894, -7.311912], [112.464909, -7.311927], [112.464926, -7.31193], [112.464964, -7.311936], [112.464988, -7.311933], [112.465071, -7.311903], [112.465116, -7.311878], [112.465137, -7.311851], [112.465198, -7.31178], [112.465245, -7.31173], [112.465293, -7.311645], [112.465314, -7.311595], [112.465332, -7.311552], [112.465342, -7.311402], [112.465465, -7.311414], [112.465492, -7.311413], [112.465513, -7.311405], [112.465519, -7.31139], [112.465535, -7.311368], [112.465546, -7.311346], [112.465563, -7.311329], [112.465588, -7.311317], [112.465648, -7.311313], [112.466011, -7.311305], [112.466143, -7.311303], [112.466146, -7.311141], [112.46631, -7.311144], [112.466517, -7.31114], [112.466623, -7.311016], [112.46667, -7.310928], [112.466951, -7.310942], [112.466966, -7.310943], [112.467376, -7.31096], [112.467393, -7.310917], [112.467444, -7.310565], [112.467447, -7.310379], [112.467468, -7.310219], [112.46751, -7.309688], [112.467541, -7.309478], [112.467579, -7.309329], [112.467576, -7.309182], [112.467586, -7.308578], [112.467586, -7.30856], [112.467625, -7.30856], [112.467705, -7.308559], [112.467723, -7.308532], [112.467752, -7.308458], [112.467765, -7.308412], [112.467798, -7.308398], [112.467884, -7.308371], [112.467941, -7.308357], [112.467974, -7.308346], [112.468022, -7.308309], [112.468068, -7.308238], [112.468103, -7.308087], [112.468126, -7.307917], [112.468171, -7.30759], [112.468201, -7.307426], [112.468208, -7.307353], [112.468171, -7.307065], [112.468168, -7.306978], [112.468192, -7.30693], [112.468235, -7.306894], [112.468268, -7.306885], [112.468398, -7.306868], [112.468407, -7.306643], [112.468539, -7.306631], [112.468627, -7.306187], [112.468611, -7.306146], [112.468586, -7.306122], [112.468578, -7.30609], [112.468578, -7.306039], [112.468578, -7.306014], [112.468586, -7.305961], [112.468622, -7.305728], [112.468677, -7.305466], [112.468786, -7.305052], [112.468814, -7.305004], [112.468853, -7.305], [112.469131, -7.304972], [112.46914, -7.304889], [112.469158, -7.304744], [112.469174, -7.304681], [112.469214, -7.304531], [112.469247, -7.304371], [112.469261, -7.304279], [112.469311, -7.303955], [112.469704, -7.303958], [112.469929, -7.303955], [112.470015, -7.303954], [112.470092, -7.303953], [112.47021, -7.303954], [112.470335, -7.303952], [112.470434, -7.303941], [112.470503, -7.303921], [112.470681, -7.3039], [112.470735, -7.303886], [112.470774, -7.303885], [112.47083, -7.303891], [112.470879, -7.303921], [112.47094, -7.303953], [112.471002, -7.303971], [112.471041, -7.303976], [112.471085, -7.303971], [112.471143, -7.303961], [112.471196, -7.30396], [112.471248, -7.303953], [112.471304, -7.303947], [112.471374, -7.303933], [112.471435, -7.303922], [112.47148, -7.303916], [112.471535, -7.303916], [112.471673, -7.303948], [112.471751, -7.303966], [112.471779, -7.303961], [112.471821, -7.303936], [112.471862, -7.303887], [112.471891, -7.30387], [112.471923, -7.303866], [112.472032, -7.30387], [112.472319, -7.30391], [112.472438, -7.303913], [112.472502, -7.303889], [112.472587, -7.303872], [112.472874, -7.303929], [112.473125, -7.303992], [112.473211, -7.303992], [112.473309, -7.303982], [112.473572, -7.303995], [112.473724, -7.303997], [112.473926, -7.303997], [112.474044, -7.304005], [112.474222, -7.304008], [112.474349, -7.303992], [112.474503, -7.303959], [112.474578, -7.303922], [112.474663, -7.303916], [112.474687, -7.303922], [112.47472, -7.303967], [112.474733, -7.303991], [112.474757, -7.304018], [112.474775, -7.304024], [112.474899, -7.304051], [112.475156, -7.30408], [112.475431, -7.304142], [112.47545, -7.304147], [112.475662, -7.3042], [112.475931, -7.304249], [112.476047, -7.304267], [112.476135, -7.304357], [112.476218, -7.304403], [112.476323, -7.304425], [112.476355, -7.304445], [112.47639, -7.304455], [112.476417, -7.30445], [112.476457, -7.30444], [112.476507, -7.304437], [112.476586, -7.30447], [112.476641, -7.304528], [112.476691, -7.30455], [112.476743, -7.304419], [112.476886, -7.304489], [112.477035, -7.304577], [112.477272, -7.304715], [112.477319, -7.304723], [112.477368, -7.304725], [112.477418, -7.304722], [112.477456, -7.304705], [112.477505, -7.304697], [112.477604, -7.304709], [112.477642, -7.304719], [112.477692, -7.304739], [112.477718, -7.304747], [112.477771, -7.304749], [112.477826, -7.304741], [112.477925, -7.304741], [112.47801, -7.304763], [112.478121, -7.304821], [112.478235, -7.304846], [112.478293, -7.304874], [112.478303, -7.30494], [112.4783, -7.305153], [112.478317, -7.305204], [112.478323, -7.305218], [112.478337, -7.305227], [112.478359, -7.305238], [112.478412, -7.305244], [112.478432, -7.305249], [112.478438, -7.305254], [112.478445, -7.305261], [112.478445, -7.305289], [112.478407, -7.305551], [112.478361, -7.305568], [112.478193, -7.305557], [112.477994, -7.305527], [112.477957, -7.305538], [112.47786, -7.305826], [112.477876, -7.305862], [112.477886, -7.30588], [112.477903, -7.305885], [112.477932, -7.305891], [112.477972, -7.305896], [112.477991, -7.305899], [112.478054, -7.305902], [112.47809, -7.305907], [112.478097, -7.305939], [112.47808, -7.306058], [112.478051, -7.306215], [112.478055, -7.306246], [112.478069, -7.306265], [112.478073, -7.306271], [112.47812, -7.306336], [112.478165, -7.306448], [112.478162, -7.306493], [112.478147, -7.306535], [112.478121, -7.306558], [112.478095, -7.306563], [112.478056, -7.30656], [112.477999, -7.306561], [112.477981, -7.306583], [112.477981, -7.306621], [112.477994, -7.306646], [112.478002, -7.30665], [112.478023, -7.306659], [112.478031, -7.306659], [112.478108, -7.306659], [112.47815, -7.306659], [112.478158, -7.306675], [112.478153, -7.306717], [112.478147, -7.306749], [112.478158, -7.306783], [112.478205, -7.306821], [112.478304, -7.306912], [112.478353, -7.306957], [112.478374, -7.306989], [112.478379, -7.307015], [112.478366, -7.30706], [112.478346, -7.307101], [112.47834, -7.307117], [112.478348, -7.307128], [112.478361, -7.30713], [112.47839, -7.30713], [112.478436, -7.30713], [112.478491, -7.307127], [112.478548, -7.307123], [112.478594, -7.307123], [112.478638, -7.307134], [112.478709, -7.307176], [112.47873, -7.307218], [112.478721, -7.307243], [112.478686, -7.307312], [112.478669, -7.307365], [112.478683, -7.307413], [112.478713, -7.307448], [112.47878, -7.307491], [112.478859, -7.307531], [112.478852, -7.307608], [112.478854, -7.307615], [112.478864, -7.30765], [112.478889, -7.307662], [112.478891, -7.307663], [112.478941, -7.307672], [112.478989, -7.307678], [112.479022, -7.3077], [112.479041, -7.307723], [112.479048, -7.307771], [112.479053, -7.307937], [112.479045, -7.307985], [112.479053, -7.308049], [112.47906, -7.308071], [112.479123, -7.308087], [112.479208, -7.308089], [112.479263, -7.30808], [112.479337, -7.30808], [112.479385, -7.308115], [112.479425, -7.308127], [112.479466, -7.308124], [112.479613, -7.30812], [112.479727, -7.308114], [112.479764, -7.308107], [112.479809, -7.308087], [112.47986, -7.308087], [112.480025, -7.308105], [112.480104, -7.308109], [112.480155, -7.308129], [112.480162, -7.308143], [112.480168, -7.308158], [112.480188, -7.308202], [112.480245, -7.308537], [112.480246, -7.308886], [112.480243, -7.308978], [112.480174, -7.30916], [112.480141, -7.30918], [112.480085, -7.309186], [112.480038, -7.309199], [112.48003, -7.309231], [112.48003, -7.309263], [112.480057, -7.3094], [112.480075, -7.309464], [112.48012, -7.309521], [112.48012, -7.309537], [112.480098, -7.30956], [112.480042, -7.309576], [112.479906, -7.309589], [112.479881, -7.309602], [112.479877, -7.309628], [112.479877, -7.309736], [112.479836, -7.310085], [112.479813, -7.310492], [112.479826, -7.310509], [112.479849, -7.310514], [112.479898, -7.310531], [112.479918, -7.310562], [112.479932, -7.310698], [112.479975, -7.311019], [112.479985, -7.31103], [112.480002, -7.311042], [112.480024, -7.311053], [112.480057, -7.311064], [112.48008, -7.311072], [112.480093, -7.31109], [112.480096, -7.311115], [112.4801, -7.311163], [112.4801, -7.311231], [112.480097, -7.311262], [112.480117, -7.311277], [112.480133, -7.311279], [112.480159, -7.311279], [112.480189, -7.311279], [112.480225, -7.311279], [112.480248, -7.311285], [112.480274, -7.311313], [112.480291, -7.311358], [112.480293, -7.311556], [112.480279, -7.3117], [112.480202, -7.311888], [112.480188, -7.311971], [112.480196, -7.312064], [112.48021, -7.312169], [112.480229, -7.312334], [112.480216, -7.312555], [112.480182, -7.312902], [112.480109, -7.313376], [112.480114, -7.313501], [112.480131, -7.313616], [112.480127, -7.313691], [112.480123, -7.313778], [112.480048, -7.313967], [112.480022, -7.314049], [112.480016, -7.314168], [112.479998, -7.314624], [112.479979, -7.314851], [112.480003, -7.314957], [112.480006, -7.314984], [112.480003, -7.315004], [112.479996, -7.315015], [112.479952, -7.315027], [112.4799, -7.315036], [112.479867, -7.315049], [112.479856, -7.315058], [112.479854, -7.315081], [112.479859, -7.315101], [112.479875, -7.315128], [112.479885, -7.315146], [112.47989, -7.315161], [112.479885, -7.315186], [112.479844, -7.315213], [112.479816, -7.315236], [112.479808, -7.315263], [112.479791, -7.315309], [112.479797, -7.315352], [112.479797, -7.315367], [112.479826, -7.31539], [112.479873, -7.31542], [112.479887, -7.31544], [112.479887, -7.315468], [112.479867, -7.315506], [112.479847, -7.315521], [112.479795, -7.315561], [112.47974, -7.315657], [112.479662, -7.315852], [112.479674, -7.31592], [112.479691, -7.315972], [112.479692, -7.315993], [112.479606, -7.31619], [112.479483, -7.316494], [112.47947, -7.316551], [112.479473, -7.316616], [112.479559, -7.316942], [112.479573, -7.317067], [112.479541, -7.317139], [112.479539, -7.317176], [112.479539, -7.317212], [112.479547, -7.31725], [112.479547, -7.317358], [112.479545, -7.317399], [112.479534, -7.317437], [112.479489, -7.317489], [112.479457, -7.317541], [112.479455, -7.317562], [112.479468, -7.317692], [112.47947, -7.318232], [112.479509, -7.318317], [112.479552, -7.318353], [112.479558, -7.318415], [112.479511, -7.318857], [112.479493, -7.319067], [112.479455, -7.319244], [112.479482, -7.3193], [112.479497, -7.319375], [112.479494, -7.31945], [112.479441, -7.319579], [112.479369, -7.320326], [112.479371, -7.320511], [112.47941, -7.320574], [112.479417, -7.320608], [112.479412, -7.320654], [112.479365, -7.320779], [112.479358, -7.320848], [112.479374, -7.320868], [112.479408, -7.320876], [112.479441, -7.320878], [112.479466, -7.320886], [112.479486, -7.32093], [112.479492, -7.321127], [112.479474, -7.321235], [112.47942, -7.321441], [112.479243, -7.321971], [112.479218, -7.322059], [112.479177, -7.322137], [112.4791, -7.322215], [112.479013, -7.322298], [112.47899, -7.322331], [112.47899, -7.322396], [112.479014, -7.322531], [112.479057, -7.322582], [112.479121, -7.322596], [112.479272, -7.322646], [112.479295, -7.322689], [112.479346, -7.322833], [112.47941, -7.323099], [112.479452, -7.3232], [112.479565, -7.323388], [112.479565, -7.323428], [112.479542, -7.323552], [112.479527, -7.323679], [112.479527, -7.323714], [112.479553, -7.323746], [112.479626, -7.323809], [112.479638, -7.323844], [112.479638, -7.323879], [112.479638, -7.323917], [112.479634, -7.32397], [112.479627, -7.324075], [112.479635, -7.324117], [112.479712, -7.324275], [112.479804, -7.324436], [112.479804, -7.3245], [112.479786, -7.324684], [112.479776, -7.324741], [112.479821, -7.325026], [112.479865, -7.325257], [112.479891, -7.325288], [112.479916, -7.325307], [112.479949, -7.325329], [112.479953, -7.325358], [112.47995, -7.325427], [112.479829, -7.326188], [112.479804, -7.326896], [112.479789, -7.32736], [112.479763, -7.327694], [112.479774, -7.328356], [112.479768, -7.328376], [112.479723, -7.328376], [112.479534, -7.328368], [112.479157, -7.328358], [112.478697, -7.328343], [112.478489, -7.328357], [112.478123, -7.328395], [112.477599, -7.328508], [112.477243, -7.328595], [112.477144, -7.328525], [112.476962, -7.328414], [112.476648, -7.328415], [112.476374, -7.32848], [112.476344, -7.328622], [112.476332, -7.328673], [112.47636, -7.328735], [112.476375, -7.328808], [112.476366, -7.328885], [112.476339, -7.329066], [112.476333, -7.329106], [112.476306, -7.329153], [112.47629, -7.329185], [112.47629, -7.329213], [112.476303, -7.329251], [112.476275, -7.329294], [112.476302, -7.329382], [112.476279, -7.329432], [112.476268, -7.329482], [112.476279, -7.329602], [112.476355, -7.329821], [112.476387, -7.329848], [112.47647, -7.329915], [112.476522, -7.329927], [112.476605, -7.329915], [112.476732, -7.329884], [112.476769, -7.329889], [112.47679, -7.329914], [112.476804, -7.329969], [112.47683, -7.329994], [112.476856, -7.329996], [112.476899, -7.330001], [112.477003, -7.330013], [112.477066, -7.330013], [112.477115, -7.330003], [112.477227, -7.32996], [112.477279, -7.330022], [112.477576, -7.329991], [112.477724, -7.329969], [112.477888, -7.329961], [112.477997, -7.329964], [112.478033, -7.32999], [112.478068, -7.330242], [112.478055, -7.330291], [112.478048, -7.330304], [112.477994, -7.330324], [112.477994, -7.330342], [112.478, -7.330353], [112.478023, -7.330362], [112.478071, -7.330377], [112.478059, -7.330437], [112.478059, -7.330563], [112.478098, -7.330818], [112.478033, -7.331009], [112.478009, -7.331136], [112.477956, -7.331369], [112.47796, -7.331385], [112.477991, -7.331411], [112.477992, -7.33143], [112.47798, -7.33145], [112.477932, -7.33149], [112.477928, -7.331586], [112.477886, -7.331766], [112.477839, -7.332007], [112.477852, -7.332068], [112.478008, -7.332267], [112.478127, -7.332441], [112.478397, -7.332476], [112.478577, -7.332466], [112.478929, -7.332434], [112.479451, -7.332409], [112.4795, -7.332496], [112.479902, -7.33248], [112.479904, -7.332393], [112.480292, -7.332339], [112.480586, -7.332335], [112.480866, -7.332328], [112.481038, -7.332327], [112.481147, -7.332327], [112.481247, -7.332327], [112.48129, -7.33235], [112.481325, -7.332391], [112.48137, -7.33251], [112.481292, -7.333244], [112.481299, -7.333281], [112.481282, -7.333377], [112.481218, -7.33354], [112.481188, -7.333656], [112.481174, -7.33371], [112.481219, -7.333747], [112.481283, -7.333798], [112.481457, -7.333903], [112.481567, -7.333933], [112.481665, -7.333956], [112.481771, -7.33401], [112.48186, -7.334044], [112.481949, -7.334064], [112.481982, -7.334078], [112.482044, -7.334115], [112.482102, -7.334169], [112.482153, -7.334216], [112.482181, -7.334213], [112.482218, -7.334206], [112.482269, -7.334216], [112.48231, -7.33424], [112.482341, -7.33428], [112.482359, -7.334436], [112.482375, -7.334708], [112.482387, -7.334877], [112.482397, -7.334949], [112.482394, -7.33498], [112.482379, -7.335046], [112.482355, -7.335113], [112.482319, -7.335237], [112.482301, -7.335288], [112.482289, -7.335297], [112.482249, -7.335297], [112.482201, -7.335292], [112.48218, -7.335298], [112.48215, -7.335307], [112.482113, -7.335313], [112.48208, -7.335313], [112.482056, -7.335313], [112.482031, -7.335307], [112.482007, -7.335292], [112.481958, -7.335259], [112.481895, -7.335235], [112.481883, -7.335235], [112.481865, -7.335244], [112.481847, -7.335265], [112.481832, -7.335275], [112.481765, -7.335221], [112.481701, -7.335175], [112.481665, -7.335248], [112.48161, -7.335303], [112.481562, -7.335327], [112.481516, -7.335354], [112.481453, -7.335364], [112.481347, -7.335364], [112.481282, -7.335362], [112.48122, -7.335373], [112.481167, -7.335379], [112.481139, -7.335383], [112.481096, -7.335401], [112.481046, -7.335428], [112.481001, -7.335462], [112.480986, -7.335482], [112.48098, -7.335494], [112.480982, -7.335514], [112.481012, -7.335526], [112.481027, -7.335533], [112.48105, -7.335564], [112.481063, -7.335596], [112.481065, -7.335603], [112.481089, -7.3356], [112.481131, -7.335588], [112.481144, -7.335588], [112.481155, -7.335628], [112.481213, -7.335774], [112.481281, -7.335844], [112.481364, -7.335895], [112.481528, -7.335994], [112.48175, -7.3361], [112.481885, -7.336169], [112.482016, -7.336203], [112.482161, -7.336221], [112.482311, -7.336221], [112.482437, -7.336209], [112.482515, -7.336224], [112.482537, -7.336255], [112.482595, -7.33632], [112.482596, -7.336396], [112.482596, -7.336469], [112.482607, -7.336515], [112.482673, -7.336595], [112.48275, -7.33669], [112.482823, -7.33682], [112.482877, -7.33692], [112.482886, -7.336979], [112.482883, -7.337031], [112.482868, -7.337094], [112.482865, -7.337152], [112.482899, -7.337243], [112.482978, -7.337339], [112.482982, -7.337406], [112.483, -7.337412], [112.483091, -7.337436], [112.48314, -7.337445], [112.483173, -7.337481], [112.483173, -7.337529], [112.483222, -7.337584], [112.483283, -7.337629], [112.48338, -7.337699], [112.483538, -7.337795], [112.483648, -7.337853], [112.483706, -7.337871], [112.483739, -7.337861], [112.483806, -7.337822], [112.483937, -7.337694], [112.483961, -7.337649], [112.483966, -7.337618], [112.483966, -7.337591], [112.483957, -7.337545], [112.483948, -7.337506], [112.483948, -7.337473], [112.483957, -7.337467], [112.48399, -7.337494], [112.484061, -7.337557], [112.48417, -7.33759], [112.48427, -7.337593], [112.484379, -7.337607], [112.484458, -7.3376], [112.484567, -7.337567], [112.484601, -7.337561], [112.484601, -7.337618], [112.484603, -7.337715], [112.484604, -7.337776], [112.484614, -7.337831], [112.484626, -7.33784], [112.484632, -7.337831], [112.484658, -7.337794], [112.484665, -7.337785], [112.484684, -7.337776], [112.484802, -7.337842], [112.484909, -7.337912], [112.484993, -7.337954], [112.485004, -7.33796], [112.485032, -7.337978], [112.485047, -7.337987], [112.485047, -7.338012], [112.485037, -7.338063], [112.485022, -7.338097], [112.48502, -7.33813], [112.485023, -7.338161], [112.485023, -7.338191], [112.485041, -7.338221], [112.485063, -7.338257], [112.485133, -7.338312], [112.48516, -7.338331], [112.485169, -7.338346], [112.485171, -7.338356], [112.485166, -7.338375], [112.485145, -7.338398], [112.485122, -7.338419], [112.485105, -7.338441], [112.485109, -7.3385], [112.485127, -7.338586], [112.485134, -7.338647], [112.48514, -7.338662], [112.485167, -7.338667], [112.485211, -7.338665], [112.485296, -7.338661], [112.485336, -7.338646], [112.485382, -7.338642], [112.485414, -7.338665], [112.485466, -7.338767], [112.485488, -7.338816], [112.485501, -7.33884], [112.485507, -7.338872], [112.485507, -7.338899], [112.485507, -7.338935], [112.48551, -7.338964], [112.485515, -7.33897], [112.485547, -7.33897], [112.485575, -7.33897], [112.485594, -7.338977], [112.485594, -7.338988], [112.48558, -7.339002], [112.485569, -7.339018], [112.485572, -7.339042], [112.485567, -7.339056], [112.48555, -7.339064], [112.485541, -7.339083], [112.48554, -7.339107], [112.485532, -7.339143], [112.485532, -7.339186], [112.485537, -7.339221], [112.485532, -7.339248], [112.485494, -7.339316], [112.485477, -7.339347], [112.485469, -7.339367], [112.485468, -7.339386], [112.485474, -7.339402], [112.485487, -7.339427], [112.485503, -7.33946], [112.485484, -7.339504], [112.485439, -7.339609], [112.485417, -7.339666], [112.485411, -7.339718], [112.485411, -7.3398], [112.485414, -7.339851], [112.485421, -7.339894], [112.485441, -7.339961], [112.48548, -7.340045], [112.485526, -7.34012], [112.48556, -7.340182], [112.48556, -7.340192], [112.48556, -7.34022], [112.485551, -7.340412], [112.485529, -7.340688], [112.485527, -7.340811], [112.485529, -7.340849], [112.485525, -7.340868], [112.485506, -7.340911], [112.485489, -7.34093], [112.485463, -7.340937], [112.485424, -7.340939], [112.48539, -7.340939], [112.48536, -7.340946], [112.485328, -7.340944], [112.4853, -7.340933], [112.485251, -7.34089], [112.485195, -7.340854], [112.48515, -7.340835], [112.485092, -7.340799], [112.485066, -7.340791], [112.485031, -7.340788], [112.485006, -7.340797], [112.484972, -7.340838], [112.484917, -7.340949], [112.484875, -7.34104], [112.484863, -7.341074], [112.484845, -7.341114], [112.484815, -7.341156], [112.48475, -7.341211], [112.484623, -7.341318], [112.484556, -7.341404], [112.48454, -7.341419], [112.484531, -7.341416], [112.484495, -7.341392], [112.484446, -7.34135], [112.484415, -7.341343], [112.484397, -7.341343], [112.484385, -7.341356], [112.484369, -7.34138], [112.484333, -7.341493], [112.484309, -7.341566], [112.484294, -7.341606], [112.484276, -7.341618], [112.484166, -7.341685], [112.484041, -7.341765], [112.483934, -7.341823], [112.483891, -7.341833], [112.483858, -7.341845], [112.483849, -7.341854], [112.483846, -7.341866], [112.483967, -7.342097], [112.484091, -7.342357], [112.484099, -7.342404], [112.484089, -7.34244], [112.483935, -7.342602], [112.483896, -7.342662], [112.483899, -7.342689], [112.483909, -7.342884], [112.483905, -7.343698], [112.48391, -7.343807], [112.483911, -7.343907], [112.483895, -7.343932], [112.483878, -7.343937], [112.483821, -7.343948], [112.48368, -7.343989], [112.483588, -7.344041], [112.483579, -7.344045], [112.483563, -7.344045], [112.483554, -7.344043], [112.483544, -7.344017], [112.483531, -7.343977], [112.483514, -7.343971], [112.483502, -7.343975], [112.483483, -7.344], [112.483457, -7.344065], [112.483415, -7.344139], [112.483388, -7.344191], [112.483384, -7.344206], [112.483396, -7.344231], [112.483419, -7.344257], [112.483438, -7.344289], [112.483436, -7.344309], [112.483415, -7.344334], [112.483379, -7.344368], [112.483215, -7.344563], [112.483126, -7.344691], [112.483012, -7.344808], [112.482942, -7.344887], [112.482885, -7.344947], [112.482872, -7.344963], [112.48285, -7.344982], [112.48283, -7.345065], [112.482794, -7.345181], [112.48276, -7.3453], [112.482737, -7.345379], [112.482732, -7.345399], [112.482725, -7.345408], [112.482705, -7.345418], [112.482688, -7.345423], [112.482667, -7.345435], [112.482659, -7.345447], [112.482655, -7.345495], [112.482638, -7.345524], [112.482626, -7.345544], [112.482609, -7.345611], [112.48258, -7.345691], [112.482573, -7.345722], [112.482559, -7.345751], [112.482551, -7.345786], [112.482593, -7.346039], [112.48259, -7.346064], [112.482586, -7.346082], [112.482571, -7.34609], [112.482552, -7.34609], [112.482517, -7.346073], [112.482449, -7.346029], [112.482405, -7.346003], [112.482377, -7.345996], [112.482369, -7.346005], [112.482367, -7.346022], [112.482371, -7.346059], [112.482373, -7.346084], [112.482369, -7.3461], [112.482354, -7.346108], [112.482268, -7.346147], [112.482161, -7.346205], [112.482127, -7.346246], [112.482129, -7.346296], [112.482147, -7.346558], [112.48214, -7.346625], [112.48213, -7.346659], [112.482113, -7.346669], [112.482061, -7.3467], [112.48203, -7.346718], [112.48203, -7.346731], [112.482001, -7.347001], [112.481993, -7.347071], [112.481911, -7.347488], [112.481877, -7.347626], [112.481715, -7.347614], [112.481678, -7.347617], [112.481651, -7.34763], [112.481648, -7.347639], [112.481624, -7.347856], [112.481618, -7.347892], [112.481609, -7.347911], [112.481588, -7.347917], [112.481514, -7.347951], [112.48134, -7.348021], [112.481225, -7.348072], [112.481081, -7.348149], [112.481003, -7.348184], [112.480986, -7.348188], [112.48094, -7.348193], [112.480906, -7.348201], [112.480873, -7.348213], [112.480862, -7.348222], [112.480846, -7.348249], [112.480839, -7.348282], [112.480826, -7.348333], [112.480809, -7.348501], [112.480798, -7.348681], [112.480802, -7.34895], [112.480805, -7.349096], [112.480806, -7.349153], [112.480491, -7.349186], [112.480052, -7.349247], [112.479598, -7.349326], [112.478978, -7.349423], [112.478941, -7.34943], [112.47884, -7.349449], [112.478836, -7.349669], [112.478836, -7.349761], [112.478812, -7.349772], [112.478763, -7.349772], [112.47863, -7.349793], [112.478599, -7.349801], [112.478593, -7.349805], [112.478572, -7.350236], [112.47856, -7.350318], [112.478571, -7.350485], [112.478576, -7.350555], [112.478547, -7.35062], [112.478506, -7.350698], [112.478496, -7.350715], [112.478467, -7.350734], [112.478421, -7.350754], [112.478339, -7.350776], [112.478247, -7.350803], [112.478102, -7.350844], [112.47787, -7.350913], [112.477769, -7.350952], [112.477743, -7.350968], [112.477719, -7.350985], [112.477685, -7.351017], [112.477666, -7.351095], [112.477631, -7.351131], [112.477586, -7.351192], [112.477561, -7.351256], [112.477525, -7.35133], [112.477513, -7.351352], [112.477501, -7.351354], [112.477441, -7.351359], [112.477421, -7.351367], [112.477385, -7.351384], [112.477383, -7.351409], [112.477378, -7.351502], [112.477375, -7.351536], [112.477368, -7.351546], [112.47717, -7.351769], [112.477049, -7.351924], [112.476943, -7.352048], [112.476849, -7.352143], [112.476768, -7.352251], [112.476706, -7.352348], [112.476673, -7.352402], [112.476663, -7.352438], [112.476661, -7.352488], [112.476657, -7.352539], [112.476657, -7.352576], [112.476657, -7.352597], [112.476657, -7.352617], [112.47664, -7.352643], [112.476611, -7.352662], [112.476478, -7.35277], [112.476394, -7.352844], [112.47633, -7.352896], [112.476302, -7.352922], [112.476298, -7.352928], [112.476042, -7.352887], [112.475521, -7.352885], [112.475193, -7.35292], [112.47489, -7.352922], [112.474538, -7.352924], [112.474304, -7.352978], [112.474148, -7.352999], [112.473898, -7.353023], [112.473638, -7.353031], [112.473597, -7.353003], [112.473013, -7.353208], [112.472964, -7.353919], [112.47294, -7.354249], [112.472917, -7.355214], [112.472868, -7.355697], [112.472971, -7.356026], [112.473074, -7.356381], [112.473965, -7.356582], [112.474437, -7.356576], [112.475127, -7.356567], [112.475318, -7.356565], [112.475682, -7.356601], [112.475835, -7.356627], [112.476036, -7.35667], [112.476531, -7.356725], [112.47664, -7.356729], [112.476771, -7.356724], [112.476861, -7.356708], [112.47691, -7.356721], [112.476954, -7.35674], [112.477042, -7.356819], [112.477064, -7.356841], [112.477064, -7.356863], [112.477075, -7.356914], [112.477215, -7.357056], [112.477457, -7.357263], [112.477539, -7.357333], [112.477871, -7.357553], [112.478003, -7.357664], [112.478032, -7.357698], [112.478087, -7.358013], [112.478131, -7.358301], [112.478196, -7.358528], [112.478289, -7.358745], [112.478379, -7.358923], [112.478441, -7.359021], [112.478442, -7.359112], [112.47841, -7.359321], [112.478369, -7.359456], [112.47837, -7.359525], [112.47837, -7.359608], [112.478377, -7.359656], [112.478405, -7.359691], [112.478467, -7.359697], [112.478609, -7.359676], [112.47879, -7.359665], [112.478907, -7.359661], [112.478928, -7.359668], [112.478935, -7.359679], [112.478946, -7.359706], [112.479018, -7.360216], [112.479045, -7.360451], [112.479058, -7.360534], [112.479119, -7.36058], [112.479157, -7.360648], [112.479179, -7.360743], [112.479185, -7.360875], [112.479182, -7.360912], [112.479176, -7.360946], [112.479179, -7.360977], [112.479229, -7.361211], [112.479311, -7.361541], [112.479549, -7.362211], [112.479602, -7.362395], [112.479609, -7.362433], [112.479602, -7.362471], [112.479574, -7.362571], [112.479495, -7.362775], [112.479491, -7.362889], [112.479505, -7.36323], [112.479514, -7.363323], [112.479519, -7.363353], [112.479528, -7.363393], [112.479537, -7.363441], [112.479524, -7.36352], [112.479516, -7.363656], [112.479507, -7.363765], [112.479499, -7.363831], [112.479481, -7.363853], [112.479446, -7.363906], [112.47942, -7.363971], [112.479407, -7.364024], [112.479416, -7.364077], [112.479482, -7.364195], [112.479491, -7.364269], [112.479444, -7.364519], [112.479665, -7.364622], [112.479802, -7.364672], [112.479864, -7.364715], [112.479895, -7.364829], [112.479926, -7.364983], [112.479927, -7.365009], [112.479878, -7.365044], [112.479804, -7.365066], [112.479711, -7.365093], [112.479602, -7.365124], [112.479571, -7.365137], [112.479473, -7.365807], [112.479442, -7.366051], [112.479436, -7.366106], [112.479436, -7.366146], [112.479451, -7.366158], [112.479513, -7.366158], [112.479621, -7.366142], [112.479668, -7.366142], [112.479683, -7.366151], [112.47968, -7.366232], [112.479573, -7.366522], [112.479524, -7.366812], [112.479517, -7.366913], [112.479511, -7.366937], [112.4795, -7.366958], [112.479462, -7.366972], [112.479316, -7.366972], [112.479139, -7.367001], [112.478878, -7.367081], [112.4786, -7.367197], [112.478319, -7.367319], [112.478162, -7.36741], [112.478063, -7.367474], [112.478037, -7.36749], [112.477893, -7.367594], [112.477846, -7.367652], [112.477847, -7.367711], [112.477934, -7.367917], [112.478037, -7.368115], [112.478171, -7.368352], [112.478208, -7.368401], [112.478247, -7.368464], [112.478247, -7.368503], [112.47824, -7.368538], [112.47824, -7.368565], [112.478244, -7.368601], [112.478263, -7.368632], [112.478268, -7.368675], [112.478256, -7.368718], [112.478185, -7.36878], [112.478092, -7.368882], [112.478041, -7.368945], [112.478036, -7.368958], [112.477994, -7.369051], [112.477975, -7.36914], [112.477935, -7.369233], [112.477917, -7.369274], [112.477858, -7.369324], [112.477788, -7.36936], [112.477741, -7.369387], [112.477733, -7.369403], [112.477787, -7.369604], [112.47785, -7.369772], [112.477947, -7.36995], [112.477997, -7.370026], [112.478173, -7.37026], [112.478073, -7.370346], [112.478055, -7.370372], [112.478042, -7.370372], [112.477985, -7.370337], [112.47794, -7.370324], [112.477874, -7.37032], [112.477733, -7.370321], [112.477526, -7.370361], [112.477456, -7.370383], [112.477425, -7.370396], [112.477407, -7.370423], [112.477399, -7.370471], [112.477394, -7.370546], [112.47736, -7.370621], [112.477311, -7.370669], [112.477304, -7.370674], [112.477285, -7.370687], [112.477245, -7.3707], [112.477201, -7.370701], [112.477135, -7.370701], [112.477117, -7.370705], [112.477109, -7.370723], [112.477113, -7.370732], [112.477135, -7.370749], [112.477175, -7.370771], [112.477179, -7.370793], [112.477179, -7.370815], [112.477131, -7.370846], [112.477096, -7.370864], [112.47699, -7.370899], [112.476928, -7.370921], [112.476849, -7.37093], [112.476809, -7.37093], [112.476748, -7.370935], [112.476704, -7.370935], [112.476664, -7.37094], [112.476651, -7.370953], [112.476651, -7.370966], [112.476664, -7.370993], [112.476762, -7.371089], [112.47688, -7.371208], [112.476921, -7.371273], [112.476965, -7.371372], [112.476971, -7.371403], [112.476968, -7.371421], [112.476946, -7.371446], [112.476807, -7.371496], [112.476692, -7.371558], [112.476581, -7.371611], [112.476541, -7.371633], [112.476528, -7.37168], [112.476522, -7.371698], [112.476479, -7.371698], [112.476358, -7.371699], [112.476181, -7.37169], [112.476042, -7.371694], [112.476033, -7.371842], [112.475722, -7.371726], [112.475589, -7.371673], [112.47557, -7.371673], [112.475558, -7.371695], [112.475558, -7.37172], [112.475549, -7.371757], [112.47554, -7.371773], [112.475515, -7.371779], [112.475468, -7.371776], [112.475351, -7.371767], [112.474787, -7.371633], [112.474516, -7.371634], [112.474351, -7.371723], [112.47433, -7.371734], [112.474174, -7.371877], [112.474103, -7.372063], [112.474075, -7.372448], [112.474119, -7.372761], [112.474149, -7.37296], [112.474353, -7.373185], [112.474407, -7.373244], [112.474664, -7.373357], [112.475143, -7.373489], [112.475312, -7.373559], [112.475454, -7.373671], [112.475637, -7.373798], [112.475728, -7.373923], [112.475763, -7.374045], [112.475776, -7.374156], [112.475776, -7.374231], [112.475768, -7.374278], [112.475752, -7.374317], [112.475737, -7.374376], [112.4757, -7.374423], [112.475617, -7.374476], [112.475584, -7.374493], [112.475548, -7.374529], [112.475536, -7.374548], [112.475518, -7.374575], [112.47551, -7.3746], [112.475493, -7.374642], [112.475486, -7.374672], [112.475486, -7.374733], [112.475491, -7.374785], [112.475502, -7.374823], [112.475522, -7.374884], [112.47555, -7.374928], [112.475591, -7.374977], [112.47565, -7.375035], [112.475724, -7.375087], [112.475763, -7.375101], [112.475815, -7.375109], [112.475857, -7.375114], [112.47592, -7.375114], [112.475989, -7.375094], [112.476053, -7.375083], [112.476113, -7.37508], [112.476119, -7.37508], [112.476183, -7.37508], [112.476279, -7.375096], [112.476363, -7.37513], [112.476429, -7.375169], [112.476446, -7.37522], [112.476464, -7.375337], [112.476492, -7.375524], [112.476509, -7.37567], [112.476518, -7.375718], [112.476521, -7.375744], [112.476523, -7.375762], [112.476577, -7.37577], [112.476608, -7.375788], [112.476621, -7.375812], [112.47665, -7.375888], [112.476682, -7.375977], [112.476706, -7.376103], [112.476722, -7.376215], [112.476742, -7.376351], [112.476765, -7.376418], [112.476789, -7.376474], [112.47682, -7.376513], [112.476841, -7.376532], [112.476849, -7.376554], [112.476861, -7.3767], [112.476861, -7.376759], [112.476873, -7.376802], [112.476898, -7.376845], [112.476929, -7.376876], [112.476969, -7.376913], [112.476984, -7.376931], [112.476988, -7.376946], [112.476988, -7.376979], [112.476974, -7.377072], [112.476939, -7.377228], [112.476924, -7.377372], [112.476918, -7.377464], [112.476921, -7.37754], [112.476928, -7.377586], [112.476923, -7.377642], [112.47691, -7.37768], [112.476891, -7.377701], [112.476869, -7.377721], [112.476836, -7.377739], [112.476814, -7.377763], [112.476815, -7.37778], [112.476817, -7.377804], [112.476832, -7.37785], [112.476844, -7.377933], [112.476848, -7.377985], [112.476833, -7.378024], [112.476818, -7.378059], [112.476778, -7.378116], [112.476756, -7.378135], [112.476742, -7.37816], [112.476736, -7.378174], [112.47672, -7.378202], [112.476715, -7.378224], [112.476725, -7.37825], [112.476726, -7.378251], [112.476765, -7.378287], [112.4769, -7.378413], [112.476978, -7.378468], [112.477069, -7.378531], [112.477122, -7.378584], [112.47718, -7.378649], [112.477241, -7.378729], [112.477311, -7.378813], [112.477345, -7.378893], [112.477361, -7.378946], [112.477414, -7.379005], [112.477517, -7.37906], [112.477613, -7.379104], [112.477695, -7.37914], [112.477785, -7.37919], [112.477838, -7.379233], [112.477888, -7.379286], [112.47791, -7.379342], [112.477927, -7.379381], [112.477928, -7.379418], [112.477926, -7.379459], [112.477923, -7.379477], [112.4779, -7.379505], [112.47786, -7.379558], [112.477799, -7.379617], [112.477749, -7.379654], [112.477692, -7.379691], [112.477633, -7.379718], [112.477601, -7.379733], [112.477563, -7.379742], [112.477449, -7.379768], [112.477371, -7.379775], [112.477351, -7.379793], [112.477276, -7.380064], [112.477259, -7.380177], [112.477248, -7.380268], [112.477249, -7.38031], [112.477254, -7.380379], [112.477285, -7.380489], [112.477335, -7.380588], [112.477405, -7.380761], [112.477447, -7.380864], [112.47746, -7.380915], [112.47746, -7.380943], [112.47746, -7.380965], [112.477455, -7.380982], [112.477443, -7.381006], [112.477413, -7.381024], [112.477374, -7.381034], [112.477354, -7.381039], [112.477315, -7.381039], [112.47727, -7.381039], [112.477238, -7.381034], [112.477219, -7.381025], [112.477137, -7.380985], [112.47709, -7.380981], [112.477051, -7.380983], [112.477014, -7.380996], [112.477002, -7.381018], [112.476985, -7.381082], [112.476951, -7.381219], [112.476929, -7.381276], [112.476919, -7.381298], [112.476907, -7.381318], [112.476873, -7.38132], [112.476831, -7.381321], [112.476771, -7.381321], [112.476715, -7.381323], [112.476673, -7.381332], [112.47657, -7.381385], [112.476459, -7.381452], [112.476364, -7.381516], [112.476331, -7.381528], [112.476308, -7.38153], [112.476232, -7.381503], [112.476142, -7.381449], [112.476023, -7.381389], [112.475992, -7.381389], [112.475976, -7.381391], [112.475959, -7.381403], [112.475953, -7.381428], [112.475957, -7.381543], [112.475969, -7.381679], [112.475995, -7.381778], [112.476024, -7.381828], [112.476058, -7.381867], [112.476104, -7.381913], [112.476136, -7.381948], [112.476145, -7.381979], [112.476145, -7.382006], [112.476135, -7.382035], [112.476121, -7.382062], [112.476104, -7.382077], [112.476085, -7.3821], [112.476046, -7.382117], [112.476029, -7.382126], [112.476017, -7.382138], [112.476007, -7.382152], [112.476007, -7.382164], [112.476031, -7.382183], [112.476047, -7.38219], [112.476109, -7.382205], [112.476171, -7.382219], [112.476227, -7.382234], [112.476248, -7.382253], [112.47629, -7.382282], [112.476335, -7.382317], [112.476353, -7.382349], [112.476363, -7.382371], [112.476385, -7.38242], [112.476393, -7.382506], [112.476388, -7.382607], [112.476361, -7.382693], [112.476315, -7.382794], [112.476268, -7.382871], [112.476224, -7.382952], [112.476175, -7.383004], [112.476131, -7.383048], [112.476081, -7.38307], [112.476046, -7.383085], [112.476002, -7.383105], [112.475987, -7.38312], [112.475977, -7.383135], [112.47597, -7.383174], [112.475977, -7.383233], [112.475978, -7.38327], [112.475973, -7.3833], [112.475956, -7.383327], [112.475946, -7.383339], [112.475929, -7.383342], [112.475899, -7.383339], [112.475882, -7.38333], [112.475864, -7.383312], [112.475829, -7.383283], [112.475815, -7.383261], [112.475785, -7.383241], [112.47576, -7.383237], [112.475748, -7.383251], [112.475751, -7.383276], [112.475771, -7.38332], [112.4758, -7.38335], [112.47583, -7.383389], [112.475869, -7.383406], [112.475914, -7.383418], [112.475954, -7.383443], [112.47601, -7.383479], [112.476043, -7.383511], [112.476063, -7.383541], [112.476065, -7.383575], [112.47605, -7.383607], [112.476021, -7.383674], [112.475989, -7.383731], [112.47595, -7.38379], [112.47592, -7.383829], [112.475905, -7.383859], [112.475896, -7.383888], [112.475891, -7.383908], [112.475903, -7.383916], [112.47592, -7.383916], [112.475965, -7.383876], [112.476021, -7.383841], [112.476071, -7.383824], [112.476081, -7.383821], [112.476105, -7.383821], [112.476118, -7.383826], [112.476147, -7.383851], [112.476175, -7.383887], [112.476207, -7.383959], [112.476231, -7.384097], [112.476228, -7.3842], [112.476237, -7.384259], [112.476284, -7.384331], [112.476344, -7.384405], [112.476347, -7.384446], [112.476344, -7.384474], [112.476322, -7.384524], [112.476263, -7.384577], [112.476211, -7.384597], [112.476152, -7.384632], [112.476117, -7.384656], [112.476091, -7.38469], [112.47608, -7.384718], [112.476054, -7.384771], [112.476038, -7.384817], [112.476023, -7.384845], [112.476006, -7.38487], [112.475986, -7.384881], [112.475955, -7.384885], [112.475929, -7.384885], [112.475872, -7.384881], [112.475839, -7.384872], [112.475799, -7.384862], [112.475762, -7.384862], [112.475729, -7.384868], [112.475709, -7.384888], [112.475698, -7.384901], [112.475689, -7.384949], [112.475689, -7.385008], [112.475687, -7.385071], [112.475687, -7.385115], [112.47569, -7.38515], [112.47569, -7.385188], [112.475714, -7.38524], [112.475767, -7.385246], [112.475817, -7.385244], [112.475897, -7.385248], [112.475949, -7.385248], [112.475998, -7.385252], [112.476037, -7.38527], [112.476062, -7.385298], [112.47608, -7.385338], [112.47609, -7.38538], [112.47609, -7.385412], [112.47609, -7.385429], [112.476105, -7.385451], [112.476154, -7.385466], [112.476328, -7.385529], [112.476579, -7.385633], [112.476623, -7.385644], [112.476634, -7.385655], [112.476663, -7.385716], [112.476712, -7.385806], [112.476756, -7.3859], [112.476814, -7.385955], [112.476858, -7.385999], [112.476987, -7.386029], [112.47714, -7.386078], [112.477179, -7.386101], [112.477191, -7.386126], [112.477201, -7.386189], [112.477209, -7.386253], [112.477215, -7.3863], [112.477223, -7.386341], [112.477231, -7.386372], [112.477252, -7.386403], [112.477334, -7.386425], [112.477456, -7.386452], [112.47753, -7.386475], [112.477552, -7.386486], [112.477566, -7.386521], [112.477578, -7.386564], [112.477581, -7.386619], [112.477621, -7.386749], [112.477671, -7.386873], [112.477703, -7.386922], [112.477755, -7.386974], [112.477848, -7.387105], [112.477955, -7.38721], [112.477991, -7.38726], [112.478005, -7.38729], [112.478021, -7.387336], [112.47804, -7.387397], [112.478046, -7.387436], [112.478039, -7.387461], [112.478026, -7.387521], [112.477996, -7.387582], [112.477967, -7.387649], [112.477956, -7.387682], [112.477956, -7.387712], [112.47796, -7.387723], [112.477977, -7.387766], [112.478077, -7.387893], [112.478143, -7.387971], [112.478161, -7.388009], [112.478161, -7.388037], [112.478163, -7.388066], [112.478163, -7.38809], [112.478148, -7.388138], [112.478129, -7.388182], [112.478089, -7.388215], [112.478058, -7.388229], [112.478027, -7.388233], [112.477997, -7.388244], [112.477913, -7.388258], [112.477812, -7.388265], [112.477633, -7.388284], [112.477583, -7.388296], [112.477555, -7.38831], [112.477516, -7.388332], [112.477447, -7.388412], [112.477398, -7.388518], [112.477367, -7.388618], [112.477365, -7.388625], [112.477356, -7.38865], [112.477358, -7.388691], [112.477368, -7.388736], [112.477399, -7.38877], [112.477441, -7.388816], [112.477498, -7.388901], [112.477559, -7.389012], [112.477596, -7.389095], [112.477614, -7.389221], [112.477611, -7.389421], [112.477608, -7.389483], [112.477618, -7.38951], [112.477644, -7.389529], [112.477699, -7.389551], [112.477791, -7.389568], [112.47785, -7.389589], [112.477885, -7.389617], [112.477894, -7.389635], [112.477896, -7.389697], [112.477882, -7.389875], [112.477875, -7.390014], [112.477882, -7.390079], [112.477891, -7.390123], [112.477898, -7.390163], [112.477918, -7.390179], [112.477973, -7.390189], [112.478037, -7.390202], [112.478389, -7.390257], [112.478565, -7.390306], [112.478663, -7.390348], [112.478702, -7.390364], [112.478747, -7.3904], [112.478819, -7.390484], [112.478993, -7.390664], [112.479142, -7.390843], [112.479294, -7.391086], [112.479373, -7.391213], [112.479408, -7.391273], [112.479447, -7.391283], [112.479486, -7.391279], [112.479535, -7.391276], [112.479599, -7.391266], [112.479667, -7.391272], [112.479691, -7.391281], [112.479707, -7.391287], [112.479797, -7.3913], [112.479822, -7.391285], [112.479853, -7.391256], [112.47986, -7.391251], [112.479937, -7.391192], [112.480019, -7.391156], [112.480163, -7.39114], [112.480271, -7.391146], [112.480373, -7.391167], [112.480467, -7.391194], [112.480562, -7.391245], [112.480604, -7.391282], [112.480649, -7.391332], [112.480681, -7.391393], [112.480688, -7.391428], [112.480692, -7.391471], [112.480694, -7.391501], [112.480694, -7.391527], [112.480692, -7.391557], [112.480689, -7.391578], [112.480673, -7.391602], [112.480659, -7.391621], [112.480645, -7.39163], [112.480616, -7.391642], [112.480593, -7.391653], [112.480577, -7.39167], [112.480567, -7.391691], [112.480572, -7.391714], [112.480589, -7.39174], [112.480632, -7.391804], [112.480676, -7.391862], [112.480705, -7.391913], [112.480733, -7.391978], [112.480733, -7.392035], [112.480736, -7.392127], [112.480738, -7.392196], [112.480742, -7.392262], [112.480762, -7.392354], [112.480803, -7.392489], [112.480871, -7.392625], [112.480951, -7.392754], [112.480972, -7.392787], [112.480997, -7.392827], [112.481029, -7.392867], [112.481048, -7.392909], [112.481059, -7.392968], [112.481059, -7.393047], [112.481025, -7.393189], [112.480977, -7.39331], [112.480944, -7.393378], [112.480939, -7.39342], [112.480942, -7.393592], [112.480942, -7.393612], [112.480962, -7.393643], [112.480989, -7.393661], [112.48106, -7.3937], [112.48112, -7.393729], [112.481128, -7.393759], [112.481122, -7.393837], [112.481098, -7.393904], [112.481098, -7.393937], [112.481106, -7.393963], [112.481124, -7.393962], [112.481161, -7.393931], [112.481204, -7.393907], [112.481279, -7.393874], [112.481371, -7.393867], [112.481448, -7.39387], [112.481528, -7.393881], [112.48163, -7.393927], [112.481702, -7.393955], [112.48172, -7.393972], [112.481724, -7.394019], [112.481724, -7.394072], [112.481718, -7.394156], [112.481707, -7.394259], [112.481695, -7.394361], [112.48168, -7.394475], [112.481656, -7.394553], [112.481656, -7.394591], [112.481698, -7.394635], [112.481865, -7.394666], [112.482104, -7.394714], [112.482178, -7.394729], [112.482253, -7.394751], [112.482284, -7.394773], [112.482339, -7.394815], [112.482366, -7.394837], [112.482401, -7.394859], [112.482455, -7.394859], [112.482517, -7.394859], [112.482528, -7.394843], [112.482549, -7.394814], [112.482567, -7.39479], [112.482598, -7.394697], [112.482615, -7.394613], [112.482648, -7.394545], [112.48267, -7.394509], [112.4827, -7.394472], [112.482748, -7.394469], [112.482801, -7.394513], [112.482959, -7.394675], [112.483161, -7.394807], [112.48322, -7.394837], [112.483218, -7.394864], [112.483196, -7.394924], [112.483159, -7.394954], [112.483161, -7.394986], [112.483179, -7.395026], [112.483214, -7.395063], [112.483309, -7.395169], [112.483374, -7.395264], [112.483566, -7.395425], [112.483609, -7.395503], [112.483673, -7.395682], [112.484234, -7.396761], [112.48431, -7.396922], [112.484391, -7.397068], [112.484477, -7.397274], [112.484508, -7.397324], [112.484528, -7.397384], [112.484543, -7.397404], [112.484443, -7.397435], [112.484417, -7.39745], [112.484397, -7.39747], [112.484397, -7.39749], [112.484397, -7.39754], [112.484433, -7.397701], [112.484494, -7.397862], [112.48455, -7.397952], [112.48455, -7.397952], [112.484611, -7.398033], [112.484646, -7.398123], [112.484748, -7.398233], [112.484798, -7.398447], [112.484798, -7.398512], [112.484791, -7.398548], [112.484741, -7.398562], [112.484683, -7.39857], [112.484597, -7.39857], [112.484424, -7.398513], [112.484237, -7.398464], [112.484114, -7.398449], [112.484085, -7.39845], [112.484028, -7.398457], [112.484006, -7.398493], [112.484014, -7.398536], [112.484035, -7.398608], [112.484079, -7.398694], [112.484107, -7.398788], [112.484021, -7.398849], [112.484001, -7.39891], [112.483996, -7.39896], [112.483996, -7.399006], [112.484012, -7.399026], [112.484032, -7.399046], [112.484143, -7.399086], [112.484219, -7.399101], [112.484296, -7.399556], [112.483986, -7.399614], [112.484004, -7.399911], [112.483442, -7.399998], [112.483202, -7.400024], [112.48329, -7.400328], [112.483296, -7.400483], [112.483313, -7.400807], [112.483314, -7.400875], [112.483322, -7.400891], [112.483326, -7.400982], [112.483342, -7.401026], [112.483454, -7.401082], [112.483487, -7.401154], [112.48351, -7.401284], [112.483517, -7.401323], [112.483532, -7.401394], [112.483557, -7.401458], [112.483592, -7.401521], [112.483632, -7.401546], [112.483721, -7.401578], [112.483839, -7.401606], [112.483974, -7.401648], [112.484106, -7.401693], [112.48431, -7.401774], [112.484399, -7.401814], [112.484468, -7.401847], [112.484498, -7.401864], [112.484502, -7.40188], [112.48452, -7.401933], [112.484559, -7.402136], [112.484575, -7.402193], [112.484619, -7.402318], [112.484695, -7.402436], [112.484748, -7.402517], [112.484858, -7.402619], [112.484957, -7.402698], [112.484994, -7.402741], [112.485011, -7.402792], [112.485005, -7.40284], [112.485005, -7.402907], [112.485006, -7.402986], [112.485009, -7.403023], [112.485023, -7.403087], [112.485037, -7.403141], [112.485093, -7.403247], [112.485197, -7.403344], [112.485266, -7.403434], [112.485326, -7.403505], [112.485346, -7.403541], [112.48535, -7.403581], [112.485352, -7.403632], [112.485339, -7.403682], [112.485278, -7.403765], [112.485238, -7.403793], [112.485222, -7.403814], [112.485221, -7.403846], [112.485222, -7.403847], [112.485245, -7.40386], [112.485267, -7.403867], [112.485325, -7.403867], [112.485411, -7.403854], [112.485549, -7.403841], [112.485744, -7.403851], [112.485915, -7.40386], [112.486042, -7.403862], [112.486109, -7.403856], [112.486395, -7.403842], [112.48708, -7.403801], [112.487393, -7.403736], [112.488096, -7.403688], [112.48811, -7.403645], [112.488121, -7.403232], [112.488128, -7.40317], [112.488218, -7.403161], [112.488245, -7.402946], [112.488262, -7.402886], [112.48837, -7.40289], [112.488375, -7.402198], [112.48844, -7.402166], [112.488496, -7.40213], [112.488508, -7.402107], [112.488507, -7.402062], [112.488516, -7.40202], [112.488524, -7.401974], [112.488527, -7.401921], [112.488604, -7.401474], [112.488629, -7.401438], [112.488679, -7.401406], [112.488715, -7.40137], [112.488732, -7.401335], [112.488761, -7.401196], [112.488774, -7.401017], [112.488824, -7.400885], [112.489185, -7.399948], [112.489315, -7.399596], [112.489342, -7.399446], [112.489358, -7.399402], [112.489544, -7.399477], [112.489656, -7.399501], [112.489717, -7.399497], [112.489797, -7.399521], [112.489882, -7.399528], [112.489958, -7.39952], [112.490113, -7.399495], [112.49023, -7.399499], [112.490267, -7.399472], [112.490325, -7.399418], [112.490379, -7.39935], [112.490465, -7.399282], [112.490669, -7.39929], [112.49094, -7.399303], [112.491316, -7.399293], [112.491564, -7.399284], [112.491882, -7.399304], [112.491917, -7.399058], [112.491978, -7.399071], [112.492139, -7.399107], [112.49334, -7.39933], [112.49338, -7.399337], [112.493535, -7.399362], [112.493615, -7.399384], [112.493621, -7.399493], [112.493636, -7.399818], [112.493552, -7.399973], [112.493415, -7.401242], [112.493401, -7.40166], [112.493437, -7.401971], [112.493451, -7.402195], [112.493457, -7.402313], [112.493503, -7.402675], [112.49363, -7.404111], [112.493736, -7.405318], [112.493931, -7.406915], [112.493977, -7.40715], [112.493982, -7.407212], [112.493996, -7.407423], [112.494012, -7.407464], [112.494192, -7.407765], [112.494503, -7.408335], [112.494562, -7.408444], [112.494567, -7.40847], [112.494597, -7.408509], [112.494607, -7.408522], [112.494464, -7.408613], [112.49422, -7.408805], [112.493996, -7.408981], [112.493683, -7.409253], [112.492973, -7.4099], [112.492432, -7.410219], [112.492424, -7.410224], [112.492412, -7.410225], [112.492134, -7.410254], [112.491833, -7.410285], [112.4918, -7.410288], [112.491798, -7.410289], [112.491211, -7.410128], [112.490189, -7.409719], [112.488914, -7.40938], [112.488813, -7.409357], [112.487939, -7.409163], [112.487686, -7.409107], [112.486275, -7.409009], [112.485062, -7.409225], [112.484169, -7.409757], [112.483513, -7.410325], [112.483374, -7.410507], [112.483093, -7.410875], [112.483078, -7.410948], [112.483035, -7.411159], [112.482971, -7.411476], [112.482973, -7.411482], [112.483072, -7.411799], [112.483127, -7.411975], [112.4832, -7.412212], [112.483215, -7.413217], [112.483231, -7.414156], [112.483323, -7.414471], [112.483604, -7.415434], [112.483717, -7.416454], [112.483726, -7.41654], [112.483568, -7.416975], [112.483543, -7.417045], [112.482834, -7.417848], [112.48242, -7.418574], [112.482216, -7.418931], [112.481807, -7.419251], [112.481743, -7.419301], [112.481492, -7.41938], [112.480904, -7.419564], [112.480848, -7.419572], [112.480087, -7.41968], [112.479558, -7.419847], [112.478867, -7.420197], [112.47818, -7.420982], [112.478002, -7.421144], [112.477862, -7.421273], [112.477554, -7.421554], [112.47699, -7.42185], [112.476296, -7.422275], [112.47625, -7.422304], [112.475483, -7.422874], [112.474838, -7.423353], [112.473877, -7.424212], [112.473595, -7.424712], [112.473541, -7.425386], [112.473679, -7.426352], [112.473755, -7.426626], [112.473755, -7.426628], [112.473892, -7.427099], [112.474068, -7.42786], [112.474061, -7.427903], [112.473976, -7.428441], [112.473619, -7.428917], [112.473473, -7.429113], [112.473274, -7.429221], [112.472053, -7.429886], [112.47162, -7.43003], [112.471619, -7.430031], [112.471601, -7.430036], [112.470476, -7.43041], [112.470436, -7.430424], [112.469223, -7.430695], [112.469055, -7.430733], [112.468407, -7.431151], [112.467822, -7.431393], [112.467316, -7.431603], [112.467047, -7.431597], [112.46639, -7.431582], [112.466095, -7.431575], [112.465356, -7.431484], [112.464737, -7.431408], [112.463783, -7.431398], [112.463493, -7.431444], [112.463257, -7.431481], [112.462459, -7.431983], [112.462212, -7.432139], [112.462085, -7.432386], [112.46194, -7.432669], [112.461914, -7.432719], [112.461889, -7.432825], [112.461806, -7.433175], [112.461601, -7.434036], [112.461548, -7.434934], [112.461355, -7.435261], [112.461342, -7.435284], [112.46109, -7.435505], [112.460159, -7.435967], [112.459839, -7.436253], [112.45945, -7.437161], [112.45939, -7.437438], [112.459351, -7.437619], [112.459442, -7.438042], [112.459572, -7.438774], [112.459611, -7.438902], [112.459694, -7.439166], [112.459695, -7.439171], [112.459695, -7.439171], [112.45979, -7.43946], [112.459801, -7.439492], [112.459648, -7.440081], [112.4596, -7.440176], [112.459523, -7.44033], [112.459408, -7.44056], [112.459344, -7.440688], [112.459343, -7.44069], [112.4589, -7.441322], [112.45829, -7.44218], [112.458284, -7.442185], [112.457718, -7.442649], [112.457684, -7.442758], [112.457501, -7.443353], [112.457413, -7.443642], [112.45738, -7.443804], [112.45723, -7.444555], [112.457193, -7.44469], [112.456947, -7.445605], [112.45681, -7.446374], [112.456688, -7.446969], [112.4571, -7.44689], [112.458198, -7.446766], [112.459808, -7.446589], [112.460892, -7.446354], [112.462189, -7.445998], [112.463913, -7.445373], [112.464928, -7.445172], [112.4664, -7.444899], [112.467339, -7.444935], [112.468643, -7.445291], [112.469475, -7.445894], [112.470444, -7.446952], [112.471374, -7.447925], [112.472557, -7.448833], [112.473495, -7.449449], [112.474686, -7.450103], [112.475609, -7.450446], [112.47732, -7.451791], [112.47832, -7.452578], [112.47926, -7.453227], [112.479537, -7.453432], [112.480196, -7.452711], [112.480383, -7.452506], [112.480652, -7.452631], [112.480636, -7.452527], [112.480929, -7.452425], [112.481197, -7.452348], [112.481221, -7.452342], [112.481557, -7.45227], [112.481891, -7.452239], [112.482151, -7.452316], [112.482339, -7.452411], [112.482488, -7.452549], [112.482728, -7.452845], [112.482878, -7.453079], [112.482978, -7.453275], [112.483138, -7.453614], [112.483323, -7.454107], [112.483448, -7.454536], [112.483523, -7.454848], [112.483541, -7.454921], [112.483585, -7.455244], [112.483634, -7.455539], [112.483606, -7.455809], [112.483566, -7.456073], [112.483508, -7.456603], [112.483502, -7.456671], [112.483767, -7.456881], [112.483987, -7.457024], [112.484147, -7.457125], [112.484157, -7.457132], [112.484222, -7.457173], [112.484581, -7.457442], [112.484608, -7.457462], [112.484696, -7.457527], [112.484794, -7.457601], [112.485542, -7.458159], [112.48655, -7.458848], [112.486717, -7.458963], [112.486719, -7.458964], [112.48806, -7.459737], [112.488594, -7.459949], [112.489838, -7.460197], [112.490897, -7.460318], [112.492722, -7.460389], [112.492756, -7.460397], [112.494411, -7.460797], [112.49452, -7.460823], [112.495735, -7.461161], [112.497261, -7.461588], [112.498795, -7.461901], [112.498844, -7.461902], [112.499972, -7.461916], [112.5, -7.461916], [112.50029, -7.461946], [112.50079, -7.462055], [112.501717, -7.462256], [112.503014, -7.462294], [112.503632, -7.462292], [112.504501, -7.462331], [112.505157, -7.462414], [112.505437, -7.462469], [112.505485, -7.462478], [112.50549, -7.462481], [112.506203, -7.462813], [112.506798, -7.463172], [112.507523, -7.463742], [112.508018, -7.464101], [112.508568, -7.464587], [112.509186, -7.46503], [112.509983, -7.465568], [112.510124, -7.465663], [112.510742, -7.466042], [112.510837, -7.466111], [112.511146, -7.466336], [112.51115, -7.466339], [112.511383, -7.466506], [112.511647, -7.466724], [112.511742, -7.466802], [112.512192, -7.466928], [112.5124, -7.466939], [112.512405, -7.466939], [112.512405, -7.466939], [112.51255, -7.466948], [112.512746, -7.466951], [112.513786, -7.466965], [112.514725, -7.467089], [112.515133, -7.467141], [112.515213, -7.467151], [112.516464, -7.467295], [112.517616, -7.467333], [112.518577, -7.467389], [112.518997, -7.467413], [112.519569, -7.467411], [112.519741, -7.467435], [112.519867, -7.467453], [112.51987, -7.467454], [112.520531, -7.46762], [112.521469, -7.467893], [112.522423, -7.468186], [112.523148, -7.468396], [112.523933, -7.468648], [112.524742, -7.468878], [112.525002, -7.46899], [112.525085, -7.469025], [112.525243, -7.469009], [112.525299, -7.469004], [112.526001, -7.469022], [112.526634, -7.46902], [112.526894, -7.46904], [112.527336, -7.469081], [112.528165, -7.469179], [112.528587, -7.469228], [112.529497, -7.469412], [112.53009, -7.469533], [112.530785, -7.469768], [112.531715, -7.470099], [112.531719, -7.470101], [112.53215, -7.470311], [112.532631, -7.470691], [112.533127, -7.470951], [112.533562, -7.471116], [112.534065, -7.47121], [112.534683, -7.471184], [112.535423, -7.471134], [112.536095, -7.470988], [112.536947, -7.470645], [112.537618, -7.470483], [112.537641, -7.470477], [112.538481, -7.470624], [112.538946, -7.470791], [112.539326, -7.470927], [112.540176, -7.471331], [112.540313, -7.471398], [112.540413, -7.471447], [112.540939, -7.47171], [112.541519, -7.472017], [112.54203, -7.472166], [112.542206, -7.472217], [112.54221, -7.472219], [112.542328, -7.472253], [112.543114, -7.472464], [112.543549, -7.472606], [112.544166, -7.472699], [112.545051, -7.472791], [112.545723, -7.472836], [112.546143, -7.472813], [112.546143, -7.472813], [112.546196, -7.472811], [112.54689, -7.472832], [112.547059, -7.472847], [112.547059, -7.472847], [112.547417, -7.472878], [112.547696, -7.472945], [112.548393, -7.473112], [112.548756, -7.47318], [112.548756, -7.47318], [112.549782, -7.473369], [112.550599, -7.473671], [112.551313, -7.473977], [112.552884, -7.474581], [112.553657, -7.474761], [112.554184, -7.474902], [112.554779, -7.475043], [112.555069, -7.475113], [112.555473, -7.475159], [112.555946, -7.475158], [112.556786, -7.475179], [112.557381, -7.475224], [112.558266, -7.475316], [112.559128, -7.475479], [112.559936, -7.475667], [112.56021, -7.475652], [112.560211, -7.475652], [112.56031, -7.475646], [112.56128, -7.475631], [112.56129, -7.475631], [112.561294, -7.475631], [112.561806, -7.475722], [112.561912, -7.475733], [112.562132, -7.475781], [112.562187, -7.475793], [112.562218, -7.4758], [112.56234, -7.475827], [112.563569, -7.476063], [112.563621, -7.476074], [112.563927, -7.476205], [112.564346, -7.476388], [112.564346, -7.476416], [112.564346, -7.476427], [112.564308, -7.476611], [112.564209, -7.476871], [112.564239, -7.476919], [112.564438, -7.476956], [112.564522, -7.476909], [112.564575, -7.476801], [112.564667, -7.476658], [112.564743, -7.476658], [112.565147, -7.4768], [112.565257, -7.476857], [112.565498, -7.47698], [112.565591, -7.477037], [112.565597, -7.477041], [112.565971, -7.47727], [112.566055, -7.477321], [112.56636, -7.477538], [112.566933, -7.477894], [112.566978, -7.477926], [112.567146, -7.478014], [112.567367, -7.478108], [112.567688, -7.478228], [112.567995, -7.478349], [112.568433, -7.47852], [112.568565, -7.478572], [112.568878, -7.478723], [112.568909, -7.478739], [112.568848, -7.479043], [112.568909, -7.47908], [112.569412, -7.479236], [112.569763, -7.47936], [112.570023, -7.479462], [112.570633, -7.479748], [112.570442, -7.480306], [112.570541, -7.480345], [112.57074, -7.480437], [112.570862, -7.480544], [112.570892, -7.480593], [112.570991, -7.480771], [112.57119, -7.48115], [112.571373, -7.48146], [112.571487, -7.481631], [112.571503, -7.481708], [112.57179, -7.481601], [112.572233, -7.481436], [112.572235, -7.481436], [112.572308, -7.481579], [112.57254, -7.482035], [112.572555, -7.482085], [112.572586, -7.482226], [112.572647, -7.482496], [112.572754, -7.482734], [112.572899, -7.483009], [112.573029, -7.483163], [112.573158, -7.483305], [112.573212, -7.483362], [112.573262, -7.483551], [112.573266, -7.483783], [112.573524, -7.483738], [112.573789, -7.483752], [112.574134, -7.483728], [112.574325, -7.483696], [112.57472, -7.483664], [112.574989, -7.483671], [112.575326, -7.483655], [112.575499, -7.483658], [112.57583, -7.483928], [112.576087, -7.484096], [112.576387, -7.484286], [112.576664, -7.484482], [112.576775, -7.484466], [112.577051, -7.484422], [112.577316, -7.484398], [112.577581, -7.484439], [112.577819, -7.484549], [112.577934, -7.484713], [112.578077, -7.484962], [112.578159, -7.485256], [112.578205, -7.485409], [112.578333, -7.485581], [112.57856, -7.485882], [112.578929, -7.486206], [112.579137, -7.486366], [112.579375, -7.486546], [112.579537, -7.486794], [112.579669, -7.487023], [112.579769, -7.487187], [112.579866, -7.487382], [112.579897, -7.487524], [112.579945, -7.487618], [112.579887, -7.487858], [112.579834, -7.48823], [112.57988, -7.488686], [112.579941, -7.488942], [112.580383, -7.489734], [112.580437, -7.489835], [112.580681, -7.490136], [112.580933, -7.490511], [112.580955, -7.490555], [112.580978, -7.490608], [112.581108, -7.490746], [112.581184, -7.490828], [112.581627, -7.49164], [112.581628, -7.491641], [112.582062, -7.492186], [112.58214, -7.492252], [112.582634, -7.49266], [112.58345, -7.493086], [112.584358, -7.493535], [112.584362, -7.493537], [112.58485, -7.493714], [112.585007, -7.493771], [112.585678, -7.493935], [112.586151, -7.493957], [112.586769, -7.493932], [112.587295, -7.493834], [112.58799, -7.493689], [112.588516, -7.493639], [112.589302, -7.493636], [112.589729, -7.493659], [112.590332, -7.493823], [112.590427, -7.49386], [112.591309, -7.494201], [112.592583, -7.494958], [112.593323, -7.495479], [112.594086, -7.496167], [112.594948, -7.496974], [112.596077, -7.498232], [112.596725, -7.499158], [112.596982, -7.499568], [112.597055, -7.499685], [112.598036, -7.499697], [112.598628, -7.499858], [112.598914, -7.500233], [112.599218, -7.500349], [112.599372, -7.500381], [112.599451, -7.500398], [112.599886, -7.500414], [112.600128, -7.500413], [112.60029, -7.500423], [112.600339, -7.500426], [112.600362, -7.50043], [112.600811, -7.500525], [112.600828, -7.500524], [112.601043, -7.500508], [112.601298, -7.500529], [112.601608, -7.500595], [112.601899, -7.500608], [112.602164, -7.500643], [112.602406, -7.500749], [112.602568, -7.500887], [112.602671, -7.501012], [112.602872, -7.501252], [112.602986, -7.50147], [112.603031, -7.501555], [112.603041, -7.501574], [112.603209, -7.50194], [112.60327, -7.502109], [112.603477, -7.502183], [112.603504, -7.502192], [112.603691, -7.502292], [112.603979, -7.502415], [112.604109, -7.502501], [112.604301, -7.502725], [112.60436, -7.50294], [112.604353, -7.503001], [112.604337, -7.503161], [112.604306, -7.503301], [112.604237, -7.503611], [112.604195, -7.503797], [112.604158, -7.504166], [112.604144, -7.504338], [112.604241, -7.504673], [112.6043, -7.504784], [112.604372, -7.504921], [112.604555, -7.505131], [112.6047, -7.505437], [112.604931, -7.505718], [112.604994, -7.505838], [112.605144, -7.506059], [112.605172, -7.5061], [112.60523, -7.506186], [112.605231, -7.506195], [112.605237, -7.506236], [112.605243, -7.506281], [112.605227, -7.50633], [112.605192, -7.506453], [112.605234, -7.506487], [112.605293, -7.506535], [112.605384, -7.506591], [112.605519, -7.506673], [112.605692, -7.506744], [112.60575, -7.506757], [112.605927, -7.506796], [112.606087, -7.506803], [112.606102, -7.506804], [112.606129, -7.506805], [112.606402, -7.506809], [112.606828, -7.506754], [112.607087, -7.506758], [112.607252, -7.506766], [112.60737, -7.506772], [112.607629, -7.506804], [112.607776, -7.506835], [112.607917, -7.506865], [112.608103, -7.506932], [112.608209, -7.506971], [112.608578, -7.507107], [112.609094, -7.507526], [112.609101, -7.507538], [112.609379, -7.507954], [112.609496, -7.508459], [112.609559, -7.509041], [112.609753, -7.509423], [112.610175, -7.509589], [112.610422, -7.509834], [112.610776, -7.510161], [112.611115, -7.51062], [112.611592, -7.510962], [112.611891, -7.511091], [112.612314, -7.511266], [112.612599, -7.511602], [112.613015, -7.512029], [112.613192, -7.512289], [112.613524, -7.512678], [112.613525, -7.513129], [112.613502, -7.513619], [112.613499, -7.513684], [112.613496, -7.513707], [112.613499, -7.513719], [112.613513, -7.514094], [112.613707, -7.514675], [112.613931, -7.515126], [112.6141, -7.515299], [112.61437, -7.515575], [112.614409, -7.515614], [112.614737, -7.515831], [112.614893, -7.515934], [112.615247, -7.516185], [112.615345, -7.516275], [112.615671, -7.516574], [112.616148, -7.517108], [112.616602, -7.517536], [112.61665, -7.517568], [112.617087, -7.517863], [112.617725, -7.518136], [112.618393, -7.518317], [112.619183, -7.518498], [112.61956, -7.518658], [112.619983, -7.518932], [112.62023, -7.519329], [112.620263, -7.519411], [112.620362, -7.519658], [112.62053, -7.51984], [112.620544, -7.519856], [112.620681, -7.520004], [112.620822, -7.520157], [112.621168, -7.520541], [112.621293, -7.520717], [112.62132, -7.520755], [112.621637, -7.521199], [112.621755, -7.521363], [112.621829, -7.521466], [112.622099, -7.521835], [112.622361, -7.522117], [112.622458, -7.522222], [112.622487, -7.522253], [112.622535, -7.522287], [112.622942, -7.522578], [112.623225, -7.522795], [112.623594, -7.523127], [112.623778, -7.523413], [112.623826, -7.523488], [112.623881, -7.523648], [112.623919, -7.523758], [112.624134, -7.524233], [112.62436, -7.524812], [112.624535, -7.525306], [112.624651, -7.525736], [112.624924, -7.526412], [112.625162, -7.526848], [112.625527, -7.527524], [112.626023, -7.528027], [112.626445, -7.528485], [112.626778, -7.528788], [112.626936, -7.528931], [112.627167, -7.529309], [112.627514, -7.52979], [112.627953, -7.530185], [112.628392, -7.530499], [112.628975, -7.530962], [112.629347, -7.531237], [112.629793, -7.531591], [112.630093, -7.531952], [112.630441, -7.532559], [112.630545, -7.532765], [112.630799, -7.533075], [112.631099, -7.533251], [112.631284, -7.533348], [112.631641, -7.533433], [112.631992, -7.533506], [112.632504, -7.533596], [112.632884, -7.533652], [112.633385, -7.533742], [112.633759, -7.533747], [112.633873, -7.533747], [112.634433, -7.53375], [112.63479, -7.533829], [112.635124, -7.533948], [112.635585, -7.534188], [112.635897, -7.534378], [112.635914, -7.534388], [112.635937, -7.534394], [112.636374, -7.534518], [112.636724, -7.534592], [112.637279, -7.534767], [112.637532, -7.534898], [112.637757, -7.534989], [112.638045, -7.535115], [112.638311, -7.53532], [112.638519, -7.535405], [112.639028, -7.535545], [112.639535, -7.535704], [112.639823, -7.535806], [112.640071, -7.536006], [112.640331, -7.536258], [112.640544, -7.536429], [112.640809, -7.536434], [112.641217, -7.536392], [112.641568, -7.536328], [112.641884, -7.536252], [112.642207, -7.536314], [112.642408, -7.536394], [112.642478, -7.536422], [112.642714, -7.536587], [112.643066, -7.536712], [112.643411, -7.536809], [112.643774, -7.536859], [112.644159, -7.536812], [112.644528, -7.536925], [112.644827, -7.537039], [112.644993, -7.537162], [112.645104, -7.537245], [112.645212, -7.537423], [112.645347, -7.537562], [112.645405, -7.537623], [112.645722, -7.537866], [112.64615, -7.538037], [112.64638, -7.538026], [112.64662, -7.538097], [112.64667, -7.538128], [112.646889, -7.538263], [112.647028, -7.538417], [112.647066, -7.538417], [112.647083, -7.538417], [112.647083, -7.538471], [112.647083, -7.538694], [112.647183, -7.538854], [112.647218, -7.538908], [112.647235, -7.539059], [112.64725, -7.539194], [112.647412, -7.539629], [112.647417, -7.540167], [112.647472, -7.540417], [112.647492, -7.540601], [112.647603, -7.540792], [112.647635, -7.540832], [112.647722, -7.540944], [112.647747, -7.540992], [112.647777, -7.54105], [112.647936, -7.541207], [112.648181, -7.541402], [112.648306, -7.541611], [112.648461, -7.541851], [112.648611, -7.542083], [112.648768, -7.542323], [112.6489, -7.542524], [112.649, -7.54275], [112.649151, -7.542954], [112.649278, -7.543194], [112.649337, -7.543272], [112.649488, -7.543468], [112.649556, -7.543556], [112.649889, -7.544028], [112.650064, -7.544167], [112.649917, -7.544444], [112.649738, -7.544734], [112.649788, -7.544765], [112.650047, -7.544975], [112.650051, -7.544978], [112.650291, -7.545175], [112.650795, -7.545637], [112.65123, -7.546226], [112.651573, -7.546725], [112.652, -7.547224], [112.652334, -7.54756], [112.652725, -7.547954], [112.653519, -7.548702], [112.654304, -7.549521], [112.655029, -7.550055], [112.655601, -7.550589], [112.656235, -7.551105], [112.656769, -7.551621], [112.657295, -7.552138], [112.657692, -7.552493], [112.658157, -7.552867], [112.658516, -7.553259], [112.658913, -7.553579], [112.659401, -7.554078], [112.66008, -7.554719], [112.66066, -7.555181], [112.661308, -7.555697], [112.661987, -7.556196], [112.66206, -7.556248], [112.662208, -7.556357], [112.662211, -7.556359], [112.662544, -7.556604], [112.663047, -7.556871], [112.663246, -7.556977], [112.663445, -7.55712], [112.663769, -7.557262], [112.663749, -7.557314], [112.663438, -7.558143], [112.663168, -7.558863], [112.662891, -7.559603], [112.663113, -7.560193], [112.663113, -7.560195], [112.663113, -7.560195], [112.663102, -7.560232], [112.663123, -7.560382], [112.663132, -7.560615], [112.663109, -7.561097], [112.663096, -7.561384], [112.663066, -7.561505], [112.662999, -7.561903], [112.662962, -7.56224], [112.662878, -7.562654], [112.662824, -7.562803], [112.662778, -7.562921], [112.662585, -7.563313], [112.662491, -7.563454], [112.662422, -7.563548], [112.662344, -7.563643], [112.662266, -7.563745], [112.662227, -7.563792], [112.662086, -7.564057], [112.661985, -7.564229], [112.661915, -7.564355], [112.661845, -7.564465], [112.661775, -7.564559], [112.661705, -7.564661], [112.661612, -7.564795], [112.661496, -7.56496], [112.661371, -7.565101], [112.66127, -7.565211], [112.661177, -7.565337], [112.661099, -7.565462], [112.661037, -7.565596], [112.660937, -7.565807], [112.660896, -7.565936], [112.660883, -7.566023], [112.660877, -7.56609], [112.66083, -7.566442], [112.660785, -7.566535], [112.660727, -7.566608], [112.660662, -7.566669], [112.660607, -7.566735], [112.660554, -7.566786], [112.660499, -7.566821], [112.660433, -7.566875], [112.660373, -7.566915], [112.660313, -7.566976], [112.660278, -7.567004], [112.660156, -7.56712], [112.660106, -7.567168], [112.660058, -7.567206], [112.659983, -7.567232], [112.659877, -7.56726], [112.659789, -7.567276], [112.659685, -7.567294], [112.659585, -7.567318], [112.659511, -7.567336], [112.659456, -7.567344], [112.659299, -7.567294], [112.659236, -7.56727], [112.659171, -7.567366], [112.659138, -7.567434], [112.659093, -7.567472], [112.659018, -7.567495], [112.658837, -7.567527], [112.658766, -7.567533], [112.658695, -7.567558], [112.65863, -7.567601], [112.658539, -7.56766], [112.658403, -7.567699], [112.65833, -7.567727], [112.658262, -7.567765], [112.658169, -7.567786], [112.658081, -7.567799], [112.657987, -7.567812], [112.657904, -7.56783], [112.657816, -7.567858], [112.657741, -7.567887], [112.657625, -7.567935], [112.657567, -7.567958], [112.657524, -7.567986], [112.657462, -7.56808], [112.657396, -7.568095], [112.657239, -7.568096], [112.657192, -7.568094], [112.657117, -7.568103], [112.657138, -7.568161], [112.657158, -7.568211], [112.657171, -7.568261], [112.657156, -7.568322], [112.657116, -7.568357], [112.657076, -7.56838], [112.657041, -7.568441], [112.656994, -7.5686], [112.656942, -7.568734], [112.656907, -7.568845], [112.656872, -7.568946], [112.65685, -7.569034], [112.656835, -7.569084], [112.656792, -7.569348], [112.656779, -7.569514], [112.656774, -7.569708], [112.656767, -7.56981], [112.656741, -7.570058], [112.656723, -7.570339], [112.65671, -7.570502], [112.656666, -7.57064], [112.656633, -7.570827], [112.656609, -7.57097], [112.656609, -7.571034], [112.656602, -7.571398], [112.656603, -7.571596], [112.656604, -7.571763], [112.65661, -7.57195], [112.656616, -7.572059], [112.656621, -7.572172], [112.656656, -7.572196], [112.65677, -7.572225], [112.656761, -7.572334], [112.656712, -7.572477], [112.656718, -7.572561], [112.656797, -7.572629], [112.656788, -7.572718], [112.656642, -7.573089], [112.656599, -7.573256], [112.656535, -7.573385], [112.656482, -7.573552], [112.656463, -7.573759], [112.656445, -7.573942], [112.656441, -7.574119], [112.656442, -7.574282], [112.656438, -7.574415], [112.656435, -7.574468], [112.656429, -7.574568], [112.656435, -7.574701], [112.65645, -7.574784], [112.656406, -7.574844], [112.656333, -7.574943], [112.656269, -7.575052], [112.656226, -7.575298], [112.656173, -7.575496], [112.656174, -7.575683], [112.65617, -7.575732], [112.656099, -7.576265], [112.656017, -7.576541], [112.655925, -7.576882], [112.655818, -7.577208], [112.65574, -7.57739], [112.655663, -7.577583], [112.655614, -7.577697], [112.655541, -7.577835], [112.655468, -7.578023], [112.655439, -7.578122], [112.655258, -7.578551], [112.655205, -7.578632], [112.655189, -7.578655], [112.655086, -7.578809], [112.654998, -7.578957], [112.654945, -7.579105], [112.654808, -7.579377], [112.654725, -7.57958], [112.654662, -7.579713], [112.654604, -7.579861], [112.65454, -7.580029], [112.654492, -7.580163], [112.654419, -7.580336], [112.654341, -7.580464], [112.654307, -7.580568], [112.654302, -7.580652], [112.654278, -7.580888], [112.654251, -7.581332], [112.654253, -7.581553], [112.654324, -7.581967], [112.65436, -7.582124], [112.654401, -7.582311], [112.654446, -7.582424], [112.654521, -7.582557], [112.654606, -7.582665], [112.654691, -7.582812], [112.654711, -7.582916], [112.654712, -7.583014], [112.654778, -7.583117], [112.654848, -7.583249], [112.654913, -7.583407], [112.655008, -7.583549], [112.655058, -7.583652], [112.655078, -7.58378], [112.655143, -7.583888], [112.655228, -7.583962], [112.655317, -7.58406], [112.655417, -7.584182], [112.655477, -7.58427], [112.655586, -7.584358], [112.655646, -7.584437], [112.655691, -7.584496], [112.655775, -7.584569], [112.65587, -7.584588], [112.655914, -7.584583], [112.655875, -7.584687], [112.655851, -7.58484], [112.655882, -7.584968], [112.655917, -7.585125], [112.655928, -7.585268], [112.655939, -7.585401], [112.65593, -7.585499], [112.65584, -7.585948], [112.655792, -7.586185], [112.655744, -7.586338], [112.655705, -7.586456], [112.655656, -7.586535], [112.655602, -7.586615], [112.655554, -7.586723], [112.65551, -7.586832], [112.655505, -7.586916], [112.655506, -7.587044], [112.655502, -7.587192], [112.655479, -7.587463], [112.65547, -7.587577], [112.655446, -7.58771], [112.655422, -7.587818], [112.655379, -7.588109], [112.655301, -7.588287], [112.655096, -7.588741], [112.655048, -7.588835], [112.655004, -7.58891], [112.654969, -7.588949], [112.654915, -7.588994], [112.654866, -7.589039], [112.654808, -7.589221], [112.654741, -7.589508], [112.654717, -7.589665], [112.654664, -7.589843], [112.65461, -7.589952], [112.654522, -7.590095], [112.654448, -7.590204], [112.654404, -7.590274], [112.654271, -7.590486], [112.654207, -7.59057], [112.654104, -7.590679], [112.654025, -7.590759], [112.653932, -7.590858], [112.653834, -7.591046], [112.653737, -7.591199], [112.653688, -7.591347], [112.653581, -7.591653], [112.653543, -7.591787], [112.653533, -7.591875], [112.653534, -7.591949], [112.653569, -7.591993], [112.653668, -7.592003], [112.654019, -7.59206], [112.654163, -7.592123], [112.65446, -7.592278], [112.654619, -7.592356], [112.654698, -7.592405], [112.654714, -7.592464], [112.654602, -7.592711], [112.654479, -7.592967], [112.654446, -7.593037], [112.654441, -7.593096], [112.654447, -7.593195], [112.654304, -7.593339], [112.654191, -7.593443], [112.654113, -7.593566], [112.65404, -7.593734], [112.653801, -7.594258], [112.653753, -7.594397], [112.653685, -7.594575], [112.653636, -7.594708], [112.653563, -7.594837], [112.653529, -7.594985], [112.653505, -7.595113], [112.653475, -7.595211], [112.653417, -7.595345], [112.653294, -7.595439], [112.65323, -7.595533], [112.653114, -7.595859], [112.653055, -7.595963], [112.653001, -7.596077], [112.652923, -7.596191], [112.652884, -7.59627], [112.652851, -7.596442], [112.652782, -7.596601], [112.652718, -7.596752], [112.652709, -7.596774], [112.652656, -7.596922], [112.652592, -7.597031], [112.652504, -7.597174], [112.652411, -7.597308], [112.652358, -7.597412], [112.652309, -7.59754], [112.652256, -7.597678], [112.652137, -7.597846], [112.652014, -7.597921], [112.651861, -7.597996], [112.651703, -7.598051], [112.651575, -7.598091], [112.651427, -7.598107], [112.651328, -7.598122], [112.650812, -7.598788], [112.649517, -7.599598], [112.648608, -7.600617], [112.647592, -7.601006], [112.646402, -7.601781], [112.645668, -7.602484], [112.643746, -7.604486], [112.643026, -7.605633], [112.641858, -7.606314], [112.639517, -7.608808], [112.638714, -7.609932], [112.637562, -7.611476], [112.636093, -7.612707], [112.634973, -7.613202], [112.633993, -7.61394], [112.63305, -7.614994], [112.632216, -7.615337], [112.631579, -7.61591], [112.630983, -7.615982], [112.630599, -7.616544], [112.629933, -7.616756], [112.629303, -7.617039], [112.628713, -7.617175], [112.628458, -7.617235], [112.62813, -7.617216], [112.627721, -7.617166], [112.627537, -7.617116], [112.627281, -7.617035], [112.627087, -7.616975], [112.626699, -7.616976], [112.62634, -7.616855], [112.625891, -7.616827], [112.625645, -7.616756], [112.625338, -7.616604], [112.625042, -7.616595], [112.624796, -7.616494], [112.624591, -7.616424], [112.624397, -7.616404], [112.624151, -7.616324], [112.623885, -7.616274], [112.623671, -7.616203], [112.623415, -7.616133], [112.623039, -7.616078], [112.622603, -7.615902], [112.622226, -7.615706], [112.621651, -7.61557], [112.621367, -7.615442], [112.621174, -7.615355], [112.620768, -7.615219], [112.620762, -7.615378], [112.62075, -7.615653], [112.620751, -7.615804], [112.620752, -7.616226], [112.620752, -7.616226], [112.620757, -7.616358], [112.620797, -7.61745], [112.620784, -7.618799], [112.620782, -7.618951], [112.620808, -7.620432], [112.620784, -7.620539], [112.620632, -7.621203], [112.620458, -7.621646], [112.620417, -7.621749], [112.620385, -7.62218], [112.620341, -7.622776], [112.620442, -7.62329], [112.620524, -7.623822], [112.620665, -7.624454], [112.620826, -7.625302], [112.621008, -7.62621], [112.621089, -7.626644], [112.621169, -7.627053], [112.62119, -7.627157], [112.621206, -7.627183], [112.621371, -7.627442], [112.621455, -7.627758], [112.621471, -7.627817], [112.621651, -7.628152], [112.621734, -7.628296], [112.62189, -7.628566], [112.621997, -7.629211], [112.621976, -7.629624], [112.622239, -7.629927], [112.622523, -7.630316], [112.622743, -7.630771], [112.622745, -7.631292], [112.622552, -7.632249], [112.622585, -7.633003], [112.622585, -7.633003], [112.622727, -7.633144], [112.622944, -7.633359], [112.62335, -7.633776], [112.623741, -7.634147], [112.624162, -7.634456], [112.624522, -7.634905], [112.624791, -7.635227], [112.624819, -7.63526], [112.625209, -7.635616], [112.625687, -7.635959], [112.626005, -7.636187], [112.626458, -7.636589], [112.626895, -7.63699], [112.627005, -7.637285], [112.627006, -7.637518], [112.626944, -7.637865], [112.626885, -7.638195], [112.626886, -7.638629], [112.627076, -7.639513], [112.627437, -7.640241], [112.627719, -7.64069], [112.628048, -7.641356], [112.628425, -7.642084], [112.628564, -7.642387], [112.62866, -7.642595], [112.628698, -7.643076], [112.628709, -7.643215], [112.628649, -7.643805], [112.628526, -7.644162], [112.628341, -7.644629], [112.627604, -7.64576], [112.627373, -7.646459], [112.627308, -7.646803], [112.627131, -7.647059], [112.626931, -7.647271], [112.626643, -7.647482], [112.626244, -7.647916], [112.626045, -7.64825], [112.62588, -7.64855], [112.625792, -7.649005], [112.625839, -7.64947], [112.625907, -7.649958], [112.626076, -7.650467], [112.626356, -7.650875], [112.626635, -7.651262], [112.627249, -7.651803], [112.627349, -7.651901], [112.627774, -7.652311], [112.627908, -7.65261], [112.62782, -7.65291], [112.627658, -7.653061], [112.627521, -7.653188], [112.627144, -7.653556], [112.62689, -7.654011], [112.626782, -7.65431], [112.626692, -7.654556], [112.626692, -7.654556], [112.626423, -7.655783], [112.626416, -7.655816], [112.626416, -7.655817], [112.62614, -7.656405], [112.625982, -7.65682], [112.62592, -7.656983], [112.625827, -7.65715], [112.625765, -7.657261], [112.625713, -7.65739], [112.6256, -7.657672], [112.625541, -7.657801], [112.625457, -7.657983], [112.625304, -7.65828], [112.625291, -7.658305], [112.625158, -7.658416], [112.625147, -7.658423], [112.625036, -7.658494], [112.624955, -7.658513], [112.624936, -7.658517], [112.624936, -7.658517], [112.624936, -7.658517], [112.624841, -7.65858], [112.624736, -7.658651], [112.624731, -7.658667], [112.624681, -7.658828], [112.624649, -7.659072], [112.624605, -7.65916], [112.624538, -7.659295], [112.624416, -7.659384], [112.624367, -7.659387], [112.624092, -7.659408], [112.624092, -7.659408], [112.624092, -7.659408], [112.623731, -7.659528], [112.623451, -7.659674], [112.623255, -7.659805], [112.62323, -7.659821], [112.622811, -7.660101], [112.622558, -7.660371], [112.622482, -7.660483], [112.622376, -7.660641], [112.62217, -7.661369], [112.622112, -7.661866], [112.622175, -7.662541], [112.622194, -7.662973], [112.622197, -7.663017], [112.622207, -7.663089], [112.622258, -7.663434], [112.622249, -7.6636], [112.622248, -7.663614], [112.622239, -7.663772], [112.622221, -7.664109], [112.62229, -7.664464], [112.622302, -7.664526], [112.622312, -7.664558], [112.622423, -7.664903], [112.622623, -7.66528], [112.622724, -7.665617], [112.622904, -7.665775], [112.623283, -7.665913], [112.623283, -7.665913], [112.623283, -7.665913], [112.62334, -7.665912], [112.623364, -7.665912], [112.623423, -7.665912], [112.623603, -7.66617], [112.623624, -7.666487], [112.623595, -7.666727], [112.623585, -7.666805], [112.623347, -7.667084], [112.623302, -7.66715], [112.623169, -7.667343], [112.623139, -7.667494], [112.62313, -7.667542], [112.623076, -7.667787], [112.623052, -7.6679], [112.622972, -7.668039], [112.622935, -7.6681], [112.622814, -7.668298], [112.622556, -7.668557], [112.622119, -7.668896], [112.621782, -7.669156], [112.621325, -7.669495], [112.621027, -7.669794], [112.620888, -7.669933], [112.620609, -7.670483], [112.620609, -7.670483], [112.620491, -7.670619], [112.620491, -7.670619], [112.620241, -7.670908], [112.620213, -7.670941], [112.619687, -7.671904], [112.618174, -7.674672], [112.617832, -7.675298], [112.617583, -7.675849], [112.617563, -7.675892], [112.617552, -7.675917], [112.617434, -7.676174], [112.617389, -7.67629], [112.617223, -7.676712], [112.616936, -7.677113], [112.616775, -7.677576], [112.616389, -7.678227], [112.616015, -7.678753], [112.615679, -7.679204], [112.615242, -7.679655], [112.61503, -7.680006], [112.614892, -7.680551], [112.614756, -7.681038], [112.614633, -7.681399], [112.614632, -7.681401], [112.614407, -7.681677], [112.614381, -7.6817], [112.614368, -7.681711], [112.614108, -7.68194], [112.613941, -7.682051], [112.613691, -7.682219], [112.613658, -7.682242], [112.613492, -7.682341], [112.613169, -7.682537], [112.613158, -7.682543], [112.612897, -7.682749], [112.612808, -7.68282], [112.612346, -7.683271], [112.611971, -7.683685], [112.611697, -7.683898], [112.611522, -7.684024], [112.611353, -7.684135], [112.611167, -7.684258], [112.610779, -7.684446], [112.610379, -7.684635], [112.610204, -7.684786], [112.610068, -7.684997], [112.610067, -7.684999], [112.610066, -7.685003], [112.61006, -7.685083], [112.610051, -7.685198], [112.610043, -7.685299], [112.610117, -7.685722], [112.61012, -7.685736], [112.610141, -7.685911], [112.610148, -7.685972], [112.610159, -7.68606], [112.610138, -7.686124], [112.610109, -7.68621], [112.610015, -7.686258], [112.610009, -7.686261], [112.609783, -7.686212], [112.609624, -7.686172], [112.609583, -7.686162], [112.609548, -7.686173], [112.609436, -7.686207], [112.609357, -7.686231], [112.609332, -7.686238], [112.609323, -7.686246], [112.609122, -7.686425], [112.60912, -7.686426], [112.609119, -7.686433], [112.6091, -7.686628], [112.609096, -7.686676], [112.609028, -7.68696], [112.609022, -7.686989], [112.608934, -7.687114], [112.608916, -7.687126], [112.60877, -7.687221], [112.608759, -7.687227], [112.608669, -7.68724], [112.608584, -7.687253], [112.608423, -7.687276], [112.608321, -7.687291], [112.608172, -7.687276], [112.60797, -7.687255], [112.607795, -7.687281], [112.607591, -7.687356], [112.607557, -7.687369], [112.607521, -7.68738], [112.607257, -7.687458], [112.606879, -7.687619], [112.606844, -7.687634], [112.606763, -7.687649], [112.606445, -7.687708], [112.606441, -7.687709], [112.606431, -7.687711], [112.606143, -7.687774], [112.605905, -7.687875], [112.605592, -7.688026], [112.605564, -7.68805], [112.60543, -7.688164], [112.605317, -7.688265], [112.605272, -7.688301], [112.605199, -7.688359], [112.604812, -7.688698], [112.6046, -7.688899], [112.60435, -7.689037], [112.604103, -7.689138], [112.603949, -7.689201], [112.603634, -7.689296], [112.603361, -7.689378], [112.602823, -7.68958], [112.602385, -7.689744], [112.602365, -7.689758], [112.602073, -7.68997], [112.601978, -7.69009], [112.601886, -7.690208], [112.601786, -7.690408], [112.601611, -7.690609], [112.601545, -7.690694], [112.601474, -7.690784], [112.601362, -7.690897], [112.601345, -7.690902], [112.601301, -7.690917], [112.601087, -7.690985], [112.600951, -7.691039], [112.600861, -7.691074], [112.600724, -7.691287], [112.600575, -7.6916], [112.600531, -7.69174], [112.600476, -7.691912], [112.600402, -7.692212], [112.60034, -7.692387], [112.600278, -7.6925], [112.600209, -7.692645], [112.600174, -7.69272], [112.60015, -7.69277], [112.599901, -7.693033], [112.599576, -7.693321], [112.599288, -7.693535], [112.598896, -7.693751], [112.598763, -7.693824], [112.598463, -7.6941], [112.598189, -7.694376], [112.598044, -7.694615], [112.598014, -7.694664], [112.597871, -7.694978], [112.597865, -7.694989], [112.597868, -7.695011], [112.597869, -7.695014], [112.597878, -7.69508], [112.597891, -7.695177], [112.597984, -7.695307], [112.598093, -7.695636], [112.598095, -7.695643], [112.598096, -7.695647], [112.598102, -7.695691], [112.598123, -7.695845], [112.598148, -7.696023], [112.598154, -7.696146], [112.598167, -7.696404], [112.598172, -7.696505], [112.598145, -7.696616], [112.598107, -7.696773], [112.59807, -7.696922], [112.597933, -7.69715], [112.597903, -7.697201], [112.597782, -7.697463], [112.597677, -7.697691], [112.597539, -7.697933], [112.597313, -7.698241], [112.597196, -7.698395], [112.596955, -7.698776], [112.596886, -7.698873], [112.596773, -7.699032], [112.596752, -7.699047], [112.596583, -7.699165], [112.596565, -7.699169], [112.596513, -7.699182], [112.596436, -7.699202], [112.596368, -7.699213], [112.596129, -7.699254], [112.596088, -7.699275], [112.596078, -7.69928], [112.595986, -7.699326], [112.595982, -7.699328], [112.595981, -7.69933], [112.595917, -7.69947], [112.595893, -7.699523], [112.595874, -7.699639], [112.59585, -7.699786], [112.595806, -7.699934], [112.595784, -7.700006], [112.595774, -7.700085], [112.595734, -7.700379], [112.595676, -7.700491], [112.595574, -7.700687], [112.595459, -7.700925], [112.595458, -7.700928], [112.595457, -7.700929], [112.595433, -7.70094], [112.59542, -7.700946], [112.595319, -7.700994], [112.595018, -7.701069], [112.594981, -7.701075], [112.594967, -7.701077], [112.594921, -7.701085], [112.594755, -7.701114], [112.594716, -7.701119], [112.594549, -7.701144], [112.59441, -7.701159], [112.594109, -7.701116], [112.593897, -7.70108], [112.593858, -7.701087], [112.593721, -7.70111], [112.593565, -7.701182], [112.593545, -7.701191], [112.593384, -7.701396], [112.593312, -7.701579], [112.593313, -7.701586], [112.593326, -7.70169], [112.593334, -7.701755], [112.593374, -7.701877], [112.593379, -7.701894], [112.593377, -7.701944], [112.593377, -7.701956], [112.593375, -7.70199], [112.593372, -7.702062], [112.593358, -7.702186], [112.593298, -7.702389], [112.593189, -7.702572], [112.593036, -7.702835], [112.592956, -7.703077], [112.592972, -7.703435], [112.592974, -7.703764], [112.592957, -7.703887], [112.592924, -7.704137], [112.592863, -7.704328], [112.592858, -7.704342], [112.59272, -7.704547], [112.592618, -7.70473], [112.592542, -7.704847], [112.592523, -7.704877], [112.592465, -7.704979], [112.592354, -7.70519], [112.592165, -7.705541], [112.592163, -7.705545], [112.592099, -7.705673], [112.592022, -7.705769], [112.591902, -7.705915], [112.591842, -7.70606], [112.591786, -7.706193], [112.591771, -7.706342], [112.591765, -7.706398], [112.591751, -7.706632], [112.59173, -7.706791], [112.591722, -7.706844], [112.591584, -7.707086], [112.591583, -7.707088], [112.591369, -7.707466], [112.591344, -7.707511], [112.591213, -7.707753], [112.591155, -7.707957], [112.591067, -7.708133], [112.59104, -7.708153], [112.590943, -7.708223], [112.590817, -7.708313], [112.590612, -7.708402], [112.590451, -7.708473], [112.590429, -7.708483], [112.590423, -7.708488], [112.590366, -7.708537], [112.590349, -7.708551], [112.590334, -7.708564], [112.590137, -7.708798], [112.590129, -7.708831], [112.590115, -7.708891], [112.590115, -7.708892], [112.590108, -7.708923], [112.59013, -7.708996], [112.590263, -7.709127], [112.590378, -7.709234], [112.590388, -7.709243], [112.590387, -7.709259], [112.590381, -7.709338], [112.590278, -7.709332], [112.590137, -7.70937], [112.589978, -7.709413], [112.589851, -7.709454], [112.589699, -7.709502], [112.589679, -7.709512], [112.589423, -7.709641], [112.589421, -7.709642], [112.589418, -7.709647], [112.589322, -7.709778], [112.589261, -7.709862], [112.589246, -7.709908], [112.589204, -7.710033], [112.5892, -7.710047], [112.589196, -7.710059], [112.589211, -7.710308], [112.589255, -7.710509], [112.589219, -7.710634], [112.58911, -7.710802], [112.589098, -7.71085], [112.589075, -7.710942], [112.589066, -7.710978], [112.589067, -7.711061], [112.589067, -7.711105], [112.589067, -7.711168], [112.589082, -7.711235], [112.589119, -7.711409], [112.589122, -7.711421], [112.589135, -7.711494], [112.589172, -7.711687], [112.589218, -7.71222], [112.589248, -7.712556], [112.589253, -7.712607], [112.589294, -7.713058], [112.589322, -7.71334], [112.589332, -7.713445], [112.589328, -7.713492], [112.589318, -7.713628], [112.589324, -7.713651], [112.589327, -7.713663], [112.589331, -7.713681], [112.58934, -7.713716], [112.589363, -7.713804], [112.589326, -7.713928], [112.589231, -7.714203], [112.589218, -7.714243], [112.589091, -7.71442], [112.58905, -7.714477], [112.588996, -7.714547], [112.588875, -7.714705], [112.588736, -7.714924], [112.588561, -7.715254], [112.588452, -7.715444], [112.588412, -7.715493], [112.588313, -7.715613], [112.588255, -7.715723], [112.588137, -7.715875], [112.588115, -7.715904], [112.588015, -7.716016], [112.587925, -7.716117], [112.587752, -7.716633], [112.587707, -7.716768], [112.587685, -7.716802], [112.587437, -7.717186], [112.587116, -7.717618], [112.587, -7.717801], [112.586833, -7.718255], [112.586702, -7.718497], [112.586416, -7.719096], [112.586146, -7.719608], [112.585848, -7.720275], [112.585652, -7.720692], [112.585316, -7.721139], [112.585024, -7.721586], [112.584472, -7.722286], [112.58366, -7.723186], [112.583155, -7.72358], [112.582791, -7.723974], [112.581923, -7.724958], [112.580942, -7.725802], [112.580242, -7.726561], [112.579935, -7.727039], [112.579486, -7.727377], [112.578926, -7.72794], [112.578478, -7.728474], [112.577947, -7.729176], [112.577246, -7.72988], [112.576799, -7.73047], [112.576462, -7.730779], [112.576233, -7.730957], [112.575852, -7.731108], [112.575568, -7.731288], [112.575322, -7.731527], [112.575054, -7.731864], [112.574807, -7.732521], [112.574815, -7.732536], [112.574819, -7.732542], [112.574838, -7.732579], [112.574711, -7.732647], [112.574711, -7.732648], [112.57471, -7.732648], [112.57377, -7.733157], [112.573001, -7.733642], [112.572056, -7.734151], [112.570622, -7.734698], [112.570103, -7.734786], [112.569536, -7.734936], [112.569066, -7.734987], [112.568313, -7.735027], [112.567151, -7.73492], [112.566706, -7.73491], [112.565607, -7.734988], [112.564829, -7.735089], [112.564484, -7.735275], [112.564228, -7.735941], [112.563995, -7.73657], [112.563749, -7.736977], [112.563121, -7.737447], [112.562233, -7.737832], [112.561739, -7.737871], [112.561319, -7.737848], [112.561023, -7.737723], [112.56047, -7.737537], [112.559617, -7.737256], [112.558891, -7.737181], [112.558085, -7.737089], [112.557627, -7.737012], [112.556633, -7.737126], [112.555907, -7.737176], [112.554803, -7.7374], [112.554124, -7.737418], [112.553855, -7.737246], [112.553587, -7.7372], [112.553256, -7.737295], [112.552694, -7.73732], [112.551814, -7.737222], [112.550949, -7.737024], [112.54955, -7.736722], [112.548858, -7.736615], [112.547891, -7.736433], [112.547032, -7.736295], [112.546258, -7.736188], [112.545481, -7.736035], [112.544528, -7.735949], [112.544222, -7.735914], [112.543935, -7.736041], [112.543667, -7.736239], [112.543057, -7.736581], [112.542141, -7.736728], [112.541638, -7.736783], [112.540687, -7.737235], [112.539485, -7.737669], [112.538497, -7.737816], [112.537742, -7.737747], [112.536831, -7.737574], [112.535732, -7.737293], [112.534518, -7.736871], [112.534034, -7.736788], [112.533335, -7.736705], [112.532849, -7.736522], [112.532506, -7.736324], [112.532077, -7.735971], [112.531834, -7.735673], [112.531647, -7.735233], [112.531327, -7.734967], [112.530873, -7.734898], [112.530361, -7.734916], [112.529927, -7.734932], [112.529581, -7.734944], [112.529011, -7.734965], [112.528712, -7.734976], [112.528707, -7.734976], [112.52839, -7.734987], [112.528389, -7.734987], [112.528057, -7.735043], [112.527907, -7.735068], [112.52773, -7.735235], [112.527566, -7.735697], [112.527453, -7.735931], [112.527396, -7.73605], [112.527314, -7.736194], [112.527203, -7.736391], [112.526828, -7.73671], [112.526488, -7.736961], [112.525851, -7.737395], [112.525488, -7.73776], [112.52532, -7.738578], [112.525289, -7.738767], [112.52522, -7.739192], [112.525043, -7.739459], [112.525039, -7.739465], [112.524991, -7.739507], [112.524845, -7.739636], [112.524692, -7.739643], [112.524595, -7.739648], [112.524492, -7.73958], [112.524401, -7.739456], [112.524218, -7.739434], [112.524088, -7.739413], [112.524013, -7.7394], [112.524013, -7.7394], [112.524013, -7.7394], [112.523961, -7.739447], [112.523913, -7.73949], [112.523123, -7.739887], [112.522107, -7.740496], [112.522031, -7.740541], [112.521217, -7.740707], [112.520447, -7.740924], [112.520217, -7.740989], [112.519912, -7.741025], [112.519006, -7.741132], [112.517773, -7.741183], [112.516655, -7.741071], [112.515608, -7.741167], [112.514933, -7.741471], [112.514933, -7.741471], [112.514933, -7.741471], [112.514783, -7.741537], [112.514781, -7.741538], [112.514399, -7.741705], [112.514399, -7.741705], [112.514073, -7.742124], [112.513981, -7.742241], [112.513949, -7.7423], [112.513704, -7.742752], [112.513682, -7.74317], [112.513823, -7.743611], [112.513361, -7.744494], [112.512923, -7.745726], [112.512925, -7.746167], [112.512921, -7.746248], [112.512882, -7.747211], [112.512732, -7.748215], [112.512722, -7.748279], [112.51272, -7.748453], [112.512715, -7.748987], [112.51272, -7.74926], [112.512727, -7.749715], [112.512681, -7.750413], [112.51268, -7.750416], [112.512623, -7.750875], [112.512576, -7.751255], [112.512575, -7.751259], [112.512504, -7.751358], [112.512369, -7.751545], [112.511658, -7.751557], [112.5116, -7.751558], [112.510576, -7.751866], [112.509999, -7.752326], [112.509743, -7.752553], [112.509446, -7.752816], [112.50924, -7.752923], [112.509101, -7.752995], [112.508546, -7.753128], [112.508512, -7.753137], [112.507755, -7.753513], [112.507644, -7.753543], [112.507166, -7.753673], [112.507166, -7.753673], [112.506498, -7.754029], [112.506372, -7.754096], [112.506051, -7.75417], [112.505961, -7.75419], [112.505633, -7.754154], [112.505548, -7.754132], [112.505135, -7.754021], [112.504802, -7.753907], [112.504788, -7.753903], [112.504261, -7.753935], [112.504261, -7.753935], [112.503764, -7.754086], [112.503495, -7.754229], [112.503192, -7.754389], [112.502365, -7.754918], [112.501763, -7.755055], [112.50132, -7.755087], [112.501115, -7.755102], [112.500784, -7.755073], [112.500701, -7.755082], [112.500467, -7.755105], [112.499996, -7.755145], [112.499744, -7.755167], [112.499545, -7.755136], [112.499095, -7.755064], [112.498824, -7.755065], [112.498824, -7.755065], [112.498824, -7.755065], [112.498433, -7.755292], [112.498059, -7.755984], [112.497293, -7.757174], [112.497264, -7.757219], [112.496588, -7.75834], [112.496588, -7.75834], [112.496066, -7.759206], [112.49468, -7.761851], [112.493949, -7.76263], [112.493461, -7.762876], [112.492835, -7.763167], [112.491949, -7.763307], [112.491403, -7.763537], [112.490967, -7.763756]], [[112.435784, -7.484734], [112.43616, -7.484297], [112.436403, -7.48389], [112.436504, -7.483225], [112.436443, -7.482487], [112.436544, -7.481719], [112.438645, -7.482109], [112.438669, -7.482087], [112.438856, -7.48192], [112.439464, -7.481777], [112.439779, -7.481652], [112.439834, -7.48163], [112.439872, -7.481615], [112.440921, -7.481674], [112.442039, -7.481755], [112.442707, -7.481815], [112.443756, -7.481858], [112.443756, -7.481858], [112.443804, -7.486768], [112.443789, -7.49059], [112.443788, -7.490787], [112.446635, -7.491594], [112.446696, -7.491611], [112.446621, -7.491715], [112.446352, -7.492094], [112.446349, -7.492098], [112.446368, -7.492114], [112.446517, -7.492243], [112.446743, -7.492438], [112.447112, -7.492618], [112.447243, -7.492682], [112.447248, -7.492684], [112.447604, -7.492797], [112.448062, -7.492942], [112.448276, -7.492986], [112.448426, -7.493031], [112.448497, -7.493053], [112.448822, -7.493151], [112.449776, -7.49344], [112.449776, -7.493439], [112.449776, -7.493439], [112.449852, -7.493264], [112.450182, -7.492257], [112.449986, -7.491537], [112.449905, -7.490686], [112.449986, -7.489154], [112.450036, -7.48873], [112.450125, -7.487984], [112.450221, -7.487172], [112.450237, -7.487042], [112.450307, -7.486542], [112.450307, -7.486542], [112.450412, -7.485786], [112.450454, -7.485485], [112.450843, -7.481747], [112.450849, -7.481749], [112.452118, -7.481996], [112.45335, -7.482207], [112.455665, -7.482535], [112.457805, -7.482444], [112.458564, -7.482713], [112.460495, -7.48294], [112.460551, -7.482236], [112.460578, -7.481892], [112.46081, -7.478988], [112.460833, -7.478701], [112.461316, -7.473392], [112.461389, -7.473155], [112.461505, -7.473071], [112.461509, -7.473068], [112.461955, -7.473083], [112.462472, -7.473147], [112.462882, -7.473126], [112.463147, -7.473067], [112.463313, -7.47303], [112.463559, -7.473005], [112.463978, -7.473095], [112.464377, -7.473198], [112.464597, -7.473227], [112.46477, -7.473194], [112.464792, -7.473127], [112.465075, -7.471261], [112.464317, -7.470923], [112.464348, -7.470397], [112.464464, -7.469363], [112.464561, -7.468448], [112.464764, -7.466994], [112.465718, -7.467053], [112.466833, -7.467121], [112.466876, -7.466857], [112.466934, -7.466492], [112.467624, -7.462208], [112.467643, -7.462089], [112.464998, -7.462183], [112.465003, -7.461147], [112.467219, -7.461096], [112.46822, -7.46078], [112.46848, -7.460698], [112.468652, -7.458694], [112.468115, -7.458696], [112.468103, -7.455246], [112.467395, -7.455307], [112.467112, -7.455331], [112.467105, -7.453244], [112.465194, -7.45325], [112.465194, -7.455497], [112.46495, -7.455518], [112.459946, -7.456459], [112.457552, -7.456922], [112.457513, -7.456763], [112.457512, -7.456759], [112.457512, -7.456758], [112.457512, -7.456757], [112.457308, -7.455759], [112.456934, -7.454435], [112.456661, -7.452981], [112.456276, -7.451195], [112.456052, -7.45022], [112.455753, -7.449153], [112.455492, -7.448381], [112.455085, -7.447384], [112.454288, -7.447628], [112.453111, -7.448113], [112.452073, -7.448527], [112.45063, -7.448967], [112.449585, -7.449309], [112.448292, -7.449814], [112.44742, -7.450204], [112.446707, -7.450687], [112.445595, -7.451638], [112.444649, -7.452635], [112.443322, -7.453839], [112.44199, -7.454865], [112.44157, -7.455189], [112.44157, -7.455189], [112.44157, -7.455189], [112.441566, -7.455192], [112.440327, -7.456071], [112.438976, -7.456743], [112.438203, -7.457265], [112.437491, -7.457641], [112.437485, -7.457644], [112.436912, -7.458011], [112.435841, -7.45869], [112.435503, -7.458997], [112.434316, -7.459691], [112.433935, -7.459831], [112.432867, -7.460091], [112.43196, -7.460158], [112.431765, -7.460172], [112.430753, -7.460136], [112.430746, -7.460135], [112.428848, -7.459534], [112.427766, -7.458945], [112.42649, -7.45831], [112.424897, -7.457678], [112.422897, -7.457093], [112.421021, -7.456863], [112.418684, -7.456966], [112.41762, -7.457069], [112.417308, -7.457099], [112.417173, -7.457116], [112.415814, -7.457282], [112.415701, -7.457408], [112.4157, -7.45741], [112.415403, -7.458261], [112.415438, -7.464104], [112.415439, -7.46416], [112.415453, -7.464177], [112.415563, -7.464312], [112.416618, -7.46561], [112.416793, -7.466009], [112.41672, -7.466147], [112.416636, -7.466168], [112.4161, -7.466304], [112.415314, -7.466375], [112.414688, -7.466423], [112.414016, -7.466577], [112.413572, -7.466972], [112.413354, -7.467166], [112.413153, -7.46738], [112.41273, -7.467831], [112.412519, -7.468082], [112.412212, -7.468449], [112.412113, -7.468609], [112.412192, -7.468651], [112.412322, -7.46872], [112.412748, -7.46943], [112.412699, -7.46951], [112.412637, -7.469612], [112.412921, -7.471227], [112.413106, -7.471425], [112.413608, -7.471964], [112.414, -7.472232], [112.414196, -7.472366], [112.414422, -7.473174], [112.413434, -7.474292], [112.412791, -7.474113], [112.411194, -7.473076], [112.410239, -7.475612], [112.41017, -7.475794], [112.408244, -7.476413], [112.406299, -7.477389], [112.406049, -7.477892], [112.405829, -7.478868], [112.405805, -7.479098], [112.405803, -7.47912], [112.405794, -7.479214], [112.406615, -7.479415], [112.40755, -7.479179], [112.407746, -7.479129], [112.407618, -7.482047], [112.407656, -7.48431], [112.407656, -7.484332], [112.407662, -7.484336], [112.407798, -7.484456], [112.407853, -7.487168], [112.407858, -7.488486], [112.407916, -7.49012], [112.4079, -7.490858], [112.407656, -7.491642], [112.408018, -7.491723], [112.408097, -7.491741], [112.408864, -7.491739], [112.409552, -7.491737], [112.411309, -7.491714], [112.412107, -7.491747], [112.412183, -7.491753], [112.41359, -7.49187], [112.413592, -7.49187], [112.413663, -7.491716], [112.414567, -7.491898], [112.414882, -7.492027], [112.415074, -7.492106], [112.415142, -7.494136], [112.415143, -7.494154], [112.414959, -7.494624], [112.415355, -7.494623], [112.415612, -7.494017], [112.416367, -7.494027], [112.41645, -7.494009], [112.417961, -7.493676], [112.418808, -7.493513], [112.419921, -7.4933], [112.420106, -7.493139], [112.420326, -7.492472], [112.420982, -7.492667], [112.421974, -7.493882], [112.421976, -7.493884], [112.422114, -7.494052], [112.422637, -7.493365], [112.422965, -7.492934], [112.422993, -7.492886], [112.42316, -7.492601], [112.423238, -7.492017], [112.423248, -7.491944], [112.423261, -7.49189], [112.423334, -7.491595], [112.423752, -7.491011], [112.423752, -7.49101], [112.424187, -7.490481], [112.42453, -7.489832], [112.424478, -7.489265], [112.424302, -7.488901], [112.424248, -7.488797], [112.424069, -7.488454], [112.424112, -7.488078], [112.424151, -7.487742], [112.424246, -7.48722], [112.42427, -7.487091], [112.424215, -7.486677], [112.424164, -7.486298], [112.424127, -7.485906], [112.424102, -7.485645], [112.42459, -7.484745], [112.424616, -7.484697], [112.424782, -7.484123], [112.424808, -7.484042], [112.424939, -7.483637], [112.425398, -7.483016], [112.425778, -7.482479], [112.425922, -7.482276], [112.42598, -7.482194], [112.426004, -7.482144], [112.426198, -7.481737], [112.426337, -7.480966], [112.426339, -7.480966], [112.426451, -7.480925], [112.426452, -7.480925], [112.426454, -7.480925], [112.427198, -7.480942], [112.42803, -7.480825], [112.428486, -7.480558], [112.428605, -7.480488], [112.428652, -7.48046], [112.428624, -7.48128], [112.428294, -7.482349], [112.429651, -7.48266], [112.43041, -7.482688], [112.430082, -7.484121], [112.43357, -7.484837], [112.433519, -7.485356], [112.433677, -7.485854], [112.433459, -7.486093], [112.433464, -7.487111], [112.435221, -7.487526], [112.43529, -7.487542], [112.435784, -7.484734]]]}}]}