{"type": "FeatureCollection", "features": [{"type": "Feature", "properties": {"name": "Kabupaten Solok"}, "geometry": {"type": "Polygon", "coordinates": [[[100.73935175800007, -1.1063052039999768, 0.0], [100.73869353000005, -1.105521434999967, 0.0], [100.73593940800008, -1.1033911319999061, 0.0], [100.73413632100001, -1.1028530789999804, 0.0], [100.73279626300007, -1.102584309999953, 0.0], [100.73160217700004, -1.101972385999936, 0.0], [100.73077546100002, -1.1016964699999388, 0.0], [100.73057518500006, -1.1013071849999787, 0.0], [100.73025236700009, -1.1010412809999097, 0.0], [100.72967793300008, -1.100879365999916, 0.0], [100.72892930600004, -1.100801921999996, 0.0], [100.72862596300007, -1.100737198999974, 0.0], [100.72835482900011, -1.100568614999975, 0.0], [100.72813523400006, -1.1002507309999594, 0.0], [100.72803311200005, -1.0996859919999387, 0.0], [100.72809740300004, -1.0985923789999712, 0.0], [100.72807218999999, -1.0970826069999209, 0.0], [100.72795631300009, -1.0964202279999178, 0.0], [100.72769588200003, -1.0960036149999923, 0.0], [100.72732233500004, -1.095662465999936, 0.0], [100.72704944300001, -1.0952593629999754, 0.0], [100.72690490100005, -1.0949287729999806, 0.0], [100.72660663500007, -1.0945150179999368, 0.0], [100.72629511900004, -1.0944048869999718, 0.0], [100.72545296300008, -1.0942198739999462, 0.0], [100.72506372000004, -1.0944246700000129, 0.0], [100.7243871940001, -1.0947173049999763, 0.0], [100.7240834840001, -1.0948297029999554, 0.0], [100.72371584400007, -1.0948456379999256, 0.0], [100.72321111500004, -1.0948310159999688, 0.0], [100.72242235700007, -1.0946473639999592, 0.0], [100.72202395200006, -1.0942065699999062, 0.0], [100.7217701060001, -1.0937986229998966, 0.0], [100.72166834900011, -1.093250305999913, 0.0], [100.72162991300004, -1.0925616709999615, 0.0], [100.72147743300005, -1.092013383999897, 0.0], [100.72123859100009, -1.091581421999954, 0.0], [100.72112523000003, -1.091437041999905, 0.0], [100.72078885900001, -1.0913996509999206, 0.0], [100.72025820800006, -1.0915329319999332, 0.0], [100.71955304500007, -1.0918586379999664, 0.0], [100.71915383500007, -1.0924949879999553, 0.0], [100.71864045100006, -1.09332544599992, 0.0], [100.71821714300002, -1.0937423879999553, 0.0], [100.71751672100007, -1.0941917319999217, 0.0], [100.71688450900007, -1.0944747539999804, 0.0], [100.71579543300003, -1.0945018789999104, 0.0], [100.7146467090001, -1.0942490019999564, 0.0], [100.71360926500007, -1.0938603699999463, 0.0], [100.71312173300005, -1.093567025000019, 0.0], [100.71264579700001, -1.0933482549999487, 0.0], [100.7115766110001, -1.0931370749999714, 0.0], [100.71083081100004, -1.0931163149999383, 0.0], [100.70967634400007, -1.0931763029999262, 0.0], [100.70859394700005, -1.0933949979999884, 0.0], [100.70768762500002, -1.0938027119999758, 0.0], [100.70655958700003, -1.0947038820000172, 0.0], [100.70594003000011, -1.0953223479999377, 0.0], [100.70442896900005, -1.096685454999927, 0.0], [100.70322001500004, -1.0977446129999864, 0.0], [100.70160082700008, -1.0989278659999313, 0.0], [100.70104734700003, -1.099418265999909, 0.0], [100.70016166500002, -1.0999979620000084, 0.0], [100.69951201500001, -1.1003310449999393, 0.0], [100.69860971100005, -1.1007706129999815, 0.0], [100.69709498300004, -1.1019237849999104, 0.0], [100.69623542200006, -1.1025120660000067, 0.0], [100.69542941700007, -1.1027692629999768, 0.0], [100.69443511300005, -1.1026752449999286, 0.0], [100.69335993200008, -1.1021150979999363, 0.0], [100.69241077600006, -1.1021348989999797, 0.0], [100.69179922800001, -1.1026822189999643, 0.0], [100.69115374900007, -1.1033321149999218, 0.0], [100.69058402700009, -1.103671897999963, 0.0], [100.68960747700004, -1.1039825279999926, 0.0], [100.68902398600007, -1.1040189089998944, 0.0], [100.68817979100002, -1.1039491599999913, 0.0], [100.68768993600008, -1.1039829439999398, 0.0], [100.68724533900007, -1.1041244230000198, 0.0], [100.686701349, -1.1044012980000049, 0.0], [100.68623348600002, -1.1047899329999211, 0.0], [100.68569478200003, -1.1056000289999723, 0.0], [100.68517997000006, -1.1059702919999785, 0.0], [100.68462091300007, -1.1061703939999281, 0.0], [100.68396029400014, -1.106296923999913, 0.0], [100.68321215000005, -1.1066192319999275, 0.0], [100.68221242500002, -1.1071715189999822, 0.0], [100.681412562, -1.1074650739999263, 0.0], [100.68057595400006, -1.1077219759999635, 0.0], [100.6796735150001, -1.1078035289999564, 0.0], [100.679036883, -1.107698541999974, 0.0], [100.67753456300004, -1.107235820999968, 0.0], [100.67706686500007, -1.1068797849999106, 0.0], [100.6766947310001, -1.1062641159999393, 0.0], [100.67651808800005, -1.106046648999976, 0.0], [100.67623786000004, -1.1058911809999152, 0.0], [100.67582088300009, -1.1060225879999506, 0.0], [100.67525143200005, -1.1064087119999204, 0.0], [100.67512380900006, -1.106494454000005, 0.0], [100.67501952900004, -1.1065390279999627, 0.0], [100.67491267300008, -1.106559930999906, 0.0], [100.67444209000006, -1.1066881349999402, 0.0], [100.67419328400007, -1.1067564469999163, 0.0], [100.6740743890001, -1.1068078750000014, 0.0], [100.67397136700001, -1.1068801799999486, 0.0], [100.67389683100005, -1.1069614369999075, 0.0], [100.673816694, -1.107055510999961, 0.0], [100.67359948600006, -1.1073279159999447, 0.0], [100.67352704800001, -1.1074355039999657, 0.0], [100.67348028200006, -1.1075325199999213, 0.0], [100.67344397700006, -1.1076686439999799, 0.0], [100.6734377100001, -1.1077999369999232, 0.0], [100.6734711220001, -1.1080479059999182, 0.0], [100.67347417100008, -1.108169429999948, 0.0], [100.67347459600002, -1.1082854239999522, 0.0], [100.67345571100006, -1.1084044829999353, 0.0], [100.6734282770001, -1.108494235999991, 0.0], [100.67318954900007, -1.1090876519999802, 0.0], [100.67315813800005, -1.109206612999963, 0.0], [100.67314358099999, -1.109318836999916, 0.0], [100.6731095060001, -1.1096618569999672, 0.0], [100.67309926500006, -1.1098099639999657, 0.0], [100.67308754600006, -1.1098771549999242, 0.0], [100.67306845600008, -1.1099208069999824, 0.0], [100.67303195400008, -1.109979053999917, 0.0], [100.67278239200004, -1.1102021439999996, 0.0], [100.67251008200007, -1.1103950269998797, 0.0], [100.67242295700005, -1.1104329550000072, 0.0], [100.67235741300004, -1.1104481039999279, 0.0], [100.67227021700003, -1.110447814999891, 0.0], [100.67220436400001, -1.1104398129999438, 0.0], [100.67193406300001, -1.1103462719999264, 0.0], [100.6716431600001, -1.1102286949999782, 0.0], [100.67151284100007, -1.1102072869999793, 0.0], [100.67139908400007, -1.1102102369999551, 0.0], [100.67087029600002, -1.1103736229998888, 0.0], [100.67012257200005, -1.1107155059999263, 0.0], [100.66999578800007, -1.1108177139999413, 0.0], [100.66989732400008, -1.110900942999899, 0.0], [100.66971915300007, -1.1110817419999395, 0.0], [100.669652791, -1.1111905349999736, 0.0], [100.6696120570001, -1.1113146659999442, 0.0], [100.66958447100004, -1.1114460559999744, 0.0], [100.6695799440001, -1.1115746809999563, 0.0], [100.66957536500007, -1.1117504469999482, 0.0], [100.66957115200009, -1.1118427419999322, 0.0], [100.66955317600011, -1.1119202149999616, 0.0], [100.66953214900005, -1.1119462939999878, 0.0], [100.66949854200003, -1.1119724509999176, 0.0], [100.66891948500007, -1.1121197649999492, 0.0], [100.66864352100006, -1.1122378839999443, 0.0], [100.66849056100003, -1.1123287399999162, 0.0], [100.66834836800007, -1.1124592929999773, 0.0], [100.66761835400007, -1.1130894499999735, 0.0], [100.66747143700007, -1.1132034169999827, 0.0], [100.66737913400009, -1.1132431009999812, 0.0], [100.66725102400005, -1.1132857869999622, 0.0], [100.66687894000009, -1.1134023219999327, 0.0], [100.66664350300006, -1.1134860809999358, 0.0], [100.66648851300003, -1.113571259999954, 0.0], [100.66632329400004, -1.113648649999975, 0.0], [100.66613463100006, -1.1137168420000219, 0.0], [100.66593491400005, -1.1137925439999703, 0.0], [100.66582915, -1.1138169329999534, 0.0], [100.66576434200006, -1.1138222159999414, 0.0], [100.66570402900004, -1.1138183329998819, 0.0], [100.66534238100004, -1.113746433999973, 0.0], [100.66516754200006, -1.1136968969999563, 0.0], [100.66492971900001, -1.1135826750000204, 0.0], [100.66432068200008, -1.1132461169999683, 0.0], [100.6638004430001, -1.1130562179999741, 0.0], [100.66362847699999, -1.1129955409999301, 0.0], [100.66328483500007, -1.1129048099999812, 0.0], [100.66312066000008, -1.1128893119999383, 0.0], [100.66298360100011, -1.1128876699999692, 0.0], [100.66243145400007, -1.1129797389999645, 0.0], [100.66229141300003, -1.1130266779999327, 0.0], [100.66215958400005, -1.1130808189999697, 0.0], [100.66202911500008, -1.113191007999936, 0.0], [100.66150086300009, -1.1135551949999631, 0.0], [100.66113068500009, -1.1138305149999217, 0.0], [100.66035291000013, -1.1142037379999756, 0.0], [100.66016879700008, -1.1143068309999764, 0.0], [100.66006832900003, -1.114384645999929, 0.0], [100.65996210500003, -1.1144700329999908, 0.0], [100.65986367000006, -1.1145552629999305, 0.0], [100.65975861600008, -1.1146087609999114, 0.0], [100.65963472600004, -1.1146762439999893, 0.0], [100.65925466200012, -1.1147478249999638, 0.0], [100.6589935100001, -1.1147592629999277, 0.0], [100.65878459700004, -1.114785883999919, 0.0], [100.65865490100006, -1.114832903999995, 0.0], [100.65851580100009, -1.1149082639999155, 0.0], [100.65841135900007, -1.1150224279999534, 0.0], [100.65815924900008, -1.1153380299999507, 0.0], [100.65800382500001, -1.1154965899999305, 0.0], [100.65792660800011, -1.1155795829999529, 0.0], [100.65784742600003, -1.1156179669999247, 0.0], [100.65774693900008, -1.1156438139999338, 0.0], [100.65769436500007, -1.1156463269999624, 0.0], [100.65741648900008, -1.1155756399999845, 0.0], [100.6572320860001, -1.1155105449999196, 0.0], [100.65709210700007, -1.1154618319999858, 0.0], [100.6569411440001, -1.1154086779999306, 0.0], [100.65678087200007, -1.1154068189999553, 0.0], [100.6566169150001, -1.1154661069999767, 0.0], [100.65649215000008, -1.1155695390000007, 0.0], [100.65638578000006, -1.1157200989999358, 0.0], [100.65613052400009, -1.1160560909999442, 0.0], [100.65595478400012, -1.1162449879999488, 0.0], [100.65582820500003, -1.1164112849999408, 0.0], [100.65573174800005, -1.116509517999897, 0.0], [100.655624968, -1.1165679389999277, 0.0], [100.6551998320001, -1.1167392299999785, 0.0], [100.65495207100011, -1.116851558999947, 0.0], [100.65480385800001, -1.116923303999938, 0.0], [100.65463205800009, -1.117001876999953, 0.0], [100.65450476700005, -1.1170945159999708, 0.0], [100.65409523000008, -1.1174004839999863, 0.0], [100.65394302100002, -1.1175224939999482, 0.0], [100.65384917600007, -1.117590406999977, 0.0], [100.65376089700004, -1.1176357079999835, 0.0], [100.65366643100005, -1.117649847999919, 0.0], [100.6535886610001, -1.1176489419999305, 0.0], [100.65320902200004, -1.1175403220000026, 0.0], [100.65276141700005, -1.1173976510000054, 0.0], [100.65267773500004, -1.1173919409998885, 0.0], [100.65259393600003, -1.1173836789999256, 0.0], [100.65248180800009, -1.117397133999964, 0.0], [100.65236662400005, -1.1174390039999644, 0.0], [100.65215348500001, -1.1175446640000108, 0.0], [100.65205889800009, -1.1175734219999915, 0.0], [100.65198470200008, -1.117580588999954, 0.0], [100.65187275700005, -1.1175633709999515, 0.0], [100.6513580700001, -1.1174302439999488, 0.0], [100.65095602600005, -1.1173561019999516, 0.0], [100.65078200900004, -1.1173376419999221, 0.0], [100.6504015850001, -1.1172402169999511, 0.0], [100.65023784000005, -1.1171940149999418, 0.0], [100.65012283200012, -1.1171331359999777, 0.0], [100.65001940000009, -1.1170739819999604, 0.0], [100.64980756900006, -1.1168801139999962, 0.0], [100.64964884800007, -1.1167468009999895, 0.0], [100.64950052600005, -1.1166559779999352, 0.0], [100.64934624100009, -1.116585306999945, 0.0], [100.64900716300009, -1.116464667999904, 0.0], [100.64881213200003, -1.1164110679999095, 0.0], [100.648716284, -1.1163678399999775, 0.0], [100.64864809100006, -1.1163182089999666, 0.0], [100.64846712500008, -1.1160795039999258, 0.0], [100.6483911220001, -1.1159769569999658, 0.0], [100.64832500400006, -1.1159002539999217, 0.0], [100.64823267300005, -1.115812546999948, 0.0], [100.64812672000008, -1.1157351969999445, 0.0], [100.64727069800004, -1.115203883999947, 0.0], [100.64637038500007, -1.115805494999985, 0.0], [100.64611397900009, -1.1160098009999297, 0.0], [100.64593912500008, -1.1161820869999797, 0.0], [100.64576278300007, -1.1163727399999483, 0.0], [100.64561775300005, -1.1164774989999118, 0.0], [100.6455195410001, -1.1165412599999476, 0.0], [100.64542638400012, -1.1166021719999193, 0.0], [100.64536791000008, -1.1166255779999887, 0.0], [100.64528573200002, -1.1166442379999384, 0.0], [100.64517769100006, -1.116648658999942, 0.0], [100.644598548, -1.116609711000005, 0.0], [100.64443447500011, -1.116598089999942, 0.0], [100.64432068100011, -1.1166115929999887, 0.0], [100.64422047800008, -1.1166446099999625, 0.0], [100.64410212400006, -1.1167176549999658, 0.0], [100.64400108700005, -1.116800340999974, 0.0], [100.64398707200004, -1.1168180089999258, 0.0], [100.64333302700003, -1.1161786789999535, 0.0], [100.64283862500005, -1.1158142249999201, 0.0], [100.6426502510001, -1.115674095999956, 0.0], [100.64245291200002, -1.1156234229999369, 0.0], [100.64226976700006, -1.1156157000000044, 0.0], [100.64205227400001, -1.1156459359999407, 0.0], [100.64170045900003, -1.1156887539999236, 0.0], [100.64141645400007, -1.115693499999966, 0.0], [100.64125873700007, -1.1156831439999118, 0.0], [100.64109561800008, -1.1156065389999656, 0.0], [100.64078768500009, -1.1154560109999465, 0.0], [100.64017308100004, -1.1150203539999501, 0.0], [100.63922931400002, -1.114453786999966, 0.0], [100.63862094800005, -1.1140754449999255, 0.0], [100.63793705800003, -1.1135411799999522, 0.0], [100.63778168900006, -1.1133632919999905, 0.0], [100.63764611600006, -1.1131793229999492, 0.0], [100.6375824390001, -1.1130426879999187, 0.0], [100.6374955940001, -1.1127840449999375, 0.0], [100.63727080500007, -1.1122173369999377, 0.0], [100.63718105500001, -1.111957093999891, 0.0], [100.63708178800006, -1.111729398999971, 0.0], [100.63699395900008, -1.1115495709999346, 0.0], [100.63681309500005, -1.111271999999966, 0.0], [100.63629782500003, -1.1105477119999974, 0.0], [100.63573972500005, -1.1097337189999603, 0.0], [100.63501194700004, -1.1084952279999007, 0.0], [100.63478531800003, -1.1080463339999693, 0.0], [100.6344887660001, -1.1077234029999867, 0.0], [100.63380642000004, -1.107123613999928, 0.0], [100.63269304700002, -1.1064042829999945, 0.0], [100.63144091800007, -1.1059229519999623, 0.0], [100.62994100300004, -1.1056766339999282, 0.0], [100.62875518700008, -1.1053381989999815, 0.0], [100.62795554100008, -1.1050759399999508, 0.0], [100.62760413900006, -1.104862784999992, 0.0], [100.62719857800006, -1.1045746709999673, 0.0], [100.62645655100005, -1.1037071779999552, 0.0], [100.62616489700007, -1.103354725999917, 0.0], [100.62562517600009, -1.1029394609999363, 0.0], [100.6250766380001, -1.1027088559999476, 0.0], [100.62429575000004, -1.1023542289999244, 0.0], [100.62367082600012, -1.1016729809999533, 0.0], [100.62344866900013, -1.1009111439999784, 0.0], [100.623534132, -1.099742164999976, 0.0], [100.62381338700001, -1.098702959999967, 0.0], [100.62389620200013, -1.0981986819999874, 0.0], [100.62347676000006, -1.0975449759999023, 0.0], [100.62252047700007, -1.0966309699999577, 0.0], [100.62231408000004, -1.0963783690000124, 0.0], [100.62220855600002, -1.096170242999936, 0.0], [100.62212108800006, -1.0957348519999697, 0.0], [100.62221484200009, -1.0948037979999397, 0.0], [100.62225323000007, -1.093994208999911, 0.0], [100.6222986100001, -1.092920206999962, 0.0], [100.62222508500005, -1.0923130429998995, 0.0], [100.62197373900004, -1.0918629109999587, 0.0], [100.62191947200007, -1.0914987859999465, 0.0], [100.62206364100011, -1.0904331789999742, 0.0], [100.62251554500001, -1.0893612459999293, 0.0], [100.62292296000007, -1.0884905179999913, 0.0], [100.62319414400014, -1.0876569289999467, 0.0], [100.62338149200008, -1.086876851999883, 0.0], [100.62355631100006, -1.0863005369998908, 0.0], [100.62360944100001, -1.0858373439999434, 0.0], [100.6234912770001, -1.0853837019999868, 0.0], [100.62320864600008, -1.0849051339999003, 0.0], [100.62302291600007, -1.0845887929999305, 0.0], [100.62296302300011, -1.0843375339999202, 0.0], [100.62307092100005, -1.0840218969999238, 0.0], [100.62359915200005, -1.0830459159998984, 0.0], [100.62390285100005, -1.0825500729999087, 0.0], [100.62405293600003, -1.0820728019999541, 0.0], [100.62420918300008, -1.0813046649999807, 0.0], [100.62416294100008, -1.0807894649999947, 0.0], [100.62405633700004, -1.080494247999987, 0.0], [100.6237799420001, -1.079977880999895, 0.0], [100.62312892900005, -1.0792481569999177, 0.0], [100.62249050300008, -1.0786160140000114, 0.0], [100.62208363100007, -1.0782404059999309, 0.0], [100.62168981100008, -1.0777571999999245, 0.0], [100.62140438400009, -1.0771185399999188, 0.0], [100.62099427900009, -1.0762127769999374, 0.0], [100.62067325300008, -1.075558308999976, 0.0], [100.6206056940001, -1.0751090379999204, 0.0], [100.62064811000005, -1.0743027209999172, 0.0], [100.6207518290001, -1.073693329999932, 0.0], [100.62121655900009, -1.0729544919999177, 0.0], [100.62174874200008, -1.072467968999983, 0.0], [100.62257227800009, -1.071857532999916, 0.0], [100.62299481600006, -1.07125846299992, 0.0], [100.62327060900004, -1.0705813609999333, 0.0], [100.6234686990001, -1.0698348669999043, 0.0], [100.62340592000005, -1.068686183999988, 0.0], [100.62336188400005, -1.0670534889998873, 0.0], [100.62336892200001, -1.0660245929999386, 0.0], [100.62325712300009, -1.0650085339999877, 0.0], [100.62305622300008, -1.0643420379999917, 0.0], [100.62255850700011, -1.0631921629999666, 0.0], [100.6215923240001, -1.0620663619999091, 0.0], [100.62138288400008, -1.0619996259998863, 0.0], [100.62095605100005, -1.0620358759999646, 0.0], [100.620105445, -1.0622464649998837, 0.0], [100.61887055000005, -1.0627776779999698, 0.0], [100.61740064700011, -1.0634939609999896, 0.0], [100.61646546200011, -1.0641914259999647, 0.0], [100.61611645800008, -1.0646543529999943, 0.0], [100.61551140000003, -1.0653422149999607, 0.0], [100.61492742700003, -1.0657341709999835, 0.0], [100.61450152300004, -1.06591167499993, 0.0], [100.61377427100011, -1.066054289999913, 0.0], [100.61301376400004, -1.0660883829999697, 0.0], [100.61219237700003, -1.065985678999922, 0.0], [100.61106682500008, -1.0656691919999353, 0.0], [100.61015504300003, -1.065383159999983, 0.0], [100.60925281900009, -1.0652212769999996, 0.0], [100.60900416400003, -1.065237650999931, 0.0], [100.60824322500004, -1.065529080999983, 0.0], [100.60761183100003, -1.0660328079999135, 0.0], [100.60731689500004, -1.0667801389999232, 0.0], [100.60691853900003, -1.0678598150000014, 0.0], [100.60645954700007, -1.0686006239999226, 0.0], [100.60539002400013, -1.0694202399999724, 0.0], [100.60508177400003, -1.0696012949999345, 0.0], [100.6041570020001, -1.070105702000017, 0.0], [100.60339906100008, -1.0702482319999105, 0.0], [100.60180155900005, -1.070485593999923, 0.0], [100.60082436000002, -1.0708923010000013, 0.0], [100.60004902200008, -1.0711445499999117, 0.0], [100.59941897500009, -1.071185500999923, 0.0], [100.59858947600011, -1.0709904929999425, 0.0], [100.59795881800007, -1.070982794999941, 0.0], [100.59738409600003, -1.0710874679999816, 0.0], [100.59637857400006, -1.0717302779999707, 0.0], [100.59498208700006, -1.0727666929999222, 0.0], [100.59427484400008, -1.0732709719999065, 0.0], [100.59355345100008, -1.0733856409999643, 0.0], [100.59280293300006, -1.07316123499997, 0.0], [100.59206031500008, -1.0727762539999943, 0.0], [100.59146936800003, -1.0724626929999825, 0.0], [100.59106226200001, -1.0724315479998934, 0.0], [100.59068719200006, -1.0726886579999544, 0.0], [100.58992051100005, -1.073678868999898, 0.0], [100.58945886400004, -1.0742813859999318, 0.0], [100.58879539200004, -1.0747436259998866, 0.0], [100.58773811300004, -1.0751342699999757, 0.0], [100.58748621600007, -1.0750219810000115, 0.0], [100.58689951900001, -1.074333711999905, 0.0], [100.58597258400006, -1.073433736999962, 0.0], [100.58520893600011, -1.0730246539999468, 0.0], [100.58455779500007, -1.0726366349999896, 0.0], [100.58351496700003, -1.072258536999891, 0.0], [100.58250663400008, -1.0721234299999818, 0.0], [100.58170839400003, -1.0718863079999092, 0.0], [100.58127001000008, -1.0716171879999332, 0.0], [100.58095428800007, -1.0710813579999183, 0.0], [100.58068354800005, -1.0700392659999423, 0.0], [100.58029583800004, -1.0689308969999864, 0.0], [100.57982467700005, -1.0680888269999456, 0.0], [100.57928028900002, -1.0672656989999543, 0.0], [100.57870299700005, -1.0665790419999925, 0.0], [100.57854369700001, -1.0662803759999704, 0.0], [100.57844078100003, -1.0658733299999512, 0.0], [100.57848269300003, -1.0653544510000006, 0.0], [100.57875789300006, -1.064180656999959, 0.0], [100.57940976600008, -1.0624575559999354, 0.0], [100.5796889010001, -1.0617927100000075, 0.0], [100.57990185600003, -1.061291600999931, 0.0], [100.57978033500011, -1.0605051049999625, 0.0], [100.57944938700008, -1.059743316999985, 0.0], [100.578925725, -1.0590856039999248, 0.0], [100.57820288100005, -1.0584216479999706, 0.0], [100.57753125600009, -1.0575002619999285, 0.0], [100.57712052700003, -1.0570353999999327, 0.0], [100.57689006300006, -1.0567571659999062, 0.0], [100.57628516600003, -1.0566638169999194, 0.0], [100.57498767400004, -1.056422852999961, 0.0], [100.57474734900005, -1.0562779999999636, 0.0], [100.57436494900011, -1.0558943999999302, 0.0], [100.57436057700002, -1.0547169429999486, 0.0], [100.57427269600004, -1.054220390999988, 0.0], [100.57401322300007, -1.0535963199999472, 0.0], [100.57315218900006, -1.0523028339999523, 0.0], [100.57208883500009, -1.0515467139999186, 0.0], [100.57177076900005, -1.0510625849999133, 0.0], [100.5716294200001, -1.0506835679999131, 0.0], [100.57126988600001, -1.0499519719999473, 0.0], [100.57067157000006, -1.0490612899999752, 0.0], [100.57046423900005, -1.0485858339999046, 0.0], [100.57017738700003, -1.047603845999908, 0.0], [100.5701094620001, -1.0473782249998984, 0.0], [100.57004453400006, -1.0470792699999403, 0.0], [100.57001801700008, -1.0468821969999826, 0.0], [100.57000678700004, -1.0465700279999917, 0.0], [100.57000982000002, -1.0463989729999628, 0.0], [100.57008492100002, -1.0456817669999527, 0.0], [100.57019362600003, -1.0453341489999743, 0.0], [100.57029963100013, -1.0450982989999953, 0.0], [100.57044245500002, -1.044814532999965, 0.0], [100.57053057400003, -1.0445741569999765, 0.0], [100.57055887900006, -1.0442921619999999, 0.0], [100.57054217400011, -1.0437796359999543, 0.0], [100.57050907100003, -1.0434167899999598, 0.0], [100.57047304700006, -1.043210310999916, 0.0], [100.5704659570001, -1.042983208999957, 0.0], [100.570473367, -1.0428042949999081, 0.0], [100.57052211200003, -1.0426318529999397, 0.0], [100.5705871950001, -1.0423279220000035, 0.0], [100.57059651600007, -1.0421401060000222, 0.0], [100.5705938180001, -1.0419801769999202, 0.0], [100.57055387600009, -1.041791774999978, 0.0], [100.57021835000005, -1.041247841999998, 0.0], [100.56984929300006, -1.0406203229999493, 0.0], [100.56975872700012, -1.0403352289998964, 0.0], [100.5696412720001, -1.0400998999999698, 0.0], [100.56952585800012, -1.039849170000003, 0.0], [100.56950175800009, -1.0397239319999323, 0.0], [100.56949640900008, -1.0395439129999606, 0.0], [100.56957629300003, -1.0388234299999515, 0.0], [100.56961318900008, -1.0384314089999254, 0.0], [100.56964941800004, -1.0381656479999704, 0.0], [100.56968261000013, -1.0380235289999324, 0.0], [100.56975057100006, -1.0378778839999663, 0.0], [100.56986301500004, -1.037740307999952, 0.0], [100.570003252, -1.0374576399999227, 0.0], [100.5700139720001, -1.0372965459999197, 0.0], [100.56998108300006, -1.0370919349999501, 0.0], [100.56951645800005, -1.0363362579999509, 0.0], [100.56925126500005, -1.0360443519999514, 0.0], [100.56909472400007, -1.0359034209999336, 0.0], [100.56893719300008, -1.0357497649999161, 0.0], [100.56882288700004, -1.0356155410000019, 0.0], [100.56873875800001, -1.0354276059999112, 0.0], [100.56871285500009, -1.035241303999951, 0.0], [100.56870145900004, -1.0347599009999942, 0.0], [100.56870527299999, -1.0345012599999164, 0.0], [100.56872722000013, -1.0343245909999543, 0.0], [100.56877384200007, -1.0341535389999206, 0.0], [100.56879801900003, -1.0339817050000082, 0.0], [100.56879968000008, -1.0338405989999546, 0.0], [100.56878883300007, -1.0336690789998944, 0.0], [100.56872442700006, -1.0334967749999322, 0.0], [100.56863733200007, -1.033381493999991, 0.0], [100.56846316000012, -1.0331482459999572, 0.0], [100.56836029800004, -1.0329622459999446, 0.0], [100.56825315800006, -1.0326991689999372, 0.0], [100.56822528900007, -1.032507252999954, 0.0], [100.56821404900003, -1.0323165409999746, 0.0], [100.56819974500009, -1.0321339039999642, 0.0], [100.56815779500008, -1.0319174309999044, 0.0], [100.56811532200003, -1.0317451089999583, 0.0], [100.56806753100007, -1.0315890400000014, 0.0], [100.56766560900003, -1.0307000329999867, 0.0], [100.56748466400008, -1.0306530709999173, 0.0], [100.567358116, -1.0305857859999579, 0.0], [100.56725959100001, -1.0305155749999093, 0.0], [100.56691153900009, -1.0302973069999755, 0.0], [100.56671056300006, -1.0301860200000033, 0.0], [100.5665637550001, -1.030110336999967, 0.0], [100.56639602000006, -1.0300568539999717, 0.0], [100.56621434100003, -1.0300167379999425, 0.0], [100.56577678000008, -1.029929973999963, 0.0], [100.56550061000004, -1.0298668079999647, 0.0], [100.56534265000003, -1.0297952050000054, 0.0], [100.56518193800007, -1.0297124429999023, 0.0], [100.56477729000007, -1.029503245999909, 0.0], [100.56456482700007, -1.0293450739999672, 0.0], [100.56435033100009, -1.0291945179999447, 0.0], [100.56422311400004, -1.0290957419999367, 0.0], [100.56411004200001, -1.0289906849999562, 0.0], [100.56383334700003, -1.0287432449999157, 0.0], [100.56369103500008, -1.0285877830000227, 0.0], [100.56355135500007, -1.0284591689999487, 0.0], [100.56343537800005, -1.0283708620000087, 0.0], [100.56330962500004, -1.0283003779999516, 0.0], [100.5631438130001, -1.0282538729999289, 0.0], [100.5627090460001, -1.0282389419999323, 0.0], [100.56240400600008, -1.0282397199999014, 0.0], [100.562120899, -1.0282409169999105, 0.0], [100.56187786300006, -1.02823955699998, 0.0], [100.56127210800013, -1.028251812999931, 0.0], [100.56091909200005, -1.0282396379999803, 0.0], [100.56065371200003, -1.0282348839999518, 0.0], [100.559950353, -1.028257960999987, 0.0], [100.55933122300011, -1.028255749999983, 0.0], [100.55907674600012, -1.0282531359999454, 0.0], [100.55852040399999, -1.0282490049999655, 0.0], [100.55821919000003, -1.0282391709999474, 0.0], [100.55797707600007, -1.0282191049999756, 0.0], [100.55779486900009, -1.0282028049999614, 0.0], [100.55752580900013, -1.0281794899999799, 0.0], [100.55736286600006, -1.0281516139999824, 0.0], [100.5572848750001, -1.0281217389999984, 0.0], [100.5572097730001, -1.0280663249999409, 0.0], [100.55695307200008, -1.0277623619999294, 0.0], [100.556822239, -1.027560460999923, 0.0], [100.55672331600007, -1.0274419139999693, 0.0], [100.55664270500009, -1.0273732949999888, 0.0], [100.55653632600006, -1.0273240109999828, 0.0], [100.5565099990001, -1.0272927389999706, 0.0], [100.55649871700007, -1.0272493249999446, 0.0], [100.5565175140001, -1.0271170440000035, 0.0], [100.55650397700005, -1.0270033099999174, 0.0], [100.55645449100004, -1.026873986999976, 0.0], [100.55635523400008, -1.0267399089999802, 0.0], [100.5562362640001, -1.0266435209999145, 0.0], [100.55610070600008, -1.0265458599999169, 0.0], [100.5559807810001, -1.0264583429999472, 0.0], [100.55588232100004, -1.0263810679999508, 0.0], [100.55581100900008, -1.0263052969999913, 0.0], [100.55575112700011, -1.0262133949999384, 0.0], [100.55572833100008, -1.0261624259998896, 0.0], [100.55570678100008, -1.0260582949998853, 0.0], [100.5556897990001, -1.0258613219999393, 0.0], [100.55567628100005, -1.0256659139999282, 0.0], [100.55564887500009, -1.0254403119999196, 0.0], [100.55559745300009, -1.025173919999909, 0.0], [100.55553241800004, -1.024677351999933, 0.0], [100.55550022200005, -1.0244625210000196, 0.0], [100.55547027300005, -1.0241774559999641, 0.0], [100.5554171420001, -1.0238709559999288, 0.0], [100.55537437100011, -1.02355536100001, 0.0], [100.55532612100002, -1.0231014269999366, 0.0], [100.55532499400002, -1.022877371999964, 0.0], [100.55531067100007, -1.0226968159999312, 0.0], [100.55522979600005, -1.0225071219999615, 0.0], [100.55515645300002, -1.0224249399999181, 0.0], [100.55487370500008, -1.0222618929999268, 0.0], [100.55478407300002, -1.0221801039999954, 0.0], [100.55474330800003, -1.022089476999965, 0.0], [100.5547194490001, -1.0219444329999385, 0.0], [100.55471264900007, -1.0217662709999553, 0.0], [100.55472994400007, -1.0215966879999459, 0.0], [100.55476908400003, -1.0213930399999798, 0.0], [100.55484194200004, -1.0208112609999769, 0.0], [100.5548751750001, -1.020653036999944, 0.0], [100.554888012, -1.0204646319999953, 0.0], [100.55486421900008, -1.020317503999892, 0.0], [100.55478546400005, -1.020198386999889, 0.0], [100.55466594100002, -1.0200962239999687, 0.0], [100.55452726100002, -1.0200220819999604, 0.0], [100.55434576800009, -1.0199308499999604, 0.0], [100.55416855700008, -1.019818804999929, 0.0], [100.55402446400007, -1.0197048190000115, 0.0], [100.55390457400009, -1.0195722489999566, 0.0], [100.5537908800001, -1.0194108510000237, 0.0], [100.55367749300004, -1.0191557419999562, 0.0], [100.55359840500007, -1.018932466999954, 0.0], [100.55350816000006, -1.01866396999995, 0.0], [100.5534248590001, -1.0183981349998914, 0.0], [100.55335992400006, -1.018116184999921, 0.0], [100.55330746300007, -1.01771269299993, 0.0], [100.55322496000008, -1.0171425829999194, 0.0], [100.55320270500002, -1.016909068999956, 0.0], [100.55318629900007, -1.016598148000003, 0.0], [100.55317329100006, -1.0162736859999766, 0.0], [100.55315004800009, -1.0159842809999107, 0.0], [100.55313012700005, -1.0156304969999517, 0.0], [100.5531349060001, -1.0149601959999253, 0.0], [100.55313732500011, -1.0146779179999261, 0.0], [100.55314271700011, -1.0144463309999414, 0.0], [100.55317855700007, -1.0141730259999802, 0.0], [100.55324068500005, -1.013940796999943, 0.0], [100.55331574200005, -1.0137178239999773, 0.0], [100.55337900800005, -1.0135573689999264, 0.0], [100.55343536800008, -1.0133951879999188, 0.0], [100.55346922900013, -1.0131350779999782, 0.0], [100.55347587200005, -1.0129818229999243, 0.0], [100.55345445800006, -1.0128461059999698, 0.0], [100.55341861000002, -1.0126880889999428, 0.0], [100.55341184200009, -1.012545025999929, 0.0], [100.55341122600005, -1.0123180559999743, 0.0], [100.55341009200004, -1.012101230999973, 0.0], [100.5534011710001, -1.011824856999944, 0.0], [100.55338717600009, -1.0116043679999833, 0.0], [100.55334919800005, -1.0114443829999937, 0.0], [100.55327532700007, -1.0112720359999288, 0.0], [100.55299691100004, -1.0107875659999934, 0.0], [100.55290438500002, -1.0105867629999103, 0.0], [100.5528516800001, -1.0104113619999615, 0.0], [100.55282247600009, -1.0102569479999648, 0.0], [100.5528043840001, -1.0100810669998976, 0.0], [100.55280784900003, -1.0098587039999638, 0.0], [100.55276432300006, -1.009340670000012, 0.0], [100.55272268800009, -1.0091221399999475, 0.0], [100.55267881900001, -1.0089163869999858, 0.0], [100.55266898300009, -1.0087257979999311, 0.0], [100.55269650400005, -1.0086039039998915, 0.0], [100.55274960600009, -1.008497689999981, 0.0], [100.55284156600007, -1.0084249210000034, 0.0], [100.55295774900009, -1.0083172929999797, 0.0], [100.5530436940001, -1.0082053349999445, 0.0], [100.55308064100004, -1.0080894449999576, 0.0], [100.55307929200012, -1.0080019719999072, 0.0], [100.55307339600006, -1.007945519999953, 0.0], [100.55301305400005, -1.0077377999999946, 0.0], [100.55294139900006, -1.0076043229999512, 0.0], [100.55286120200009, -1.0074704649998902, 0.0], [100.5527261130001, -1.0072871579999148, 0.0], [100.55259137200005, -1.0071610609999668, 0.0], [100.55235873600009, -1.0069818889999702, 0.0], [100.55214165700006, -1.0068488199999839, 0.0], [100.55193944400011, -1.0067278059999918, 0.0], [100.55181924200012, -1.0065996569999678, 0.0], [100.55175193800007, -1.0064801019999337, 0.0], [100.55169906100012, -1.0063226099999605, 0.0], [100.5516569120001, -1.0061694249999027, 0.0], [100.55157222200002, -1.0059531259999375, 0.0], [100.55147594300004, -1.0057584749999129, 0.0], [100.55138235200012, -1.005574466999956, 0.0], [100.55122371100005, -1.0052996679999544, 0.0], [100.55105246800011, -1.0050586949999227, 0.0], [100.55095550200006, -1.0048991039999569, 0.0], [100.55081386700007, -1.0045240499999148, 0.0], [100.5507949870001, -1.0043486859999622, 0.0], [100.55081205100001, -1.0041606239999552, 0.0], [100.55086214000006, -1.0040122849999347, 0.0], [100.55094429000012, -1.0038876579999272, 0.0], [100.551020248, -1.00379431499993, 0.0], [100.55130669100008, -1.003619087999909, 0.0], [100.55145441600004, -1.003548942999967, 0.0], [100.55158992200006, -1.0035140009999153, 0.0], [100.55171028400008, -1.0035234459999949, 0.0], [100.55180337500005, -1.0035807779999357, 0.0], [100.55191041000002, -1.00370239399997, 0.0], [100.55206312000004, -1.0039073159999514, 0.0], [100.55220404900008, -1.0040943399999702, 0.0], [100.55235358000002, -1.0042536899999244, 0.0], [100.55250933700002, -1.004345154999952, 0.0], [100.55266256000009, -1.004338942999968, 0.0], [100.55277677500003, -1.0042662139998906, 0.0], [100.55284342300004, -1.004139918999924, 0.0], [100.55285788200008, -1.0039872839999036, 0.0], [100.55283850200007, -1.0038560389999762, 0.0], [100.55278250800006, -1.0037007079999096, 0.0], [100.55269621700003, -1.003522886999947, 0.0], [100.55258010200001, -1.0033272479999213, 0.0], [100.55245334800011, -1.0031216769999578, 0.0], [100.55235470900001, -1.002949733999958, 0.0], [100.55228116700006, -1.0027775479999148, 0.0], [100.55225320700005, -1.0026317559999378, 0.0], [100.55225999000008, -1.0024855459999047, 0.0], [100.55229924200005, -1.002290894999973, 0.0], [100.55234617900003, -1.002158223000011, 0.0], [100.55241438000007, -1.0020453519999055, 0.0], [100.55248075700005, -1.0019706069999375, 0.0], [100.55288027800007, -1.0016792589999846, 0.0], [100.55308206900007, -1.0015501839999688, 0.0], [100.55403030400001, -1.001100856999925, 0.0], [100.554318827, -1.0009597299999713, 0.0], [100.55448498200006, -1.0008296469999411, 0.0], [100.55457840000007, -1.0007197269999097, 0.0], [100.55460369100011, -1.0006097039999526, 0.0], [100.55458381200006, -1.0004860109999347, 0.0], [100.55452648000004, -1.0003455359999478, 0.0], [100.55444410000005, -1.0002325719999354, 0.0], [100.55431617900004, -1.0001386179999683, 0.0], [100.5541816000001, -1.0000970059999987, 0.0], [100.55406621300006, -1.0000989659999702, 0.0], [100.55392043900007, -1.000125871999982, 0.0], [100.55377509300003, -1.0001770999999555, 0.0], [100.5527443540001, -1.0006116089999335, 0.0], [100.55236475400005, -1.000719689999918, 0.0], [100.55214497900008, -1.0007455749999268, 0.0], [100.55204527200009, -1.0007239039998999, 0.0], [100.5520004530001, -1.0006839839999828, 0.0], [100.55196579900007, -1.0006297409999267, 0.0], [100.55196321700004, -1.0005785299999572, 0.0], [100.55198057100006, -1.0005260399999563, 0.0], [100.55203648700007, -1.0004360659999856, 0.0], [100.55211195200009, -1.0003534599999016, 0.0], [100.55222405500004, -1.00024467599995, 0.0], [100.55232804300003, -1.000123391999948, 0.0], [100.55240843600012, -1.0000000009999555, 0.0], [100.5524298280001, -0.9999624309999534, 0.0], [100.55244730800004, -0.9996638669999429, 0.0], [100.55244435800007, -0.9995302259999104, 0.0], [100.55241666500008, -0.9993542230000044, 0.0], [100.55232205500006, -0.999155337999975, 0.0], [100.55219122200008, -0.9989080349999377, 0.0], [100.55206033900001, -0.9986764179999557, 0.0], [100.55189513100002, -0.998410098999951, 0.0], [100.55174979900006, -0.9981993159999097, 0.0], [100.55153327100008, -0.9980113989999163, 0.0], [100.55121859400008, -0.9978766119999581, 0.0], [100.55101423100004, -0.9977882249999255, 0.0], [100.55090483300005, -0.997700974999896, 0.0], [100.55087209200009, -0.9976279889999851, 0.0], [100.55087527500008, -0.997535427999962, 0.0], [100.55092014200007, -0.9974203089999367, 0.0], [100.55103696100005, -0.9972062729999971, 0.0], [100.55109925100005, -0.9969669569999217, 0.0], [100.5511020330001, -0.9967250149998751, 0.0], [100.55106764000001, -0.9964863509999389, 0.0], [100.55097479000005, -0.9962261780000026, 0.0], [100.55084773100003, -0.9959873389999445, 0.0], [100.55069311200002, -0.9957691179999212, 0.0], [100.55048905100001, -0.9955238689999755, 0.0], [100.55038699400009, -0.9953186519999642, 0.0], [100.5503321800001, -0.995098391999948, 0.0], [100.55031978300005, -0.9947851929999698, 0.0], [100.5503118490001, -0.9943975949999608, 0.0], [100.55028479800008, -0.9940215649999222, 0.0], [100.55019475300008, -0.9936862969999875, 0.0], [100.55010418800006, -0.9932694139999497, 0.0], [100.55007496400003, -0.9930155229999158, 0.0], [100.55007712600003, -0.9927607939999704, 0.0], [100.55013427200007, -0.9926071849999683, 0.0], [100.55018893600005, -0.9925107869999741, 0.0], [100.55052463900003, -0.9922257029999224, 0.0], [100.55070324300006, -0.9921048709998802, 0.0], [100.55088178600009, -0.9919597969999522, 0.0], [100.55103733600001, -0.9917372409999261, 0.0], [100.55108968900008, -0.9914762189999065, 0.0], [100.55108261500001, -0.9912863730000062, 0.0], [100.5509805880001, -0.9911109789998834, 0.0], [100.55088309600004, -0.9909901389999296, 0.0], [100.55086055100011, -0.9908930859999827, 0.0], [100.55088518200002, -0.9907599269999708, 0.0], [100.55096280800005, -0.9906607279999421, 0.0], [100.55110895100006, -0.9905282099999877, 0.0], [100.55132225000003, -0.9903302699999569, 0.0], [100.55146440400007, -0.9900527119999968, 0.0], [100.55152537500005, -0.9897759280000072, 0.0], [100.55161516700011, -0.9896160040000002, 0.0], [100.55174649000006, -0.9894962939999681, 0.0], [100.5519565160001, -0.9893940299999447, 0.0], [100.55220424100008, -0.9892793879999484, 0.0], [100.55246626900002, -0.9891726779999186, 0.0], [100.55270205600007, -0.9890260169999595, 0.0], [100.55289170800003, -0.9888020929999854, 0.0], [100.55300384700008, -0.9885641679999323, 0.0], [100.55305499800005, -0.9883147199999939, 0.0], [100.55307622300003, -0.9880379699999094, 0.0], [100.55309592900007, -0.9876498669999546, 0.0], [100.55304987100008, -0.9874449919999673, 0.0], [100.5529236240001, -0.9872651429999131, 0.0], [100.55267381700013, -0.987129212999952, 0.0], [100.55249267900007, -0.9870443959999592, 0.0], [100.55225527400005, -0.9868804179999716, 0.0], [100.55205224300003, -0.9866930560000052, 0.0], [100.55193309400003, -0.9865379989999813, 0.0], [100.55184299300004, -0.9863862439999324, 0.0], [100.55180516000011, -0.9862588859999734, 0.0], [100.55181673, -0.9861862039999987, 0.0], [100.55187961400006, -0.9861196789999043, 0.0], [100.5519821710001, -0.9860529389999032, 0.0], [100.55209734600004, -0.9859976669999401, 0.0], [100.55223059000005, -0.9858864319999737, 0.0], [100.55228528400005, -0.9857131209999404, 0.0], [100.552281582, -0.9855488579999351, 0.0], [100.5522236530001, -0.9854074339999565, 0.0], [100.55207800400004, -0.9852818879999578, 0.0], [100.551850024, -0.9851699469999388, 0.0], [100.55139115600007, -0.9848575179999243, 0.0], [100.55109364200004, -0.9846218249999642, 0.0], [100.5509623980001, -0.9844585249999639, 0.0], [100.55087068700006, -0.9842538839998972, 0.0], [100.5508270510001, -0.9840209889999029, 0.0], [100.55082683900008, -0.9835612479999636, 0.0], [100.55082103700003, -0.9833234319999267, 0.0], [100.55075454800004, -0.9831336429999439, 0.0], [100.55073946900004, -0.9830070209999439, 0.0], [100.55078059600007, -0.9828916569998959, 0.0], [100.55088275700008, -0.9827580629999404, 0.0], [100.5510481970001, -0.9825939819999597, 0.0], [100.55119490700007, -0.9823931699999586, 0.0], [100.55133063100001, -0.982158716999915, 0.0], [100.55141932000006, -0.9819083869999813, 0.0], [100.55142237700005, -0.9816923159999704, 0.0], [100.55137719500004, -0.9815107599999437, 0.0], [100.55121593300002, -0.9813149270000006, 0.0], [100.55100550200002, -0.9811168729999549, 0.0], [100.55070973500007, -0.9808773469999416, 0.0], [100.55039717400005, -0.9806376109999975, 0.0], [100.550026233, -0.9804309979999689, 0.0], [100.54962789100009, -0.980252121999991, 0.0], [100.54934944900005, -0.9801662389999984, 0.0], [100.54905654300008, -0.9801285089999795, 0.0], [100.5487124260001, -0.9800915569999492, 0.0], [100.54852182900005, -0.9800194560000239, 0.0], [100.54847883200004, -0.9799690089999327, 0.0], [100.54846728400007, -0.9798648339999287, 0.0], [100.548498695, -0.9796450519999514, 0.0], [100.54859678200003, -0.9793749559999816, 0.0], [100.54870695500009, -0.9791456519999333, 0.0], [100.54879866300004, -0.9790162899999736, 0.0], [100.54895792800009, -0.9789248729999579, 0.0], [100.54913829700007, -0.9788854109999706, 0.0], [100.54936961900003, -0.9788803499999212, 0.0], [100.54959891900009, -0.9788658169999533, 0.0], [100.54980258000006, -0.9787857909999078, 0.0], [100.54993091000001, -0.9786298739999773, 0.0], [100.5499790750001, -0.978449464999975, 0.0], [100.54997897900009, -0.9782406280000117, 0.0], [100.54995382900005, -0.9780053809999075, 0.0], [100.54988164300003, -0.9777394310000089, 0.0], [100.54968256800008, -0.977495071999957, 0.0], [100.54940782100009, -0.9772408749999817, 0.0], [100.54912109900008, -0.9770722419999709, 0.0], [100.54823477400001, -0.9765861359999848, 0.0], [100.54803851900003, -0.9764682450000036, 0.0], [100.54782882900008, -0.97634524899994, 0.0], [100.54759785800007, -0.9761704469999651, 0.0], [100.5474060320001, -0.9759426729999456, 0.0], [100.5473264680001, -0.9757697159999345, 0.0], [100.54729245600002, -0.9755512699998864, 0.0], [100.54729474000004, -0.9753103269999318, 0.0], [100.54735252500002, -0.9747599079999544, 0.0], [100.5473834750001, -0.9744903649999586, 0.0], [100.54737636300004, -0.9741205769999095, 0.0], [100.54733857700002, -0.9736962429999675, 0.0], [100.5472161320001, -0.9732867909999374, 0.0], [100.54719793700012, -0.9732277809999345, 0.0], [100.5471548900001, -0.9731118899999333, 0.0], [100.54711590900007, -0.9729866889998853, 0.0], [100.54702185700002, -0.9728283879999289, 0.0], [100.54685589500005, -0.9727149799999542, 0.0], [100.54663159400006, -0.9726663049999252, 0.0], [100.54636806500011, -0.9726811599999968, 0.0], [100.54636001200006, -0.9719162239999497, 0.0], [100.54652569900009, -0.970905769999923, 0.0], [100.5466536210001, -0.9699029349999074, 0.0], [100.54672397000006, -0.9685624169999199, 0.0], [100.54617171800002, -0.9672614389999243, 0.0], [100.54586659900009, -0.96559676399994, 0.0], [100.54598884000008, -0.9642918849999828, 0.0], [100.54632886800006, -0.962651216999948, 0.0], [100.54586573700001, -0.9611823099999955, 0.0], [100.54598666800008, -0.9594682839999273, 0.0], [100.54598606500014, -0.9581215959999726, 0.0], [100.54654547200003, -0.9571664159999941, 0.0], [100.547153634, -0.9563826119999803, 0.0], [100.5472749520001, -0.9555255729999341, 0.0], [100.54709834500004, -0.9550568749999723, 0.0], [100.5468103000001, -0.9546141599999423, 0.0], [100.54631913600005, -0.9543077949999972, 0.0], [100.54560785500009, -0.9540015269999577, 0.0], [100.54498112000002, -0.9534397329999273, 0.0], [100.54469290900006, -0.9526052659999877, 0.0], [100.54464165600008, -0.951583326999989, 0.0], [100.54482674400003, -0.9492276839999522, 0.0], [100.54518488200009, -0.9477065609999503, 0.0], [100.54512156599999, -0.9467524499999665, 0.0], [100.54521992200006, -0.9456761729999039, 0.0], [100.54531748700005, -0.94280918799992, 0.0], [100.54518245200006, -0.9422078239999825, 0.0], [100.54479108300009, -0.9409915829999788, 0.0], [100.54439081800011, -0.9399743139999273, 0.0], [100.54391431300012, -0.939251006999944, 0.0], [100.54371191800007, -0.9387039359999753, 0.0], [100.54370274200002, -0.938265306999921, 0.0], [100.54373852500005, -0.937912574999961, 0.0], [100.54395391700011, -0.9373653189999737, 0.0], [100.54447457800002, -0.936338595999938, 0.0], [100.54479548500011, -0.9360045869999246, 0.0], [100.54568263200005, -0.9354653159999814, 0.0], [100.54656742800007, -0.9350308119999999, 0.0], [100.54715128800007, -0.9347049699999475, 0.0], [100.54770362900003, -0.9342163509999394, 0.0], [100.54792035100013, -0.933900277999986, 0.0], [100.54804925900002, -0.9335785989999268, 0.0], [100.54798621300006, -0.9332304329999753, 0.0], [100.54801306200005, -0.9329907569999587, 0.0], [100.5480534050001, -0.9327872489999052, 0.0], [100.54823740400005, -0.9323621009999884, 0.0], [100.54853358400004, -0.9316474970000198, 0.0], [100.54880277100003, -0.930842464999924, 0.0], [100.54903156700004, -0.9301278909999653, 0.0], [100.54918863200007, -0.9297479749999689, 0.0], [100.54950296400006, -0.9294493859999433, 0.0], [100.54993552400005, -0.9292787299999563, 0.0], [100.550293433, -0.929042057999919, 0.0], [100.55062573600004, -0.9287525039999396, 0.0], [100.55103435100001, -0.9283272580000137, 0.0], [100.55160457800012, -0.9276487099999985, 0.0], [100.55186498900008, -0.9273230129999634, 0.0], [100.55193675200007, -0.9270607069999302, 0.0], [100.55192920300007, -0.9265588729999702, 0.0], [100.55190929400003, -0.9259030929999004, 0.0], [100.55189103200013, -0.9252293269999267, 0.0], [100.5519939310001, -0.9242525349999315, 0.0], [100.55202931400001, -0.9229727999999945, 0.0], [100.55201561000011, -0.9224482569999446, 0.0], [100.55210076100005, -0.9219824559999562, 0.0], [100.55232524000006, -0.921670341999981, 0.0], [100.552747438, -0.9214892770000093, 0.0], [100.55319215500003, -0.9214438629999825, 0.0], [100.55364140100008, -0.9214843629999527, 0.0], [100.55405349600008, -0.9216028429999839, 0.0], [100.55451553800002, -0.92196272499992, 0.0], [100.55472429100006, -0.9220581779999041, 0.0], [100.55520871100008, -0.9220528590000056, 0.0], [100.55595964600003, -0.9220033710000001, 0.0], [100.55661539800012, -0.9217227199999607, 0.0], [100.55729618100005, -0.92127113599998, 0.0], [100.55753156400007, -0.9210755719999628, 0.0], [100.55778291700008, -0.9206324139999787, 0.0], [100.55797590600007, -0.9202208299999369, 0.0], [100.55830811500002, -0.9197142239999454, 0.0], [100.55864040800007, -0.9194020629999611, 0.0], [100.55885146700004, -0.9192210909999111, 0.0], [100.55975177400009, -0.9186313909999664, 0.0], [100.56026166000001, -0.9183432110000115, 0.0], [100.56076458800005, -0.9178681849999808, 0.0], [100.56093063500002, -0.9174837459999554, 0.0], [100.56115935200003, -0.9165882979999412, 0.0], [100.56124888600007, -0.9158692679999548, 0.0], [100.56130251500007, -0.9152271269999386, 0.0], [100.56124837200011, -0.914679993999875, 0.0], [100.56126165600006, -0.914232313999973, 0.0], [100.56122102400008, -0.9137665709999826, 0.0], [100.56117127700013, -0.9129978599999637, 0.0], [100.56120256100006, -0.9126225239999958, 0.0], [100.56131927400013, -0.9124235059999607, 0.0], [100.56156625400004, -0.9122063449999366, 0.0], [100.56179529000006, -0.9120434549999615, 0.0], [100.56199288500008, -0.9118941439999471, 0.0], [100.56234759800012, -0.9114870129999334, 0.0], [100.5625630660001, -0.9111161199999764, 0.0], [100.56264823200003, -0.9106819739999281, 0.0], [100.56267953800005, -0.9103563799999087, 0.0], [100.56274217800008, -0.9097730209999441, 0.0], [100.56354521600008, -0.9072720309999651, 0.0], [100.56358556700005, -0.9070866139999916, 0.0], [100.56375614200005, -0.9067835699999631, 0.0], [100.56402826099999, -0.9064769999999025, 0.0], [100.56420059900005, -0.9061412599999323, 0.0], [100.56447989700006, -0.9056093169999704, 0.0], [100.56483799600002, -0.9049697969999895, 0.0], [100.56526904700007, -0.9044948059999521, 0.0], [100.56570009000004, -0.9039972049999072, 0.0], [100.566036792, -0.9034951219999152, 0.0], [100.56622975700007, -0.9030247560000012, 0.0], [100.56630592100007, -0.9025453979999496, 0.0], [100.56613840000006, -0.9017779099999482, 0.0], [100.56608985000004, -0.9015099649999764, 0.0], [100.56587400400012, -0.9009990789999894, 0.0], [100.56588279600005, -0.9005468809999753, 0.0], [100.565945512, -0.900135355999941, 0.0], [100.566093644, -0.8998730189999002, 0.0], [100.56632713000006, -0.89961516799997, 0.0], [100.56652018400004, -0.8993528119999378, 0.0], [100.56665034300005, -0.8990814399999602, 0.0], [100.56666823100002, -0.898891509999952, 0.0], [100.56653772500006, -0.898348933000003, 0.0], [100.56642075200008, -0.89793748599989, 0.0], [100.56642058200005, -0.8975395550000145, 0.0], [100.56648327200008, -0.8970647239999828, 0.0], [100.56642922000006, -0.89672107999996, 0.0], [100.56631680500008, -0.8964678979999853, 0.0], [100.5661549740001, -0.8962056949999557, 0.0], [100.56590326800006, -0.8958757019999216, 0.0], [100.56535501300009, -0.8953966109999804, 0.0], [100.56479776800008, -0.8949039589999823, 0.0], [100.5646853910001, -0.8947366940000028, 0.0], [100.5645640100001, -0.8945242149999096, 0.0], [100.56416852500006, -0.8941264529999638, 0.0], [100.56379096700007, -0.8936292019999321, 0.0], [100.56349526300004, -0.8932909669999273, 0.0], [100.56321777100008, -0.8928647969999267, 0.0], [100.56314812300009, -0.8925532519999948, 0.0], [100.56314334300005, -0.8918704389998989, 0.0], [100.56332277500006, -0.8912598990000101, 0.0], [100.56345734300001, -0.8907895579999064, 0.0], [100.56352439600005, -0.8900027100000045, 0.0], [100.56345667900004, -0.8892113979998878, 0.0], [100.56321830700004, -0.8885377289999274, 0.0], [100.56285412600002, -0.8877962829999545, 0.0], [100.56269225900003, -0.8874481619999329, 0.0], [100.56258405500006, -0.8870162109999766, 0.0], [100.56236844600006, -0.8863185489999899, 0.0], [100.56217489300003, -0.8856350779999296, 0.0], [100.56185089600005, -0.8843057609999901, 0.0], [100.56162589600008, -0.8833743329999203, 0.0], [100.56142359300004, -0.8830081409999089, 0.0], [100.56065256800011, -0.8824186619999854, 0.0], [100.55965981400004, -0.8819409549999834, 0.0], [100.55884986200007, -0.8814885419999422, 0.0], [100.55858608700001, -0.8812798789999958, 0.0], [100.55841740700002, -0.8808795670000028, 0.0], [100.55839464500008, -0.8801560610000079, 0.0], [100.55847065800006, -0.8793013789999821, 0.0], [100.55838252800005, -0.8782082379999666, 0.0], [100.55842497500001, -0.8774654809999664, 0.0], [100.5586762610001, -0.876791602999993, 0.0], [100.55881980500008, -0.8762896059999294, 0.0], [100.55881962100007, -0.8758464539999506, 0.0], [100.55869807400005, -0.8752224739999196, 0.0], [100.55822161300007, -0.8745308129999709, 0.0], [100.55803279200006, -0.874173655999912, 0.0], [100.55788503700009, -0.8738993749999547, 0.0], [100.55774402400006, -0.8734905889999716, 0.0], [100.55750204000012, -0.8725459709999766, 0.0], [100.55716890900008, -0.8708232409999032, 0.0], [100.55682745300008, -0.8700357779999431, 0.0], [100.55672811700003, -0.8694713569999486, 0.0], [100.55662903600009, -0.8688564099999734, 0.0], [100.55656134700008, -0.8681103139999545, 0.0], [100.55659241400008, -0.8671832979999191, 0.0], [100.55661001300003, -0.866278896999951, 0.0], [100.55682945100007, -0.8646102009999066, 0.0], [100.55688299200006, -0.8637103079999701, 0.0], [100.55676563800003, -0.8623447219999595, 0.0], [100.5566924940001, -0.8617447789999597, 0.0], [100.55651361600005, -0.8612143339999604, 0.0], [100.55616874600011, -0.8606709259999332, 0.0], [100.55578545300001, -0.86016553699995, 0.0], [100.55562805700005, -0.8597495799999876, 0.0], [100.55545274500011, -0.8594647679999707, 0.0], [100.55513816200002, -0.8591483589999807, 0.0], [100.55480184500007, -0.8588345719999666, 0.0], [100.55440110600004, -0.8583211399999251, 0.0], [100.55416736700008, -0.8579639999999611, 0.0], [100.55394715300005, -0.8577289479999571, 0.0], [100.55382583400005, -0.8576566459999339, 0.0], [100.553497883, -0.8576070380000014, 0.0], [100.55284652200002, -0.85762991399994, 0.0], [100.55192114400002, -0.8576755109999777, 0.0], [100.55124284800003, -0.8577481409999578, 0.0], [100.55008395000007, -0.8579792339999767, 0.0], [100.54867358000008, -0.8584455729999285, 0.0], [100.54764051600004, -0.858812274999899, 0.0], [100.54683197700004, -0.8589663509999457, 0.0], [100.54494526200007, -0.8590213849999585, 0.0], [100.54424443200007, -0.8589176629998981, 0.0], [100.54357952000004, -0.8587641869999917, 0.0], [100.54276189200007, -0.8586605129999512, 0.0], [100.54175105000012, -0.8584393459999397, 0.0], [100.54133256100002, -0.8582589059999405, 0.0], [100.54078050400008, -0.8578835329999577, 0.0], [100.54016941500007, -0.8575220199999782, 0.0], [100.53991782100013, -0.8574497709999596, 0.0], [100.53952246500009, -0.8573549689999327, 0.0], [100.53897879500005, -0.8570793459999558, 0.0], [100.53857434900009, -0.8567177499999635, 0.0], [100.5380753760001, -0.8558813799999553, 0.0], [100.5378640770001, -0.8554699629999217, 0.0], [100.53744163600005, -0.8550450639999352, 0.0], [100.53647543000004, -0.8541048759999563, 0.0], [100.53581941000003, -0.853720768999974, 0.0], [100.53525319700007, -0.8532416629999464, 0.0], [100.53471836000006, -0.8525861859999696, 0.0], [100.53429232100007, -0.8517005739999701, 0.0], [100.53407520200004, -0.850646498999975, 0.0], [100.53386345300002, -0.8490910109998836, 0.0], [100.53375140500007, -0.8483777769999317, 0.0], [100.5336743810001, -0.8480826769999477, 0.0], [100.53365620000002, -0.8475445640000026, 0.0], [100.53376829300005, -0.8470018779999646, 0.0], [100.53410498900011, -0.8464364909999783, 0.0], [100.53486393400001, -0.8458166729999528, 0.0], [100.53527251500007, -0.845273867999976, 0.0], [100.53564557000003, -0.844516744999943, 0.0], [100.535730115, -0.8437271589999814, 0.0], [100.53575681500008, -0.8430804999999517, 0.0], [100.53563975200008, -0.8424067669999831, 0.0], [100.53562614200011, -0.8420630989999757, 0.0], [100.53561253800005, -0.8417375199999524, 0.0], [100.53567081500007, -0.8414254779999656, 0.0], [100.53589069700007, -0.8408194409999151, 0.0], [100.53638460800008, -0.8402223399999812, 0.0], [100.5365147900001, -0.8399826219999579, 0.0], [100.5366134560001, -0.8395665579999022, 0.0], [100.53669418400003, -0.8392273759999035, 0.0], [100.53679410600004, -0.8390711619999581, 0.0], [100.53719712200007, -0.838738799999894, 0.0], [100.537600001, -0.8385417799999391, 0.0], [100.53799662500005, -0.8384490739999145, 0.0], [100.53861831400008, -0.8385075769999495, 0.0], [100.53894904300007, -0.8386205349999731, 0.0], [100.5396588940001, -0.838828264999922, 0.0], [100.5400003350001, -0.8389095259999887, 0.0], [100.54044057600002, -0.8389183949999293, 0.0], [100.5406260620001, -0.8389436769999686, 0.0], [100.54088079900004, -0.8388820449999367, 0.0], [100.5410757910001, -0.8387345489999898, 0.0], [100.54140619200007, -0.8383798949999629, 0.0], [100.5416307230001, -0.8381763159999034, 0.0], [100.54178342200002, -0.8380812939999353, 0.0], [100.54209334700009, -0.8379862089999777, 0.0], [100.54255601600009, -0.8379136739999253, 0.0], [100.54292883600004, -0.8378276069999033, 0.0], [100.54329096900005, -0.8374989879998974, 0.0], [100.54360705, -0.8371353269999218, 0.0], [100.54390316000008, -0.8365836729999323, 0.0], [100.5439569150001, -0.8361992819999264, 0.0], [100.54392987200008, -0.8359686709999389, 0.0], [100.54390729700008, -0.835674749999946, 0.0], [100.5439655470001, -0.8352948789999547, 0.0], [100.54412266300004, -0.8350099319999305, 0.0], [100.54464799300007, -0.834349512999994, 0.0], [100.5456134620001, -0.8334402099998995, 0.0], [100.54631844699999, -0.8326938039999597, 0.0], [100.54679889600004, -0.8321419319999475, 0.0], [100.547130064, -0.8317532049999337, 0.0], [100.54726578500004, -0.831373008999912, 0.0], [100.54763390900004, -0.8307669179999595, 0.0], [100.54835240500007, -0.8301109469999383, 0.0], [100.54881046400004, -0.8297399629999751, 0.0], [100.54909785700002, -0.8294640089999794, 0.0], [100.54929084800008, -0.8290207779999799, 0.0], [100.5493715850001, -0.8287042079999816, 0.0], [100.54937139200008, -0.8282067899999573, 0.0], [100.54936144700007, -0.8278643509999489, 0.0], [100.54929477700006, -0.827569220999965, 0.0], [100.54923367300006, -0.827343026999889, 0.0], [100.54920921500009, -0.8270266159999203, 0.0], [100.54927193000003, -0.8265743939999762, 0.0], [100.54938858800008, -0.8262125889999801, 0.0], [100.54957264400004, -0.8258959779999749, 0.0], [100.54983308200009, -0.8256155129999541, 0.0], [100.54987348700007, -0.8255521889999563, 0.0], [100.54989141300004, -0.8254436539999553, 0.0], [100.54987337800006, -0.8252718259999458, 0.0], [100.54979690100004, -0.8249869720000028, 0.0], [100.54960812700004, -0.8247247709999754, 0.0], [100.54919913300006, -0.8241913369999813, 0.0], [100.54892942600011, -0.8237347219999586, 0.0], [100.54841232400005, -0.8231762959999369, 0.0], [100.54803955700004, -0.8226543150000005, 0.0], [100.54775631600005, -0.8220484799999608, 0.0], [100.54767522600008, -0.821451608999954, 0.0], [100.54770186700006, -0.8206376409999367, 0.0], [100.54780044600005, -0.8199909579999807, 0.0], [100.54783615600007, -0.8193985650000045, 0.0], [100.54773689800003, -0.8190503039999565, 0.0], [100.54748554000011, -0.8188108419999539, 0.0], [100.54663639200001, -0.8184810669999364, 0.0], [100.5462005510001, -0.8182234829999426, 0.0], [100.54568380900007, -0.8178528800000134, 0.0], [100.54536919300006, -0.817427933999923, 0.0], [100.54514773800013, -0.8170814709999485, 0.0], [100.54508144600005, -0.8167814019999065, 0.0], [100.54502883200006, -0.8166032859999983, 0.0], [100.54499581800007, -0.8160579149999093, 0.0], [100.545004572, -0.8154519649999472, 0.0], [100.54493250600008, -0.8149500519999909, 0.0], [100.54482899800004, -0.8144571949998903, 0.0], [100.5446752110001, -0.8140518239999245, 0.0], [100.54456813500003, -0.8136252489998905, 0.0], [100.5444916160001, -0.8132273429999106, 0.0], [100.54443487200011, -0.8127729509999851, 0.0], [100.54435192500009, -0.8120878529999633, 0.0], [100.54424844500005, -0.8116628259999596, 0.0], [100.54409112900001, -0.8114277429999621, 0.0], [100.54374959400008, -0.8110842029999639, 0.0], [100.54356976000012, -0.8106999029999615, 0.0], [100.54353366500007, -0.8102838920000061, 0.0], [100.54350103500012, -0.809601599999939, 0.0], [100.5434523920001, -0.8091895999999568, 0.0], [100.5433354570001, -0.8088233629999417, 0.0], [100.54305229100002, -0.8084029259998953, 0.0], [100.54271990900006, -0.8081060300000223, 0.0], [100.54186608100011, -0.8076753379999965, 0.0], [100.5414258310001, -0.807630285999912, 0.0], [100.54085833500004, -0.8077485259999192, 0.0], [100.54021313300004, -0.8081372129999269, 0.0], [100.5398179200001, -0.8084041619999087, 0.0], [100.53934179900006, -0.8085354829999255, 0.0], [100.53873534800006, -0.8085221479999879, 0.0], [100.5382366410001, -0.8083233699999609, 0.0], [100.53784121800007, -0.8080295899999024, 0.0], [100.53762994099999, -0.8076452999999113, 0.0], [100.53754439700002, -0.8071343449999049, 0.0], [100.53756224000009, -0.8067997099999358, 0.0], [100.53763841300008, -0.8062841709999947, 0.0], [100.53760676600004, -0.805746064999968, 0.0], [100.5375301820001, -0.8051672759999571, 0.0], [100.53750953100007, -0.8047155719999771, 0.0], [100.53748495700007, -0.8043578539999445, 0.0], [100.53758356200007, -0.8037609119999423, 0.0], [100.53760584600005, -0.8032906139999331, 0.0], [100.53751590300007, -0.8030238489999809, 0.0], [100.53703500000006, -0.8023819069998914, 0.0], [100.53666647100003, -0.8019253229999386, 0.0], [100.53644040700007, -0.8018364419999544, 0.0], [100.53601502500007, -0.8017130349999715, 0.0], [100.53571179700002, -0.8016166339999834, 0.0], [100.53545338600013, -0.8014012269999234, 0.0], [100.53534096800006, -0.801098293999906, 0.0], [100.53534975800007, -0.800578260999959, 0.0], [100.53534956800006, -0.8000672719999579, 0.0], [100.53531512900005, -0.7997936479999691, 0.0], [100.53519662000011, -0.7994930339999597, 0.0], [100.53487750300008, -0.7990273869999769, 0.0], [100.53437874200002, -0.7986839009999722, 0.0], [100.5337721690001, -0.7983359339999613, 0.0], [100.53327342600005, -0.7980421899999135, 0.0], [100.53285657200011, -0.797804087000018, 0.0], [100.53265781600001, -0.7975540429999352, 0.0], [100.532370153, -0.7971155149999775, 0.0], [100.53206455100003, -0.796753867999974, 0.0], [100.53165482400006, -0.7963912859999978, 0.0], [100.53112996100006, -0.796170876999973, 0.0], [100.53073908800006, -0.7960308399999383, 0.0], [100.53037515000005, -0.7958365289999343, 0.0], [100.5300246690001, -0.7955924699999827, 0.0], [100.52962461200003, -0.7950531849999495, 0.0], [100.52944035400007, -0.7946973279999036, 0.0], [100.52929199100005, -0.7943672749999539, 0.0], [100.52911210100008, -0.7938201759999, 0.0], [100.52897719700012, -0.7934403770000084, 0.0], [100.52860406300006, -0.7926717709999956, 0.0], [100.52811413300012, -0.7919077299999264, 0.0], [100.52756587400005, -0.7913291139999385, 0.0], [100.52722890400007, -0.7911754889999216, 0.0], [100.526510059, -0.7909179989999247, 0.0], [100.5259529790001, -0.7907870669999306, 0.0], [100.5246187650001, -0.7907016409999641, 0.0], [100.52338341000002, -0.7907020979999269, 0.0], [100.52209872000013, -0.7909196309999852, 0.0], [100.5211869330001, -0.7912772079999049, 0.0], [100.52050879300003, -0.7917794059999794, 0.0], [100.51986206300008, -0.7921866289999132, 0.0], [100.51931828200011, -0.7928533500000217, 0.0], [100.5187350590001, -0.7936702769999283, 0.0], [100.51818273100004, -0.7942583489999989, 0.0], [100.51764380100003, -0.7946293559999725, 0.0], [100.51694312100005, -0.7949190259999629, 0.0], [100.51572138400005, -0.7953219409998902, 0.0], [100.51457593600013, -0.7955122900000103, 0.0], [100.51335411900003, -0.795698145999932, 0.0], [100.51226253100003, -0.7957618579999736, 0.0], [100.51188068300006, -0.795739387999972, 0.0], [100.51167891700005, -0.7915558479999504, 0.0], [100.51141368200005, -0.789427616999987, 0.0], [100.51048770100009, -0.7884302979999789, 0.0], [100.50909914700013, -0.788098253999947, 0.0], [100.50777670600004, -0.7877661830000023, 0.0], [100.50599068900006, -0.7853059439999215, 0.0], [100.50565241600005, -0.782557930999931, 0.0], [100.50565135000005, -0.779564955999918, 0.0], [100.50598133800008, -0.7779020759999996, 0.0], [100.50657579200006, -0.776239099999979, 0.0], [100.50697143300003, -0.7732459839999475, 0.0], [100.50663977700003, -0.7701866209999519, 0.0], [100.50657316800003, -0.7687899259999305, 0.0], [100.50637424100009, -0.7671272319999403, 0.0], [100.50505025500006, -0.7623389409999812, 0.0], [100.504457141, -0.7588410169999222, 0.0], [100.50358884500011, -0.7573032629999671, 0.0], [100.50172876800012, -0.7556411449999421, 0.0], [100.49999998600009, -0.7546575369999945, 0.0], [100.49953825900006, -0.754394831999934, 0.0], [100.49594296900004, -0.7536893989999124, 0.0], [100.49404232400008, -0.7542304579999128, 0.0], [100.49263765500002, -0.7551038969999859, 0.0], [100.49094343600011, -0.7551044819999391, 0.0], [100.49040623000005, -0.755063098999895, 0.0], [100.48871176200001, -0.754357005999991, 0.0], [100.48668666300004, -0.753484743999947, 0.0], [100.48433099100001, -0.7526541629999742, 0.0], [100.48317379100011, -0.7521557239999355, 0.0], [100.48159400600012, -0.7500177849999747, 0.0], [100.48158277900008, -0.7500000020000149, 0.0], [100.48076955600003, -0.7487118869999305, 0.0], [100.48009506800008, -0.7478329549999339, 0.0], [100.47879193200001, -0.7455763869999199, 0.0], [100.47886630900003, -0.7439687569999621, 0.0], [100.47854110400003, -0.7421854259999322, 0.0], [100.47841586200006, -0.7410048809999552, 0.0], [100.47829056400009, -0.7396485039998989, 0.0], [100.47694118000008, -0.736609571999994, 0.0], [100.47651651900011, -0.7360822159999773, 0.0], [100.4744187140001, -0.735103276999969, 0.0], [100.47353488600007, -0.7345626629999229, 0.0], [100.47268578000006, -0.7341861599999381, 0.0], [100.47058805600004, -0.7334584069999394, 0.0], [100.46938939000007, -0.7331322569999683, 0.0], [100.46664242700008, -0.7323544740000056, 0.0], [100.46574342200003, -0.7321035799999359, 0.0], [100.46297143300009, -0.7311499679999925, 0.0], [100.460823496, -0.7295932889999808, 0.0], [100.46069845200006, -0.7289904719999288, 0.0], [100.46059837600005, -0.7283876469999653, 0.0], [100.46044829000004, -0.727558766999956, 0.0], [100.45882429500007, -0.7246454809999547, 0.0], [100.45682602600002, -0.722586361999943, 0.0], [100.45286966500005, -0.7197070499999082, 0.0], [100.45182074200004, -0.7191547649999485, 0.0], [100.45079680700005, -0.7186527089999748, 0.0], [100.44782502700009, -0.71762376899993, 0.0], [100.44592706200008, -0.7168959159999344, 0.0], [100.44417880600012, -0.7158163439999551, 0.0], [100.44305481600011, -0.7147616899999187, 0.0], [100.44228048000008, -0.7139329999999092, 0.0], [100.44160596100005, -0.7129033209999838, 0.0], [100.441405709, -0.7113208699999702, 0.0], [100.44047901200007, -0.7075427679999218, 0.0], [100.44022911000009, -0.7068897429999822, 0.0], [100.43967907800004, -0.7046542980000224, 0.0], [100.43955400700008, -0.7039509949999234, 0.0], [100.43947858300007, -0.7022680249999279, 0.0], [100.43995270100004, -0.7012379869999795, 0.0], [100.44050183300008, -0.7005344759999379, 0.0], [100.44155012600005, -0.6990521139999385, 0.0], [100.44187441900006, -0.697997002999956, 0.0], [100.44152459100007, -0.697193293999894, 0.0], [100.43982561400009, -0.695297139999944, 0.0], [100.4394756740001, -0.6941166399999674, 0.0], [100.43947546900007, -0.6934384199999802, 0.0], [100.43950002000007, -0.6920568489998891, 0.0], [100.43957427900008, -0.6898965659999327, 0.0], [100.43964874100003, -0.6883893839999359, 0.0], [100.4391483220001, -0.6850469639999596, 0.0], [100.43878637000007, -0.6822153079999749, 0.0], [100.43916513200007, -0.6814832049999772, 0.0], [100.43969563000009, -0.6812238009999086, 0.0], [100.44011999200002, -0.680903426999961, 0.0], [100.44040790000004, -0.6805220979999322, 0.0], [100.4405136720001, -0.6793630849999609, 0.0], [100.44033146600002, -0.6783566549999144, 0.0], [100.44021615200008, -0.6763055379999352, 0.0], [100.44037114100011, -0.6755638449999359, 0.0], [100.44122457200011, -0.6748219439999353, 0.0], [100.44168642800004, -0.6734275579999287, 0.0], [100.44168624200003, -0.6727910069999381, 0.0], [100.44149134000007, -0.6721055499999772, 0.0], [100.44127216500006, -0.6716159599999586, 0.0], [100.44076088800003, -0.6709550779999864, 0.0], [100.44066320200002, -0.6698044199999176, 0.0], [100.44085763300004, -0.6688985009999203, 0.0], [100.44168462400008, -0.6672579159998837, 0.0], [100.44183054600006, -0.6669151159999458, 0.0], [100.44214671000003, -0.6661560589999435, 0.0], [100.44208193499999, -0.6656107979999422, 0.0], [100.44173256600004, -0.6647361839999688, 0.0], [100.43905506700011, -0.6633414559999329, 0.0], [100.43615448600009, -0.6606654429999471, 0.0], [100.43508332400002, -0.6595395459999515, 0.0], [100.43481547100006, -0.659049967999948, 0.0], [100.43629945400001, -0.6569929849999264, 0.0], [100.43741885000009, -0.6565764529999335, 0.0], [100.43805154700003, -0.6563314449999953, 0.0], [100.43929262200004, -0.6559148769998935, 0.0], [100.44386777100006, -0.6550811389999233, 0.0], [100.44488991000007, -0.6550073949999495, 0.0], [100.44600941800007, -0.6550070699999199, 0.0], [100.44754296700003, -0.6560838609999439, 0.0], [100.44798115800005, -0.656524420999967, 0.0], [100.44858967100004, -0.6568180339999398, 0.0], [100.45000121000002, -0.6567686569999355, 0.0], [100.45230818500004, -0.6559307159999609, 0.0], [100.45350060100012, -0.6555876109999043, 0.0], [100.45593416300002, -0.6550972479999213, 0.0], [100.45729703200008, -0.655096849999981, 0.0], [100.45797851700007, -0.6552680289999431, 0.0], [100.45863569600009, -0.655537143999909, 0.0], [100.4594387650001, -0.6553655299999213, 0.0], [100.4608987400001, -0.6545326959999411, 0.0], [100.46182340800006, -0.6540672569999684, 0.0], [100.46252916800009, -0.654018085999993, 0.0], [100.46345397000005, -0.6540178139999726, 0.0], [100.46462222500008, -0.6543112599999154, 0.0], [100.46659375100005, -0.655118601999926, 0.0], [100.4676647250001, -0.6556324159999777, 0.0], [100.46883304300005, -0.6561462019999513, 0.0], [100.47034212600003, -0.6568312619999532, 0.0], [100.47426069700008, -0.6579807699999419, 0.0], [100.47538022300007, -0.658102850000017, 0.0], [100.47674304100012, -0.6579555489999961, 0.0], [100.47830054100012, -0.657759225999916, 0.0], [100.47958027400004, -0.6573940869998941, 0.0], [100.48035908000008, -0.6574917819999916, 0.0], [100.48140564500008, -0.6577852599999382, 0.0], [100.4820628480001, -0.6581522950000228, 0.0], [100.48281738000009, -0.6584703389999474, 0.0], [100.48413162800003, -0.6586902869999381, 0.0], [100.4858595330001, -0.6586897679998983, 0.0], [100.48685731300004, -0.6586160209999314, 0.0], [100.48746562300002, -0.6582486039999036, 0.0], [100.48851188100008, -0.6575138249999493, 0.0], [100.48933908300005, -0.6566811829998929, 0.0], [100.48999598800005, -0.6560689299999533, 0.0], [100.49196685100013, -0.654697339999977, 0.0], [100.49478921400006, -0.6523951749999093, 0.0], [100.49632214200007, -0.6514643949999082, 0.0], [100.49999999400008, -0.6483631819999929, 0.0], [100.50002519400003, -0.6483419319999189, 0.0], [100.5125671650001, -0.6445727909999885, 0.0], [100.52216862200005, -0.6414430249999288, 0.0], [100.52958690900003, -0.6356632589999058, 0.0], [100.5403717030001, -0.6274200239999849, 0.0], [100.55213485500013, -0.619879604999945, 0.0], [100.56460294900003, -0.6122055369999463, 0.0], [100.57415818200006, -0.6099736469999286, 0.0], [100.57416394200001, -0.6099583899999964, 0.0], [100.57457692400007, -0.6088646769999283, 0.0], [100.57403264700007, -0.6056565819999556, 0.0], [100.57457119600004, -0.604320516999991, 0.0], [100.5757322580001, -0.6018059539999437, 0.0], [100.57707575500007, -0.5994722719999455, 0.0], [100.57859051900007, -0.5971204589999644, 0.0], [100.57947698200005, -0.5946421509999917, 0.0], [100.58007166200005, -0.592987021999909, 0.0], [100.5814762970001, -0.5906080309998871, 0.0], [100.58218040900009, -0.5892243239998837, 0.0], [100.58333962700009, -0.5882622069999436, 0.0], [100.58484628400004, -0.585123379999947, 0.0], [100.58529866500008, -0.5833333349999891, 0.0], [100.58594092600002, -0.5818597799999206, 0.0], [100.58653668800011, -0.5802046579999389, 0.0], [100.58738036600002, -0.5783068169999384, 0.0], [100.58844333700003, -0.5767780639999265, 0.0], [100.5895401110001, -0.575330769999893, 0.0], [100.59116833899999, -0.5731417089999538, 0.0], [100.59276771400008, -0.5707195889999335, 0.0], [100.59362844700006, -0.5698128619999543, 0.0], [100.59483805800005, -0.5680733849999222, 0.0], [100.59521176000005, -0.5675334009999076, 0.0], [100.59592788000009, -0.5664841569999609, 0.0], [100.59667033300003, -0.5650188879999599, 0.0], [100.59711463500012, -0.5635988209999663, 0.0], [100.59751509500003, -0.5619437659999863, 0.0], [100.59781164200005, -0.5603609859999493, 0.0], [100.59827100400005, -0.558461695999909, 0.0], [100.59883739000011, -0.555938301999934, 0.0], [100.59945191700007, -0.5547534629999579, 0.0], [100.60123374400007, -0.5535139649999836, 0.0], [100.60272808200006, -0.5525730189999392, 0.0], [100.60443981600011, -0.5515595909999266, 0.0], [100.60573661800004, -0.5510166359999455, 0.0], [100.60650358900007, -0.5509169659999656, 0.0], [100.60734816800006, -0.5512785019999418, 0.0], [100.60856883500007, -0.5535571750000126, 0.0], [100.60953376700006, -0.5546511579999384, 0.0], [100.61025034400012, -0.5553021579999662, 0.0], [100.61031717000013, -0.5572465040000021, 0.0], [100.61071372800008, -0.5578704629999355, 0.0], [100.61163367500008, -0.5588921209999053, 0.0], [100.61245250400006, -0.559624465999938, 0.0], [100.61395653300008, -0.5589457299999072, 0.0], [100.61505001000005, -0.5579506440000009, 0.0], [100.61657436000004, -0.5576427089999156, 0.0], [100.61765117300007, -0.5574796580000209, 0.0], [100.61872803700008, -0.557226098999907, 0.0], [100.619940263, -0.5573342639999791, 0.0], [100.62177978200006, -0.5577497699998967, 0.0], [100.62235458600011, -0.5573607209999435, 0.0], [100.62242104700002, -0.5560584999999413, 0.0], [100.62240562500007, -0.5549189649999775, 0.0], [100.62295267600005, -0.5535351459999676, 0.0], [100.62340441000002, -0.5527662859999382, 0.0], [100.62360983500005, -0.5525311429999346, 0.0], [100.62372550800004, -0.5524044359999377, 0.0], [100.62381926100007, -0.5522959079999261, 0.0], [100.62465846700005, -0.5517169109999751, 0.0], [100.62571503600006, -0.5512192309999187, 0.0], [100.6264852200001, -0.5507034559999774, 0.0], [100.62716283000005, -0.5502692629999365, 0.0], [100.62793080300008, -0.5500700419999708, 0.0], [100.62907186400008, -0.550567117999976, 0.0], [100.62986823300007, -0.5512813800000126, 0.0], [100.6308604690001, -0.5517513699999925, 0.0], [100.63156855200006, -0.5519681759999895, 0.0], [100.63175915300012, -0.5508919729999306, 0.0], [100.63197278100003, -0.5497704619999562, 0.0], [100.63230890500003, -0.5491011879999215, 0.0], [100.63327225500008, -0.5487753299999533, 0.0], [100.6339723470001, -0.5484857099999741, 0.0], [100.63498987700008, -0.5469118939999577, 0.0], [100.63685097200006, -0.5441802319999797, 0.0], [100.63679225100009, -0.5409517109999379, 0.0], [100.63742017700008, -0.539504498999996, 0.0], [100.63742173400003, -0.53923324599994, 0.0], [100.6383434510001, -0.5383557669998952, 0.0], [100.6400277760001, -0.5380206759999732, 0.0], [100.64302763800006, -0.5377756459999552, 0.0], [100.65038771200001, -0.5374210209999194, 0.0], [100.65346810000007, -0.5370041079999714, 0.0], [100.65918112500007, -0.5360170200000128, 0.0], [100.65926571500006, -0.5359986989999248, 0.0], [100.66350233300004, -0.5355815369999606, 0.0], [100.66495973000009, -0.5349210089999317, 0.0], [100.66633464500008, -0.5346764199999422, 0.0], [100.66825654800003, -0.5347844849999027, 0.0], [100.67046101100009, -0.5353174249999488, 0.0], [100.6730342110001, -0.5355517999999851, 0.0], [100.67534464600003, -0.535714002999997, 0.0], [100.67778662500011, -0.536662874999893, 0.0], [100.67922943400004, -0.5382359779999456, 0.0], [100.68020290300012, -0.5397912160000026, 0.0], [100.68048537600004, -0.5420429349998956, 0.0], [100.68030057400001, -0.5439691989999228, 0.0], [100.67977915900003, -0.546628102999932, 0.0], [100.67942316100007, -0.548509298999965, 0.0], [100.67915827700011, -0.5487987029999295, 0.0], [100.67884941000003, -0.5504808819999492, 0.0], [100.67830124400005, -0.5520183729999697, 0.0], [100.6777017410001, -0.5543337259999517, 0.0], [100.67878438100007, -0.5549935399999242, 0.0], [100.68069451900001, -0.5551558339999488, 0.0], [100.68203192000001, -0.5553634049999863, 0.0], [100.68339771700003, -0.5564391369998939, 0.0], [100.68381513900002, -0.557261977999945, 0.0], [100.68462810400005, -0.5572527019999747, 0.0], [100.68568722800002, -0.5562305249999616, 0.0], [100.68724361000002, -0.5562391179999546, 0.0], [100.68838310800005, -0.5552349999999221, 0.0], [100.6889739900001, -0.5541586199999482, 0.0], [100.69047361000011, -0.5541039409999574, 0.0], [100.69166118100013, -0.5544111009999735, 0.0], [100.69385866400005, -0.5544014269999626, 0.0], [100.69522976900008, -0.5546361099999256, 0.0], [100.69713776000002, -0.5551238889999688, 0.0], [100.69855543400008, -0.5552772749999572, 0.0], [100.69952198900005, -0.5561903619999226, 0.0], [100.70045048400004, -0.5576641229999222, 0.0], [100.70072439300013, -0.5594094039999905, 0.0], [100.70080939600005, -0.5621133159999807, 0.0], [100.70038006200006, -0.5646636749999707, 0.0], [100.70031681800008, -0.5672591339999535, 0.0], [100.70111634600006, -0.5691941289999138, 0.0], [100.70255060900007, -0.5703422379999662, 0.0], [100.70364017400007, -0.5716351099999238, 0.0], [100.70508895900012, -0.572294791999969, 0.0], [100.70581726900008, -0.5728461919999309, 0.0], [100.7066011860001, -0.5734277779999137, 0.0], [100.70742896300003, -0.5738224529999776, 0.0], [100.70781744300011, -0.5736956659999599, 0.0], [100.70775364200007, -0.5737999299999836, 0.0], [100.70768245600004, -0.5739667919999245, 0.0], [100.70763442200005, -0.5741355259999433, 0.0], [100.70758871300009, -0.5742974110000207, 0.0], [100.70753159300008, -0.5744274579999484, 0.0], [100.70745764100009, -0.574542583999955, 0.0], [100.70735859200006, -0.5746500329999634, 0.0], [100.70720302400007, -0.5748633249999422, 0.0], [100.70714482300005, -0.5750090519999259, 0.0], [100.70713813100012, -0.5752010689999139, 0.0], [100.70718151900007, -0.5753691299999569, 0.0], [100.70724794900006, -0.5755109159999737, 0.0], [100.707380458, -0.5756692299999194, 0.0], [100.70741233600008, -0.5757157349999555, 0.0], [100.7074201670001, -0.5757603259999944, 0.0], [100.70741567700009, -0.5758376109999193, 0.0], [100.70739172200005, -0.5759079169999605, 0.0], [100.70735523600005, -0.5760139759999405, 0.0], [100.70732093400005, -0.5761730449999556, 0.0], [100.70729024700009, -0.5763215399998907, 0.0], [100.70716959900005, -0.5765037479999627, 0.0], [100.70685256200002, -0.5766577869999113, 0.0], [100.70665180500002, -0.5769610799999655, 0.0], [100.70661841100011, -0.5772306299999661, 0.0], [100.70676915600005, -0.5776012029999873, 0.0], [100.70710404600005, -0.5780727979999382, 0.0], [100.70735520700005, -0.5784096479999141, 0.0], [100.70748922600004, -0.5788139169999716, 0.0], [100.70752278600006, -0.57910029199995, 0.0], [100.70748944300006, -0.5795383059999487, 0.0], [100.70748955300006, -0.5799089229999823, 0.0], [100.70757333100006, -0.5802121309999274, 0.0], [100.70780772100001, -0.5804310599999177, 0.0], [100.7085610500001, -0.5809193719999103, 0.0], [100.70903966900006, -0.5813279499999673, 0.0], [100.70984028900006, -0.5825570819999702, 0.0], [100.71024064200004, -0.5833200199999421, 0.0], [100.71038819000009, -0.5837650939999138, 0.0], [100.71055690600012, -0.5845704969999485, 0.0], [100.71064124600007, -0.5849096089999378, 0.0], [100.71073899800007, -0.5854589329999019, 0.0], [100.71077835000006, -0.5863244749999286, 0.0], [100.71084362900002, -0.5867572309999528, 0.0], [100.71152798300007, -0.5882255179999326, 0.0], [100.71193652700003, -0.5891006259999599, 0.0], [100.71228932400001, -0.5898530809999585, 0.0], [100.71268306500009, -0.5905229669999557, 0.0], [100.7133725770001, -0.5913183949999543, 0.0], [100.71385577100003, -0.5917252569999619, 0.0], [100.71301632600003, -0.5919081059999883, 0.0], [100.7110743420001, -0.5921856409999476, 0.0], [100.70995208900007, -0.5922872849999253, 0.0], [100.70924555000005, -0.5923971709999477, 0.0], [100.70812521300007, -0.592668333999913, 0.0], [100.70712981900006, -0.5930114899999726, 0.0], [100.70646032200008, -0.5932994549999947, 0.0], [100.70580575400001, -0.5936311159999049, 0.0], [100.705390198, -0.5938750069999276, 0.0], [100.70497226700006, -0.5941546719999736, 0.0], [100.70457586800003, -0.5944611059999184, 0.0], [100.70391680800013, -0.5950812849999105, 0.0], [100.70259047900008, -0.5963868559999226, 0.0], [100.70219622200005, -0.5966843359999418, 0.0], [100.70088333100004, -0.597625620000005, 0.0], [100.70288808400001, -0.5989869629999393, 0.0], [100.70443889200007, -0.6003671330000118, 0.0], [100.70461830400008, -0.6020478759999843, 0.0], [100.703247521, -0.6043293929999206, 0.0], [100.70259213400004, -0.6060704289999277, 0.0], [100.70247360600008, -0.6084115799999122, 0.0], [100.70251414300007, -0.6144029379999513, 0.0], [100.70232706900005, -0.6187665579999576, 0.0], [100.69931290100006, -0.6225619369999279, 0.0], [100.69479060900007, -0.6250297729999149, 0.0], [100.69196434600008, -0.6271176219999173, 0.0], [100.69177698400003, -0.6305326609999452, 0.0], [100.69234323000008, -0.6331885699999742, 0.0], [100.69460576800005, -0.6362233579999884, 0.0], [100.69460682400005, -0.6394486099999427, 0.0], [100.69423089500003, -0.6424842669999343, 0.0], [100.69291284600006, -0.6460894039999839, 0.0], [100.69291372700012, -0.6487454969999237, 0.0], [100.695929957, -0.6512108479999674, 0.0], [100.69913433200011, -0.6527275239999738, 0.0], [100.70101953100004, -0.6544343619999766, 0.0], [100.70403615000005, -0.6580380089999818, 0.0], [100.70705277200008, -0.6616416399999874, 0.0], [100.70667695300007, -0.6648670019999479, 0.0], [100.70648979700003, -0.6686614579999383, 0.0], [100.70554906200009, -0.6732150579999362, 0.0], [100.70385428400002, -0.6771997709999353, 0.0], [100.70272423500005, -0.6792870909998933, 0.0], [100.70178258300011, -0.6811846249999575, 0.0], [100.70140685700002, -0.6845997189999012, 0.0], [100.70140759400009, -0.6866866389999089, 0.0], [100.70197466900002, -0.6914294339999388, 0.0], [100.70197745500008, -0.6992079519999701, 0.0], [100.69915179000013, -0.7028136679999569, 0.0], [100.69783343000003, -0.7052805159999651, 0.0], [100.69538476500011, -0.7090758259999314, 0.0], [100.69538614900006, -0.71287023899991, 0.0], [100.69463416700009, -0.7179929769999319, 0.0], [100.69482389400007, -0.7214078769999547, 0.0], [100.69784089400011, -0.7255805929999605, 0.0], [100.70010283500004, -0.7265283389999526, 0.0], [100.70556832400008, -0.726526263999963, 0.0], [100.70594603700007, -0.7286130359999579, 0.0], [100.70609048100003, -0.7289035709999242, 0.0], [100.7076435100001, -0.7320273379999384, 0.0], [100.71160220600008, -0.7344921649999457, 0.0], [100.71593674200008, -0.7341110529999478, 0.0], [100.71932851500006, -0.7325919959999347, 0.0], [100.72083557300004, -0.7308839509999239, 0.0], [100.7232846590001, -0.7284166739999761, 0.0], [100.724979676, -0.7253805379999377, 0.0], [100.72904237800007, -0.7241341259999197, 0.0], [100.72931381200006, -0.7240508519999644, 0.0], [100.73798313600007, -0.7242372299999212, 0.0], [100.74344851200001, -0.7242351170000151, 0.0], [100.74684117100006, -0.7251823789999747, 0.0], [100.74999998300002, -0.7389877599999413, 0.0], [100.75108413700012, -0.7398994789999843, 0.0], [100.75187828600009, -0.7402577869999654, 0.0], [100.7532233620001, -0.7405832729999806, 0.0], [100.75486000000006, -0.7406152209999611, 0.0], [100.75583220800004, -0.7405007279999907, 0.0], [100.75703138100005, -0.7406632589999386, 0.0], [100.75816584200004, -0.741086632999969, 0.0], [100.759397693, -0.741933793999981, 0.0], [100.75996516600006, -0.7427649180000148, 0.0], [100.76095390300007, -0.7434817649999834, 0.0], [100.76276278000007, -0.7446461089999643, 0.0], [100.76409172600007, -0.745167206000008, 0.0], [100.76498314000011, -0.7456395739999133, 0.0], [100.76592314300008, -0.7460467179999356, 0.0], [100.76683073600013, -0.7464538759999606, 0.0], [100.7675764240001, -0.7472034169999909, 0.0], [100.76850043200008, -0.7481321949999166, 0.0], [100.76955399200003, -0.7488653089999198, 0.0], [100.77085619100004, -0.7496579249999484, 0.0], [100.77254518100007, -0.7500000059999201, 0.0], [100.77270360700004, -0.7500320939999054, 0.0], [100.77383809800003, -0.7505369579999371, 0.0], [100.77448650800002, -0.7511561259999188, 0.0], [100.77477847100003, -0.7518732469999246, 0.0], [100.77523252100013, -0.7527044049999576, 0.0], [100.77616108000002, -0.7527637549998867, 0.0], [100.77771741000001, -0.7523486399999987, 0.0], [100.78041823800001, -0.7519791089999001, 0.0], [100.78206647800006, -0.7524389589999257, 0.0], [100.78380653700006, -0.7535435089999172, 0.0], [100.78513479100009, -0.7551548039999264, 0.0], [100.78550115600002, -0.7554770219999455, 0.0], [100.78623386600007, -0.7560754029999893, 0.0], [100.78632555700003, -0.7563977319999203, 0.0], [100.7866462750001, -0.7570423369999585, 0.0], [100.78788268900007, -0.7579628759999283, 0.0], [100.78856943200007, -0.7581007479999532, 0.0], [100.78889011400013, -0.7586532449999301, 0.0], [100.78889121400003, -0.7613242939999495, 0.0], [100.78916623000006, -0.7621531259999693, 0.0], [100.79003643300011, -0.7631198639999311, 0.0], [100.79090642600006, -0.7635800249999858, 0.0], [100.79177629000009, -0.7637178169999327, 0.0], [100.79301220900004, -0.763440982999953, 0.0], [100.79438550500006, -0.7632561979999323, 0.0], [100.79548419900001, -0.7632557349999752, 0.0], [100.79722372500007, -0.7630707949999596, 0.0], [100.79850534400006, -0.7626097330000007, 0.0], [100.79942073100004, -0.7621488239999684, 0.0], [100.799346298, -0.7630346329999825, 0.0], [100.79939819900004, -0.7633600839999172, 0.0], [100.79945007800006, -0.7636334579999708, 0.0], [100.7996962190001, -0.7642322229999484, 0.0], [100.79986458900008, -0.7645446039999608, 0.0], [100.80016235000002, -0.7647918359999804, 0.0], [100.80102952200009, -0.7649997729999547, 0.0], [100.80188375500008, -0.7652077139999245, 0.0], [100.80232388200008, -0.7654809249999842, 0.0], [100.8025957600001, -0.7657281670000051, 0.0], [100.80303596800012, -0.7661966609999634, 0.0], [100.80326910000004, -0.7666392029999822, 0.0], [100.8033857520001, -0.7670557559998995, 0.0], [100.80374833400008, -0.7675763569999848, 0.0], [100.8042048600001, -0.7679648369999731, 0.0], [100.80430851600006, -0.7682564159999362, 0.0], [100.80490932900005, -0.7690268759999133, 0.0], [100.8052823700001, -0.7697974309999814, 0.0], [100.80582113500007, -0.7707345569999948, 0.0], [100.80667048700009, -0.7716507209999495, 0.0], [100.8086380360001, -0.7726705549999543, 0.0], [100.80905220300008, -0.7727536979999868, 0.0], [100.81002564300007, -0.7733156919999523, 0.0], [100.81114404000004, -0.7738984539999322, 0.0], [100.81246256700007, -0.7748014479999605, 0.0], [100.81303674600007, -0.7756932769999402, 0.0], [100.81321948700008, -0.7760867609998942, 0.0], [100.81342846700005, -0.7768475579999716, 0.0], [100.81345496200002, -0.7778183349999012, 0.0], [100.81290763800004, -0.7787368849999616, 0.0], [100.81178647400009, -0.7795769709999328, 0.0], [100.8102741740001, -0.7806271289999666, 0.0], [100.80970058600008, -0.7811258909999302, 0.0], [100.80920533300004, -0.7818345209999422, 0.0], [100.80863173300011, -0.78230704699995, 0.0], [100.80797988500008, -0.7827796069999736, 0.0], [100.80714550900005, -0.7833571969999016, 0.0], [100.8061809800001, -0.7845383090000122, 0.0], [100.80597321500005, -0.7866111719999223, 0.0], [100.80665191100007, -0.7879667499999862, 0.0], [100.806834769, -0.7886226099999105, 0.0], [100.80735707700006, -0.7901704009999853, 0.0], [100.80764444400003, -0.7912460169998942, 0.0], [100.80764472900006, -0.7919019559999916, 0.0], [100.80751464800004, -0.7926629049998896, 0.0], [100.80722805300005, -0.7933714459999797, 0.0], [100.80709796100003, -0.7941061559999315, 0.0], [100.80730692499999, -0.7948144799999249, 0.0], [100.80788094600007, -0.7953127419999272, 0.0], [100.80941994800013, -0.7956793889998975, 0.0], [100.81121951500008, -0.7954686919999594, 0.0], [100.81247133600009, -0.7952057639999689, 0.0], [100.81356662800003, -0.7948641919999463, 0.0], [100.81466195500006, -0.7946013329999522, 0.0], [100.81661796200008, -0.7942856169999486, 0.0], [100.81763513300004, -0.7942326920000178, 0.0], [100.81878633400008, -0.7938929529999754, 0.0], [100.81921369800008, -0.7934011899999607, 0.0], [100.81966126200008, -0.7925407349999039, 0.0], [100.82025157200007, -0.7921922739999478, 0.0], [100.82073999200009, -0.791639036999898, 0.0], [100.82082115000013, -0.7909835679999409, 0.0], [100.82122791000003, -0.7899387909999117, 0.0], [100.82163473600012, -0.7890373909999399, 0.0], [100.82277462900002, -0.7883200099999197, 0.0], [100.82320228400006, -0.7885041619999704, 0.0], [100.82413705600004, -0.7885109179998977, 0.0], [100.8246014300001, -0.788510711999974, 0.0], [100.82522718100009, -0.7881854669999788, 0.0], [100.82595384900009, -0.7877789349999165, 0.0], [100.82668039200007, -0.7870880549999436, 0.0], [100.82716481500009, -0.7867628719999461, 0.0], [100.82777050000003, -0.7867219839999392, 0.0], [100.82841664400011, -0.7868638739999608, 0.0], [100.829216107, -0.7872412970000104, 0.0], [100.82955368800005, -0.7874208909999538, 0.0], [100.83012961100009, -0.7878400379999967, 0.0], [100.83078492800004, -0.7882192069999151, 0.0], [100.8314005300001, -0.7885784219999844, 0.0], [100.83211534500008, -0.7888177629999698, 0.0], [100.83290951000006, -0.7889172689999476, 0.0], [100.83374334800004, -0.7889368689999638, 0.0], [100.83483520300005, -0.7887965849999087, 0.0], [100.83612576200008, -0.7890556409999453, 0.0], [100.83721768700009, -0.789075126999951, 0.0], [100.83836912500006, -0.7889947299999643, 0.0], [100.83963969900012, -0.7889542209999012, 0.0], [100.84094987200008, -0.7886740369999773, 0.0], [100.84241887600002, -0.7884137549999446, 0.0], [100.84297446400008, -0.7883015989999907, 0.0], [100.8439997620001, -0.7883514559999327, 0.0], [100.84463753300011, -0.788577573999902, 0.0], [100.84527530500011, -0.7888036919999711, 0.0], [100.84602591600004, -0.7897341259999509, 0.0], [100.84737722300012, -0.791871770999897, 0.0], [100.84835277400002, -0.792525384999972, 0.0], [100.84920321300004, -0.7930029629999588, 0.0], [100.84992862100002, -0.7934805989999612, 0.0], [100.8505790500001, -0.7940588899999341, 0.0], [100.85092958100006, -0.79503980899992, 0.0], [100.8511049310001, -0.7957189369999665, 0.0], [100.85140534700008, -0.796473476999968, 0.0], [100.85168080400004, -0.7973286479999263, 0.0], [100.85178116700008, -0.7980832780000132, 0.0], [100.85180645500004, -0.7987121629999251, 0.0], [100.85203176300004, -0.7992654879999667, 0.0], [100.8524820650001, -0.7996677769999325, 0.0], [100.85348237500007, -0.799767943999973, 0.0], [100.85480768300003, -0.7996667189999449, 0.0], [100.85593289300006, -0.7994649609999366, 0.0], [100.85733303500008, -0.7989612080000056, 0.0], [100.8582830600001, -0.7984576620000052, 0.0], [100.8588478550001, -0.7974843329999285, 0.0], [100.85914287600009, -0.796870278999933, 0.0], [100.86077664200009, -0.7964140499999321, 0.0], [100.86185958100008, -0.7968294380000199, 0.0], [100.86268661400004, -0.7972845479999199, 0.0], [100.86371083100003, -0.7984525039999293, 0.0], [100.86404587300004, -0.7992841099999987, 0.0], [100.86445972400008, -0.8002543039999758, 0.0], [100.86495221600008, -0.800986817999916, 0.0], [100.86577924700002, -0.8014419249999154, 0.0], [100.86650784100009, -0.8018772739999682, 0.0], [100.86725640800003, -0.8029463319999496, 0.0], [100.86782764600004, -0.8036788069998928, 0.0], [100.86919296200003, -0.8046190539999847, 0.0], [100.86982320600005, -0.8052326779999487, 0.0], [100.87183172800005, -0.8063605600000143, 0.0], [100.87319059800004, -0.8074887399999287, 0.0], [100.87403755400004, -0.8084587259999696, 0.0], [100.874687566, -0.809250569999946, 0.0], [100.8752392120001, -0.8101810839999295, 0.0], [100.87683651400008, -0.8117405639999121, 0.0], [100.878106555, -0.8126978419999756, 0.0], [100.88083677700004, -0.813973725999937, 0.0], [100.88344009800005, -0.8153773800000008, 0.0], [100.8851548230001, -0.8170368779999991, 0.0], [100.88598095400006, -0.818952225000014, 0.0], [100.88566448200008, -0.8209319719999614, 0.0], [100.88566508100003, -0.8222091299999409, 0.0], [100.88604704100001, -0.8245078329999639, 0.0], [100.88636479800002, -0.825273975999936, 0.0], [100.88693659900008, -0.8262954279999986, 0.0], [100.88763523700007, -0.8270613889999551, 0.0], [100.88877823600006, -0.827827136999893, 0.0], [100.89011158300005, -0.8284012159999704, 0.0], [100.89363856400013, -0.8281245649998955, 0.0], [100.89457313500007, -0.827049087, 0.0], [100.89470610300006, -0.8257500299999001, 0.0], [100.89706570400008, -0.8249874189999565, 0.0], [100.89857902400006, -0.8236877019999648, 0.0], [100.89911293100009, -0.8227915909998927, 0.0], [100.90058161700001, -0.8212679339999557, 0.0], [100.90164993400003, -0.8205507389999332, 0.0], [100.90227268400005, -0.8192066609999232, 0.0], [100.90334066300004, -0.817772785999945, 0.0], [100.90391892800001, -0.8165183159999033, 0.0], [100.90596642400006, -0.8149048069999781, 0.0], [100.90681233600007, -0.8146804409999663, 0.0], [100.90823686500006, -0.813963081999952, 0.0], [100.90917183000006, -0.8137386729999428, 0.0], [100.91139793300005, -0.8132001029999716, 0.0], [100.91273347000006, -0.8126171649999661, 0.0], [100.91374635200003, -0.8124796579999599, 0.0], [100.91504442000003, -0.812043700999951, 0.0], [100.91649990700003, -0.8117263999999886, 0.0], [100.91752256400008, -0.811250999999987, 0.0], [100.91826973600008, -0.8105778509999845, 0.0], [100.91964657400005, -0.810339738999999, 0.0], [100.92082681700002, -0.8103391749999548, 0.0], [100.92200696600004, -0.8101407309999694, 0.0], [100.92291179900003, -0.8101007219999495, 0.0], [100.92440690100003, -0.8103770399998842, 0.0], [100.92625648600003, -0.8115238519999219, 0.0], [100.92680752700005, -0.8120776489999206, 0.0], [100.92787005900004, -0.8127499269999358, 0.0], [100.928617843, -0.8133827779999807, 0.0], [100.92924785000008, -0.8145301719999684, 0.0], [100.92936626800011, -0.8153612049999087, 0.0], [100.92956350300008, -0.816469228999915, 0.0], [100.93062656700003, -0.8182496209999741, 0.0], [100.93109889100003, -0.8187243009999923, 0.0], [100.93231884800007, -0.8195152209999784, 0.0], [100.93412913400002, -0.8207411859999693, 0.0], [100.93555269200003, -0.8219264439998948, 0.0], [100.93704356300002, -0.8227046119998966, 0.0], [100.9380117360001, -0.8233661980000186, 0.0], [100.93872825700005, -0.8240084359999469, 0.0], [100.93936722000008, -0.8243780979999854, 0.0], [100.94016122500005, -0.8251371299999978, 0.0], [100.94050987900003, -0.8256042959999245, 0.0], [100.94087794600001, -0.8261882849999198, 0.0], [100.94143955600003, -0.8267137629999628, 0.0], [100.94244629200003, -0.8270637689999685, 0.0], [100.94318194300007, -0.8272386559999693, 0.0], [100.94413051500003, -0.827393967999934, 0.0], [100.9451952080001, -0.8275102759999712, 0.0], [100.94680195200009, -0.8277431489999634, 0.0], [100.9474989170001, -0.8279764719998983, 0.0], [100.94833142800006, -0.8283070899999977, 0.0], [100.94885426600007, -0.8287157479999676, 0.0], [100.95056762800007, -0.8297152349999813, 0.0], [100.95132278800013, -0.8302016659999071, 0.0], [100.95316224200009, -0.8313106679999944, 0.0], [100.9537430450001, -0.8315050990000146, 0.0], [100.95471105300007, -0.831835644000005, 0.0], [100.9559114400001, -0.8323607949999424, 0.0], [100.95686030200008, -0.8331197339999371, 0.0], [100.95771229300006, -0.833703472000003, 0.0], [100.95905663000009, -0.8343149579999756, 0.0], [100.96016025200001, -0.8348790949999361, 0.0], [100.96114760600008, -0.8351901550000017, 0.0], [100.96188320500002, -0.8352676719999262, 0.0], [100.96269606600003, -0.8350141260000001, 0.0], [100.96335424700005, -0.835111154999955, 0.0], [100.96438037200004, -0.8355390259999138, 0.0], [100.96554195500005, -0.8358889369999155, 0.0], [100.9665098340001, -0.8359663389999155, 0.0], [100.96780584100004, -0.8364822509999756, 0.0], [100.96854476800009, -0.8366745689999875, 0.0], [100.96944796400003, -0.8370319629999813, 0.0], [100.97089856400005, -0.8376368249999424, 0.0], [100.9720755500001, -0.838296877999931, 0.0], [100.97319771200006, -0.8387642659999663, 0.0], [100.97426518600008, -0.839314262999901, 0.0], [100.97516843500003, -0.8397817619999428, 0.0], [100.97588015000012, -0.8402768849999784, 0.0], [100.97664667600013, -0.8409371409998969, 0.0], [100.97735856800006, -0.8417901129999414, 0.0], [100.97798852400005, -0.8429459210000133, 0.0], [100.97850906800004, -0.8441843649998911, 0.0], [100.97905686500006, -0.8452025789999381, 0.0], [100.97927615200008, -0.8459456929999587, 0.0], [100.97963237300007, -0.8469089519999999, 0.0], [100.98021512400007, -0.847828924999911, 0.0], [100.981829911, -0.8484336839999355, 0.0], [100.98374548600005, -0.8486253839999124, 0.0], [100.9856064050001, -0.8489547429999704, 0.0], [100.98716633100011, -0.8493117849999503, 0.0], [100.98899979700012, -0.849475995999941, 0.0], [100.9904229030001, -0.8498331040000081, 0.0], [100.99176415700005, -0.8506582089999719, 0.0], [100.99326960500008, -0.8515107519999952, 0.0], [100.99403616000009, -0.8522260459999287, 0.0], [100.99477562100007, -0.8534643579999827, 0.0], [100.99516541900009, -0.8543257759999284, 0.0], [100.99549411000002, -0.854958716999909, 0.0], [100.99568638300012, -0.8563624719999644, 0.0], [100.9953587750001, -0.8578215549998985, 0.0], [100.99475722500007, -0.8587027229999796, 0.0], [100.99442927200002, -0.8595011669999509, 0.0], [100.99438540600003, -0.8618643419999177, 0.0], [100.99424076100006, -0.8626670129999726, 0.0], [100.99385454500008, -0.8638589480000096, 0.0], [100.99329901400003, -0.8649050459999675, 0.0], [100.99262267200002, -0.8660971359999259, 0.0], [100.99185031100008, -0.8686026129999366, 0.0], [100.99209265500005, -0.8696969329999598, 0.0], [100.99243178900005, -0.8709371259999136, 0.0], [100.9934479920001, -0.872371524999923, 0.0], [100.99492333300013, -0.8733678999999441, 0.0], [100.99582475900012, -0.8744757149999532, 0.0], [100.99725160500013, -0.8752045799999498, 0.0], [100.99918630000006, -0.8761763809999747, 0.0], [100.99999997900007, -0.8768003429999959, 0.0], [101.00010541100009, -0.8768811939999306, 0.0], [101.00061371600006, -0.8779753619999592, 0.0], [101.00112195400008, -0.878947925999964, 0.0], [101.002040805, -0.8791663190000103, 0.0], [101.00344305900002, -0.879116918999922, 0.0], [101.00515983500004, -0.8794808040000012, 0.0], [101.00709424100006, -0.8799175319999827, 0.0], [101.008714464, -0.8805733159998924, 0.0], [101.01033473400012, -0.8813263799999368, 0.0], [101.01212415600011, -0.8819091059999226, 0.0], [101.01449370600007, -0.8822726249998949, 0.0], [101.01607111400001, -0.8824869049999472, 0.0], [101.01763031000006, -0.8827928939999624, 0.0], [101.01925712200001, -0.8827920049999727, 0.0], [101.02122289000005, -0.8828591150000146, 0.0], [101.02274769300008, -0.8822446019999761, 0.0], [101.023662383, -0.8815281449999275, 0.0], [101.02539049700007, -0.8808453339999218, 0.0], [101.02793243300009, -0.8809462220000114, 0.0], [101.02928795400005, -0.8806727329999421, 0.0], [101.03169385600009, -0.8799213669999483, 0.0], [101.03352389100007, -0.8797158059999968, 0.0], [101.03474378700011, -0.8793401139999055, 0.0], [101.03905949100005, -0.8793780109999423, 0.0], [101.04119506000009, -0.8801268779999033, 0.0], [101.04333075600005, -0.8811143909998996, 0.0], [101.04536509700007, -0.8826815329998966, 0.0], [101.04682313400009, -0.8839762479999854, 0.0], [101.04743392400009, -0.8853396179999006, 0.0], [101.048146806, -0.8874529669999699, 0.0], [101.04828344200003, -0.8893961739999888, 0.0], [101.04828432600002, -0.890998527999976, 0.0], [101.0495486780001, -0.8958606169999191, 0.0], [101.04968511500002, -0.8974288019999878, 0.0], [101.0506693350001, -0.8998829139999219, 0.0], [101.05128031400001, -0.9015531069999161, 0.0], [101.05124745500005, -0.9033941269999242, 0.0], [101.05080789900009, -0.9052353789999454, 0.0], [101.05250997100006, -0.9106100669999255, 0.0], [101.05386650000013, -0.9121434539999687, 0.0], [101.05552807000002, -0.9137107539999781, 0.0], [101.0567162730001, -0.9172215959999391, 0.0], [101.05729334300007, -0.9188236079999843, 0.0], [101.05817130100006, -0.9211441239999515, 0.0], [101.05996505500006, -0.9225172499999629, 0.0], [101.06167321000008, -0.9235039359999774, 0.0], [101.06264943200003, -0.9246611399999917, 0.0], [101.06277387900012, -0.9260279119999194, 0.0], [101.06245927400002, -0.9268310049999351, 0.0], [101.06187164600007, -0.9276976459999581, 0.0], [101.06134698300009, -0.9284797320000183, 0.0], [101.0607803980001, -0.9294097499999593, 0.0], [101.06040280500004, -0.9302551379999157, 0.0], [101.05998344700006, -0.931523136999934, 0.0], [101.05962718900008, -0.9329390019999414, 0.0], [101.05970520400005, -0.9339859779999647, 0.0], [101.06041676900013, -0.9355657629999399, 0.0], [101.06082382700006, -0.9358716739999328, 0.0], [101.06295576400007, -0.9386308839999727, 0.0], [101.06400145900008, -0.9422388779999805, 0.0], [101.06441953200003, -0.9433296049999862, 0.0], [101.06547034900011, -0.9470967539999344, 0.0], [101.06587965800004, -0.9481606909999466, 0.0], [101.06701128800006, -0.9490946099999498, 0.0], [101.06722800300005, -0.9503015869999839, 0.0], [101.06718798600012, -0.9508810319999661, 0.0], [101.06688217100005, -0.9514145739999621, 0.0], [101.06612256100007, -0.9517260699999764, 0.0], [101.06412599400008, -0.9521674470000063, 0.0], [101.0610067360001, -0.9537825239999641, 0.0], [101.05604193600009, -0.957630250000006, 0.0], [101.0557243580001, -0.9595382899999553, 0.0], [101.05283275000004, -0.9633440589999867, 0.0], [101.05105359500008, -0.9661795079999344, 0.0], [101.05008714400006, -0.9678473429999924, 0.0], [101.04990244500006, -0.9691900539999839, 0.0], [101.05092412100005, -0.9699562389999583, 0.0], [101.05191353300009, -0.9710276709999717, 0.0], [101.05287287500006, -0.9726272549999856, 0.0], [101.05474270100005, -0.9739263369999924, 0.0], [101.0572711880001, -0.9759112180000027, 0.0], [101.06071127200008, -0.9816245549999537, 0.0], [101.06135936400005, -0.983895314999903, 0.0], [101.06212560700003, -0.9856083409999666, 0.0], [101.06331217600007, -0.9866912349999567, 0.0], [101.0646619780001, -0.9877968069999395, 0.0], [101.06629955800007, -0.98914124499989, 0.0], [101.06753747600008, -0.989742915999935, 0.0], [101.06899480400004, -0.9901034689999253, 0.0], [101.070696743, -0.9901959389999427, 0.0], [101.07607924100002, -0.9886509719999194, 0.0], [101.0787037960001, -0.987396991999989, 0.0], [101.08153263000013, -0.9870992049999493, 0.0], [101.08508629000008, -0.9888216789999276, 0.0], [101.08721198600001, -0.9883178229998926, 0.0], [101.08977790600005, -0.9862750999999854, 0.0], [101.09230015300001, -0.9853411699999806, 0.0], [101.09706286600009, -0.9823804939998807, 0.0], [101.0999977060001, -0.9801965239999213, 0.0], [101.10162676800006, -0.9786413759999505, 0.0], [101.10655019800001, -0.9768804379999942, 0.0], [101.10932418400003, -0.9764477059999066, 0.0], [101.11360582400009, -0.9765150179999643, 0.0], [101.11798732700007, -0.9736392949999615, 0.0], [101.12044197900012, -0.9731826589999383, 0.0], [101.12368011000008, -0.9739931509999353, 0.0], [101.12653618600005, -0.9730590239999217, 0.0], [101.12879876100003, -0.9722744449999279, 0.0], [101.13091258400004, -0.9709305749999326, 0.0], [101.13195078000005, -0.969997604999919, 0.0], [101.13295344000007, -0.9682443329999894, 0.0], [101.132695046, -0.9662620499999273, 0.0], [101.13477092300008, -0.963661631999969, 0.0], [101.13662957000011, -0.9622758559999818, 0.0], [101.13751944500002, -0.9616190189999931, 0.0], [101.13947788600007, -0.9613194769999893, 0.0], [101.14251914800008, -0.9627017819999498, 0.0], [101.14482139500005, -0.9618199029999097, 0.0], [101.14725177700006, -0.9593457489999213, 0.0], [101.14915029200003, -0.9581513299999495, 0.0], [101.15122670900006, -0.9567181559999325, 0.0], [101.15487018700007, -0.9555643089999483, 0.0], [101.15849055200003, -0.9554426999999293, 0.0], [101.1603302550001, -0.955143231999923, 0.0], [101.16501915200011, -0.9553789029999734, 0.0], [101.1675125690001, -0.9564512039999686, 0.0], [101.17154907200003, -0.9574628559999108, 0.0], [101.17269960500002, -0.9574792029999433, 0.0], [101.17362685000009, -0.9574397469999583, 0.0], [101.17555834100003, -0.9569332689999664, 0.0], [101.17742627300004, -0.9582525599999724, 0.0], [101.17833412500002, -0.9584191709999049, 0.0], [101.17954894600008, -0.9587784969999783, 0.0], [101.18080220200004, -0.9592664059999368, 0.0], [101.18210665500006, -0.9598443059999526, 0.0], [101.18300196500006, -0.960396746999937, 0.0], [101.18399956600008, -0.9609619809999703, 0.0], [101.1856679100001, -0.9621910269999657, 0.0], [101.18589783000003, -0.9627220469999488, 0.0], [101.18626021600008, -0.9637329859999259, 0.0], [101.18667314600005, -0.9647694859999673, 0.0], [101.18671479700004, -0.9654329879999893, 0.0], [101.1872104440001, -0.9668841389999714, 0.0], [101.18758212100003, -0.9678791909999644, 0.0], [101.18787177200002, -0.9695378259999858, 0.0], [101.18807849100007, -0.970450043999965, 0.0], [101.18886235700009, -0.9713204159999493, 0.0], [101.18976995800004, -0.9722736459999387, 0.0], [101.1907195630001, -0.9744294909999689, 0.0], [101.19072020700007, -0.9754247819998987, 0.0], [101.19030855600002, -0.9763788739999835, 0.0], [101.18973173300007, -0.9769183689999326, 0.0], [101.18903149800005, -0.9778726509999396, 0.0], [101.18915587400004, -0.9789309699999348, 0.0], [101.18932987500004, -0.9796871809999642, 0.0], [101.18964852700012, -0.9805305659999427, 0.0], [101.19016979600009, -0.9816647119999076, 0.0], [101.1908644840001, -0.9826532949999783, 0.0], [101.19153019600012, -0.9835546259999457, 0.0], [101.1919646760001, -0.9846306489999059, 0.0], [101.19184965000008, -0.9856197659999417, 0.0], [101.19069311900004, -0.9859405169999134, 0.0], [101.18999934300011, -0.9863482279998993, 0.0], [101.18956609800006, -0.9871630199999911, 0.0], [101.18919078600008, -0.9881232219999566, 0.0], [101.18907575800007, -0.9891123399999877, 0.0], [101.18884473400006, -0.98960701599997, 0.0], [101.18792006700002, -0.9907130320000028, 0.0], [101.18686972400006, -0.992459439000004, 0.0], [101.18674821300004, -0.9927655929999321, 0.0], [101.18632279500011, -0.993622876999985, 0.0], [101.18630326000009, -0.994765561999936, 0.0], [101.18652704200004, -0.9957448459999684, 0.0], [101.1870751650001, -0.9963974329999492, 0.0], [101.1877857870001, -0.9973763899999594, 0.0], [101.18862148700005, -0.9980990459999735, 0.0], [101.18985936700008, -0.9988531949999319, 0.0], [101.1902652970001, -0.9991998039999177, 0.0], [101.19052928600007, -0.9996281259999203, 0.0], [101.19066820100002, -1.000000002999957, 0.0], [101.19046056800008, -1.004626482999956, 0.0], [101.18990392200003, -1.0122334919999099, 0.0], [101.18908797600001, -1.0163530039999567, 0.0], [101.1876259200001, -1.020819821999974, 0.0], [101.18473974700004, -1.0260427869999393, 0.0], [101.1811658780001, -1.0299474329999736, 0.0], [101.17892634100008, -1.0316832839999044, 0.0], [101.17638472200011, -1.032768981999937, 0.0], [101.17483371700011, -1.0331602709998848, 0.0], [101.1719898320001, -1.0333356609999287, 0.0], [101.1691024680001, -1.0329474269999595, 0.0], [101.16811116800007, -1.0326446009999424, 0.0], [101.16476380200004, -1.030527846999961, 0.0], [101.15623275200001, -1.0320512169999672, 0.0], [101.1482624500001, -1.0344847299999653, 0.0], [101.14438489300008, -1.0355279809999571, 0.0], [101.14382484600011, -1.035745153999895, 0.0], [101.14348165700005, -1.038043403999982, 0.0], [101.14348189100008, -1.0383902729999117, 0.0], [101.14443158100003, -1.0408610719999738, 0.0], [101.14542339600006, -1.0419010019999544, 0.0], [101.14749245200008, -1.04285347099997, 0.0], [101.14852685900004, -1.0431562709999016, 0.0], [101.15072516000004, -1.0440652879999632, 0.0], [101.15441773500002, -1.046377763999907, 0.0], [101.1575230050001, -1.0502778680000062, 0.0], [101.15894628000008, -1.0520979269999604, 0.0], [101.16127654600007, -1.0569090649999653, 0.0], [101.16226891400002, -1.0587294169999404, 0.0], [101.16248551500009, -1.0603768749999984, 0.0], [101.16248638800008, -1.0616342629999422, 0.0], [101.16123160299999, -1.064178527999956, 0.0], [101.15938204200008, -1.0690359599999615, 0.0], [101.15847796300007, -1.0702506329999337, 0.0], [101.15710054000004, -1.0724195259999731, 0.0], [101.15585218000005, -1.0742848219999466, 0.0], [101.15507737500008, -1.0754994089999772, 0.0], [101.15529353600002, -1.0764964979998835, 0.0], [101.15619892500006, -1.0771462299999104, 0.0], [101.15757924500004, -1.079096369999972, 0.0], [101.15809708200008, -1.0801365999999688, 0.0], [101.15754247200002, -1.0850099439999623, 0.0], [101.15775848700004, -1.085790237999954, 0.0], [101.15819011400005, -1.086787170000025, 0.0], [101.15862270100004, -1.089128205999921, 0.0], [101.15888286000008, -1.0913826499999333, 0.0], [101.15957406900007, -1.0938102139999737, 0.0], [101.16147304600007, -1.097884509999921, 0.0], [101.1646109180001, -1.1014986099999917, 0.0], [101.16758357600011, -1.106377822999941, 0.0], [101.16810832600001, -1.1081681359999271, 0.0], [101.16858119100006, -1.1105904979999723, 0.0], [101.16947259000008, -1.1126965419999717, 0.0], [101.17036402700003, -1.1148552499999702, 0.0], [101.17188916000002, -1.1182057619998995, 0.0], [101.17487544700002, -1.1217849169999354, 0.0], [101.1755569390001, -1.1231537589999439, 0.0], [101.17655410200008, -1.1266817219999068, 0.0], [101.17697513200001, -1.1297361099999448, 0.0], [101.17776265900007, -1.1328955529999551, 0.0], [101.17896828300009, -1.1351593299999458, 0.0], [101.18074914800009, -1.1366853260000085, 0.0], [101.18268669500009, -1.1377371959999072, 0.0], [101.18394419400003, -1.1393689170000025, 0.0], [101.18525551500008, -1.142949271999938, 0.0], [101.18682804800008, -1.1458447499999673, 0.0], [101.19216260000003, -1.151198350999903, 0.0], [101.19310623800006, -1.155209344999957, 0.0], [101.19490827300011, -1.1587053409999328, 0.0], [101.19695491900008, -1.1612136349999869, 0.0], [101.19930292400001, -1.1634591559999008, 0.0], [101.20061163300002, -1.1635815649999925, 0.0], [101.2017361890001, -1.1635395369999662, 0.0], [101.20414839700001, -1.1628381639999357, 0.0], [101.20537513900008, -1.1627343369999554, 0.0], [101.20672487900002, -1.1630418659999167, 0.0], [101.20825918700005, -1.1640487209999968, 0.0], [101.20987536200002, -1.165158371999982, 0.0], [101.21053568900003, -1.1666532089999453, 0.0], [101.21104776300002, -1.1678048739999218, 0.0], [101.21256202900008, -1.1693260519999416, 0.0], [101.21391252800001, -1.1706004839999564, 0.0], [101.215671951, -1.1718540159999333, 0.0], [101.21696158100005, -1.1737250959999435, 0.0], [101.21798540200011, -1.1755963859999607, 0.0], [101.21909106500004, -1.177529324000021, 0.0], [101.21995387, -1.1807324819999219, 0.0], [101.22017988200007, -1.1821106619999193, 0.0], [101.22065125800006, -1.183488642999985, 0.0], [101.22222721100007, -1.1854211899999127, 0.0], [101.22273915800007, -1.1863876849999517, 0.0], [101.22353800200008, -1.1881562769999918, 0.0], [101.22413208300011, -1.189554723999981, 0.0], [101.22494343400011, -1.1907802349999421, 0.0], [101.2266823300001, -1.1919103069999186, 0.0], [101.22797119800006, -1.1927938749999394, 0.0], [101.22946468300009, -1.19386242199997, 0.0], [101.23102032300002, -1.1959389649999297, 0.0], [101.231818666, -1.197069792999961, 0.0], [101.23296475800005, -1.198385487999936, 0.0], [101.23390593200013, -1.1991458919999736, 0.0], [101.23554948000005, -1.2016863539999372, 0.0], [101.23659362800002, -1.2033518509999857, 0.0], [101.23843580900002, -1.2057572889999746, 0.0], [101.23978732100004, -1.2082248439999348, 0.0], [101.24128195200007, -1.210671703999886, 0.0], [101.24165087300013, -1.2117411519999133, 0.0], [101.24173688800005, -1.2148666079999717, 0.0], [101.24190280800009, -1.217705440999931, 0.0], [101.24180198500001, -1.2194130209999916, 0.0], [101.24145547900012, -1.2207299349999734, 0.0], [101.24067977400007, -1.2222735079999705, 0.0], [101.24029309100004, -1.2244544929999504, 0.0], [101.23998717300005, -1.2254010759999323, 0.0], [101.23957924200005, -1.2266151839999375, 0.0], [101.23808840800007, -1.2279147889999098, 0.0], [101.23712096100004, -1.2290023059999184, 0.0], [101.23600447300004, -1.2300150069999598, 0.0], [101.23522299800004, -1.230802586999935, 0.0], [101.23447895100013, -1.2318149739999442, 0.0], [101.23358680300002, -1.2338767189999913, 0.0], [101.23369963200011, -1.2351881629999737, 0.0], [101.23567568900009, -1.237697148999913, 0.0], [101.23735304200005, -1.239307038999892, 0.0], [101.23768896500006, -1.2401686209999487, 0.0], [101.23709674300008, -1.2445534050000044, 0.0], [101.23653921300004, -1.2459028899999347, 0.0], [101.2359065300001, -1.2464655179999458, 0.0], [101.233858297, -1.246729577999946, 0.0], [101.23289012700012, -1.2469552379999558, 0.0], [101.22946120600007, -1.247160591999899, 0.0], [101.21800698000003, -1.2461243109999522, 0.0], [101.21328749100007, -1.243541889999975, 0.0], [101.20876330400002, -1.2407045409999642, 0.0], [101.20685436800008, -1.2397462319999886, 0.0], [101.20446782100005, -1.2380950509999764, 0.0], [101.2027700660001, -1.2361233139999026, 0.0], [101.2023986200001, -1.235617001999932, 0.0], [101.2018942490001, -1.2346041799999665, 0.0], [101.20141624800007, -1.23343134799991, 0.0], [101.20109776400001, -1.2328716629999716, 0.0], [101.19987751000004, -1.2314594680000148, 0.0], [101.1991084490001, -1.2308468259999445, 0.0], [101.19815383100006, -1.2301810090000123, 0.0], [101.1973320490001, -1.2299150469999467, 0.0], [101.19677550700005, -1.2299155079999837, 0.0], [101.19537122500013, -1.230316637999961, 0.0], [101.19407249100006, -1.2301577269999462, 0.0], [101.19282663200009, -1.2298387839999354, 0.0], [101.19205785200008, -1.2295727759999548, 0.0], [101.19160711900008, -1.2293331679999449, 0.0], [101.18716337000002, -1.2274891129999546, 0.0], [101.1842219270001, -1.227864837999947, 0.0], [101.18207569700006, -1.2284265589999688, 0.0], [101.1807246640001, -1.2291476169999458, 0.0], [101.17974444600009, -1.2296017219999564, 0.0], [101.17855227200003, -1.2301359969999253, 0.0], [101.17773054900007, -1.2299500189999018, 0.0], [101.17746524300007, -1.2296035959999283, 0.0], [101.17735873700005, -1.2289903949999093, 0.0], [101.177278797, -1.2284571639999358, 0.0], [101.17701319000005, -1.2277374349999801, 0.0], [101.17450849500003, -1.226348526999992, 0.0], [101.17350097300006, -1.2258160539999834, 0.0], [101.17177754100003, -1.2248575279999991, 0.0], [101.17047902900005, -1.2249919119999215, 0.0], [101.16968440500003, -1.225552520999941, 0.0], [101.16899583400007, -1.226166376000027, 0.0], [101.16759218900002, -1.2273941069999856, 0.0], [101.16682397900006, -1.2278480379998884, 0.0], [101.16621459200009, -1.2280618539999932, 0.0], [101.16502184900008, -1.227902836999892, 0.0], [101.1635901720001, -1.2272373790000002, 0.0], [101.16266208600004, -1.226624839999939, 0.0], [101.16231727300003, -1.2262784749999749, 0.0], [101.1612553940001, -1.2240661409999753, 0.0], [101.16117533200004, -1.2233729149999835, 0.0], [101.16106855300009, -1.2224130599999778, 0.0], [101.16072325200014, -1.2214533979999835, 0.0], [101.15888793400005, -1.2185606509999969, 0.0], [101.15761370800006, -1.2159218329998775, 0.0], [101.1566835790001, -1.2127227689999627, 0.0], [101.15649732300005, -1.2117896379999358, 0.0], [101.15601206800005, -1.2090289519999504, 0.0], [101.15410129900005, -1.2057506649999583, 0.0], [101.1531991850001, -1.2044447890000032, 0.0], [101.15277455700004, -1.203698501999974, 0.0], [101.15208404900002, -1.2018591519999273, 0.0], [101.15195107800012, -1.2012726209999043, 0.0], [101.15040332600005, -1.1983035059998952, 0.0], [101.14947515400009, -1.1975576120000053, 0.0], [101.148467393, -1.196705120999984, 0.0], [101.14791040100002, -1.1961455889999713, 0.0], [101.14716805900007, -1.1957995249999378, 0.0], [101.1462399920001, -1.1951869539999604, 0.0], [101.14374787700005, -1.1940689679999237, 0.0], [101.14183937800006, -1.1936704839998982, 0.0], [101.14061998700006, -1.193324790999993, 0.0], [101.13955948600007, -1.1928189779999618, 0.0], [101.13894949300004, -1.192259482999946, 0.0], [101.1373582400001, -1.1908474570000014, 0.0], [101.13680135500003, -1.1904212449999092, 0.0], [101.13616506300005, -1.1901284209999354, 0.0], [101.1350782250001, -1.1898359469999809, 0.0], [101.13402938400009, -1.1898840799999655, 0.0], [101.13294287300008, -1.1900182549999632, 0.0], [101.13180321300011, -1.1899658079999698, 0.0], [101.12994760500005, -1.1894339399999274, 0.0], [101.12859547100008, -1.1887950179999194, 0.0], [101.12737566700007, -1.187915996999927, 0.0], [101.12623473800006, -1.1862102789999216, 0.0], [101.12559801800005, -1.1853574699998775, 0.0], [101.12445709400006, -1.1836517479999775, 0.0], [101.12368733500006, -1.1821057319999495, 0.0], [101.12358100000006, -1.1816791620000024, 0.0], [101.12317804400001, -1.1804888829999363, 0.0], [101.12336336000007, -1.1802220839999829, 0.0], [101.12312259300006, -1.177262374999956, 0.0], [101.12296256800005, -1.1759292099999588, 0.0], [101.12264386800005, -1.175049487999909, 0.0], [101.12216619300007, -1.1742232139999482, 0.0], [101.12160919200007, -1.1736369939999247, 0.0], [101.12038952000005, -1.1729179499999516, 0.0], [101.11712776400009, -1.1703871839998878, 0.0], [101.11641154600008, -1.1695344219999502, 0.0], [101.11606651100003, -1.1688680379999574, 0.0], [101.11582756500006, -1.168308236999918, 0.0], [101.11582646800007, -1.1668416169998905, 0.0], [101.11566703200002, -1.1662817549999367, 0.0], [101.11430724900003, -1.1655491489999859, 0.0], [101.11308777800012, -1.1650967499999405, 0.0], [101.11056938600002, -1.1642720060000087, 0.0], [101.10791808200013, -1.1629140389999075, 0.0], [101.10659235900003, -1.1621417199999557, 0.0], [101.10614151300004, -1.1617420699999372, 0.0], [101.10279298400009, -1.1568771469999304, 0.0], [101.10218251200003, -1.1556509639999835, 0.0], [101.10178412600001, -1.1545046180000016, 0.0], [101.10122654300007, -1.153118395999972, 0.0], [101.1005367810001, -1.152185595999881, 0.0], [101.09950257900009, -1.1513863799999298, 0.0], [101.0982297340001, -1.1504273409999706, 0.0], [101.09708959600007, -1.1497348649999668, 0.0], [101.09404095100008, -1.1486438039999252, 0.0], [101.09181407000003, -1.1477921259999897, 0.0], [101.09067395400011, -1.1471263089999628, 0.0], [101.08484588000009, -1.144082655999932, 0.0], [101.08349391100005, -1.1436569809999688, 0.0], [101.08108169500012, -1.143072083999884, 0.0], [101.0785898890001, -1.1423805709999613, 0.0], [101.07678736000008, -1.1419552189999311, 0.0], [101.07575357900008, -1.1417426379999414, 0.0], [101.07151237500007, -1.1408123889999657, 0.0], [101.06912665100003, -1.1402274499999852, 0.0], [101.06750941000007, -1.139481952999936, 0.0], [101.06602468500006, -1.1387363589999773, 0.0], [101.0653617930001, -1.1383101699999703, 0.0], [101.0623432500001, -1.1361914930000037, 0.0], [101.06173308500006, -1.1353652619999328, 0.0], [101.05950565800006, -1.1337668519999322, 0.0], [101.058869385, -1.1335006389999343, 0.0], [101.057915145, -1.1333413209998908, 0.0], [101.0567225240001, -1.133395507999945, 0.0], [101.05563597100007, -1.1335296179999275, 0.0], [101.05415195800005, -1.1337973479999754, 0.0], [101.05333042200009, -1.1339046029999544, 0.0], [101.05014974000008, -1.1335602029999798, 0.0], [101.04080471000003, -1.1337282789999434, 0.0], [101.03977092900003, -1.1335423440000065, 0.0], [101.03910852100002, -1.1338094849999973, 0.0], [101.03781029700009, -1.1344770839999807, 0.0], [101.03632645300004, -1.1350114799999782, 0.0], [101.03452435400007, -1.1352527619999593, 0.0], [101.0302040550001, -1.1350424809999613, 0.0], [101.0291702700001, -1.1348565389999354, 0.0], [101.02864006000001, -1.134670242999987, 0.0], [101.02813624000007, -1.1343239229999358, 0.0], [101.02580345800006, -1.1337122189999476, 0.0], [101.02408070900006, -1.1337400989999473, 0.0], [101.02339164000007, -1.1337939189999484, 0.0], [101.01897760400007, -1.1331284799999637, 0.0], [101.0173343040001, -1.1330762979999012, 0.0], [101.01550544200002, -1.1329709079999801, 0.0], [101.01425972400007, -1.1329451139999716, 0.0], [101.01245736000007, -1.1328397049999617, 0.0], [101.011317638, -1.1327871669999583, 0.0], [101.00946233700006, -1.1327884629999778, 0.0], [101.00551055300011, -1.1356374489999848, 0.0], [101.00654716900009, -1.1372914269999672, 0.0], [101.007218154, -1.138700520999939, 0.0], [101.00782840200004, -1.1403547959999478, 0.0], [101.00813427100005, -1.1422544250000077, 0.0], [101.008195991, -1.1434187999999696, 0.0], [101.00825741100002, -1.1441541809999776, 0.0], [101.00844499200008, -1.1496391519999531, 0.0], [101.00893330600007, -1.151109649999934, 0.0], [101.0100318820001, -1.1542344169999377, 0.0], [101.01076379700001, -1.1556434549999943, 0.0], [101.011860874, -1.156623234999974, 0.0], [101.0127752640001, -1.1576644279999693, 0.0], [101.01375069500006, -1.1588894339999785, 0.0], [101.01795894200008, -1.1665470289999507, 0.0], [101.01936062200005, -1.1675878589999984, 0.0], [101.02131036499999, -1.168444433999996, 0.0], [101.02277286600012, -1.1693626449999353, 0.0], [101.02362675000008, -1.1709554269999223, 0.0], [101.0239328420001, -1.1731001670000092, 0.0], [101.02393522400011, -1.1764095359999076, 0.0], [101.02405837100008, -1.1782479869999658, 0.0], [101.02436482700004, -1.1808830029999444, 0.0], [101.02436562700011, -1.1819861250000083, 0.0], [101.02424460600012, -1.183089336999982, 0.0], [101.0222348220001, -1.1880411209999822, 0.0], [101.02132205300008, -1.1892674879999265, 0.0], [101.02028759700003, -1.1906778009999117, 0.0], [101.01949665100003, -1.191904080999939, 0.0], [101.01968269200006, -1.1964390189999914, 0.0], [101.02023192300004, -1.197848162999977, 0.0], [101.02297498300005, -1.2006652219999079, 0.0], [101.02395050500004, -1.2019514709999277, 0.0], [101.02346416100005, -1.205594084999972, 0.0], [101.02249157700003, -1.2082913399999349, 0.0], [101.02243261800004, -1.2109266259999356, 0.0], [101.02304405100008, -1.214051685999956, 0.0], [101.02395908700004, -1.2158895359999689, 0.0], [101.02438660800007, -1.2174213299999561, 0.0], [101.02426624700006, -1.219382526999969, 0.0], [101.02371928400001, -1.221037626999955, 0.0], [101.02329391400006, -1.2223862109999801, 0.0], [101.02323497900008, -1.2250214979999676, 0.0], [101.02372342000008, -1.2265532419999707, 0.0], [101.02354174700005, -1.227962926999989, 0.0], [101.02317692200009, -1.2288211919999434, 0.0], [101.0225073570001, -1.2294345469998933, 0.0], [101.01946357500006, -1.2318269759999503, 0.0], [101.01867292400009, -1.2334209849999553, 0.0], [101.01737294000009, -1.2369904559999647, 0.0], [101.01603635200009, -1.2393854209999686, 0.0], [101.01511526100006, -1.2405980619999422, 0.0], [101.01472912100009, -1.2412716549999008, 0.0], [101.01446294900009, -1.2432618259999857, 0.0], [101.01425270500002, -1.243913807999928, 0.0], [101.01388155100005, -1.2447370139999259, 0.0], [101.01260429000006, -1.2469224719999128, 0.0], [101.01112717600004, -1.249979997999939, 0.0], [101.01109738800007, -1.2500000109999096, 0.0], [101.00845739500004, -1.2517737149999404, 0.0], [101.00820830500004, -1.2520605719999531, 0.0], [101.00678601200003, -1.2551074920000027, 0.0], [101.00618128900001, -1.2560754549999738, 0.0], [101.00475790200001, -1.2576890529999996, 0.0], [101.00454461900004, -1.2582267149999742, 0.0], [101.0038314590001, -1.2601764679999254, 0.0], [101.00354710900011, -1.2609291859999472, 0.0], [101.00304928700005, -1.2619687369999781, 0.0], [101.00262247700007, -1.2627215679999113, 0.0], [101.00219651700009, -1.2645852279999241, 0.0], [101.00205672200006, -1.2680611699999422, 0.0], [101.00212880700008, -1.269171944999913, 0.0], [101.00223648200001, -1.2702468609999469, 0.0], [101.00281180800002, -1.273999293000002, 0.0], [101.00380974200007, -1.2748943439999838, 0.0], [101.00477175300009, -1.2753952559999662, 0.0], [101.00544898000008, -1.276075556999945, 0.0], [101.005770076, -1.2767919689999732, 0.0], [101.00637707200005, -1.2787623179999257, 0.0], [101.00659124, -1.2793713149999602, 0.0], [101.00737659800005, -1.281699853999972, 0.0], [101.00776926500004, -1.2828462059999692, 0.0], [101.00791256700008, -1.2839210879999146, 0.0], [101.00773555000009, -1.2852828889999612, 0.0], [101.0074866880001, -1.2858564169998958, 0.0], [101.00695287100008, -1.2863943380000042, 0.0], [101.00613438000003, -1.2872549819999737, 0.0], [101.00000375600011, -1.2902670059999777, 0.0], [100.99999997800006, -1.29026954300001, 0.0], [100.99690887400001, -1.2923457349999237, 0.0], [100.99541059500004, -1.2936326339999165, 0.0], [100.99434634900008, -1.294499076999933, 0.0], [100.99104483800004, -1.2954351740000225, 0.0], [100.98956608500008, -1.2959203719999215, 0.0], [100.98581757100007, -1.297098837000007, 0.0], [100.9806857610001, -1.2981453870000006, 0.0], [100.97886341400005, -1.2991494619999393, 0.0], [100.97734987000004, -1.2991506529999535, 0.0], [100.97259358200006, -1.300473493999985, 0.0], [100.96599003900009, -1.3018270669999679, 0.0], [100.95813604600004, -1.3019372489999455, 0.0], [100.95727633600005, -1.3022836630000068, 0.0], [100.95552197700002, -1.302285033999944, 0.0], [100.95369844600005, -1.301802417999976, 0.0], [100.95208104500007, -1.300973895999993, 0.0], [100.95066993200001, -1.3000069129999263, 0.0], [100.95001589400009, -1.2994196579999984, 0.0], [100.94943017900002, -1.2982100089999224, 0.0], [100.94870199399999, -1.2962265709999456, 0.0], [100.94735881300006, -1.2941185719999653, 0.0], [100.94687564300004, -1.292044479999953, 0.0], [100.94670285800005, -1.2910073809999538, 0.0], [100.94621677000006, -1.287087734999904, 0.0], [100.94573373800007, -1.2851865109999923, 0.0], [100.94525126300003, -1.2840113490000107, 0.0], [100.94466576900008, -1.2830782859999794, 0.0], [100.942806735, -1.2824507749999425, 0.0], [100.9403851280001, -1.2823481119999605, 0.0], [100.93791849700003, -1.2823692129999456, 0.0], [100.9369243040001, -1.2825237209999325, 0.0], [100.93531850400011, -1.2830438519998875, 0.0], [100.93392297700011, -1.283486945999966, 0.0], [100.93306291900008, -1.2840257269999484, 0.0], [100.93266177500003, -1.2845641599999214, 0.0], [100.92941670600003, -1.2861974749999674, 0.0], [100.92861182600004, -1.2865338299999018, 0.0], [100.92822581900008, -1.2867611129999714, 0.0], [100.92787449800005, -1.2868547259999048, 0.0], [100.9275562760001, -1.2868816379999997, 0.0], [100.92717175600008, -1.2869085999999228, 0.0], [100.92689338400005, -1.28702882499991, 0.0], [100.92674759800006, -1.287128945999938, 0.0], [100.92654890700005, -1.2874091279999373, 0.0], [100.9262906960001, -1.287889378999983, 0.0], [100.92610007900005, -1.2882619519999918, 0.0], [100.92589827600005, -1.2884272669999808, 0.0], [100.92570718700004, -1.2885194689999804, 0.0], [100.92557400700004, -1.2885476499999042, 0.0], [100.9254544930001, -1.288533683, 0.0], [100.92537944300003, -1.2885365339999697, 0.0], [100.92529953200007, -1.2885416259999471, 0.0], [100.92517674700012, -1.2885476649999128, 0.0], [100.92514500700007, -1.2885452249999712, 0.0], [100.92505219300003, -1.2885487019999893, 0.0], [100.92499669800006, -1.2885766739999058, 0.0], [100.9249488090001, -1.2886148869999579, 0.0], [100.92491930000006, -1.2886587959999565, 0.0], [100.92472244700011, -1.2888654449999106, 0.0], [100.92469684300004, -1.2888819399999512, 0.0], [100.92465234100008, -1.2888960759999522, 0.0], [100.92455937300011, -1.288900502999978, 0.0], [100.92445345200005, -1.288900582999895, 0.0], [100.92437711700005, -1.2888922220000014, 0.0], [100.92428136800002, -1.2888605409999454, 0.0], [100.92422309000008, -1.2888341089999007, 0.0], [100.92420018400006, -1.2888117429999115, 0.0], [100.92417785700007, -1.288772067000001, 0.0], [100.92414786600008, -1.288689823999951, 0.0], [100.92411396500003, -1.2886004599999306, 0.0], [100.92406704800005, -1.288532020999946, 0.0], [100.92401744000004, -1.288471902999945, 0.0], [100.92395549800007, -1.2884183049999545, 0.0], [100.92388342200005, -1.2883897269999909, 0.0], [100.92380307900008, -1.2883800949999946, 0.0], [100.92371224000001, -1.288383109999886, 0.0], [100.92362274700007, -1.2884004979999077, 0.0], [100.9234878290001, -1.2884840199999656, 0.0], [100.92339730400006, -1.288579206999943, 0.0], [100.92315871100004, -1.2888146449999807, 0.0], [100.92307603000003, -1.2888945549999267, 0.0], [100.92303989100009, -1.288916093999922, 0.0], [100.92298930600006, -1.2889313169999406, 0.0], [100.92295241400004, -1.2889338749999788, 0.0], [100.92291601700003, -1.288930084999929, 0.0], [100.92287799600008, -1.2889117899999298, 0.0], [100.92282077900006, -1.2888696859999038, 0.0], [100.92277684100006, -1.2888255309998908, 0.0], [100.92273627000009, -1.2887751769999054, 0.0], [100.92268155400008, -1.2887133119999388, 0.0], [100.92261416300002, -1.2886537179999824, 0.0], [100.92255543800005, -1.288605295999968, 0.0], [100.92248301200009, -1.2885722189999924, 0.0], [100.92239735000001, -1.2885499459999248, 0.0], [100.92231905700002, -1.2885500049999268, 0.0], [100.92224202000004, -1.2885540699999902, 0.0], [100.922166394, -1.2885627499999084, 0.0], [100.92208390600011, -1.2885860099999766, 0.0], [100.92198777100006, -1.2885928350000126, 0.0], [100.92192270900009, -1.2885953079999397, 0.0], [100.92178012500003, -1.2885992219999987, 0.0], [100.92166530400002, -1.2886096989999838, 0.0], [100.92156616300008, -1.2886222549999504, 0.0], [100.92123277000012, -1.2886517449999026, 0.0], [100.92110133900007, -1.28868619099991, 0.0], [100.92105383800005, -1.2886930589999543, 0.0], [100.92101181300004, -1.2886912109999757, 0.0], [100.92098759900009, -1.2886871689999964, 0.0], [100.92095791100012, -1.2886707619998727, 0.0], [100.92086779100002, -1.2885992039999936, 0.0], [100.92082297300004, -1.288552947999995, 0.0], [100.92066652900007, -1.288419248999947, 0.0], [100.92052893000006, -1.2882665429999232, 0.0], [100.92041172100004, -1.2881246839999878, 0.0], [100.92033868400003, -1.288052703999895, 0.0], [100.92022867700008, -1.2879746629999298, 0.0], [100.92010937300007, -1.287961901999938, 0.0], [100.92003954400006, -1.2879660049999209, 0.0], [100.91993628300004, -1.2879672499999444, 0.0], [100.91981613400006, -1.2879550269999973, 0.0], [100.91972258800006, -1.2879455279999974, 0.0], [100.91963971600002, -1.2880196199999188, 0.0], [100.91953786200014, -1.2881426969999754, 0.0], [100.91948442400005, -1.288233692999962, 0.0], [100.919454876, -1.2882822369999805, 0.0], [100.9194193920001, -1.2883245879999246, 0.0], [100.91937738100009, -1.2883548429999456, 0.0], [100.91936456900008, -1.2883596889999889, 0.0], [100.91928786500004, -1.2883769059999024, 0.0], [100.9192455630001, -1.2883799759998933, 0.0], [100.91912239800003, -1.2883800689999882, 0.0], [100.91909285600008, -1.2883741469999466, 0.0], [100.91905845700006, -1.2883572729999713, 0.0], [100.91900416100002, -1.288314475999882, 0.0], [100.91893980000002, -1.2882590359999226, 0.0], [100.91889853900007, -1.2882148979999963, 0.0], [100.91873711500004, -1.2880992189999314, 0.0], [100.91866558000007, -1.2880556209999727, 0.0], [100.91863418000004, -1.2880274789999429, 0.0], [100.91855922400006, -1.2879568549999703, 0.0], [100.91850463600008, -1.2878062389999323, 0.0], [100.91843649700003, -1.2877515069999455, 0.0], [100.91835744300006, -1.2877659849999838, 0.0], [100.91825765400007, -1.2878280719999666, 0.0], [100.91820266900005, -1.2879071939999456, 0.0], [100.91817133200003, -1.288065378999965, 0.0], [100.9181399810001, -1.288203791999964, 0.0], [100.91811475400006, -1.2882992049999622, 0.0], [100.9180606030001, -1.288351015999981, 0.0], [100.91796824800011, -1.2883457669999938, 0.0], [100.91790333300005, -1.2883297239999028, 0.0], [100.9178168670001, -1.288287379999953, 0.0], [100.9177503230001, -1.2882455839999616, 0.0], [100.91767867500003, -1.2882032439999278, 0.0], [100.91757653500011, -1.2881665059999066, 0.0], [100.91750153300003, -1.2881601329999992, 0.0], [100.91739630400012, -1.2881630699999775, 0.0], [100.91733742700005, -1.2881759299999684, 0.0], [100.9171845500001, -1.2882273479999709, 0.0], [100.91706001500009, -1.288267163999967, 0.0], [100.91697542400003, -1.2882939229999677, 0.0], [100.91680283500006, -1.2883557489999278, 0.0], [100.91663009300005, -1.288416743999999, 0.0], [100.91610808300003, -1.288590665999914, 0.0], [100.91597775600007, -1.288623261999945, 0.0], [100.91585424700007, -1.2886494049999868, 0.0], [100.91567998600004, -1.2886651589999525, 0.0], [100.91558572300006, -1.2886702189999217, 0.0], [100.91545128200003, -1.28868225999995, 0.0], [100.91531918800003, -1.2887132549999285, 0.0], [100.91484428600009, -1.2888612980000214, 0.0], [100.91470369200009, -1.2888977219999211, 0.0], [100.91456383200006, -1.2889427399999098, 0.0], [100.9142110400001, -1.2889991099999665, 0.0], [100.9140823230001, -1.289001991999925, 0.0], [100.91400313700004, -1.289002052999936, 0.0], [100.91394775500007, -1.2889871639999557, 0.0], [100.91390218800002, -1.2889556209999187, 0.0], [100.9137774320001, -1.2888259209999215, 0.0], [100.9136432860001, -1.2888229639999582, 0.0], [100.91356845800004, -1.2888303699999453, 0.0], [100.91346579200007, -1.2888637239999536, 0.0], [100.91337410700005, -1.2889122239999584, 0.0], [100.91326802900005, -1.2889547529999241, 0.0], [100.91318201200004, -1.2889813519999054, 0.0], [100.91308532300012, -1.2890087999999584, 0.0], [100.9129745530001, -1.2890525249999447, 0.0], [100.91290062400012, -1.2890946549999525, 0.0], [100.91283578000008, -1.2891344489999579, 0.0], [100.91277204300005, -1.2891658999999085, 0.0], [100.91268654100007, -1.2892050969999498, 0.0], [100.91261294700011, -1.289253991999911, 0.0], [100.9125183150001, -1.2893306259999366, 0.0], [100.91248427300003, -1.289362186999975, 0.0], [100.9124248080001, -1.2894034909999312, 0.0], [100.91237667900002, -1.2894350279999625, 0.0], [100.91231136900004, -1.2894577859999827, 0.0], [100.91218689600004, -1.2894865699999634, 0.0], [100.91207628800004, -1.2895348099999595, 0.0], [100.91175654800004, -1.289630424999977, 0.0], [100.91162662800004, -1.2897039090000018, 0.0], [100.91153149700007, -1.2897625919998974, 0.0], [100.91144101300004, -1.2898058139999988, 0.0], [100.91137444000005, -1.2898092759999285, 0.0], [100.91124214500012, -1.2898109199999763, 0.0], [100.91112515600011, -1.2898349339999282, 0.0], [100.91102159400008, -1.2898979709999923, 0.0], [100.91093055700009, -1.2900080969999548, 0.0], [100.91071614400002, -1.29028994799991, 0.0], [100.91067267100007, -1.2903372329999185, 0.0], [100.91061501500009, -1.2903710519999712, 0.0], [100.91056063400003, -1.290384774999945, 0.0], [100.91049689100001, -1.2903871149999693, 0.0], [100.91046388100003, -1.290381952999979, 0.0], [100.91036616000011, -1.290354545999932, 0.0], [100.91026287700001, -1.2903345079999584, 0.0], [100.91015591200004, -1.2903363029999277, 0.0], [100.9100676510001, -1.2903490539999234, 0.0], [100.90996992500001, -1.2903896509999104, 0.0], [100.90982738900003, -1.2905104719999578, 0.0], [100.90977180900005, -1.2905681370000246, 0.0], [100.9097218780001, -1.2906303129999215, 0.0], [100.90964822400005, -1.2907086009999238, 0.0], [100.90958741100009, -1.2907579119999064, 0.0], [100.90951059500013, -1.2908146029999776, 0.0], [100.90940631900011, -1.2908779709998925, 0.0], [100.909313931, -1.2909381509999942, 0.0], [100.90905038400004, -1.2910755449999942, 0.0], [100.90889645200009, -1.2912760189999655, 0.0], [100.90880901000006, -1.2914101509999587, 0.0], [100.90870140100013, -1.2915400389999716, 0.0], [100.90860884000001, -1.2916466709999987, 0.0], [100.90857293500008, -1.2916690779998956, 0.0], [100.90852401700002, -1.2916787519998878, 0.0], [100.90845234900003, -1.2916893229999749, 0.0], [100.90828315600008, -1.2917291919998861, 0.0], [100.90818149000009, -1.291927237999945, 0.0], [100.90817140500006, -1.292032945999975, 0.0], [100.90816271700005, -1.2920881479999227, 0.0], [100.90813727100007, -1.292168863999949, 0.0], [100.90810621700008, -1.2922217549999708, 0.0], [100.9080567410001, -1.2922704709999084, 0.0], [100.90799674200008, -1.2923141559999805, 0.0], [100.90794160600005, -1.2923290639999732, 0.0], [100.90787192200006, -1.2923303499998935, 0.0], [100.90779866500013, -1.2923275689999343, 0.0], [100.90772269000006, -1.2923244399999325, 0.0], [100.90765049100013, -1.2923312559999718, 0.0], [100.90753037300004, -1.2923519789999072, 0.0], [100.90743439900011, -1.2924792779999672, 0.0], [100.90737412099999, -1.2925817270000064, 0.0], [100.90728175800008, -1.2929502979999379, 0.0], [100.90727140400011, -1.292970523999921, 0.0], [100.90725720500009, -1.2929825489999396, 0.0], [100.90716085800003, -1.2930298139999448, 0.0], [100.90705165200005, -1.2930778980000153, 0.0], [100.906977112, -1.2931279929998976, 0.0], [100.90689505300006, -1.2932074749999996, 0.0], [100.9068460760001, -1.2932608409999706, 0.0], [100.90681690200007, -1.2932810619999544, 0.0], [100.90678215900004, -1.29329397399996, 0.0], [100.90673545800009, -1.2932993469999616, 0.0], [100.90672009100007, -1.2932987669999148, 0.0], [100.90665410400001, -1.2932718069999045, 0.0], [100.90662080300011, -1.29325268799992, 0.0], [100.90652812300007, -1.2931915729999264, 0.0], [100.90646336400005, -1.2931525309999763, 0.0], [100.90636974400013, -1.2931109350000056, 0.0], [100.90626620900008, -1.293099217999912, 0.0], [100.90616833600006, -1.293115710999951, 0.0], [100.90609995100009, -1.2931542479999338, 0.0], [100.9060174050001, -1.2932162530000089, 0.0], [100.90595101200002, -1.293276801999965, 0.0], [100.90586212700003, -1.2933679659999446, 0.0], [100.90578734100006, -1.2934664349999319, 0.0], [100.90571211900006, -1.2935651459999187, 0.0], [100.90545959900004, -1.2938498919999484, 0.0], [100.90538648700003, -1.2939154009999492, 0.0], [100.90530606700013, -1.2939799569999593, 0.0], [100.90523559700007, -1.2940492530000107, 0.0], [100.90515696100005, -1.2941735349999843, 0.0], [100.90515043400003, -1.2943251629999208, 0.0], [100.90515058100004, -1.2945214129999114, 0.0], [100.90514950400006, -1.2945648139999428, 0.0], [100.90514262900011, -1.2945867829999003, 0.0], [100.90506327400001, -1.294664580999944, 0.0], [100.90497737700011, -1.2947048439999924, 0.0], [100.90464479000012, -1.2948233520000183, 0.0], [100.90458484500006, -1.2948350019999149, 0.0], [100.90445894700011, -1.2948324009999697, 0.0], [100.90433973100002, -1.2948250909999957, 0.0], [100.90419586300001, -1.2948251979999896, 0.0], [100.90413289700004, -1.2948391059999078, 0.0], [100.90407431700008, -1.2948619819999323, 0.0], [100.90397236600009, -1.2949226419999698, 0.0], [100.9038866130001, -1.2949958980000003, 0.0], [100.9037770960001, -1.295059672999941, 0.0], [100.9037192040001, -1.295059716999951, 0.0], [100.90366840900008, -1.2950506269999957, 0.0], [100.90360304500008, -1.29501679899996, 0.0], [100.90353737300006, -1.2949654699999633, 0.0], [100.90343120200008, -1.2948954589999546, 0.0], [100.90333461500008, -1.294891791999905, 0.0], [100.90319342300003, -1.2949016999999239, 0.0], [100.90306632400008, -1.2950250709999183, 0.0], [100.90300338400003, -1.2951202489999818, 0.0], [100.90295189000003, -1.2952059079999616, 0.0], [100.90290890900012, -1.2952719349999262, 0.0], [100.90283843700006, -1.2953192979999422, 0.0], [100.90274859900008, -1.2953584239999751, 0.0], [100.90259543300002, -1.2953632829999235, 0.0], [100.90245529000006, -1.2953780829999106, 0.0], [100.90228586100008, -1.2954513169999313, 0.0], [100.90218658700003, -1.295538877999991, 0.0], [100.90209681700007, -1.295654818999891, 0.0], [100.90202430700002, -1.2957672799999655, 0.0], [100.901956447, -1.2959178399999909, 0.0], [100.90188063200011, -1.2961117549999568, 0.0], [100.90184625100002, -1.2962988739999903, 0.0], [100.90176377800005, -1.2966395579999204, 0.0], [100.90171904900008, -1.29675354099995, 0.0], [100.90166711800003, -1.2968537129999667, 0.0], [100.90161325100011, -1.2969160549999832, 0.0], [100.90151041500005, -1.2969822299999427, 0.0], [100.90142730200009, -1.2970161629999954, 0.0], [100.90132772700011, -1.297014149999919, 0.0], [100.90121983100006, -1.2969990800000164, 0.0], [100.90105173600001, -1.2969857799999711, 0.0], [100.90090389500004, -1.296985891999986, 0.0], [100.90074426200006, -1.2970152289999286, 0.0], [100.90058021700008, -1.2970877929999778, 0.0], [100.90047452800005, -1.2971617829999627, 0.0], [100.9003722310001, -1.2972620329999085, 0.0], [100.90031894000005, -1.2973315509999839, 0.0], [100.90024693200006, -1.2974823669999345, 0.0], [100.90020861700008, -1.2975774979999917, 0.0], [100.90018130200012, -1.2977543109999676, 0.0], [100.90016785500006, -1.2978550279999521, 0.0], [100.90015764900002, -1.2980981439999113, 0.0], [100.90015048300005, -1.298192833000013, 0.0], [100.90013824200012, -1.2982608859999616, 0.0], [100.90005132200011, -1.2984361779999798, 0.0], [100.90000253000007, -1.2984812629999065, 0.0], [100.89985429400008, -1.2986132509999904, 0.0], [100.89941859400007, -1.2988941669999552, 0.0], [100.89906331100008, -1.2991209279999854, 0.0], [100.89889574000006, -1.299218600999975, 0.0], [100.89875144100003, -1.2993283829999187, 0.0], [100.89857728100009, -1.2994927899999296, 0.0], [100.89850503000007, -1.299612250999952, 0.0], [100.89839637800004, -1.2998261499999713, 0.0], [100.89824693500003, -1.300099411999932, 0.0], [100.89819028500004, -1.3001898419999658, 0.0], [100.89805713600005, -1.3003460199999186, 0.0], [100.8979396660001, -1.300452587999932, 0.0], [100.89775680300006, -1.300561749999911, 0.0], [100.89757122200007, -1.3006441029999793, 0.0], [100.89737034100006, -1.3007210549999464, 0.0], [100.89712078300003, -1.3008174669999368, 0.0], [100.89688721400006, -1.300963623999937, 0.0], [100.89671282200001, -1.301091983999901, 0.0], [100.89651359100004, -1.301345813999955, 0.0], [100.89642225700005, -1.3015489989999751, 0.0], [100.8963584860001, -1.301682756999929, 0.0], [100.89628374800013, -1.3018410309999753, 0.0], [100.89619973100011, -1.3019751409999631, 0.0], [100.89603616200007, -1.3021375919999134, 0.0], [100.8956640120001, -1.3024310709999416, 0.0], [100.89538148900009, -1.302637487999973, 0.0], [100.89510518000004, -1.3028894799999489, 0.0], [100.89472524600005, -1.30330678999993, 0.0], [100.89463702700003, -1.3034416259998967, 0.0], [100.89458598000007, -1.3035657979999533, 0.0], [100.89456031100008, -1.3037360299999206, 0.0], [100.89456037100008, -1.303816038999972, 0.0], [100.89456308600005, -1.3039754019999124, 0.0], [100.89456575100009, -1.3040489519999605, 0.0], [100.89457102000009, -1.304173974999997, 0.0], [100.89457351900002, -1.3042186419999773, 0.0], [100.89457369800003, -1.3044574870000174, 0.0], [100.89456884300007, -1.3045871009999066, 0.0], [100.89454887000002, -1.304774360999946, 0.0], [100.89452107500003, -1.304989245999962, 0.0], [100.89447807800012, -1.3052578189999673, 0.0], [100.89437106200008, -1.305798481999948, 0.0], [100.894339233, -1.305944393999933, 0.0], [100.89429248600005, -1.306074083999925, 0.0], [100.89420692200007, -1.3062274539999186, 0.0], [100.89418330900007, -1.3062582579999777, 0.0], [100.89412327900008, -1.3062799969999155, 0.0], [100.894008764, -1.3062780959999312, 0.0], [100.89390595800003, -1.3062326619999827, 0.0], [100.89374473500001, -1.3061130229999431, 0.0], [100.89358589200002, -1.306009278999975, 0.0], [100.89335930600001, -1.3058807219999076, 0.0], [100.89321961000009, -1.3058263239999344, 0.0], [100.89306703100007, -1.3057974699999588, 0.0], [100.89294293300011, -1.3057975639999548, 0.0], [100.89280026300011, -1.3058061189999486, 0.0], [100.89261244600003, -1.3058563099999267, 0.0], [100.89242698100006, -1.3059268079999031, 0.0], [100.89220129100003, -1.3060379539999554, 0.0], [100.89173101200002, -1.3062843229999153, 0.0], [100.89159924600006, -1.3064001889999073, 0.0], [100.8914033870001, -1.3066057269999396, 0.0], [100.89132384200009, -1.3067273969999718, 0.0], [100.8912081720001, -1.3069139779999686, 0.0], [100.89103178600007, -1.3071883309999217, 0.0], [100.89095172200011, -1.3072856529999863, 0.0], [100.89078740400002, -1.3074381389998981, 0.0], [100.89070676500009, -1.307553068999905, 0.0], [100.89057978200007, -1.3077450889999902, 0.0], [100.89053677000007, -1.3078318309999664, 0.0], [100.8904792420001, -1.307984828999922, 0.0], [100.8904115220001, -1.3081492629999452, 0.0], [100.89033123700003, -1.3083162419999081, 0.0], [100.89024180800008, -1.3084868409998922, 0.0], [100.88992368100006, -1.3088576199999282, 0.0], [100.88933433500004, -1.3093879419999344, 0.0], [100.88898338700005, -1.3096254909999645, 0.0], [100.88879461400006, -1.3097290909999084, 0.0], [100.88851848800005, -1.3097957149999198, 0.0], [100.88836493900004, -1.3098232549999766, 0.0], [100.88817942500006, -1.309843051999938, 0.0], [100.88775643000005, -1.3098253109999742, 0.0], [100.88755683100007, -1.3098422049999459, 0.0], [100.88739737500002, -1.3098890229999063, 0.0], [100.8872823780001, -1.3099527939999425, 0.0], [100.88717381400009, -1.3100266689999338, 0.0], [100.8870472930001, -1.3101255769999485, 0.0], [100.8869831150001, -1.3101711039999915, 0.0], [100.88686487300001, -1.3102392279999302, 0.0], [100.88673513100011, -1.310297379999944, 0.0], [100.88659598300005, -1.3103409609999177, 0.0], [100.88641549300004, -1.3103758309999607, 0.0], [100.88626815000002, -1.310444181999929, 0.0], [100.88613929200002, -1.3105430159999432, 0.0], [100.88601068900003, -1.3106591439999502, 0.0], [100.88590853400011, -1.3107673959999326, 0.0], [100.88578418500003, -1.3108954059999656, 0.0], [100.88573056500005, -1.3109674749998876, 0.0], [100.88559646100003, -1.3111026519999696, 0.0], [100.88555574900005, -1.3111231769999836, 0.0], [100.88552254700005, -1.3111279759999221, 0.0], [100.88539408700008, -1.3111280729999428, 0.0], [100.88520315700002, -1.3112016619999791, 0.0], [100.88504505300007, -1.3112830009999605, 0.0], [100.88493988000008, -1.3113495779999707, 0.0], [100.88486159000007, -1.311370782999942, 0.0], [100.88475086200006, -1.3113644379999505, 0.0], [100.88459041200011, -1.3113241939999098, 0.0], [100.88439125300006, -1.3112941439999104, 0.0], [100.88420632600013, -1.3112970629998786, 0.0], [100.88409857300009, -1.3113118009999456, 0.0], [100.88389510800005, -1.3113752119999547, 0.0], [100.88359887500005, -1.3116791909999779, 0.0], [100.88348947800006, -1.3117624619999368, 0.0], [100.88337719700009, -1.3118023199999482, 0.0], [100.88331894500007, -1.311803992999997, 0.0], [100.88328649500005, -1.3117896519999668, 0.0], [100.88319271400012, -1.311704382999926, 0.0], [100.88312764200005, -1.3116317229999541, 0.0], [100.88303119100006, -1.3115143919999326, 0.0], [100.88292899100004, -1.3113894809998967, 0.0], [100.88281644700005, -1.3113061479999304, 0.0], [100.88269717600005, -1.3112447010000006, 0.0], [100.88253387200004, -1.3112179329999982, 0.0], [100.88210032800005, -1.3112263409999942, 0.0], [100.88191806500006, -1.3112678249999556, 0.0], [100.88176733800005, -1.3112702749999865, 0.0], [100.88159505800007, -1.311245985000018, 0.0], [100.88148966900006, -1.3112231339998914, 0.0], [100.88131803900006, -1.3112392599999867, 0.0], [100.8811959230001, -1.311308714999955, 0.0], [100.88095962500007, -1.3114886859999304, 0.0], [100.88079478400003, -1.311617087999893, 0.0], [100.88059850900004, -1.311729468999967, 0.0], [100.88042538900002, -1.311794634999925, 0.0], [100.8802384640001, -1.3119077079999708, 0.0], [100.88010040500004, -1.3120735209999113, 0.0], [100.8799281920001, -1.3124502489999066, 0.0], [100.8797146670001, -1.3129476109999332, 0.0], [100.87963870900003, -1.3130752419999376, 0.0], [100.87955947700004, -1.313155106999969, 0.0], [100.87939071000002, -1.3132562119999782, 0.0], [100.87923349100008, -1.3133573229999174, 0.0], [100.87911757100008, -1.3134670149999306, 0.0], [100.87851174200004, -1.313639096999955, 0.0], [100.87838544700007, -1.3137027719999868, 0.0], [100.87822672000009, -1.3137853779999826, 0.0], [100.87807320300008, -1.3138602849999592, 0.0], [100.87790619100012, -1.3139188950000062, 0.0], [100.87779797600007, -1.3139421539999774, 0.0], [100.87770462100005, -1.3139469209999313, 0.0], [100.87763573700003, -1.3139469739999319, 0.0], [100.8775299190001, -1.3139266629999438, 0.0], [100.8774023300001, -1.3138815889999482, 0.0], [100.87721374000003, -1.3137893559999605, 0.0], [100.87666191900011, -1.3134824989999598, 0.0], [100.87647118300005, -1.313384028999987, 0.0], [100.87624306500001, -1.313296761999964, 0.0], [100.87592755400001, -1.3132378039998787, 0.0], [100.87574257300007, -1.313221755999982, 0.0], [100.87554357500004, -1.3132193049999579, 0.0], [100.87512770600009, -1.3131939409999756, 0.0], [100.87490502300005, -1.3131762819999415, 0.0], [100.87451960500005, -1.3131226319999405, 0.0], [100.87409633100002, -1.3128831019999379, 0.0], [100.87379117300009, -1.312592612999964, 0.0], [100.8735281610001, -1.312312511999968, 0.0], [100.87326223100013, -1.3121962579999413, 0.0], [100.8728111240001, -1.3121122109999193, 0.0], [100.87236005000007, -1.3120703580000017, 0.0], [100.871793639, -1.3120918799999288, 0.0], [100.87144759200007, -1.3122292719999236, 0.0], [100.8710807050001, -1.3125565480000074, 0.0], [100.8708082080001, -1.312862658999924, 0.0], [100.87050422800009, -1.3131476939999824, 0.0], [100.87012676600003, -1.3133589469999638, 0.0], [100.86971775100002, -1.313454190999939, 0.0], [100.86941350200009, -1.3133805809999701, 0.0], [100.86880486500007, -1.3130434889999774, 0.0], [100.86850052600003, -1.3128432979999296, 0.0], [100.86814747000004, -1.3127057369999062, 0.0], [100.86734113700003, -1.3128036749999352, 0.0], [100.86665812200009, -1.3127081699999303, 0.0], [100.86617798500006, -1.3124999639999468, 0.0], [100.86606450200009, -1.3121322639999757, 0.0], [100.86616951500007, -1.3113890879999508, 0.0], [100.86615399500003, -1.3107976559999475, 0.0], [100.86613834200007, -1.3100242400000075, 0.0], [100.86606516200007, -1.3090979020000064, 0.0], [100.86592333600004, -1.3085565629999791, 0.0], [100.86531341100003, -1.308334039999953, 0.0], [100.86482816700003, -1.308055677999931, 0.0], [100.86448136200003, -1.3075821069999902, 0.0], [100.86441171000011, -1.3070943899999692, 0.0], [100.86441099200006, -1.306143935999933, 0.0], [100.86446193400009, -1.3054748119999078, 0.0], [100.86415247900007, -1.3049404630000103, 0.0], [100.86350929000005, -1.3046964599999822, 0.0], [100.86191501500004, -1.3037814429999488, 0.0], [100.86156789400009, -1.3033603989999165, 0.0], [100.8613790150001, -1.3028816469999278, 0.0], [100.86111501700002, -1.3019022189999754, 0.0], [100.86063698600007, -1.3011765219999785, 0.0], [100.86020286600004, -1.3006797809999098, 0.0], [100.86008143300005, -1.300152377999974, 0.0], [100.86005084300007, -1.2997060569999779, 0.0], [100.86001006300009, -1.2991177279999846, 0.0], [100.85975771100007, -1.298884599999963, 0.0], [100.85932380000004, -1.2986718949999554, 0.0], [100.85858725400003, -1.298439124999969, 0.0], [100.85763866900007, -1.297922474999944, 0.0], [100.85653868400009, -1.2972842069999668, 0.0], [100.85586266400011, -1.2970513909999843, 0.0], [100.85511729700009, -1.2969599139999617, 0.0], [100.85429358100005, -1.297218292999934, 0.0], [100.85326283200003, -1.2978008879999186, 0.0], [100.85282717100004, -1.2981491999999648, 0.0], [100.8522319880001, -1.2989212959999807, 0.0], [100.85180359400007, -1.2997639139998847, 0.0], [100.85128352400004, -1.300746178999893, 0.0], [100.85077389700005, -1.3014811299999567, 0.0], [100.84915938700006, -1.302192182999901, 0.0], [100.8482689530001, -1.3026174599999962, 0.0], [100.84738996200011, -1.3028677439999348, 0.0], [100.84655213100007, -1.3028267559999076, 0.0], [100.84565231800005, -1.3028898289999873, 0.0], [100.84536289000008, -1.3031396769999617, 0.0], [100.84500113400009, -1.3034935939999326, 0.0], [100.84468085700004, -1.303993099999952, 0.0], [100.84429849900003, -1.3044614479998953, 0.0], [100.8436884990001, -1.304805144999918, 0.0], [100.84323350300012, -1.304951102, 0.0], [100.84294386200014, -1.304909709999952, 0.0], [100.84238507100008, -1.3045564729999497, 0.0], [100.84191953300011, -1.3044319979999541, 0.0], [100.84135067000004, -1.3044532199999324, 0.0], [100.8410715080001, -1.304599044999999, 0.0], [100.84077170400008, -1.3048072960000043, 0.0], [100.83934441800002, -1.304922763999965, 0.0], [100.83844718200004, -1.3050137819999446, 0.0], [100.83806744300006, -1.3051415549999552, 0.0], [100.8371963120001, -1.3054718839999269, 0.0], [100.83629915800012, -1.305611359999912, 0.0], [100.83555722400011, -1.3056466079999947, 0.0], [100.83451309100005, -1.3053523919999848, 0.0], [100.83405557900002, -1.304997010999973, 0.0], [100.83377911700006, -1.3044679759999946, 0.0], [100.83359746800005, -1.303817408999992, 0.0], [100.83345052600006, -1.3034357709999496, 0.0], [100.83308784100007, -1.302976205999927, 0.0], [100.83225070900008, -1.3026037519999325, 0.0], [100.83168914000007, -1.302333517999961, 0.0], [100.83161171700006, -1.3021936099999245, 0.0], [100.83151862600009, -1.3017737900000028, 0.0], [100.831502658, -1.3010739869999253, 0.0], [100.83151748200008, -1.3001875429999505, 0.0], [100.83147081000004, -1.2997987899999317, 0.0], [100.83128486700011, -1.2992857289999418, 0.0], [100.83021685600002, -1.2979335309999667, 0.0], [100.82819406700008, -1.2959759679999134, 0.0], [100.82753740300011, -1.295426472000016, 0.0], [100.82712389800008, -1.2950112369999338, 0.0], [100.82692910600005, -1.2945347339999385, 0.0], [100.8269285980001, -1.2938258799999138, 0.0], [100.82698822600007, -1.2922370219998962, 0.0], [100.82687470200008, -1.2913216729999248, 0.0], [100.82667047800005, -1.2902020679999278, 0.0], [100.82629515100008, -1.2893625230000028, 0.0], [100.82552332300008, -1.288017221999991, 0.0], [100.82525695100007, -1.2871136199999123, 0.0], [100.82502038700004, -1.2860419549999775, 0.0], [100.82461826700006, -1.2851984360000004, 0.0], [100.82382822500007, -1.2842853349999368, 0.0], [100.82250196100003, -1.2833276819999202, 0.0], [100.82150359300002, -1.2826843359999025, 0.0], [100.82057984500005, -1.282250628999992, 0.0], [100.81880709200001, -1.2817725939999598, 0.0], [100.81792813300004, -1.2814886359999011, 0.0], [100.81681079000005, -1.2810999989999126, 0.0], [100.81542944900006, -1.280149247999925, 0.0], [100.81443164000011, -1.279318651999962, 0.0], [100.81365683200004, -1.2783955269999574, 0.0], [100.8134333990001, -1.2778678719999141, 0.0], [100.81306553000005, -1.277195168999943, 0.0], [100.81261909800006, -1.2767600390000013, 0.0], [100.81180540000005, -1.2765099029999991, 0.0], [100.81082124100007, -1.2764314289999892, 0.0], [100.80996835300003, -1.2764320339999418, 0.0], [100.80915500200005, -1.27668332199996, 0.0], [100.8071878840001, -1.276968271999987, 0.0], [100.80484742000007, -1.2774469489999867, 0.0], [100.80306506100003, -1.2776198019999867, 0.0], [100.80222131900003, -1.2777715189999346, 0.0], [100.80152786000012, -1.2779347549999407, 0.0], [100.80053376900013, -1.2779819559999324, 0.0], [100.80010947200009, -1.277809965999916, 0.0], [100.79981845200008, -1.2773533859999728, 0.0], [100.799381667, -1.276303088999938, 0.0], [100.79860856800008, -1.2749789549999717, 0.0], [100.79812578800009, -1.2743005379999703, 0.0], [100.79803750900007, -1.2739464769998998, 0.0], [100.79806933600004, -1.2736808619999525, 0.0], [100.79835030100011, -1.2728188719999511, 0.0], [100.79900026900006, -1.270326234999948, 0.0], [100.79971620000008, -1.268577876999975, 0.0], [100.80014640500004, -1.2672430169999296, 0.0], [100.80067063000008, -1.2659420529999261, 0.0], [100.800922105, -1.2651250950000126, 0.0], [100.80091162800002, -1.2645376189999822, 0.0], [100.80080044300006, -1.2639704709999566, 0.0], [100.80039699900009, -1.2631604299999974, 0.0], [100.79999933100004, -1.2628762639999347, 0.0], [100.79962563800002, -1.2626848549999934, 0.0], [100.79907647700006, -1.2623172339999436, 0.0], [100.79901532900007, -1.2620872729999302, 0.0], [100.79906848600011, -1.261780565999952, 0.0], [100.79935773000007, -1.2612194519999758, 0.0], [100.79982904800006, -1.2603832779999806, 0.0], [100.8007085630001, -1.259609296999983, 0.0], [100.80080308400001, -1.259387745999939, 0.0], [100.80091884600009, -1.258480592999945, 0.0], [100.80061260500007, -1.2574127999999545, 0.0], [100.80077209100003, -1.2566226559999611, 0.0], [100.8006816930001, -1.2557154879999528, 0.0], [100.8006399210001, -1.2550404329999512, 0.0], [100.80133968600009, -1.2541873949999884, 0.0], [100.80159015600003, -1.2535247679999566, 0.0], [100.80273386100008, -1.2523885529999192, 0.0], [100.80484898400002, -1.251339332999978, 0.0], [100.8066007250001, -1.2500000119999153, 0.0], [100.80771508800011, -1.248129508999949, 0.0], [100.80897696800007, -1.2467249019999176, 0.0], [100.80964100400003, -1.2455436419999553, 0.0], [100.80983951900002, -1.2448527949999053, 0.0], [100.80766600800004, -1.2415007469999324, 0.0], [100.80657894200007, -1.2393626209999535, 0.0], [100.80593178600009, -1.2371649589999298, 0.0], [100.80621908800005, -1.2359616479999367, 0.0], [100.80668287400006, -1.2336664639999149, 0.0], [100.80654912900009, -1.2328198499999536, 0.0], [100.80549088100011, -1.2311332479999266, 0.0], [100.80400876200004, -1.229457276999909, 0.0], [100.80329171500004, -1.228878011999931, 0.0], [100.80279269900005, -1.228110350999924, 0.0], [100.80254237500013, -1.2272798399999605, 0.0], [100.80257901300006, -1.2262775199999711, 0.0], [100.80221664500009, -1.2252744569999414, 0.0], [100.8015695070001, -1.2246243469999694, 0.0], [100.80061510500009, -1.224007711999927, 0.0], [100.79879244600001, -1.223740566999949, 0.0], [100.79801390000007, -1.2234104439999853, 0.0], [100.79745441200006, -1.222870621999989, 0.0], [100.79809654600007, -1.21989473999998, 0.0], [100.7977479690001, -1.2178003129999668, 0.0], [100.79803050300002, -1.2148488139999225, 0.0], [100.79793439500007, -1.2121296319999988, 0.0], [100.79774369200001, -1.210543041999904, 0.0], [100.79805899800007, -1.210130228999936, 0.0], [100.79935228900005, -1.2091773769999767, 0.0], [100.8012762310001, -1.2074623920000023, 0.0], [100.80203238400011, -1.2060654499998864, 0.0], [100.8018743960001, -1.2053673369999436, 0.0], [100.80114764300001, -1.2041937079999152, 0.0], [100.80067328900012, -1.2022898439999576, 0.0], [100.8000353110001, -1.1997767179999457, 0.0], [100.79848665000011, -1.1992921129999898, 0.0], [100.79740169700004, -1.198701512999966, 0.0], [100.79665133900005, -1.1970775599999817, 0.0], [100.79531892900012, -1.193657924000014, 0.0], [100.79474892000012, -1.1912538759999716, 0.0], [100.79313346500004, -1.188436485999908, 0.0], [100.79291826200007, -1.187391320999945, 0.0], [100.79175731200003, -1.184646248999919, 0.0], [100.7914200070001, -1.183894285999964, 0.0], [100.79108314900012, -1.1838381119999453, 0.0], [100.79069064200006, -1.1842708519999454, 0.0], [100.789456574, -1.1846666109999158, 0.0], [100.78724938400008, -1.1835020389999305, 0.0], [100.78477481600005, -1.1815359529999767, 0.0], [100.78408239800005, -1.1805395729999544, 0.0], [100.78196292300001, -1.1771465689999658, 0.0], [100.78040909700006, -1.1750413239999433, 0.0], [100.77894682200004, -1.1726662179999914, 0.0], [100.77808604800005, -1.1717451949999957, 0.0], [100.77683245000007, -1.1707631619999137, 0.0], [100.7771129170001, -1.1701422459999615, 0.0], [100.77720555100002, -1.1691266919999537, 0.0], [100.7772794140001, -1.1679229009999246, 0.0], [100.77753513200014, -1.1666745679999213, 0.0], [100.77769997200008, -1.164284014999926, 0.0], [100.77773260100011, -1.1634315949999163, 0.0], [100.77753263900009, -1.1626961680000072, 0.0], [100.77580110500008, -1.1614338809999225, 0.0], [100.77471762700006, -1.1606835949999228, 0.0], [100.77382143600006, -1.1602900119999575, 0.0], [100.77301869400009, -1.1601777299998994, 0.0], [100.77156252900004, -1.1600849279999579, 0.0], [100.77066649900007, -1.159954041999959, 0.0], [100.7694904630001, -1.1595229019999078, 0.0], [100.76833271200006, -1.1593359869999764, 0.0], [100.76678339700003, -1.1594469099999278, 0.0], [100.76578765600006, -1.1589637210000001, 0.0], [100.76460953300001, -1.1585139159999072, 0.0], [100.7631494290001, -1.1587651549999995, 0.0], [100.76246926100004, -1.159115916999973, 0.0], [100.76175617800001, -1.1598671389999675, 0.0], [100.76132248600001, -1.1607585609999977, 0.0], [100.76087578100008, -1.1623938709999517, 0.0], [100.76036167200009, -1.1631285369999844, 0.0], [100.7596650770001, -1.163729634999885, 0.0], [100.75900192700003, -1.1639469069999318, 0.0], [100.75789008200005, -1.1642646709999267, 0.0], [100.757243337, -1.1641983369999445, 0.0], [100.7567120140001, -1.1639150749999552, 0.0], [100.7556332110001, -1.163198241999982, 0.0], [100.75386431600002, -1.1627116789999457, 0.0], [100.75332673900004, -1.1613124319999104, 0.0], [100.75326471900006, -1.1602630229999478, 0.0], [100.75255805200003, -1.1588298029999315, 0.0], [100.75218926100007, -1.1579349159999661, 0.0], [100.75148241600003, -1.156206854999974, 0.0], [100.75172726300003, -1.1551572539999981, 0.0], [100.7520027030001, -1.1539533049999546, 0.0], [100.75261555800009, -1.1525330859999492, 0.0], [100.7527069590001, -1.1514527169999043, 0.0], [100.75255283300004, -1.1503107659999292, 0.0], [100.75218397200008, -1.1492924139999516, 0.0], [100.75144547200009, -1.1476406869999751, 0.0], [100.7510452710001, -1.1455420379999774, 0.0], [100.75073764600005, -1.1442767159999911, 0.0], [100.75042995900007, -1.1429187969999044, 0.0], [100.74999998000003, -1.1422709019999417, 0.0], [100.74987710000008, -1.1420857469999992, 0.0], [100.74901706200006, -1.1407281639999274, 0.0], [100.74827982900008, -1.139463102999967, 0.0], [100.74784936100008, -1.138043522999929, 0.0], [100.74781819200007, -1.1372410199999703, 0.0], [100.74781705900008, -1.1354986049999578, 0.0], [100.74790790900003, -1.133492247999941, 0.0], [100.7480299530001, -1.132319260999979, 0.0], [100.74852039500009, -1.131423843999953, 0.0], [100.74913371400002, -1.130744414999961, 0.0], [100.74980830900007, -1.1299106219999835, 0.0], [100.74999998700012, -1.129572746999927, 0.0], [100.75017615700004, -1.129262209999991, 0.0], [100.75078912500004, -1.1279963279999565, 0.0], [100.75146340400005, -1.1266378109999955, 0.0], [100.75179990300009, -1.1248782389998906, 0.0], [100.75155373500007, -1.12373634099992, 0.0], [100.75054043200007, -1.1226257729999551, 0.0], [100.74999998200013, -1.122323197999967, 0.0], [100.74866795800004, -1.1215774499999849, 0.0], [100.74642597200008, -1.1188438789999453, 0.0], [100.74532919700002, -1.1180113739998907, 0.0], [100.74442744500001, -1.1173992909999693, 0.0], [100.74354998300008, -1.1166646709999342, 0.0], [100.74301356600009, -1.1158808379999277, 0.0], [100.74269614400002, -1.1146557859999942, 0.0], [100.74220831500007, -1.1136513779999344, 0.0], [100.74042913400004, -1.1123536779999394, 0.0], [100.73942986000013, -1.1115946199999334, 0.0], [100.73925902300003, -1.111080119999904, 0.0], [100.73979139700002, -1.1082408289999903, 0.0], [100.73969332300008, -1.10716267499995, 0.0], [100.73935175800007, -1.1063052039999768, 0.0]], [[100.69172172100008, -0.7479356109999099, 0.0], [100.69166621100001, -0.747733792999908, 0.0], [100.69157717800002, -0.7475183899999437, 0.0], [100.69143389800006, -0.7472827879999885, 0.0], [100.69129498100003, -0.7471039149999354, 0.0], [100.69122334000005, -0.7469839329999445, 0.0], [100.69117120599999, -0.7468137549999917, 0.0], [100.69116115000006, -0.7466570469998971, 0.0], [100.69122581000009, -0.7462219649999587, 0.0], [100.69124210200009, -0.7459388279999791, 0.0], [100.69119003000004, -0.7455622599999115, 0.0], [100.69099303400009, -0.7450309960000076, 0.0], [100.69082606200004, -0.7447003789999281, 0.0], [100.690615237, -0.7441365129999811, 0.0], [100.69051293300006, -0.7438012129999597, 0.0], [100.69044289200005, -0.7434604909999195, 0.0], [100.69038354800001, -0.7429629119999589, 0.0], [100.69038327000008, -0.7422327359999414, 0.0], [100.69036689300006, -0.741594514999979, 0.0], [100.69039672100004, -0.7411170849999089, 0.0], [100.69040195700003, -0.7408595269999133, 0.0], [100.69037520200004, -0.7406449049999241, 0.0], [100.69026301600009, -0.740258611999935, 0.0], [100.68998008300014, -0.7398109469999394, 0.0], [100.68981992700012, -0.739518304999966, 0.0], [100.68971312200006, -0.739244689999986, 0.0], [100.68969699400006, -0.7389173849999819, 0.0], [100.6898564530001, -0.7384516179999039, 0.0], [100.69009822000004, -0.7379580729999177, 0.0], [100.69047439500008, -0.7374374389999192, 0.0], [100.6907430430001, -0.7369303639998915, 0.0], [100.69094448200006, -0.7364300749998816, 0.0], [100.69100481300009, -0.7360109559999327, 0.0], [100.69104115300007, -0.7354567049999028, 0.0], [100.6909932500001, -0.7351192729999646, 0.0], [100.69087344500005, -0.7349462039999396, 0.0], [100.69033451200005, -0.7346528660000041, 0.0], [100.68988542100001, -0.7344573419999169, 0.0], [100.68926422400004, -0.7343070449999956, 0.0], [100.68853825400004, -0.7341643120000074, 0.0], [100.68809671700008, -0.7341569529999279, 0.0], [100.68762526300006, -0.7342022929999471, 0.0], [100.68716119000003, -0.7343374779999414, 0.0], [100.68632986200008, -0.7348364529999235, 0.0], [100.68583054300007, -0.7350831509999987, 0.0], [100.68542932000008, -0.7352077519999108, 0.0], [100.68526916500007, -0.7352769169999532, 0.0], [100.68514400900001, -0.735321846999939, 0.0], [100.68500477000005, -0.7353747029999614, 0.0], [100.68478102200001, -0.7354883109999503, 0.0], [100.68461980500008, -0.7355624689999529, 0.0], [100.68448108400005, -0.7356377369999638, 0.0], [100.68434321800002, -0.7357143109999023, 0.0], [100.68420562200001, -0.7357989299998895, 0.0], [100.68408390100006, -0.7358824559999622, 0.0], [100.68398611000005, -0.7359487769999492, 0.0], [100.68387100900011, -0.7360665939999139, 0.0], [100.68373468600002, -0.7362141059999581, 0.0], [100.68364253500005, -0.7362837369999499, 0.0], [100.68353818100012, -0.7363385939999487, 0.0], [100.68340072800002, -0.736373975999947, 0.0], [100.68329678900004, -0.7363619419999329, 0.0], [100.68323645900001, -0.7363321969999511, 0.0], [100.6831891090001, -0.7362818569999764, 0.0], [100.68313942800008, -0.7362198739999939, 0.0], [100.683074273, -0.7361753209999544, 0.0], [100.68297963600008, -0.736144395999967, 0.0], [100.68283222800005, -0.7361420939999527, 0.0], [100.68269608500007, -0.7362190999999293, 0.0], [100.6826009810001, -0.7363422800000028, 0.0], [100.68251611900011, -0.7364423349999238, 0.0], [100.68239210700006, -0.7366437389998916, 0.0], [100.68229050700009, -0.7368912989999467, 0.0], [100.68225799300006, -0.7370456489999214, 0.0], [100.68225122300004, -0.7371398449999039, 0.0], [100.6822316170001, -0.7372149319999893, 0.0], [100.6821811630001, -0.7372840149999362, 0.0], [100.68209186800009, -0.7373546959999192, 0.0], [100.68197338900005, -0.7374567349999175, 0.0], [100.68189501600004, -0.7375731959999627, 0.0], [100.68182977200007, -0.7376890159999607, 0.0], [100.681743113, -0.7377525139999705, 0.0], [100.68160325000007, -0.737794341999976, 0.0], [100.68139848599999, -0.7378366639999226, 0.0], [100.68121254600007, -0.7378586519999669, 0.0], [100.68099846600003, -0.7378672879999685, 0.0], [100.68080852600012, -0.7378673599999636, 0.0], [100.6806515490001, -0.7378622129999868, 0.0], [100.68043094200006, -0.7378553019999566, 0.0], [100.68022761900002, -0.7378465549999356, 0.0], [100.68004876900005, -0.7378466219999498, 0.0], [100.6798358120001, -0.7378941399999694, 0.0], [100.67965025100003, -0.7379667599999364, 0.0], [100.67950525800002, -0.7380230969999834, 0.0], [100.67930672900012, -0.7381038229999969, 0.0], [100.6791077730001, -0.7381818949999734, 0.0], [100.67893638400002, -0.7382628509999165, 0.0], [100.67878438800007, -0.7383421259999954, 0.0], [100.67862246300008, -0.7384400179999226, 0.0], [100.67847978600008, -0.7385416819999828, 0.0], [100.6782963670001, -0.7386524579999071, 0.0], [100.67814628000012, -0.7386989699999377, 0.0], [100.67776580000007, -0.7387434249999861, 0.0], [100.67729719300011, -0.7387556879999257, 0.0], [100.67677418700002, -0.7387496729999632, 0.0], [100.67653982000007, -0.7387781859999304, 0.0], [100.67643308600003, -0.738753543999924, 0.0], [100.67632518000008, -0.7387101379998916, 0.0], [100.67622313600006, -0.7386725209999826, 0.0], [100.67611923700008, -0.7386236469999282, 0.0], [100.67601052500008, -0.7385707479999969, 0.0], [100.67591965200009, -0.7385301349999146, 0.0], [100.67582928000007, -0.7384772489999888, 0.0], [100.67574768200008, -0.7384261829999368, 0.0], [100.67560433900012, -0.7383579919999794, 0.0], [100.6754785910001, -0.7383323369999885, 0.0], [100.675236898, -0.7383037669999308, 0.0], [100.67513659000005, -0.7383543079999294, 0.0], [100.67503370600006, -0.7384052519999846, 0.0], [100.67489720500005, -0.7384748929999606, 0.0], [100.67476193300004, -0.7385378059999357, 0.0], [100.67464713100006, -0.7385947309999266, 0.0], [100.67454059700003, -0.7386620779999176, 0.0], [100.67448482400003, -0.7387360029998995, 0.0], [100.67446197000001, -0.7388581559999734, 0.0], [100.67446200100001, -0.7389406719999566, 0.0], [100.67445425000008, -0.7390143289999196, 0.0], [100.67444291800003, -0.739072749999956, 0.0], [100.67441840500004, -0.7391088369999226, 0.0], [100.67436593200006, -0.7391428229999821, 0.0], [100.67424467800006, -0.7391989630000055, 0.0], [100.67415638000004, -0.7392352339999865, 0.0], [100.67412652200005, -0.7391359089999536, 0.0], [100.674061566, -0.7390378869999165, 0.0], [100.67396415800003, -0.7389924599999753, 0.0], [100.67389058000009, -0.7389862150000022, 0.0], [100.67380355800006, -0.7389913979999773, 0.0], [100.67370600300009, -0.739011945999899, 0.0], [100.6736320890001, -0.739050212999963, 0.0], [100.67357110200001, -0.7390826959999802, 0.0], [100.67343981100008, -0.739150976999945, 0.0], [100.67332805400007, -0.7391981689999475, 0.0], [100.67320658000006, -0.7392384189999037, 0.0], [100.67307895600008, -0.7392821169999596, 0.0], [100.67297654600011, -0.739295334999986, 0.0], [100.6728948190001, -0.7392977570000075, 0.0], [100.67281729600009, -0.7392939649999742, 0.0], [100.67277063300004, -0.7392834119999845, 0.0], [100.67272277000008, -0.7392526239999192, 0.0], [100.67270990400009, -0.7392353709999238, 0.0], [100.67265824000008, -0.7391184669999296, 0.0], [100.67246565100004, -0.739031746999946, 0.0], [100.6723783250001, -0.739001818999948, 0.0], [100.67229399600004, -0.7389873609999051, 0.0], [100.67218599600008, -0.7389834439999489, 0.0], [100.6720917200001, -0.7389933669999625, 0.0], [100.67197547100007, -0.7390175619999259, 0.0], [100.67187415900013, -0.7390440399999848, 0.0], [100.67179729700007, -0.7390742669999972, 0.0], [100.67172808900004, -0.7391025379999396, 0.0], [100.67160067500005, -0.7391706289999771, 0.0], [100.6715293330001, -0.7392312670000164, 0.0], [100.67146876800007, -0.7393151649999392, 0.0], [100.67140763800006, -0.7393904349999538, 0.0], [100.67133296300001, -0.7394831629998945, 0.0], [100.67126762000002, -0.7395628419999282, 0.0], [100.6711933400001, -0.7396501519999472, 0.0], [100.6711137830001, -0.739755798999988, 0.0], [100.67105869600006, -0.739837317999977, 0.0], [100.67100512800008, -0.7399051539999087, 0.0], [100.67096198600005, -0.7399426199999983, 0.0], [100.67089744200004, -0.7399956679999452, 0.0], [100.6708004110001, -0.7400724749999837, 0.0], [100.67070572900008, -0.7401484599999656, 0.0], [100.67065739700007, -0.7401713749999136, 0.0], [100.67045323900005, -0.7402600489999636, 0.0], [100.67031865900003, -0.7403388430000035, 0.0], [100.67019213000003, -0.7404180839998932, 0.0], [100.6700296650001, -0.7405007789998933, 0.0], [100.66987405, -0.7405667159999344, 0.0], [100.66973002100008, -0.7406512069999112, 0.0], [100.66955049200006, -0.7407663090000133, 0.0], [100.66933178100008, -0.7409589669998838, 0.0], [100.66912253300009, -0.7411128109999154, 0.0], [100.66896884800008, -0.7412437019999899, 0.0], [100.66889327500004, -0.7413904019999594, 0.0], [100.66883128100007, -0.7416656139999195, 0.0], [100.6687459670001, -0.7420031329999501, 0.0], [100.66863236900012, -0.7423189769999773, 0.0], [100.66849819800004, -0.7427048049999133, 0.0], [100.66840067100006, -0.7427889449999576, 0.0], [100.66825086500009, -0.7428240440000222, 0.0], [100.66795298400004, -0.7427611249999694, 0.0], [100.6677142240001, -0.7426210020000017, 0.0], [100.66729950100006, -0.7423513329998976, 0.0], [100.66701620800008, -0.7421757809999405, 0.0], [100.66675787400001, -0.7420409399998867, 0.0], [100.66655474800008, -0.7419997269999277, 0.0], [100.66629761700004, -0.7419911309999268, 0.0], [100.66604481700008, -0.7420042649999581, 0.0], [100.66590309800007, -0.742003811999912, 0.0], [100.66567482900011, -0.741981575999948, 0.0], [100.66546521, -0.741902596999973, 0.0], [100.66529608300003, -0.7417268409999233, 0.0], [100.6651046280001, -0.7415263809999316, 0.0], [100.66490522700012, -0.7414021279999647, 0.0], [100.6646699570001, -0.7413179919999279, 0.0], [100.66447059900013, -0.741302024999945, 0.0], [100.66428719300005, -0.7413020959999461, 0.0], [100.66407330900003, -0.7413595229999843, 0.0], [100.66378090400008, -0.7414867759999463, 0.0], [100.66337030900004, -0.7416914739999256, 0.0], [100.66289591000005, -0.7418601009999343, 0.0], [100.6626487220001, -0.7418922789999236, 0.0], [100.66215399200011, -0.7418703149999749, 0.0], [100.66136244700009, -0.7417780339999706, 0.0], [100.66067215800008, -0.7417227469999242, 0.0], [100.65953091100006, -0.7417231789999643, 0.0], [100.65841990300007, -0.7416380799999367, 0.0], [100.65776047000013, -0.741450316999954, 0.0], [100.65720486100007, -0.7412259589999428, 0.0], [100.65668557000001, -0.740938914999909, 0.0], [100.65592212900007, -0.740286387999927, 0.0], [100.65548481900004, -0.7399593979999671, 0.0], [100.65518178300002, -0.7398097519999245, 0.0], [100.65499633300006, -0.7397940579999503, 0.0], [100.65478477900002, -0.7398256649999913, 0.0], [100.65456940000006, -0.7399513869999164, 0.0], [100.65443300500006, -0.7401115739999332, 0.0], [100.65412483200005, -0.7406899049999236, 0.0], [100.65398619900013, -0.7411105789999002, 0.0], [100.65356257300007, -0.7420358399999842, 0.0], [100.65344773300006, -0.7422807039999179, 0.0], [100.65314365000005, -0.7426752529999647, 0.0], [100.65281537900006, -0.7429051199999741, 0.0], [100.65252180400002, -0.7431683709999863, 0.0], [100.65220365000009, -0.7435631319999733, 0.0], [100.65214364200008, -0.7436782049999969, 0.0], [100.65211379800012, -0.7437511529999851, 0.0], [100.65205988200007, -0.7438829389999736, 0.0], [100.65201481300008, -0.7440017179999273, 0.0], [100.651976264, -0.7440935459998929, 0.0], [100.65194901600006, -0.7441691470000209, 0.0], [100.65188244300005, -0.744176804999943, 0.0], [100.65181843500008, -0.7441452829999965, 0.0], [100.65174090500008, -0.7440932889999595, 0.0], [100.65164580400001, -0.7440550349999963, 0.0], [100.65154193900013, -0.7440461759998905, 0.0], [100.65144939200012, -0.7440564529999292, 0.0], [100.65137780000005, -0.7440721129999874, 0.0], [100.65131549900003, -0.7440781079999501, 0.0], [100.65121210200002, -0.7440672029999326, 0.0], [100.65108927500006, -0.7440607499999345, 0.0], [100.65088850900005, -0.7441517490000068, 0.0], [100.65079952600007, -0.7441715239999539, 0.0], [100.65069995700009, -0.7441778249999367, 0.0], [100.65055612800009, -0.744171143999915, 0.0], [100.65041049100003, -0.7441611999999812, 0.0], [100.65024841400003, -0.7441257299999894, 0.0], [100.65010161800005, -0.7440666869998985, 0.0], [100.64998912800007, -0.7440118899999756, 0.0], [100.64990170600004, -0.743979401999959, 0.0], [100.64974380200003, -0.7439343059999455, 0.0], [100.64958063000003, -0.7438933089999289, 0.0], [100.64937450600013, -0.7438497079999626, 0.0], [100.64919178200009, -0.7438367739999714, 0.0], [100.64903897800006, -0.7438405769999306, 0.0], [100.64890278100009, -0.7438618679999062, 0.0], [100.64873187000005, -0.7439166810000059, 0.0], [100.64861741000009, -0.7439900749999483, 0.0], [100.64849623, -0.7441159029999692, 0.0], [100.64832325900008, -0.7443042379999234, 0.0], [100.64812891300008, -0.7445618899999187, 0.0], [100.64794091800007, -0.7447523889999673, 0.0], [100.64773943500009, -0.7448450149999893, 0.0], [100.64724960200007, -0.7449616719999617, 0.0], [100.64673299900005, -0.7449439479999135, 0.0], [100.645848028, -0.7447079579999261, 0.0], [100.64504944800011, -0.7445234849999357, 0.0], [100.6445684670001, -0.744487827999917, 0.0], [100.6438203310001, -0.7445956209999522, 0.0], [100.643415475, -0.7446685609999462, 0.0], [100.64321680300009, -0.744774822999953, 0.0], [100.64296851300006, -0.7450372639999956, 0.0], [100.64270475500008, -0.7454433759999349, 0.0], [100.64242999000008, -0.7457959649999828, 0.0], [100.64232940000002, -0.74588392299998, 0.0], [100.64225688700006, -0.745935869999913, 0.0], [100.64218895600004, -0.7459655109999728, 0.0], [100.64210949900003, -0.7459834019999372, 0.0], [100.64203425400002, -0.7459969869999197, 0.0], [100.64197836400011, -0.7459999269999724, 0.0], [100.641916962, -0.7459955889999695, 0.0], [100.64181034800006, -0.7459706759999586, 0.0], [100.641733388, -0.7459550329999887, 0.0], [100.64165377000009, -0.7459354759999819, 0.0], [100.64159019300006, -0.74592449699995, 0.0], [100.64146045600006, -0.7459164379999004, 0.0], [100.64135733300006, -0.7459069580000137, 0.0], [100.64128436600006, -0.7459176259999252, 0.0], [100.64124119200004, -0.7459538609999816, 0.0], [100.64119210300007, -0.7460048689999421, 0.0], [100.64109396300003, -0.7461546919998979, 0.0], [100.64098155900005, -0.7463220449999868, 0.0], [100.64087985500008, -0.74645933199997, 0.0], [100.64076971500002, -0.7465748319999315, 0.0], [100.640718007, -0.7466452589998964, 0.0], [100.64068063600011, -0.7467017259999629, 0.0], [100.64064996000006, -0.7467635459999181, 0.0], [100.64060679200004, -0.7468304609999493, 0.0], [100.64055569800009, -0.7469148709999253, 0.0], [100.64053121000009, -0.7470102789999133, 0.0], [100.64052564800008, -0.7470880369999543, 0.0], [100.64051232700004, -0.7471821970000054, 0.0], [100.64047463000013, -0.7472643879999677, 0.0], [100.64042625600003, -0.7473250929999338, 0.0], [100.64038714500008, -0.7473828289999173, 0.0], [100.640344451, -0.747444532999962, 0.0], [100.64031229600002, -0.7475045779999543, 0.0], [100.64025484800005, -0.7476138149999325, 0.0], [100.64020873400005, -0.7476690839999665, 0.0], [100.64015750099999, -0.7477389069998824, 0.0], [100.64011668200008, -0.7478257579999703, 0.0], [100.64010529100003, -0.7479050539999614, 0.0], [100.64010346300006, -0.7479844259999497, 0.0], [100.64010123800004, -0.7480477149999554, 0.0], [100.64008691500003, -0.7481041169999978, 0.0], [100.64006269600006, -0.748163949999973, 0.0], [100.64002934700005, -0.7482408909999494, 0.0], [100.64000483600006, -0.7483045439999649, 0.0], [100.63997893700005, -0.748390584999901, 0.0], [100.63996094100007, -0.748488072999963, 0.0], [100.63995204900004, -0.7485678949999103, 0.0], [100.63995515000003, -0.7486637589999355, 0.0], [100.63997127600004, -0.7487414909999696, 0.0], [100.6399910270001, -0.7487938459999552, 0.0], [100.64000508600009, -0.7488510559999744, 0.0], [100.6400030840001, -0.7489220099998926, 0.0], [100.63998971200006, -0.7489879359999336, 0.0], [100.63997450600004, -0.7490411259999935, 0.0], [100.63995186900003, -0.7491763349999865, 0.0], [100.63993237500001, -0.7493009379999893, 0.0], [100.63993427200009, -0.7494425129999862, 0.0], [100.63993581700005, -0.7494954570000109, 0.0], [100.63992808000002, -0.7495462309999509, 0.0], [100.63991377500008, -0.7495842289998849, 0.0], [100.63989841900006, -0.7496158479999385, 0.0], [100.63988026500006, -0.7496427089999342, 0.0], [100.63984915600008, -0.7496709789999672, 0.0], [100.63980796400003, -0.7496979869998871, 0.0], [100.63976984700007, -0.7497130179999868, 0.0], [100.63969450800006, -0.7497172979999849, 0.0], [100.63961529400008, -0.7497156819999289, 0.0], [100.63948498400003, -0.7497078599999057, 0.0], [100.63934555300006, -0.7497042479999634, 0.0], [100.63924366000006, -0.7497124909999308, 0.0], [100.63914647200001, -0.7497433059999957, 0.0], [100.63906516300003, -0.7497922439999563, 0.0], [100.63899590700008, -0.7498480619999637, 0.0], [100.6389479030001, -0.7498955659999885, 0.0], [100.63881224000006, -0.750000005999917, 0.0], [100.63880994200005, -0.7500017749998825, 0.0], [100.638767451, -0.750034486999931, 0.0], [100.63874144300007, -0.7500891759999262, 0.0], [100.63873703400006, -0.7501356249999561, 0.0], [100.63879838200008, -0.7503159459999534, 0.0], [100.6388159040001, -0.7503547169999608, 0.0], [100.63881843700004, -0.7503809389999926, 0.0], [100.63881845600005, -0.7504310219999643, 0.0], [100.63881555000007, -0.7505272459999285, 0.0], [100.63881710300002, -0.7506251979999603, 0.0], [100.63882051400013, -0.7506865789999666, 0.0], [100.63884411600013, -0.7508017659999205, 0.0], [100.6388921100001, -0.7509161549999692, 0.0], [100.63894354500009, -0.7509789780000022, 0.0], [100.63902448500005, -0.751063598999992, 0.0], [100.63906189700003, -0.7511571409999998, 0.0], [100.63908266300005, -0.7513398139999256, 0.0], [100.63906950000003, -0.7517053709999767, 0.0], [100.63902971900004, -0.7519639439999729, 0.0], [100.63898918600005, -0.7520746809999924, 0.0], [100.63885776300002, -0.7521751259999401, 0.0], [100.63878874200007, -0.7522272769999975, 0.0], [100.63870200400001, -0.7522896959999213, 0.0], [100.63864866700003, -0.7523191209999659, 0.0], [100.63854485500006, -0.7523656149999866, 0.0], [100.63847490400005, -0.7523763869999963, 0.0], [100.63837734100005, -0.7523818810000009, 0.0], [100.63829411100009, -0.7523805109999724, 0.0], [100.63812645100008, -0.7523735469999406, 0.0], [100.63797870700003, -0.7523458949999469, 0.0], [100.63779221900005, -0.752333170999961, 0.0], [100.63767739900005, -0.7522946919999751, 0.0], [100.63753978900003, -0.7522268739999672, 0.0], [100.63744517900003, -0.7521711429999801, 0.0], [100.63707724200006, -0.7518888889998913, 0.0], [100.63692548700001, -0.7517507780000047, 0.0], [100.63679421200007, -0.7516397349999706, 0.0], [100.63669180400004, -0.7515606139999873, 0.0], [100.63658826800008, -0.7514809749999759, 0.0], [100.63646375600008, -0.7514065109999495, 0.0], [100.63635095100008, -0.7513800599999733, 0.0], [100.63624032300007, -0.751384077999961, 0.0], [100.6361611870001, -0.751418559999972, 0.0], [100.63589950500003, -0.7516147489999463, 0.0], [100.63577187600004, -0.7517236629999816, 0.0], [100.63566174700007, -0.7518258499999211, 0.0], [100.63554760800004, -0.7519186619999617, 0.0], [100.63544624700009, -0.7519804729999177, 0.0], [100.63531448500002, -0.7520414419999908, 0.0], [100.63509587800006, -0.7521020479999371, 0.0], [100.63499060300005, -0.7521112429999002, 0.0], [100.63492864300008, -0.7521099699999731, 0.0], [100.63482581100001, -0.752100212999967, 0.0], [100.63470575600012, -0.752083589999923, 0.0], [100.634306156, -0.7519807219999441, 0.0], [100.63396991900007, -0.7518652259999726, 0.0], [100.63381418600007, -0.751829235999928, 0.0], [100.63367254600007, -0.7518139589999101, 0.0], [100.63354802300006, -0.7518020679999887, 0.0], [100.63343220100008, -0.7517945359999919, 0.0], [100.63334457900002, -0.7517929099999471, 0.0], [100.63322407599999, -0.7518128679999034, 0.0], [100.63315995900011, -0.7518473219999116, 0.0], [100.63308810800002, -0.7519049339998888, 0.0], [100.63295701300011, -0.7519769829999793, 0.0], [100.63288646800004, -0.7520015929998842, 0.0], [100.63277568100003, -0.7520453429999628, 0.0], [100.63271718100006, -0.7520702359999699, 0.0], [100.63263743100003, -0.7520865699999872, 0.0], [100.63251648300007, -0.752097559999925, 0.0], [100.63240757900012, -0.7520976009999244, 0.0], [100.63227113200011, -0.752099234999979, 0.0], [100.63218421800012, -0.7521178859999255, 0.0], [100.63212439300004, -0.7521452829999701, 0.0], [100.63204095300007, -0.752190550999973, 0.0], [100.63198465800012, -0.7522307959999347, 0.0], [100.63189685400006, -0.7523209569999398, 0.0], [100.63183686100005, -0.7524140710000063, 0.0], [100.63176908700005, -0.7525304689999511, 0.0], [100.631720279, -0.7526411309999594, 0.0], [100.63166858900009, -0.7527597739999964, 0.0], [100.63162048300009, -0.7528567059999409, 0.0], [100.631504347, -0.7531218709999506, 0.0], [100.6314519780001, -0.7532420719999386, 0.0], [100.63140519000005, -0.7533466849999806, 0.0], [100.63134681800001, -0.7534828979999729, 0.0], [100.63132429700002, -0.7535688519999822, 0.0], [100.63130349500007, -0.7536611299999701, 0.0], [100.63128839300006, -0.7537009439999827, 0.0], [100.631262872, -0.7537523669999678, 0.0], [100.63124089000004, -0.7537698169999922, 0.0], [100.63114343400008, -0.7538084029999107, 0.0], [100.63107214300003, -0.753813465999975, 0.0], [100.63097063700006, -0.7538248539999387, 0.0], [100.63084352500005, -0.7538621629999082, 0.0], [100.63074301100006, -0.7539030330000026, 0.0], [100.63064777600009, -0.7539832679999815, 0.0], [100.63058209900007, -0.7540534879999344, 0.0], [100.6305512970001, -0.7540708349999431, 0.0], [100.63051819700013, -0.7540825509999358, 0.0], [100.63047110300003, -0.7540834840000172, 0.0], [100.6304675590001, -0.7540823869999169, 0.0], [100.63027772500001, -0.7538970009999533, 0.0], [100.63014982600001, -0.7538075799999171, 0.0], [100.63004860600007, -0.7537451809999163, 0.0], [100.62991943800004, -0.7537007919999774, 0.0], [100.62979821400005, -0.7536728129999607, 0.0], [100.62958431500002, -0.7536666509999962, 0.0], [100.629431642, -0.7536744669999176, 0.0], [100.62929057200006, -0.7536963679999674, 0.0], [100.62918208200004, -0.7537226229999187, 0.0], [100.62903901600002, -0.7537415219999705, 0.0], [100.62894718200006, -0.7537361189999674, 0.0], [100.62882270100006, -0.7537317459999642, 0.0], [100.62873113600004, -0.7537271679999263, 0.0], [100.62858190300004, -0.7537352189999778, 0.0], [100.62845752500004, -0.7537629049999625, 0.0], [100.62833727000005, -0.7538038329999748, 0.0], [100.62805650500009, -0.7539247129999422, 0.0], [100.62801094400007, -0.7539277210000017, 0.0], [100.62793296500008, -0.75388438699997, 0.0], [100.62784571700006, -0.7538620279999827, 0.0], [100.62777235500002, -0.7538461330000118, 0.0], [100.62760626100005, -0.7537990759999392, 0.0], [100.62750849200005, -0.7537906339999514, 0.0], [100.62741161100011, -0.7537923469999123, 0.0], [100.62732899500011, -0.7538079769999623, 0.0], [100.6272418400001, -0.7537085009999943, 0.0], [100.62724104200002, -0.7537071619999695, 0.0], [100.62704260700004, -0.7533640619999117, 0.0], [100.62690616500005, -0.7533456319998906, 0.0], [100.62680490300009, -0.7533707329999295, 0.0], [100.62671557700007, -0.753383611999924, 0.0], [100.62663962400009, -0.7533800039999904, 0.0], [100.6265687440001, -0.753364517999947, 0.0], [100.62631182100006, -0.7531393879999666, 0.0], [100.62622385700007, -0.7530073429999659, 0.0], [100.62614018000006, -0.7528779820000204, 0.0], [100.62604848800005, -0.7527857479999394, 0.0], [100.62594370800007, -0.7527149329999291, 0.0], [100.62584158300005, -0.7526611399999239, 0.0], [100.62574684200003, -0.7526277149999974, 0.0], [100.62565289800007, -0.7526074870000122, 0.0], [100.62555128300002, -0.7526013259999577, 0.0], [100.62539115200009, -0.7525861789999323, 0.0], [100.62482080200006, -0.7526205539999468, 0.0], [100.62484984600006, -0.7527479199999139, 0.0], [100.62494447100008, -0.7535392019999183, 0.0], [100.6249446950001, -0.7541451259999603, 0.0], [100.62488199000006, -0.7546335059999606, 0.0], [100.62472940700005, -0.7550224399999933, 0.0], [100.62474303300012, -0.7554248759999854, 0.0], [100.62482851300008, -0.755786589999976, 0.0], [100.62496790000006, -0.7561528049998948, 0.0], [100.62553439000004, -0.7575091359999447, 0.0], [100.62583557300009, -0.7581059019999433, 0.0], [100.62603775800004, -0.758232435999924, 0.0], [100.62620398000011, -0.7582866359999733, 0.0], [100.62668012700007, -0.7582909769999815, 0.0], [100.62703499600013, -0.7583044079999341, 0.0], [100.627318018, -0.7583856939999931, 0.0], [100.62760108200007, -0.7585755029999799, 0.0], [100.62773591400011, -0.7587744109999237, 0.0], [100.62787533400011, -0.7592265399999443, 0.0], [100.62799238800002, -0.7599318979999465, 0.0], [100.628131808, -0.7603840269999727, 0.0], [100.62852305900006, -0.7615912009999241, 0.0], [100.62873432500004, -0.7619754739999244, 0.0], [100.62884799400003, -0.7621070229999759, 0.0], [100.62892313700011, -0.7623778430000043, 0.0], [100.6288917580001, -0.76254968400001, 0.0], [100.628793005, -0.7627351149999796, 0.0], [100.62864033000008, -0.7628708279999363, 0.0], [100.62853702800005, -0.7629025209999717, 0.0], [100.62833487700003, -0.7628664240000106, 0.0], [100.62814166000003, -0.7626991899999338, 0.0], [100.6278720230001, -0.7623782439999467, 0.0], [100.62775518300002, -0.7622471559999261, 0.0], [100.62764286600006, -0.7621974579999026, 0.0], [100.62746768600005, -0.7622156119999799, 0.0], [100.62724761800006, -0.7623151759999733, 0.0], [100.62714881600004, -0.7623694749999257, 0.0], [100.62703208900005, -0.7625368269999139, 0.0], [100.62694682500002, -0.7627584279999547, 0.0], [100.62687961700007, -0.7632151559999124, 0.0], [100.62676300200009, -0.7636809489999021, 0.0], [100.62664631100003, -0.7639477799999593, 0.0], [100.62654754100002, -0.7640879930000182, 0.0], [100.62638140400006, -0.764259885999933, 0.0], [100.626174824, -0.7643910969999571, 0.0], [100.6259817530001, -0.7646127399999929, 0.0], [100.62598181800011, -0.7647845689999949, 0.0], [100.62605375700011, -0.7649654129999611, 0.0], [100.62641324000002, -0.7652998909999151, 0.0], [100.62699734300011, -0.7656975869999673, 0.0], [100.62743318800003, -0.7660320349999222, 0.0], [100.62767587100005, -0.7663439469999741, 0.0], [100.62780176500006, -0.7666604259999658, 0.0], [100.6278828250001, -0.7672030129999912, 0.0], [100.62803123600013, -0.7676687019999752, 0.0], [100.62832791100007, -0.7682157279999487, 0.0], [100.62888517000009, -0.7688937839999231, 0.0], [100.6297074300001, -0.7695084349999726, 0.0], [100.63019719200011, -0.769879034999987, 0.0], [100.63039492200004, -0.7701005259999303, 0.0], [100.63046686000004, -0.7702768499999549, 0.0], [100.63047591200008, -0.7704577179999128, 0.0], [100.63045801400001, -0.7706385979999569, 0.0], [100.63039965100008, -0.7707245339999613, 0.0], [100.63010324200006, -0.7708829109999102, 0.0], [100.62986521200008, -0.7709960479999489, 0.0], [100.6297215470001, -0.7711995850000046, 0.0], [100.62959589000009, -0.7715071159999691, 0.0], [100.62942997400005, -0.7722577999999892, 0.0], [100.62940326800005, -0.772904429999933, 0.0], [100.62941276000004, -0.7742338369999744, 0.0], [100.62941300400006, -0.7748759339999949, 0.0], [100.62948052200005, -0.7752376519999018, 0.0], [100.62965582300008, -0.7755360239999877, 0.0], [100.62996138900004, -0.7758343439999664, 0.0], [100.63033879000011, -0.7760331579999976, 0.0], [100.63082849800011, -0.7762545359999291, 0.0], [100.63113406500008, -0.776552855999997, 0.0], [100.63135431100001, -0.7769235589999399, 0.0], [100.63153416200007, -0.7773711469999395, 0.0], [100.631588203, -0.7777283479999211, 0.0], [100.631557038, -0.7784563709999419, 0.0], [100.63158864800003, -0.7788859299999462, 0.0], [100.63181355700009, -0.7796952449999475, 0.0], [100.63208777600003, -0.7802422760000017, 0.0], [100.6323439620001, -0.7806174849999586, 0.0], [100.63271686100003, -0.7807891669999502, 0.0], [100.6333906570001, -0.780797947999969, 0.0], [100.63469322100005, -0.7805351739999912, 0.0], [100.63525020200004, -0.7804852159999383, 0.0], [100.63566798500005, -0.7805664449999968, 0.0], [100.63627452700005, -0.7809008199999539, 0.0], [100.636598022, -0.781095129999964, 0.0], [100.6367462850001, -0.7811674209999875, 0.0], [100.63680918500006, -0.7812035699999648, 0.0], [100.63683165800006, -0.7812352139999115, 0.0], [100.63683064100006, -0.7813041429999387, 0.0], [100.63672818600011, -0.7819654089999261, 0.0], [100.63671106500003, -0.782122520999969, 0.0], [100.63669629700006, -0.782294255999959, 0.0], [100.63666959200006, -0.782451195999976, 0.0], [100.63662941000011, -0.7825645779999505, 0.0], [100.636571266, -0.7826971819998998, 0.0], [100.63652551700004, -0.782783025999901, 0.0], [100.63645220100001, -0.7828961739999389, 0.0], [100.63637861400005, -0.7829867939999846, 0.0], [100.636336154, -0.7830238669999382, 0.0], [100.63630112200003, -0.7830705759999789, 0.0], [100.6362686030001, -0.7831689119999385, 0.0], [100.63594123600011, -0.7832860439999605, 0.0], [100.63587463600003, -0.7833088679999766, 0.0], [100.63580130700008, -0.7833221819999202, 0.0], [100.63572947300008, -0.7833235769999481, 0.0], [100.63563674500004, -0.7833223999999526, 0.0], [100.63554883000006, -0.7833224339999469, 0.0], [100.63547150800005, -0.7833179789999395, 0.0], [100.63533819100003, -0.7832707479999393, 0.0], [100.63529289700001, -0.7832593649999616, 0.0], [100.63523602600013, -0.7832556959999387, 0.0], [100.63522388500009, -0.7832573659998854, 0.0], [100.6351949460001, -0.7832648709999847, 0.0], [100.63518717700008, -0.7832684579999276, 0.0], [100.63515840300008, -0.7832959629999812, 0.0], [100.63506488300007, -0.783433606999912, 0.0], [100.63480755400009, -0.7837363880000104, 0.0], [100.63448611700005, -0.7841221239999446, 0.0], [100.63416359300001, -0.7845912279999412, 0.0], [100.63412602700002, -0.7846627069999175, 0.0], [100.63409234400007, -0.7847555059999477, 0.0], [100.63394082700006, -0.7851700079999687, 0.0], [100.633861826, -0.7853404219999346, 0.0], [100.6337953280001, -0.7854644979999853, 0.0], [100.63372093600007, -0.785590664999948, 0.0], [100.63363511400007, -0.7857119729999525, 0.0], [100.63355260800009, -0.7857988659999473, 0.0], [100.63350471500003, -0.7858516089999583, 0.0], [100.6334143060001, -0.7859710889998883, 0.0], [100.6333572720001, -0.7860408459999014, 0.0], [100.63328053200006, -0.7861029969999703, 0.0], [100.63318506400006, -0.7861470219999791, 0.0], [100.633107173, -0.7861524069999816, 0.0], [100.63306690800006, -0.7861470099999698, 0.0], [100.63300580900007, -0.7861450859999939, 0.0], [100.63297668900005, -0.7861504249999903, 0.0], [100.63288485800008, -0.7862002499999406, 0.0], [100.63279837800003, -0.7862598589998924, 0.0], [100.63274099000009, -0.7862999799999287, 0.0], [100.63267316200006, -0.7863496799999562, 0.0], [100.63266206400003, -0.7863639109999793, 0.0], [100.63265001200001, -0.7863926769999562, 0.0], [100.6326477600001, -0.7864283809999933, 0.0], [100.63264907200002, -0.7864513019999357, 0.0], [100.63269867800004, -0.7865849829999741, 0.0], [100.63272873500004, -0.7866212549999592, 0.0], [100.632780768, -0.7867058009999303, 0.0], [100.63281441100011, -0.7867734589999376, 0.0], [100.63283371300011, -0.7868346819999339, 0.0], [100.632850568, -0.7869245259999095, 0.0], [100.63289496300003, -0.7872191989999612, 0.0], [100.6328936580001, -0.7873443029999257, 0.0], [100.6328818800001, -0.7874126619999715, 0.0], [100.6328560480001, -0.7874955129999981, 0.0], [100.63284361700005, -0.7875822879999828, 0.0], [100.63283906400002, -0.7878688639999697, 0.0], [100.63283909900012, -0.787958172999903, 0.0], [100.63280151700012, -0.7880379059999348, 0.0], [100.6327250410001, -0.7881180989999992, 0.0], [100.63247155500008, -0.7882753559999521, 0.0], [100.63235090200004, -0.7883434379999902, 0.0], [100.63222288700011, -0.7884167979999319, 0.0], [100.6321046620001, -0.7884918409999132, 0.0], [100.63191983100009, -0.7886047409999426, 0.0], [100.6318052070001, -0.7887057809999446, 0.0], [100.63132906000006, -0.7889943570000189, 0.0], [100.63122618200006, -0.7890592789999693, 0.0], [100.63112113000008, -0.7891467069999212, 0.0], [100.63101428400003, -0.7892364099999754, 0.0], [100.63089543100006, -0.7893383099999624, 0.0], [100.63073685000008, -0.7894253459999735, 0.0], [100.63025529900003, -0.7896334959999651, 0.0], [100.63011613700006, -0.7896964809999335, 0.0], [100.62999548900002, -0.7897543769999319, 0.0], [100.62988883700008, -0.7898181769999698, 0.0], [100.62976189300008, -0.7899149939999821, 0.0], [100.62964030800003, -0.7899909349999713, 0.0], [100.62954931600005, -0.7900520599999687, 0.0], [100.62946543300005, -0.7901110999999559, 0.0], [100.62938187200005, -0.7901784489999298, 0.0], [100.6293105000001, -0.7902492829999412, 0.0], [100.62918619000003, -0.7904354099999781, 0.0], [100.62914927400008, -0.7904830599999251, 0.0], [100.6291075570001, -0.790552027999931, 0.0], [100.62907027400003, -0.7906282619999357, 0.0], [100.62904189300008, -0.7906992009999466, 0.0], [100.62900713400006, -0.7907885789999712, 0.0], [100.62898520600002, -0.7908416160000008, 0.0], [100.62896388900002, -0.7909214539999577, 0.0], [100.62895790500006, -0.790998941999962, 0.0], [100.62892814700008, -0.7911046639999182, 0.0], [100.62887300000006, -0.7912158059999701, 0.0], [100.62867964200004, -0.7915080039999892, 0.0], [100.628597626, -0.7916140719999664, 0.0], [100.62852830400004, -0.7917031759999692, 0.0], [100.62843286000005, -0.7918252189999453, 0.0], [100.6283260180001, -0.7919403549999714, 0.0], [100.62798000100007, -0.7922745459999139, 0.0], [100.62793057000006, -0.7923502929999563, 0.0], [100.62789939400005, -0.7924090529999278, 0.0], [100.62787038000005, -0.7925008349999847, 0.0], [100.62786420600007, -0.7925736779999688, 0.0], [100.62785709500011, -0.7926937599999521, 0.0], [100.62785172300002, -0.7927576270000003, 0.0], [100.62783254700012, -0.7928423939999054, 0.0], [100.6277840970001, -0.7929426059999477, 0.0], [100.62775613900001, -0.7930124849999401, 0.0], [100.62771764500012, -0.793120881999945, 0.0], [100.62770096900009, -0.7931870249999114, 0.0], [100.62767028300001, -0.793315766999993, 0.0], [100.62756651000005, -0.79360892899992, 0.0], [100.62747894500009, -0.7937344649999152, 0.0], [100.62742673900003, -0.7938080999999635, 0.0], [100.62735489700003, -0.7938989889999317, 0.0], [100.62723395400006, -0.7939872869999648, 0.0], [100.62708716600008, -0.794040480000002, 0.0], [100.62694429900009, -0.7940741979999458, 0.0], [100.62671469600009, -0.7941250289998982, 0.0], [100.62658037300008, -0.7941907769999204, 0.0], [100.62638886900004, -0.7943476119999213, 0.0], [100.62612252000012, -0.7946115469999223, 0.0], [100.62606063800006, -0.7946645369999525, 0.0], [100.62599500900005, -0.7947174329999765, 0.0], [100.62589548100007, -0.7947719749999635, 0.0], [100.62578256200005, -0.7948025620000035, 0.0], [100.62566317900004, -0.7948208650000018, 0.0], [100.6255889060001, -0.7948338309999226, 0.0], [100.62547373200009, -0.7948558969999806, 0.0], [100.62540239200004, -0.794868593999959, 0.0], [100.62531017500005, -0.7948931329999434, 0.0], [100.6252493480001, -0.7949242989999423, 0.0], [100.62517813500006, -0.7950116029999778, 0.0], [100.62507735800006, -0.7952161839999315, 0.0], [100.62499955700011, -0.7952976989999293, 0.0], [100.62494299000005, -0.7953785429999581, 0.0], [100.62487896000007, -0.7954893359999873, 0.0], [100.62483669400004, -0.7955715829999501, 0.0], [100.62478999100009, -0.7956527049999157, 0.0], [100.6247181370001, -0.7957436189999644, 0.0], [100.62462388300011, -0.7958269079999348, 0.0], [100.62449423400004, -0.7959108809999472, 0.0], [100.62439074200009, -0.7959725009998944, 0.0], [100.62429606000008, -0.7960113179999114, 0.0], [100.62422815500005, -0.7960346169999737, 0.0], [100.62415959600007, -0.7960640670000116, 0.0], [100.62411741200003, -0.796109392999941, 0.0], [100.62410357400005, -0.796141265999918, 0.0], [100.62406367700004, -0.7962389109999162, 0.0], [100.62401904700008, -0.7963593909999446, 0.0], [100.62382131300005, -0.7966321579999422, 0.0], [100.62375677900005, -0.7967159989999616, 0.0], [100.62359145900004, -0.7968329039999401, 0.0], [100.6234912470001, -0.7968941549999577, 0.0], [100.62338414400003, -0.796930134999991, 0.0], [100.62325514400001, -0.7969845529999746, 0.0], [100.62316263900009, -0.7970072099999803, 0.0], [100.62310126200008, -0.7970507979999468, 0.0], [100.62304640700006, -0.7971337019999606, 0.0], [100.62295793400004, -0.797238901999968, 0.0], [100.6228719740001, -0.7973742229999644, 0.0], [100.62272203100005, -0.7977345549999431, 0.0], [100.62266423400006, -0.7978494059999456, 0.0], [100.62259893100008, -0.7979347649999824, 0.0], [100.62249070000009, -0.7980247579999775, 0.0], [100.62237539600005, -0.798080332999961, 0.0], [100.62227381800008, -0.7981155269999408, 0.0], [100.62221213400005, -0.7981316949999442, 0.0], [100.62219601300005, -0.7981425229999568, 0.0], [100.62219466000002, -0.7981460879999827, 0.0], [100.62219906600004, -0.7981963879999606, 0.0], [100.6222417100001, -0.7983075969999305, 0.0], [100.62229412400008, -0.7984563859999773, 0.0], [100.62231746000006, -0.798580286999937, 0.0], [100.62231751700006, -0.7987237509999895, 0.0], [100.62232196900007, -0.7988421350000225, 0.0], [100.62232040800004, -0.7989307509999748, 0.0], [100.62230578500007, -0.7990396369999312, 0.0], [100.62223328000002, -0.7991707499999451, 0.0], [100.62214844000002, -0.7992471339999532, 0.0], [100.62205802100009, -0.7993068669999148, 0.0], [100.62201164100007, -0.7993456380000112, 0.0], [100.62196224700007, -0.7994779809999563, 0.0], [100.62193645500007, -0.7995881610000138, 0.0], [100.62187433000007, -0.7997151309999446, 0.0], [100.62176200200011, -0.7998283029999886, 0.0], [100.6216770770001, -0.7998943469999401, 0.0], [100.62160769900004, -0.7999577639999498, 0.0], [100.62154789000006, -0.8000402939999492, 0.0], [100.62147162600006, -0.8001632409999836, 0.0], [100.62127150800002, -0.8005665319999687, 0.0], [100.62121071600005, -0.8007322369999983, 0.0], [100.62117111400006, -0.8008905689999481, 0.0], [100.62115380000006, -0.8010480430000141, 0.0], [100.62116653100014, -0.8012194829999857, 0.0], [100.62117107500006, -0.8013683209999556, 0.0], [100.62117113600007, -0.8015234300000059, 0.0], [100.62109043800007, -0.8018978019998805, 0.0], [100.62108391600005, -0.8020142219999309, 0.0], [100.62108721900005, -0.8020605209999386, 0.0], [100.62114305800006, -0.8021248549999421, 0.0], [100.6212154400001, -0.8021855259999855, 0.0], [100.62129526900013, -0.802290677999968, 0.0], [100.621326104, -0.8024382479999336, 0.0], [100.62132780400006, -0.8025486349999104, 0.0], [100.6213197320001, -0.8026404769999625, 0.0], [100.62124917100004, -0.8027571499999387, 0.0], [100.62116561100005, -0.8028644309999379, 0.0], [100.6210834520001, -0.8029334109999573, 0.0], [100.62100133600005, -0.8030201379999322, 0.0], [100.62092318800006, -0.8031335759999002, 0.0], [100.62087868600011, -0.8032258179998946, 0.0], [100.62084794000006, -0.8033363439999934, 0.0], [100.62083351200002, -0.8034003659999587, 0.0], [100.62080388200006, -0.8035132279999742, 0.0], [100.6207399100001, -0.8036264469999276, 0.0], [100.62068164800007, -0.8036952149999324, 0.0], [100.62062909700008, -0.8037505029999622, 0.0], [100.62061109100009, -0.8038107039999811, 0.0], [100.62060873800007, -0.8039033539999101, 0.0], [100.62061709600006, -0.803955809999912, 0.0], [100.62063642100006, -0.8039968349999279, 0.0], [100.62066342300007, -0.8040443599999538, 0.0], [100.62069324900006, -0.8041483099999316, 0.0], [100.62068142900004, -0.8042577899999286, 0.0], [100.62065207900011, -0.8043387639999724, 0.0], [100.62063110700007, -0.8044357959999197, 0.0], [100.62063648700006, -0.8045512439999617, 0.0], [100.62063945200003, -0.8046644449999236, 0.0], [100.62064300500006, -0.8047424489999702, 0.0], [100.62052723300008, -0.8051694079999502, 0.0], [100.62045811900005, -0.8053474299999361, 0.0], [100.62032347500009, -0.805607974999909, 0.0], [100.62021198700002, -0.8057483729999885, 0.0], [100.62011631800002, -0.8058608229999569, 0.0], [100.62003083500004, -0.8059734339999619, 0.0], [100.61999583200007, -0.806065157000001, 0.0], [100.61998320400001, -0.8061774069999558, 0.0], [100.61998460600003, -0.8062971009999124, 0.0], [100.61999761600005, -0.8064275639999547, 0.0], [100.62000382900003, -0.8065485989999447, 0.0], [100.61999823100011, -0.8066833869999797, 0.0], [100.61990214400005, -0.8068227899999838, 0.0], [100.61977141100007, -0.8069215669999705, 0.0], [100.61964161400007, -0.806979361999957, 0.0], [100.61951163800009, -0.8070579359999851, 0.0], [100.61940059700004, -0.8071799719999506, 0.0], [100.61926442800005, -0.8074558269999497, 0.0], [100.6191909830001, -0.8075764729998941, 0.0], [100.61914086900003, -0.8076327919999345, 0.0], [100.61903547400001, -0.8077079339999346, 0.0], [100.6189139790001, -0.8077836299999797, 0.0], [100.6187798540001, -0.8078314459999403, 0.0], [100.61864532400007, -0.8078609409999866, 0.0], [100.61845513600007, -0.8079276179999095, 0.0], [100.61837924900009, -0.8079673169999878, 0.0], [100.61816490600003, -0.8080425389999185, 0.0], [100.61802486600007, -0.8080529099999687, 0.0], [100.61740285300003, -0.8079797579999533, 0.0], [100.61725818700005, -0.8079518759999675, 0.0], [100.61719610600007, -0.8079444019999609, 0.0], [100.61711072400001, -0.8079491449999163, 0.0], [100.6170534880001, -0.807970219999967, 0.0], [100.61695972100004, -0.8080212060000158, 0.0], [100.6168389840001, -0.8081299509999446, 0.0], [100.61671967800008, -0.8082424399999366, 0.0], [100.61661525000005, -0.8083670939999471, 0.0], [100.6164675540001, -0.8086851829999785, 0.0], [100.61641369200008, -0.8088208920000101, 0.0], [100.6162905210001, -0.8091673419999865, 0.0], [100.61626594600001, -0.8092719739999482, 0.0], [100.616247495, -0.8093722339999762, 0.0], [100.6162186650001, -0.8095380469999309, 0.0], [100.61619625900002, -0.8096933149999849, 0.0], [100.61615798800005, -0.809838016999962, 0.0], [100.61609905800006, -0.8099680349999815, 0.0], [100.61603025100005, -0.8100873339998936, 0.0], [100.61597091200012, -0.8101587339999411, 0.0], [100.61590290100008, -0.8102305119999431, 0.0], [100.61576077700005, -0.8103410199999382, 0.0], [100.61564084500007, -0.8104215799999366, 0.0], [100.61549804100008, -0.8105224359999309, 0.0], [100.6153309900001, -0.8106267009999436, 0.0], [100.61519087600006, -0.810714366999905, 0.0], [100.61500389000004, -0.8108213869999783, 0.0], [100.61482655400003, -0.8109053829999942, 0.0], [100.61468478300011, -0.8109708179999057, 0.0], [100.61458064900002, -0.8110572859999502, 0.0], [100.61447344700012, -0.8112119179999541, 0.0], [100.61452489000003, -0.8112502090000168, 0.0], [100.61458645000006, -0.8112785819999656, 0.0], [100.6147425520001, -0.8113640679999371, 0.0], [100.61480324200006, -0.8114036579999324, 0.0], [100.61486484300009, -0.811447543999998, 0.0], [100.61488201200008, -0.8114552859999373, 0.0], [100.61493003900006, -0.8114654909999731, 0.0], [100.6149894380001, -0.811465466999971, 0.0], [100.61506359000002, -0.8114546049999644, 0.0], [100.61513309900008, -0.8114370819999308, 0.0], [100.61528067800003, -0.8114141659999999, 0.0], [100.61537210200005, -0.8114119309999829, 0.0], [100.61547746500007, -0.8114437099999539, 0.0], [100.61555339200004, -0.8114829099999137, 0.0], [100.6156368570001, -0.8115474869999185, 0.0], [100.61569941900004, -0.8115919059999572, 0.0], [100.61576697400004, -0.8116238739999414, 0.0], [100.61582631000006, -0.8116297259999695, 0.0], [100.61589483500005, -0.8116296969999822, 0.0], [100.61623654000007, -0.8116032129999192, 0.0], [100.61631882800005, -0.8116014949999445, 0.0], [100.61640422200009, -0.8116086240000002, 0.0], [100.61652746200008, -0.811634688999952, 0.0], [100.6166210270001, -0.8116606299999506, 0.0], [100.61669308200001, -0.8116865949999698, 0.0], [100.61673800100009, -0.8116950539999649, 0.0], [100.61685694700007, -0.811734294999929, 0.0], [100.61695219600004, -0.811797311999995, 0.0], [100.61700683000004, -0.811885725999934, 0.0], [100.61704703700008, -0.8119800469999172, 0.0], [100.6170622590001, -0.8120062939999598, 0.0], [100.61707296700008, -0.8120156279999395, 0.0], [100.61711447300006, -0.8120331999999593, 0.0], [100.61723393000008, -0.8120389919999043, 0.0], [100.6173114380001, -0.8120345029999837, 0.0], [100.61738916100005, -0.812008816999906, 0.0], [100.61750842200006, -0.8119803329999509, 0.0], [100.61760205900008, -0.8119621679999502, 0.0], [100.61777440100003, -0.8119680739999128, 0.0], [100.61787197500003, -0.812018534999901, 0.0], [100.61794915800002, -0.8120983929999464, 0.0], [100.61804507000005, -0.8122575589999619, 0.0], [100.61806294700003, -0.8122878349999764, 0.0], [100.61809732000002, -0.8123194649999449, 0.0], [100.61814626700007, -0.8123375969999274, 0.0], [100.61820911800004, -0.8123506609999435, 0.0], [100.61832727200004, -0.8123533469999032, 0.0], [100.61845272000004, -0.8123625369999408, 0.0], [100.61859426400011, -0.8123779659998983, 0.0], [100.61871045200006, -0.8123993079999685, 0.0], [100.61891230500004, -0.8124104369999077, 0.0], [100.61906356800003, -0.8124156719998965, 0.0], [100.61917645500004, -0.8123936769999425, 0.0], [100.61930934600012, -0.8123665429999282, 0.0], [100.61945470700007, -0.8123612629999272, 0.0], [100.61960399200008, -0.8123819299999607, 0.0], [100.61975250800002, -0.8124276299999194, 0.0], [100.62006547500006, -0.8124982739999932, 0.0], [100.62021845300002, -0.812500844999942, 0.0], [100.62037744100003, -0.8124938869999755, 0.0], [100.62089143500002, -0.8124225139999341, 0.0], [100.62102959600008, -0.8124258479999401, 0.0], [100.62120863600006, -0.8124505719999418, 0.0], [100.62141017100004, -0.8125181119999467, 0.0], [100.62157266400007, -0.8126030169999535, 0.0], [100.62168388000003, -0.8126712919999205, 0.0], [100.62177215500006, -0.8127150359998874, 0.0], [100.6218413820001, -0.8127398029998967, 0.0], [100.62191802200005, -0.812754745999975, 0.0], [100.62201544500003, -0.8127569089999855, 0.0], [100.62205348500007, -0.812745545999928, 0.0], [100.6221097520001, -0.8127064499999869, 0.0], [100.6221559040001, -0.8126588939999593, 0.0], [100.62221147100009, -0.8125743229999781, 0.0], [100.62224130100006, -0.812507932999987, 0.0], [100.62241277200003, -0.8120977299999784, 0.0], [100.62247659600008, -0.811996919999975, 0.0], [100.62254840800007, -0.8119056179999857, 0.0], [100.62262948200002, -0.8118292729999697, 0.0], [100.62269814500011, -0.8117801139998996, 0.0], [100.62279726000006, -0.8117240519999588, 0.0], [100.62290425500002, -0.81168501299994, 0.0], [100.62301666000009, -0.8116667149999215, 0.0], [100.623105798, -0.8116649799999663, 0.0], [100.62322055099999, -0.8116666150000044, 0.0], [100.62358211800007, -0.8117359469999808, 0.0], [100.62363324100004, -0.81177244199998, 0.0], [100.62363465200006, -0.8117728679999221, 0.0], [100.62364933900004, -0.8117690989999576, 0.0], [100.62368751200009, -0.8117372049999065, 0.0], [100.62376784400007, -0.8116744449999459, 0.0], [100.6238166140001, -0.8116458539999748, 0.0], [100.62381659000002, -0.8115865979999639, 0.0], [100.62381523000008, -0.8114730929999885, 0.0], [100.6237446810001, -0.8111034699999594, 0.0], [100.62362028600003, -0.8107384799999526, 0.0], [100.62352821300004, -0.8103743389999324, 0.0], [100.62348947500004, -0.810218623999936, 0.0], [100.62346367000005, -0.8100938599999061, 0.0], [100.6234548190001, -0.8099681289999943, 0.0], [100.62346783800002, -0.8098497919999653, 0.0], [100.62350458600005, -0.8097342889999196, 0.0], [100.62356663100012, -0.8096582039999302, 0.0], [100.62367457900008, -0.809583677999967, 0.0], [100.62374008700009, -0.809558693999955, 0.0], [100.62385465900006, -0.8095072319999567, 0.0], [100.62396488000012, -0.809450994000014, 0.0], [100.62407615000009, -0.8093891829999569, 0.0], [100.62416194800008, -0.8093405569999232, 0.0], [100.62424356999999, -0.8092801719999048, 0.0], [100.62430342900007, -0.8092262839999783, 0.0], [100.62436205200002, -0.8091645929999333, 0.0], [100.62440760300008, -0.8091090409999635, 0.0], [100.62445235100004, -0.8090326489999496, 0.0], [100.62449555500007, -0.8089455869999328, 0.0], [100.62456078500013, -0.8088607839999393, 0.0], [100.62468226700007, -0.8087725049999959, 0.0], [100.62474985500005, -0.8087497849999882, 0.0], [100.62482457200011, -0.8087355639999599, 0.0], [100.62484441500006, -0.8087279969999539, 0.0], [100.62485339600009, -0.8087199939999149, 0.0], [100.62488154700011, -0.8086818799999718, 0.0], [100.6248985110001, -0.808639995999969, 0.0], [100.62490930100012, -0.80857347499997, 0.0], [100.62496898800006, -0.8082321809999674, 0.0], [100.62500273200001, -0.8081535389999513, 0.0], [100.62507068000005, -0.8080450169999468, 0.0], [100.62511416900008, -0.8079854209999766, 0.0], [100.6252106210001, -0.8078786929999465, 0.0], [100.6254567440001, -0.8076367959999177, 0.0], [100.62558160600013, -0.8075462199999648, 0.0], [100.62571362300012, -0.8074460369999432, 0.0], [100.62585655600004, -0.8073815989999418, 0.0], [100.62600397100007, -0.8073412319999717, 0.0], [100.62611004300007, -0.8073291319999402, 0.0], [100.62623090300012, -0.8073123019999772, 0.0], [100.62629881500006, -0.8072873129999485, 0.0], [100.62634302200007, -0.8072550949999557, 0.0], [100.62637805500003, -0.8072114939999817, 0.0], [100.62642001800005, -0.8071363269999805, 0.0], [100.62656701800003, -0.8069481569999594, 0.0], [100.62670671500005, -0.8068205119999595, 0.0], [100.62677051800009, -0.8067525249999405, 0.0], [100.62681590300011, -0.8066577119999083, 0.0], [100.62682188400008, -0.8066043449999275, 0.0], [100.6268218760001, -0.806585965999915, 0.0], [100.62671218900006, -0.80618436399991, 0.0], [100.62670800500007, -0.8060410839999641, 0.0], [100.6267361990001, -0.8059208009999537, 0.0], [100.62679222500012, -0.8058101519999402, 0.0], [100.62689424500012, -0.8057054319999799, 0.0], [100.62697178100004, -0.8056390359999093, 0.0], [100.62703722600013, -0.8056021859999745, 0.0], [100.6272449900001, -0.8054875469998927, 0.0], [100.62734933300001, -0.8054496859999676, 0.0], [100.62746758600012, -0.8054381189999806, 0.0], [100.62755514400008, -0.8054348189999689, 0.0], [100.6276572460001, -0.8054985569999138, 0.0], [100.62771538300011, -0.8055765219999727, 0.0], [100.62773581100002, -0.8056246309999625, 0.0], [100.62775847000003, -0.805647498999987, 0.0], [100.62780076500007, -0.8056440349999733, 0.0], [100.62784771200005, -0.8055967379999699, 0.0], [100.62794108600004, -0.805517720000001, 0.0], [100.62801097300006, -0.80547930999992, 0.0], [100.62810795899999, -0.8054385849999285, 0.0], [100.62820043100001, -0.8054240669999698, 0.0], [100.62827257900003, -0.805418969999911, 0.0], [100.62836317800006, -0.8054110039999535, 0.0], [100.62837095700009, -0.8054082759999988, 0.0], [100.62840913200004, -0.805385700999994, 0.0], [100.62842869800006, -0.8053599880000061, 0.0], [100.62847666500004, -0.8052951299999563, 0.0], [100.62850785800003, -0.8052126039999792, 0.0], [100.62854177200009, -0.8051247169999942, 0.0], [100.62860273500007, -0.804980257999936, 0.0], [100.62865015500009, -0.8048882329999596, 0.0], [100.62872839300007, -0.8047634249999296, 0.0], [100.628989409, -0.804341393999921, 0.0], [100.62913980400002, -0.804079654999942, 0.0], [100.62918546000006, -0.8039723009999434, 0.0], [100.62924153200008, -0.8038609589999621, 0.0], [100.62930652700004, -0.8037388299998899, 0.0], [100.629395119, -0.8036295429999178, 0.0], [100.62947824200003, -0.8035420789999609, 0.0], [100.62955992700005, -0.803483293999892, 0.0], [100.62964264000007, -0.8034353739999226, 0.0], [100.62973052300003, -0.8034097279999293, 0.0], [100.62981748400004, -0.8034019109999913, 0.0], [100.62989093000007, -0.8033988640000144, 0.0], [100.62992491500006, -0.8033939629999591, 0.0], [100.62994168600001, -0.8033843619999596, 0.0], [100.62994228300006, -0.8033833799999757, 0.0], [100.6299567010001, -0.8033229879999443, 0.0], [100.62997181800002, -0.8032352829999799, 0.0], [100.63003358000007, -0.8031088039999947, 0.0], [100.63009890800005, -0.8030145260000046, 0.0], [100.63015037600005, -0.802945386999969, 0.0], [100.63023800300002, -0.8028440299999307, 0.0], [100.63037047000006, -0.8026875099999515, 0.0], [100.63046653, -0.8025998649998969, 0.0], [100.63055952100007, -0.8025344589999822, 0.0], [100.63065133700012, -0.8024763729999725, 0.0], [100.63074292400005, -0.8024586869999366, 0.0], [100.63103625100007, -0.8024471499999627, 0.0], [100.63121428400007, -0.8024364459999535, 0.0], [100.63136631700011, -0.8024132840000031, 0.0], [100.63146862200006, -0.8023838149999472, 0.0], [100.63158355100006, -0.8023721989999716, 0.0], [100.63171907800009, -0.8023133359999032, 0.0], [100.63186277800007, -0.8022047559999645, 0.0], [100.63212771700006, -0.8019830809999235, 0.0], [100.63254530500005, -0.8015669069999475, 0.0], [100.63300329400002, -0.8010783689999477, 0.0], [100.63330855800005, -0.8005989369999852, 0.0], [100.63369011100009, -0.7999295559999235, 0.0], [100.63428709100002, -0.7987853029999342, 0.0], [100.63491092900004, -0.7974059059999292, 0.0], [100.63533281300003, -0.7964923360000197, 0.0], [100.6356846190001, -0.7955944589999752, 0.0], [100.63582202900001, -0.7954566489999373, 0.0], [100.63602862300006, -0.7953661309999999, 0.0], [100.63621278000001, -0.7953298829999306, 0.0], [100.63668893600007, -0.7953523010000079, 0.0], [100.63752449500001, -0.7954921429999461, 0.0], [100.63817140900007, -0.7956727559999686, 0.0], [100.63986507000004, -0.7961649529999192, 0.0], [100.64102863300005, -0.7965397949999375, 0.0], [100.64251565600007, -0.797013986000015, 0.0], [100.64282113300003, -0.7970771669999108, 0.0], [100.64313559600002, -0.797144867999997, 0.0], [100.64315356800009, -0.7971539039999509, 0.0], [100.64317154300007, -0.79717198399993, 0.0], [100.64318952100004, -0.7971991069999569, 0.0], [100.64319967700008, -0.7972133649999903, 0.0], [100.64325452700011, -0.7972872969999746, 0.0], [100.64333681400007, -0.79737458099991, 0.0], [100.64341306100006, -0.7974869259999781, 0.0], [100.64347634300006, -0.79763478299995, 0.0], [100.64348827100007, -0.7977642939999203, 0.0], [100.64347321100007, -0.7979260679998891, 0.0], [100.64341305900007, -0.7980517719999825, 0.0], [100.64329630200008, -0.798166792000005, 0.0], [100.64312734200006, -0.7981825199999768, 0.0], [100.64298919300008, -0.7981738889999688, 0.0], [100.6428574560001, -0.7981435839999514, 0.0], [100.64270030300007, -0.7981078329999138, 0.0], [100.64262389400005, -0.7980872849999119, 0.0], [100.64260373900008, -0.7980911579999632, 0.0], [100.64258643000008, -0.7981089829999285, 0.0], [100.64257163000008, -0.7981462729998982, 0.0], [100.64257357300006, -0.7982298719999881, 0.0], [100.6426008810001, -0.7983308889998942, 0.0], [100.64266119600003, -0.7984316009999756, 0.0], [100.6427629660001, -0.7985404490000123, 0.0], [100.643219054, -0.7989550849999528, 0.0], [100.64333401500001, -0.7990802199999092, 0.0], [100.6435422760001, -0.7993536539999644, 0.0], [100.64368522500011, -0.7997651959999245, 0.0], [100.64368737800002, -0.7999082229999452, 0.0], [100.64364555200002, -0.8000473709999111, 0.0], [100.64355900400007, -0.8001672709999708, 0.0], [100.64344327400008, -0.8002423999999617, 0.0], [100.64332057100005, -0.8002514989999153, 0.0], [100.6431837810001, -0.8002019009999911, 0.0], [100.64308574500008, -0.8001236959999211, 0.0], [100.64300767900001, -0.8000704629999499, 0.0], [100.64295005200003, -0.8000368440000046, 0.0], [100.64291178100007, -0.8000235559998853, 0.0], [100.64290106500007, -0.8000402729999404, 0.0], [100.64289517300003, -0.8000688009999838, 0.0], [100.64289756800005, -0.8001134229999459, 0.0], [100.64294169300005, -0.8002360039999634, 0.0], [100.64303887600002, -0.8003961869999076, 0.0], [100.64308300200011, -0.8004647749999818, 0.0], [100.64311155700008, -0.8005906100000052, 0.0], [100.64310409000008, -0.8007244899999787, 0.0], [100.64302661700006, -0.8008415809998899, 0.0], [100.64290733300005, -0.8009040819999096, 0.0], [100.64279322800013, -0.8009298689999222, 0.0], [100.64264909900001, -0.8009348219999707, 0.0], [100.64250571100004, -0.8009363489999102, 0.0], [100.64231517800009, -0.8009419849999365, 0.0], [100.64221284500006, -0.8009599439999158, 0.0], [100.64216682400007, -0.8009857069999093, 0.0], [100.64211284200005, -0.8010604869999777, 0.0], [100.64207625300013, -0.801154981999985, 0.0], [100.64205496400007, -0.8012515989999761, 0.0], [100.642051129, -0.8013660669999444, 0.0], [100.6420511890001, -0.8015137609999976, 0.0], [100.64206137800005, -0.8017574839999175, 0.0], [100.64206881900013, -0.8019165149999288, 0.0], [100.6420705150001, -0.8020259600000171, 0.0], [100.64205101700009, -0.8021690979999486, 0.0], [100.642009247, -0.8022796109999405, 0.0], [100.64196738700011, -0.8023745219999814, 0.0], [100.64195389000012, -0.802445763000015, 0.0], [100.64195513900005, -0.8025576269999406, 0.0], [100.64197337800005, -0.8026753369999147, 0.0], [100.6420049880001, -0.8028124919998928, 0.0], [100.64203991700005, -0.8029937599999772, 0.0], [100.64211916300003, -0.8033167309999645, 0.0], [100.6421585730001, -0.803542448999985, 0.0], [100.64220869000007, -0.8037393389999409, 0.0], [100.64221848000008, -0.8038960239999378, 0.0], [100.64222154500007, -0.8040442749999418, 0.0], [100.64222158700007, -0.8041502039999077, 0.0], [100.64219504600001, -0.8042840709998829, 0.0], [100.64211425300007, -0.8044468939999546, 0.0], [100.64208010700008, -0.8045169049999724, 0.0], [100.64207084800003, -0.8045652909999754, 0.0], [100.64207221000005, -0.8045843719999495, 0.0], [100.64217889100009, -0.8048157979999198, 0.0], [100.64232960500004, -0.8050035479999115, 0.0], [100.64243259100003, -0.8051446529999506, 0.0], [100.64254051900008, -0.8052953439999798, 0.0], [100.64261825100003, -0.805491581999961, 0.0], [100.64263945100001, -0.8056352369999497, 0.0], [100.64264124100006, -0.8057667919999056, 0.0], [100.64261492500002, -0.8059243909999797, 0.0], [100.64261359100009, -0.8060575009999844, 0.0], [100.64265404200006, -0.8061162669999609, 0.0], [100.64272822300006, -0.8061518489999704, 0.0], [100.64295554700004, -0.8061990229999666, 0.0], [100.64331311100005, -0.8062471749999479, 0.0], [100.6435755750001, -0.8063270469999886, 0.0], [100.64390923500008, -0.8064713349999354, 0.0], [100.6442409010001, -0.8066512119999951, 0.0], [100.64432655400006, -0.8067230039998918, 0.0], [100.64438987300007, -0.8067784349999428, 0.0], [100.64444148500007, -0.8068265029999293, 0.0], [100.64447379100008, -0.8068457149999226, 0.0], [100.64451542700007, -0.806852377999933, 0.0], [100.64460109800004, -0.8068523439999378, 0.0], [100.64471533400008, -0.8068672959999234, 0.0], [100.64497795500004, -0.8070269699999124, 0.0], [100.64502238700008, -0.8070454779999278, 0.0], [100.64506353400012, -0.8070454610000107, 0.0], [100.6453585670001, -0.8070181349999703, 0.0], [100.645468958, -0.8070194449999955, 0.0], [100.6455978720001, -0.8070429859999018, 0.0], [100.64576290800007, -0.8071259669999287, 0.0], [100.64600518800005, -0.8072814309999921, 0.0], [100.64621436700013, -0.8073604309999707, 0.0], [100.646724012, -0.8075634029999712, 0.0], [100.647170412, -0.807659895999957, 0.0], [100.64767065600009, -0.8077518719999328, 0.0], [100.64778327400008, -0.8077937489999361, 0.0], [100.64785948700008, -0.8078535759999995, 0.0], [100.64792647700003, -0.8079416859999207, 0.0], [100.64795332600004, -0.8079571159999438, 0.0], [100.64800190900006, -0.807980211000003, 0.0], [100.64803510900005, -0.8079906399999738, 0.0], [100.6485038600001, -0.8080475089999737, 0.0], [100.64870154300003, -0.8080657389999639, 0.0], [100.6488312540001, -0.8080535899999451, 0.0], [100.64914795100002, -0.8078785849999319, 0.0], [100.6495449760001, -0.8076853299999384, 0.0], [100.65019047700012, -0.8073196169999592, 0.0], [100.65033053300007, -0.8072409609999419, 0.0], [100.65081386400001, -0.8069997499999669, 0.0], [100.65162674800004, -0.8066999479999433, 0.0], [100.65194196900009, -0.80659515899988, 0.0], [100.65233140400008, -0.8064594099999246, 0.0], [100.65247707700004, -0.8064125709999579, 0.0], [100.65274311400003, -0.8063873550000084, 0.0], [100.6529317210001, -0.8063833849999508, 0.0], [100.65306648800005, -0.8064059379999423, 0.0], [100.65321474900009, -0.8064737039999642, 0.0], [100.65326867500009, -0.8065279429999179, 0.0], [100.6533406180001, -0.8067087829999543, 0.0], [100.65353840000002, -0.8070478339999403, 0.0], [100.65376310300005, -0.8073100039999683, 0.0], [100.65396529700008, -0.807450095000007, 0.0], [100.65416747000002, -0.8075404479999293, 0.0], [100.65443250800011, -0.8075765129999835, 0.0], [100.6547469330001, -0.807549253999948, 0.0], [100.65536225600005, -0.8073726530000023, 0.0], [100.65571256600006, -0.8072232929998995, 0.0], [100.65622446600004, -0.8067799509999856, 0.0], [100.65662100300008, -0.8064850429999247, 0.0], [100.65688908400007, -0.8063184609998993, 0.0], [100.65725286300005, -0.8061510079999876, 0.0], [100.65765707400001, -0.8059971029999591, 0.0], [100.65808375900005, -0.8058793629999955, 0.0], [100.65837123100003, -0.8058521129999584, 0.0], [100.65852396500006, -0.805874659999946, 0.0], [100.65866773500005, -0.8059424269999585, 0.0], [100.65874862800008, -0.8060373499999193, 0.0], [100.65883403700005, -0.8061955759999502, 0.0], [100.65887901900004, -0.8063492959999604, 0.0], [100.65887458300004, -0.8064894729999342, 0.0], [100.65877588400012, -0.8067924699999511, 0.0], [100.65868168000006, -0.807104507999921, 0.0], [100.65861441500009, -0.8073848849999397, 0.0], [100.65863786700008, -0.8076616079999176, 0.0], [100.65886065800002, -0.8078237109999213, 0.0], [100.6589633820001, -0.8078818909999378, 0.0], [100.6590945170001, -0.8079436629998988, 0.0], [100.65921080800004, -0.8079773739999374, 0.0], [100.6593242170001, -0.8080169969999308, 0.0], [100.6594046100001, -0.8080562379999855, 0.0], [100.65970982300003, -0.8083690809999289, 0.0], [100.65984433400006, -0.8083550749999264, 0.0], [100.65989585500006, -0.8084946619999291, 0.0], [100.66000840000007, -0.8085193309999191, 0.0], [100.65998712400007, -0.8086123149999899, 0.0], [100.66001507900006, -0.8086685300000196, 0.0], [100.65997235400009, -0.8090391689999439, 0.0], [100.66015878100005, -0.80911809399991, 0.0], [100.66043443200003, -0.8093284819999933, 0.0], [100.66069953600004, -0.8095273300000118, 0.0], [100.66102311300007, -0.8099160659999435, 0.0], [100.66149952500005, -0.8105760429999325, 0.0], [100.66182758100011, -0.810933122999896, 0.0], [100.66201629700001, -0.8110686979999129, 0.0], [100.66238837800006, -0.8112624989999649, 0.0], [100.66268868400003, -0.8114268749999773, 0.0], [100.66315522700009, -0.8115404249999559, 0.0], [100.66339347800009, -0.8115880559999068, 0.0], [100.66350042600006, -0.8115967749999213, 0.0], [100.66361087900005, -0.8115928499999489, 0.0], [100.66390932500005, -0.8115232559999608, 0.0], [100.66413933700007, -0.8114699409998962, 0.0], [100.6645218660001, -0.8113894139999902, 0.0], [100.6650196600001, -0.8113311709999664, 0.0], [100.66513731500004, -0.8113237199999739, 0.0], [100.66532069400004, -0.8112597049999106, 0.0], [100.66542938900005, -0.8112227999999703, 0.0], [100.66557624600003, -0.8111752539999454, 0.0], [100.66593129800002, -0.8111166379998976, 0.0], [100.66662931000005, -0.8110364330000062, 0.0], [100.66698631300008, -0.8109982459999456, 0.0], [100.66753439700005, -0.8109436619999738, 0.0], [100.66791119600005, -0.810927700999973, 0.0], [100.66802232100011, -0.8109179269999722, 0.0], [100.66812250000004, -0.8108957469999948, 0.0], [100.66831339300002, -0.8108422210000147, 0.0], [100.66879209600012, -0.8107229440000041, 0.0], [100.66940329300004, -0.8105964449999198, 0.0], [100.66955296400009, -0.8105453439999558, 0.0], [100.66967184000006, -0.8104878439999941, 0.0], [100.67010685700009, -0.8102543419999602, 0.0], [100.67047700900007, -0.8100841499999885, 0.0], [100.67150083600005, -0.809742017999929, 0.0], [100.67200408000012, -0.8095446449999403, 0.0], [100.6723621550001, -0.8093538309999692, 0.0], [100.67284089700009, -0.8090466689999559, 0.0], [100.67335497900008, -0.8087230779999947, 0.0], [100.673529085, -0.8086326669998933, 0.0], [100.67395147000005, -0.8084840969999517, 0.0], [100.67450014600006, -0.8083314899999262, 0.0], [100.67522603600008, -0.8081655129999608, 0.0], [100.67535331600004, -0.8081127119999396, 0.0], [100.67555802400001, -0.8078583359999422, 0.0], [100.67590886400009, -0.807509590999966, 0.0], [100.67596067500003, -0.8074753909999765, 0.0], [100.67602787900007, -0.8074447029999187, 0.0], [100.6769277600001, -0.8069879919999615, 0.0], [100.67709523900001, -0.8068924889999753, 0.0], [100.67724215200009, -0.8067417509999314, 0.0], [100.67734470500005, -0.806590511999935, 0.0], [100.67802173100003, -0.8068426540000273, 0.0], [100.67836141000006, -0.8069771469999631, 0.0], [100.6784306800001, -0.8069756729999227, 0.0], [100.67891139700001, -0.8067612999999533, 0.0], [100.67921919400007, -0.806584245999952, 0.0], [100.67971171400005, -0.8062493289999573, 0.0], [100.67973932700004, -0.8062050339999302, 0.0], [100.67974380500004, -0.806168857999963, 0.0], [100.67973529700005, -0.8061229259999745, 0.0], [100.67951411600005, -0.8058012239999153, 0.0], [100.6793236870001, -0.8055672589999208, 0.0], [100.67923617300005, -0.8054634369999435, 0.0], [100.67915823900009, -0.8053668749999484, 0.0], [100.67909083600001, -0.805289221999912, 0.0], [100.67900738200004, -0.805218606999937, 0.0], [100.67887634500003, -0.8048805359999512, 0.0], [100.67870090900009, -0.8042611359999382, 0.0], [100.67864075700008, -0.8039394149999699, 0.0], [100.67858778200005, -0.8038287729999698, 0.0], [100.6785464800001, -0.8037687709999712, 0.0], [100.67849984200006, -0.8037144629999118, 0.0], [100.67844951900007, -0.8036783199999484, 0.0], [100.67838888500003, -0.8036523739999263, 0.0], [100.67831629900006, -0.8036341339999284, 0.0], [100.67827974200006, -0.8036218889998941, 0.0], [100.67824398800012, -0.8035972459999086, 0.0], [100.67820373400008, -0.803559348999969, 0.0], [100.67805509600004, -0.803420588999933, 0.0], [100.67803936400006, -0.8033894969999359, 0.0], [100.67803422700008, -0.8033678049999246, 0.0], [100.6780279180001, -0.8032239249999213, 0.0], [100.67802789700009, -0.8031747339999301, 0.0], [100.67803819400005, -0.8031142659999932, 0.0], [100.67803962300009, -0.8030647609999857, 0.0], [100.67802725000004, -0.8030026829999163, 0.0], [100.67798959500003, -0.8029475829999733, 0.0], [100.67795302000012, -0.8029146690000096, 0.0], [100.67792458100007, -0.8028733519999619, 0.0], [100.67792472200009, -0.8028703539999843, 0.0], [100.67794096000009, -0.80279009699999, 0.0], [100.6780473850001, -0.8025141539999009, 0.0], [100.67806030400001, -0.8024201959999416, 0.0], [100.67804459500005, -0.8023291309999643, 0.0], [100.67802093900005, -0.8022459179999125, 0.0], [100.67802788500009, -0.8021646829999501, 0.0], [100.67804535300013, -0.8020422379999341, 0.0], [100.67805226800006, -0.8018927199999117, 0.0], [100.67805418200004, -0.8017805479999492, 0.0], [100.67805413800005, -0.8016731929999538, 0.0], [100.67804736800011, -0.8015795269999346, 0.0], [100.67800922000005, -0.801455171999952, 0.0], [100.67776233300006, -0.800553491999942, 0.0], [100.67770226000006, -0.8004535279999403, 0.0], [100.67764625800005, -0.8003676579999355, 0.0], [100.67761455800009, -0.8003001159999473, 0.0], [100.6776060940001, -0.8002371229999771, 0.0], [100.67761181400003, -0.8001511319999611, 0.0], [100.67762820500006, -0.800062565999923, 0.0], [100.67763362700006, -0.7999558849999715, 0.0], [100.67762233600011, -0.7998471559999513, 0.0], [100.67758276200003, -0.7997205839999585, 0.0], [100.677395635, -0.7994893269999193, 0.0], [100.67734363200005, -0.7994016429999454, 0.0], [100.67734025900003, -0.7993721499999895, 0.0], [100.67734578800005, -0.7993211679999522, 0.0], [100.67736368300011, -0.7992663029999465, 0.0], [100.67738020900006, -0.7992336539999956, 0.0], [100.67741894300006, -0.7991854539999109, 0.0], [100.67744259400007, -0.7991636669999771, 0.0], [100.67749428100008, -0.7991286499999105, 0.0], [100.67757948500011, -0.7990652849999091, 0.0], [100.67764013600006, -0.7990115620000054, 0.0], [100.67769217900012, -0.7989591319999203, 0.0], [100.67778065900006, -0.7988368189999255, 0.0], [100.67782128200005, -0.798771104000001, 0.0], [100.6779087680001, -0.7985897870000087, 0.0], [100.67793060900003, -0.7985371399999184, 0.0], [100.6779668240001, -0.7984641589999124, 0.0], [100.67799415500005, -0.7984236259999367, 0.0], [100.67803481700004, -0.7983794409999223, 0.0], [100.67812523500007, -0.798301915999986, 0.0], [100.67817499100009, -0.7982468979999616, 0.0], [100.67822131800001, -0.7981655239999927, 0.0], [100.67826011700004, -0.7980548879999861, 0.0], [100.67834132500009, -0.7975743439999202, 0.0], [100.67830214400004, -0.7973135409999214, 0.0], [100.67825810600004, -0.7971163139999559, 0.0], [100.67815948800006, -0.7970703679999696, 0.0], [100.67802699000002, -0.7970738989998988, 0.0], [100.67800943900008, -0.7970748349998895, 0.0], [100.67804639200003, -0.7970493960000072, 0.0], [100.67818876200008, -0.7969911069999817, 0.0], [100.67823810800007, -0.7969050309999602, 0.0], [100.67824667600007, -0.7968373069999547, 0.0], [100.67824983500007, -0.7967330179999389, 0.0], [100.6782169730001, -0.79642945299996, 0.0], [100.67820550700013, -0.7963706909998916, 0.0], [100.67801879600005, -0.7958095509999195, 0.0], [100.67769121300003, -0.7950835169999827, 0.0], [100.67761763300008, -0.7949453859999143, 0.0], [100.67755751600008, -0.7948350799999352, 0.0], [100.67748548300007, -0.7947559039999537, 0.0], [100.67743040800003, -0.7947318289999163, 0.0], [100.67741019600005, -0.7947187999999092, 0.0], [100.67740363600005, -0.794711101999978, 0.0], [100.6774030840001, -0.7947030839999425, 0.0], [100.6774183830001, -0.7946575819999936, 0.0], [100.6774321110001, -0.7945870749999389, 0.0], [100.67742874300008, -0.7945079999999602, 0.0], [100.67739753300008, -0.7944556969998915, 0.0], [100.67734978200012, -0.7943698089999057, 0.0], [100.677331253, -0.7943304649999313, 0.0], [100.67732369600009, -0.7942719119999778, 0.0], [100.67732521900004, -0.7942522409999339, 0.0], [100.67734691800005, -0.7942139859999771, 0.0], [100.67737038000004, -0.7941917409999977, 0.0], [100.67746716500005, -0.7940963490000051, 0.0], [100.67750802200007, -0.7940291109999484, 0.0], [100.67752355700011, -0.7939751649999368, 0.0], [100.67752352000011, -0.7938835829999854, 0.0], [100.67744115700003, -0.7937214639999085, 0.0], [100.67729336300006, -0.7935559949999769, 0.0], [100.67727633800008, -0.7935040419999385, 0.0], [100.67727394400006, -0.7934427589999379, 0.0], [100.67727154100004, -0.793366142999994, 0.0], [100.67723171700003, -0.7932610379999934, 0.0], [100.67716589100009, -0.7931633659999008, 0.0], [100.67670166400005, -0.7925516690000061, 0.0], [100.67667512400007, -0.7925008859999877, 0.0], [100.6764404150001, -0.7920671819998858, 0.0], [100.67631508400005, -0.7915877999999256, 0.0], [100.67613077300008, -0.7912261379999401, 0.0], [100.67591059200005, -0.7910272729999173, 0.0], [100.67561361900009, -0.7908471149999338, 0.0], [100.67538255400007, -0.7905961279999444, 0.0], [100.67528130600003, -0.7904597999999514, 0.0], [100.67520466399999, -0.7903492029999387, 0.0], [100.67511634000006, -0.7901765849999625, 0.0], [100.67505157300013, -0.7900082299999692, 0.0], [100.67485973700006, -0.7896192609999371, 0.0], [100.67482348100008, -0.7895445199999849, 0.0], [100.67480297100006, -0.7894517929999414, 0.0], [100.6748053920001, -0.78937285099989, 0.0], [100.67484097000002, -0.7892884849999238, 0.0], [100.67489585300002, -0.7891946459999839, 0.0], [100.67494315400003, -0.789114218999898, 0.0], [100.67503583200006, -0.7888950279999656, 0.0], [100.67508528700007, -0.7886514679999811, 0.0], [100.67475452700006, -0.788208981999958, 0.0], [100.67472329900005, -0.7881502679998947, 0.0], [100.67472037200007, -0.7881477099999507, 0.0], [100.67468761500002, -0.7881437019999828, 0.0], [100.6745671520001, -0.788140961999931, 0.0], [100.67436427300001, -0.7881911079999899, 0.0], [100.67413543000008, -0.7882788859999736, 0.0], [100.674020678, -0.7882878189999081, 0.0], [100.67391153300012, -0.7882460140000013, 0.0], [100.67385395000007, -0.7881687919999233, 0.0], [100.67382542600009, -0.7880807219999236, 0.0], [100.67374581100009, -0.7876434769999747, 0.0], [100.67374235100006, -0.7876389079999624, 0.0], [100.67365391300002, -0.7876376339999422, 0.0], [100.67357883800013, -0.7876166739999011, 0.0], [100.67353504000005, -0.787539588999905, 0.0], [100.67352577000008, -0.7874992259999476, 0.0], [100.67349959100005, -0.7871374099999409, 0.0], [100.67341581300005, -0.786542753999944, 0.0], [100.67336619800002, -0.7860295599999452, 0.0], [100.67342897600008, -0.7857559719999435, 0.0], [100.67349179300003, -0.7855841209999408, 0.0], [100.67359955100008, -0.7854665129999809, 0.0], [100.67367594500007, -0.7853659059999164, 0.0], [100.67373290000008, -0.7852643749999483, 0.0], [100.67380132800005, -0.7851996149999265, 0.0], [100.67404818500006, -0.7849809619999498, 0.0], [100.67416558000009, -0.784915699999969, 0.0], [100.67426506300006, -0.7848870449999069, 0.0], [100.67435629500005, -0.7848557169999827, 0.0], [100.67435766000008, -0.7847683599999504, 0.0], [100.67436257400004, -0.7846669709999985, 0.0], [100.674369611, -0.7845860199999514, 0.0], [100.67424125900004, -0.7844648529999704, 0.0], [100.67412518600014, -0.7843633309999244, 0.0], [100.6740637410001, -0.7842851699999337, 0.0], [100.67399450700006, -0.784196382999958, 0.0], [100.67391926500005, -0.7840634459999797, 0.0], [100.67390889400009, -0.7839983669999162, 0.0], [100.67388799200003, -0.7838498879999765, 0.0], [100.67385063600005, -0.7835272899999329, 0.0], [100.67384882600008, -0.7830031860000009, 0.0], [100.6738575730001, -0.7826861039999674, 0.0], [100.67383279900008, -0.7826042769999403, 0.0], [100.67379454900004, -0.7825108739999378, 0.0], [100.67378261600003, -0.7823852829999534, 0.0], [100.67378092300005, -0.7822102439999373, 0.0], [100.67377772700007, -0.7819263349999894, 0.0], [100.67370650800002, -0.7818926319999503, 0.0], [100.6736172170001, -0.7818651249999847, 0.0], [100.67351191200001, -0.7818308769999056, 0.0], [100.6734540770001, -0.7817251259999438, 0.0], [100.673439962, -0.7814746709999206, 0.0], [100.67341612900007, -0.7812923069999304, 0.0], [100.67338144700004, -0.7811330109999816, 0.0], [100.67337922800004, -0.7810213339999864, 0.0], [100.67340933600005, -0.7808968539998972, 0.0], [100.67345586900008, -0.7808566699999386, 0.0], [100.67351685000006, -0.7808091889999216, 0.0], [100.67357073300008, -0.780759428999984, 0.0], [100.67357970200001, -0.7807232509999271, 0.0], [100.67357519600009, -0.7806870799999484, 0.0], [100.67349271200001, -0.7805494539999297, 0.0], [100.67340206400006, -0.7804267199999934, 0.0], [100.67329291500009, -0.7803073859999795, 0.0], [100.67313059800007, -0.7800937579999622, 0.0], [100.67303986600002, -0.7800461509999355, 0.0], [100.67288818000009, -0.7800430949999572, 0.0], [100.67266102300005, -0.7801991369999929, 0.0], [100.67265989900002, -0.7801995069999195, 0.0], [100.67265785300003, -0.7801976419999509, 0.0], [100.67264090600007, -0.7801774389999729, 0.0], [100.67263538800005, -0.7801561819998979, 0.0], [100.6726403650001, -0.7800881819999489, 0.0], [100.67264032200009, -0.7799814379999102, 0.0], [100.67258442300009, -0.7798556319999805, 0.0], [100.6724933020001, -0.7797699549999209, 0.0], [100.67241478800008, -0.7796926629999148, 0.0], [100.67230641800009, -0.7796086789999873, 0.0], [100.67214530500009, -0.7795111259999046, 0.0], [100.67200895100008, -0.7794298019999194, 0.0], [100.67185788600001, -0.7793422769999637, 0.0], [100.67169515200005, -0.7792680479999518, 0.0], [100.67153759500007, -0.7792090629999504, 0.0], [100.67138523000008, -0.7791664369999807, 0.0], [100.6712523720001, -0.7791163459999207, 0.0], [100.671059078, -0.7789743589999817, 0.0], [100.67077596200002, -0.7786489079999691, 0.0], [100.67051525400004, -0.7781923189999448, 0.0], [100.670389318, -0.7777763709999805, 0.0], [100.67028603200008, -0.777181038999932, 0.0], [100.67028381300007, -0.7771290059999875, 0.0], [100.67029195900004, -0.7769289299999431, 0.0], [100.67031587400008, -0.7767684319999039, 0.0], [100.67032940200002, -0.776659182999914, 0.0], [100.67033979700008, -0.7765525709999817, 0.0], [100.67034724900009, -0.7764697539999641, 0.0], [100.67035611100002, -0.7763396459999539, 0.0], [100.67036318500007, -0.7762147939999268, 0.0], [100.67036936800005, -0.7761598609999094, 0.0], [100.67038232700006, -0.776095935999949, 0.0], [100.67039274000003, -0.7760118070000005, 0.0], [100.67039270700013, -0.7759264239999557, 0.0], [100.67041550200004, -0.7758229810000058, 0.0], [100.67046488500004, -0.7757506129999723, 0.0], [100.67061169700011, -0.7756544629999194, 0.0], [100.67096411100005, -0.7755193199999392, 0.0], [100.67111103600004, -0.7754491839999887, 0.0], [100.67124605500003, -0.7753749759999715, 0.0], [100.67133223000005, -0.775321306999975, 0.0], [100.67141026700001, -0.7752672599999545, 0.0], [100.67152303800002, -0.7751720699999715, 0.0], [100.6715872400001, -0.7751181719999531, 0.0], [100.67166360000002, -0.7750167629999252, 0.0], [100.67173514600007, -0.7749063290000188, 0.0], [100.67178001000006, -0.7748355089999297, 0.0], [100.67184871500005, -0.7747221119999615, 0.0], [100.67194999900009, -0.7745608969999436, 0.0], [100.6719919270001, -0.7744889329999501, 0.0], [100.67207718800005, -0.774327858999941, 0.0], [100.67212032800006, -0.7742300419999208, 0.0], [100.67214727300006, -0.7740912449999946, 0.0], [100.67215991400005, -0.7740664099998849, 0.0], [100.67218826900009, -0.7740343839999078, 0.0], [100.67221254300006, -0.7740155189999365, 0.0], [100.67224537700011, -0.7740036959999403, 0.0], [100.672362289, -0.77397842899998, 0.0], [100.67250643000004, -0.7739402850000147, 0.0], [100.67261737200008, -0.7738593449999811, 0.0], [100.67285488300008, -0.7736433689999674, 0.0], [100.67291984400006, -0.7735639049999709, 0.0], [100.67305311500006, -0.7734200519999699, 0.0], [100.67327563700009, -0.7734159759999842, 0.0], [100.67332008900003, -0.7731468369999259, 0.0], [100.67333866700005, -0.7729056079999413, 0.0], [100.67332380900007, -0.7726364749999625, 0.0], [100.67332378500006, -0.7725744219999033, 0.0], [100.67330538300006, -0.7724653899999409, 0.0], [100.67326220000004, -0.7723399859999528, 0.0], [100.67313633500001, -0.7719776239998967, 0.0], [100.67304627600004, -0.771707831999956, 0.0], [100.67298520100003, -0.7715610489999896, 0.0], [100.67292646500006, -0.7714080359999352, 0.0], [100.67290075700006, -0.771255712999947, 0.0], [100.67289552200008, -0.771158929999931, 0.0], [100.67289680000009, -0.7710015739999704, 0.0], [100.67291140000006, -0.7709107139999972, 0.0], [100.67294478100007, -0.7707916329999154, 0.0], [100.67296592900004, -0.7707422739999186, 0.0], [100.67300872100012, -0.7706671380000067, 0.0], [100.67323430300004, -0.7703706989999867, 0.0], [100.67332339100005, -0.7702740489999929, 0.0], [100.67345510900012, -0.7701398709999832, 0.0], [100.67356260600012, -0.7700213339999484, 0.0], [100.67412847500003, -0.7694570749998949, 0.0], [100.67422695100001, -0.7693732319999764, 0.0], [100.67434305700003, -0.7692785399999593, 0.0], [100.67443494999999, -0.7692181579999379, 0.0], [100.67457564800009, -0.7691361639999941, 0.0], [100.67462640400002, -0.7691122209999658, 0.0], [100.67489519900008, -0.7690479649999683, 0.0], [100.67504171900002, -0.7690391119999577, 0.0], [100.67514733500005, -0.7690370289999587, 0.0], [100.67525897300006, -0.7690389899999456, 0.0], [100.67539532800005, -0.7690520629999639, 0.0], [100.67550911400005, -0.7690688310000054, 0.0], [100.6755945030001, -0.7690801259999672, 0.0], [100.67568497000003, -0.7691101409999723, 0.0], [100.67578111000009, -0.7691490199998968, 0.0], [100.67591156800005, -0.7691968039999365, 0.0], [100.676415692, -0.7694693959999371, 0.0], [100.67647876900008, -0.7694992490000063, 0.0], [100.67648843700007, -0.7695065909999051, 0.0], [100.67649075700011, -0.7695409719999954, 0.0], [100.6764897250001, -0.7696668789999354, 0.0], [100.67649864000003, -0.7697519069999581, 0.0], [100.67653107500006, -0.7698428649999354, 0.0], [100.67656727400004, -0.7698921930000088, 0.0], [100.6765863910001, -0.7699350789999186, 0.0], [100.67662670300007, -0.7700555509999369, 0.0], [100.67676200100007, -0.7702990260000172, 0.0], [100.67682475600012, -0.7703681679999627, 0.0], [100.67689643900009, -0.7704249309999519, 0.0], [100.67697001500005, -0.7704584039999622, 0.0], [100.67706820500008, -0.7704783819999389, 0.0], [100.67712646400011, -0.7704911029999245, 0.0], [100.67718680500005, -0.7704947259999481, 0.0], [100.67729785600008, -0.7705069559999874, 0.0], [100.6774043240001, -0.7704751549999288, 0.0], [100.67741780100006, -0.7704724359999662, 0.0], [100.67744111000003, -0.7704759629999987, 0.0], [100.67745607800003, -0.7704864529998869, 0.0], [100.67751338600006, -0.7705184649999703, 0.0], [100.67760670000006, -0.7705306119999958, 0.0], [100.6776791190001, -0.7705288819999374, 0.0], [100.67775399100007, -0.7705084409999384, 0.0], [100.6778896050001, -0.7704527679999441, 0.0], [100.67797524300009, -0.7703946579999255, 0.0], [100.67800667400012, -0.7703474919999366, 0.0], [100.67804500000008, -0.7703215580000048, 0.0], [100.67811125300005, -0.770333108999993, 0.0], [100.67818440200007, -0.7703658929999422, 0.0], [100.67829412300009, -0.7704150699999343, 0.0], [100.67832353000004, -0.7704164039999614, 0.0], [100.6783435, -0.7704095329999195, 0.0], [100.6783563030001, -0.7703876059999633, 0.0], [100.67840751200006, -0.7702998929999952, 0.0], [100.67842031400005, -0.7702779649999598, 0.0], [100.67844475100011, -0.770267138999948, 0.0], [100.67847356400002, -0.7702744279999301, 0.0], [100.67859491000011, -0.7703296049999642, 0.0], [100.67908029300013, -0.7705503109999347, 0.0], [100.679285023, -0.7706220080000009, 0.0], [100.67942148300003, -0.7706482319999508, 0.0], [100.67988174800008, -0.7707065129999717, 0.0], [100.67999288500005, -0.7707064689999725, 0.0], [100.6800964870001, -0.7707042099999681, 0.0], [100.68051632000001, -0.7706825309999454, 0.0], [100.68069521100007, -0.7706758689999373, 0.0], [100.68079720400007, -0.7706642849999522, 0.0], [100.6808640390001, -0.7706444609999896, 0.0], [100.68096085400002, -0.7706137599999499, 0.0], [100.68141742900005, -0.7704627499999703, 0.0], [100.6816681130001, -0.7704669099999667, 0.0], [100.68192518400005, -0.7703837320000011, 0.0], [100.68197551400004, -0.7703728499999116, 0.0], [100.68208495700013, -0.7703268939999228, 0.0], [100.68235638100003, -0.770211476999961, 0.0], [100.68254674900005, -0.7701236569999864, 0.0], [100.68252781300001, -0.7699401679999867, 0.0], [100.68256759000009, -0.7698633369999414, 0.0], [100.68260786800005, -0.7698087519999571, 0.0], [100.68268806400003, -0.769700850999908, 0.0], [100.68293632700005, -0.769292041999916, 0.0], [100.68322159400012, -0.7687084749999574, 0.0], [100.68343167500011, -0.7682651919999584, 0.0], [100.68345228700011, -0.7682390400000089, 0.0], [100.68346793000008, -0.7682263299999411, 0.0], [100.68351538800009, -0.7682094469999552, 0.0], [100.6842261470001, -0.768020859999994, 0.0], [100.68433586900004, -0.7680006140000051, 0.0], [100.68438666200007, -0.7679951099999965, 0.0], [100.68447185700009, -0.767965878999966, 0.0], [100.68459180300007, -0.7679195459999487, 0.0], [100.68469131200004, -0.7678090589999664, 0.0], [100.68475457600003, -0.7677148359998942, 0.0], [100.68478747000009, -0.7676850079999092, 0.0], [100.68483328700006, -0.7676411579999297, 0.0], [100.68492431600005, -0.7675936799999116, 0.0], [100.6849613460001, -0.7675856799999579, 0.0], [100.68498049700008, -0.7675835279999568, 0.0], [100.68499425900006, -0.7675847819999615, 0.0], [100.68512501500004, -0.7676402179999295, 0.0], [100.68537487400002, -0.7676933539999768, 0.0], [100.68562470400009, -0.7675956369999808, 0.0], [100.68586661300012, -0.7674664409999395, 0.0], [100.68594612800004, -0.7674231810000155, 0.0], [100.68599115400012, -0.7674102069999144, 0.0], [100.68603528300004, -0.7674013049999683, 0.0], [100.6860777670001, -0.7674024469999798, 0.0], [100.68620257400003, -0.7674254019999251, 0.0], [100.68662708900007, -0.7674742679999759, 0.0], [100.68696301200006, -0.7674779509999137, 0.0], [100.68716201200002, -0.7674700159999744, 0.0], [100.68735120500013, -0.7674396459999514, 0.0], [100.687565641, -0.7673358429999769, 0.0], [100.68771235500007, -0.7672352439999157, 0.0], [100.68783009600004, -0.7671344199999117, 0.0], [100.68803322300006, -0.7669468369999343, 0.0], [100.68837568700006, -0.766594443000007, 0.0], [100.68849379000007, -0.7664915359999235, 0.0], [100.68857611800004, -0.7664519669999333, 0.0], [100.68871021900013, -0.7664375569999883, 0.0], [100.68885323700006, -0.7664562779999358, 0.0], [100.68902610500005, -0.7665071799999761, 0.0], [100.68928053900007, -0.7665786319999415, 0.0], [100.68953170100006, -0.7666349319998904, 0.0], [100.6897639370001, -0.7666558929999389, 0.0], [100.69015740300004, -0.7666343299999234, 0.0], [100.69058467100005, -0.7665093239999803, 0.0], [100.68953309500009, -0.7652481969999066, 0.0], [100.68911064200003, -0.7646786329999432, 0.0], [100.68892857900008, -0.764418185999972, 0.0], [100.68869256600009, -0.7638151589999048, 0.0], [100.6885981, -0.7634579849999326, 0.0], [100.68838225100009, -0.7628386009999296, 0.0], [100.688193449, -0.7624633759999676, 0.0], [100.68754435300012, -0.7618764979999082, 0.0], [100.68680703400013, -0.7613124129999522, 0.0], [100.68621412, -0.7605331399999584, 0.0], [100.6857676690001, -0.7597925699999701, 0.0], [100.68561568100006, -0.7595632620000071, 0.0], [100.68559347000009, -0.7595033319999317, 0.0], [100.68553690700011, -0.7593489519999505, 0.0], [100.68547812300004, -0.7592602639999769, 0.0], [100.685428265, -0.7591722139999669, 0.0], [100.68542381600008, -0.7591571229999606, 0.0], [100.68539315500003, -0.7589402589999638, 0.0], [100.68537940600004, -0.7588312640000131, 0.0], [100.68537619300004, -0.7587416749999668, 0.0], [100.68534921700004, -0.7586274260000214, 0.0], [100.68526840000001, -0.7584598969999252, 0.0], [100.68519257500013, -0.7583342959999149, 0.0], [100.6851319150001, -0.7582197469999402, 0.0], [100.68512762700009, -0.7581988269999066, 0.0], [100.68512410000005, -0.7581341539999639, 0.0], [100.6851267600001, -0.758056969999888, 0.0], [100.68512958700006, -0.7579894959998974, 0.0], [100.68513381200006, -0.7579166459999124, 0.0], [100.68514172400009, -0.7578078139999687, 0.0], [100.68513390300006, -0.7577001409999505, 0.0], [100.68510715300008, -0.7576194949999242, 0.0], [100.68505651600006, -0.7575400269999328, 0.0], [100.68500048600005, -0.7574742749999126, 0.0], [100.68497938700007, -0.7574462669999823, 0.0], [100.68496849300006, -0.7574145589999448, 0.0], [100.68497805400006, -0.7573641809999402, 0.0], [100.68499883900009, -0.7573001079998903, 0.0], [100.68503452200011, -0.7572102089999146, 0.0], [100.685054736, -0.7570933599999213, 0.0], [100.68505647800006, -0.7569969689999307, 0.0], [100.68504801900006, -0.7568885909999402, 0.0], [100.68503436100009, -0.7568184379999056, 0.0], [100.68502323000006, -0.7567229309999087, 0.0], [100.68502605700012, -0.7566809979999912, 0.0], [100.68504919100008, -0.7565760059999274, 0.0], [100.68507650800004, -0.7565229209999715, 0.0], [100.68528302500006, -0.7562510599999529, 0.0], [100.68539476700008, -0.7561371429999432, 0.0], [100.6855206600001, -0.7560326909999999, 0.0], [100.68578154100001, -0.7557471569999927, 0.0], [100.68581882600007, -0.7556443249999268, 0.0], [100.68587330600005, -0.7554864579999215, 0.0], [100.68587327100005, -0.7553964279999444, 0.0], [100.68585973600008, -0.7552626979999795, 0.0], [100.68578946600005, -0.7551251649999571, 0.0], [100.68563213300008, -0.7549048099999334, 0.0], [100.68557731200008, -0.7548041289999544, 0.0], [100.68555254600008, -0.7547033659999629, 0.0], [100.68553120500007, -0.7545467259999733, 0.0], [100.68552984400006, -0.7544574899999696, 0.0], [100.68552980900006, -0.7543668449999226, 0.0], [100.68556080800005, -0.754110980999976, 0.0], [100.68565106500004, -0.753819678999955, 0.0], [100.68591716400005, -0.753597263999923, 0.0], [100.68623602800004, -0.7534569679999525, 0.0], [100.68643364300006, -0.7533935869999522, 0.0], [100.68670313900006, -0.7533618309999844, 0.0], [100.68699060000004, -0.7533255449999177, 0.0], [100.68716126000004, -0.7532531319999642, 0.0], [100.68726900300008, -0.7530948319999184, 0.0], [100.68736455800007, -0.7527653619999316, 0.0], [100.68743942800005, -0.7524119920000082, 0.0], [100.68755609700011, -0.7521044719999623, 0.0], [100.68782989900002, -0.7515888949999402, 0.0], [100.68806229000008, -0.7510739449999695, 0.0], [100.68835055800012, -0.7505758379999585, 0.0], [100.68853891200008, -0.7503675239999517, 0.0], [100.68887267000007, -0.7501861679999645, 0.0], [100.68932637600004, -0.7500000069999169, 0.0], [100.68997927500006, -0.7498025509999279, 0.0], [100.6905305540001, -0.7495673239999137, 0.0], [100.69096968700002, -0.7493321449999151, 0.0], [100.69133759400009, -0.7489658979999769, 0.0], [100.69150219700003, -0.748712210999954, 0.0], [100.69167188300013, -0.7482785009999556, 0.0], [100.69172172100008, -0.7479356109999099, 0.0]]]}}]}