{
"type": "FeatureCollection",
"name": "EC-info-adm-kab-slk",
"crs": { "type": "name", "properties": { "name": "urn:ogc:def:crs:EPSG::32747" } },
"features": [
{ "type": "Feature", "properties": { "KDPPUM": null, "NAMOBJ": "BATUBARJANJANG", "REMARK": "Wilayah Administrasi Kecamatan", "KDPBPS": null, "FCODE": null, "LUASWH": 0.0, "UUPP": null, "SRS_ID": null, "LCODE": "BA0080", "METADATA": null, "KDEBPS": null, "KDEPUM": null, "KDCBPS": null, "KDCPUM": null, "KDBBPS": null, "KDBPUM": null, "WADMKD": null, "WIADKD": null, "WADMKC": null, "WIADKC": null, "WADMKK": "SOLOK", "WIADKK": null, "WADMPR": "SUMATERA BARAT", "WIADPR": null, "TIPADM": 0, "SHAPE_Leng": 0.38968699695999998, "SHAPE_Area": 0.00507083931, "fid": 1, "KDPPUM_2": null, "NAMOBJ_2": null, "REMARK_2": null, "KDPBPS_2": null, "FCODE_2": null, "LUASWH_2": null, "UUPP_2": null, "SRS_ID_2": null, "LCODE_2": null, "METADATA_2": null, "KDEBPS_2": null, "KDEPUM_2": null, "KDCBPS_2": null, "KDCPUM_2": null, "KDBBPS_2": null, "KDBPUM_2": null, "WADMKD_2": null, "WIADKD_2": null, "WADMKC_2": null, "WIADKC_2": null, "WADMKK_2": null, "WIADKK_2": null, "WADMPR_2": null, "WIADPR_2": null, "TIPADM_2": null, "SHAPE_Leng_2": null, "SHAPE_Area_2": null, "fid_3": null, "fid_2": null }, "geometry": { "type": "MultiPolygon", "coordinates": [ [ [ [ 708228.252572637051344, 9854881.084507636725903, 0.0 ], [ 708187.388888390734792, 9854844.921632561832666, 0.0 ], [ 708157.033104788861237, 9854811.091539582237601, 0.0 ], [ 708123.174838225357234, 9854779.5948690418154, 0.0 ], [ 708081.143732616561465, 9854756.263868456706405, 0.0 ], [ 708035.610217937501147, 9854745.764916803687811, 0.0 ], [ 708001.751718738116324, 9854753.930771827697754, 0.0 ], [ 707934.034960483433679, 9854791.2603759765625, 0.0 ], [ 707900.176914746174589, 9854813.424776878207922, 0.0 ], [ 707860.89122380327899, 9854828.666982036083937, 0.0 ], [ 707771.133896675775759, 9854817.903097422793508, 0.0 ], [ 707695.118543382268399, 9854828.521737620234489, 0.0 ], [ 707641.693916928255931, 9854851.587055679410696, 0.0 ], [ 707629.092996256425977, 9854892.260281886905432, 0.0 ], [ 707640.842808120767586, 9854974.439109683036804, 0.0 ], [ 707639.164109718753025, 9855039.84663468785584, 0.0 ], [ 707637.48557742848061, 9855125.379709344357252, 0.0 ], [ 707629.416525280801579, 9855227.829132629558444, 0.0 ], [ 707613.675063780974597, 9855287.707344818860292, 0.0 ], [ 707545.805373905343004, 9855312.366564204916358, 0.0 ], [ 707491.817955837817863, 9855343.190643761307001, 0.0 ], [ 707453.255586349521764, 9855395.591314740478992, 0.0 ], [ 707445.542997356737033, 9855449.533453514799476, 0.0 ], [ 707445.541658710804768, 9855523.716184275224805, 0.0 ], [ 707311.435596649185754, 9855734.135428545996547, 0.0 ], [ 707167.918749839183874, 9855816.116294480860233, 0.0 ], [ 707129.316724429721944, 9855862.707839196547866, 0.0 ], [ 707108.332595080137253, 9855915.668232450261712, 0.0 ], [ 707079.028177109197713, 9856024.004190886393189, 0.0 ], [ 707025.879933351418003, 9856104.297761313617229, 0.0 ], [ 706977.60051062121056, 9856159.267607083544135, 0.0 ], [ 706964.12734080653172, 9856217.602659054100513, 0.0 ], [ 706960.758870377438143, 9856266.963459391146898, 0.0 ], [ 706959.411857940722257, 9856286.478610692545772, 0.0 ], [ 706907.499191891751252, 9856367.932228747755289, 0.0 ], [ 706879.919174599228427, 9856381.390179071575403, 0.0 ], [ 706797.956495213089511, 9856407.192315800115466, 0.0 ], [ 706692.415806327015162, 9856464.405774679034948, 0.0 ], [ 706581.041627509519458, 9856528.723879892379045, 0.0 ], [ 706409.226048439275473, 9856570.244199734181166, 0.0 ], [ 706320.146780785406008, 9856542.55374096147716, 0.0 ], [ 706205.371829845476896, 9856478.209328420460224, 0.0 ], [ 706156.852291199262254, 9856439.72546761482954, 0.0 ], [ 706090.542811962193809, 9856354.388896683230996, 0.0 ], [ 706042.792085401131772, 9856261.239817449823022, 0.0 ], [ 705984.826037522871047, 9856152.654885293915868, 0.0 ], [ 705928.042423134786077, 9856071.419269738718867, 0.0 ], [ 705748.282043390674517, 9855992.916792707517743, 0.0 ], [ 705657.174828117829747, 9855949.765241140499711, 0.0 ], [ 705451.704112155362964, 9855723.926938274875283, 0.0 ], [ 704853.719568158150651, 9855508.375616930425167, 0.0 ], [ 704390.095970727037638, 9855617.467136094346642, 0.0 ], [ 704382.205560654518194, 9855625.927872758358717, 0.0 ], [ 704316.607320171664469, 9855615.844318352639675, 0.0 ], [ 704234.024453130317852, 9855612.006636762991548, 0.0 ], [ 704117.832360176369548, 9855644.628126353025436, 0.0 ], [ 704066.938275409163907, 9855683.966008592396975, 0.0 ], [ 704036.209702149964869, 9855742.493147730827332, 0.0 ], [ 704016.043927329243161, 9855814.45250566676259, 0.0 ], [ 703999.719481437001377, 9855856.668833427131176, 0.0 ], [ 703959.388307074434124, 9855907.520385779440403, 0.0 ], [ 703866.242425212869421, 9855948.776930395513773, 0.0 ], [ 703803.759489979012869, 9855978.706866469234228, 0.0 ], [ 703795.153275668853894, 9855994.185197887942195, 0.0 ], [ 703784.825644603231922, 9856040.619545498862863, 0.0 ], [ 703783.104553540004417, 9856118.010255856439471, 0.0 ], [ 703784.825671452912502, 9856216.038626901805401, 0.0 ], [ 703779.662093743216246, 9856259.033592227846384, 0.0 ], [ 703771.908557061455213, 9856280.337743317708373, 0.0 ], [ 703508.856024560751393, 9856562.40397128649056, 0.0 ], [ 703506.541612719651312, 9856594.1511490046978, 0.0 ], [ 703415.254435529583134, 9856682.053185127675533, 0.0 ], [ 703342.209180695354007, 9856742.873155852779746, 0.0 ], [ 703296.217681027017534, 9856788.826011111959815, 0.0 ], [ 703274.574602687265724, 9856841.536748629063368, 0.0 ], [ 703274.574534082203172, 9856919.926930416375399, 0.0 ], [ 703281.337824641610496, 9857095.6294269785285, 0.0 ], [ 703268.774964848184027, 9857196.86434531211853, 0.0 ], [ 703246.133010641671717, 9857320.694584589451551, 0.0 ], [ 703204.424319385085255, 9857413.567430406808853, 0.0 ], [ 703118.623560635605827, 9857562.401930609717965, 0.0 ], [ 703089.046889432123862, 9857662.349838562309742, 0.0 ], [ 703062.801190196769312, 9857780.880926705896854, 0.0 ], [ 703018.110342806554399, 9857874.195163922384381, 0.0 ], [ 702930.247687091236003, 9857975.23503290489316, 0.0 ], [ 702782.704878825112246, 9858081.244191760197282, 0.0 ], [ 702671.633354204474017, 9858152.468937618657947, 0.0 ], [ 702568.850811118027195, 9858200.504359299317002, 0.0 ], [ 702524.11681330925785, 9858212.523562202230096, 0.0 ], [ 701845.632201873580925, 9857454.463321913033724, 0.0 ], [ 700289.09862245596014, 9858166.909579887986183, 0.0 ], [ 700046.447835483821109, 9858960.906454989686608, 0.0 ], [ 700085.172301734099165, 9859060.584475832059979, 0.0 ], [ 700070.260430426103994, 9859081.434776334092021, 0.0 ], [ 700060.462065967032686, 9859120.595597831532359, 0.0 ], [ 700064.024997630971484, 9859149.966255202889442, 0.0 ], [ 700095.363688137033023, 9859245.267918597906828, 0.0 ], [ 700167.899106030352414, 9859520.866745887324214, 0.0 ], [ 700247.718960977159441, 9859714.154212519526482, 0.0 ], [ 700295.704771998221986, 9859861.737032502889633, 0.0 ], [ 700354.152664667926729, 9860005.56423869356513, 0.0 ], [ 700382.205392970237881, 9860095.888525987043977, 0.0 ], [ 700381.084358014515601, 9860160.855676878243685, 0.0 ], [ 700368.752603825880215, 9860223.582618379965425, 0.0 ], [ 700323.910029964405112, 9860313.192540099844337, 0.0 ], [ 700279.670016068965197, 9860344.647837057709694, 0.0 ], [ 700238.091393123148009, 9860365.843691887333989, 0.0 ], [ 700176.996084693819284, 9860406.539525017142296, 0.0 ], [ 700170.207704052678309, 9860431.974565064534545, 0.0 ], [ 700176.147717386484146, 9860465.887791013345122, 0.0 ], [ 700208.384459966095164, 9860527.91655295342207, 0.0 ], [ 700260.907690148451366, 9860620.348956344649196, 0.0 ], [ 700358.859937358181924, 9860705.872358832508326, 0.0 ], [ 700369.397390856873244, 9860730.36541891656816, 0.0 ], [ 700382.351414290489629, 9860830.674501232802868, 0.0 ], [ 700348.347187936306, 9860948.780461123213172, 0.0 ], [ 700366.158824080484919, 9861036.146691408008337, 0.0 ], [ 700356.166336690308526, 9861136.473258601501584, 0.0 ], [ 700351.568375365342945, 9861211.127756670117378, 0.0 ], [ 700429.519800652051345, 9861305.407785553485155, 0.0 ], [ 700457.448502097046003, 9861378.665569500997663, 0.0 ], [ 700584.833785196300596, 9861504.226994004100561, 0.0 ], [ 700820.335380437551066, 9861620.093733508139849, 0.0 ], [ 701015.413467931561172, 9861768.06946162879467, 0.0 ], [ 701139.589217336731963, 9861974.83540047518909, 0.0 ], [ 701214.315729326568544, 9862057.362902136519551, 0.0 ], [ 701280.24806432123296, 9862334.089050464332104, 0.0 ], [ 701208.25811868510209, 9862594.898258974775672, 0.0 ], [ 701134.628995393868536, 9862707.886912357062101, 0.0 ], [ 701013.794893286889419, 9862944.416110208258033, 0.0 ], [ 700941.928962150239386, 9863187.495476463809609, 0.0 ], [ 700973.997616183129139, 9863320.542847242206335, 0.0 ], [ 700988.435352745931596, 9863391.284491673111916, 0.0 ], [ 700918.61088690161705, 9863644.248478665947914, 0.0 ], [ 699934.450949384481646, 9864698.449605103582144, 0.0 ], [ 699837.96250119805336, 9865000.577812813222408, 0.0 ], [ 699973.043342104763724, 9865887.647142982110381, 0.0 ], [ 700048.380122826667503, 9866000.3627212010324, 0.0 ], [ 700032.530446872930042, 9866132.107172286137938, 0.0 ], [ 700067.655981222400442, 9866177.734951907768846, 0.0 ], [ 700211.676232711877674, 9866283.010988067835569, 0.0 ], [ 700274.339134071953595, 9866338.432656792923808, 0.0 ], [ 700404.858797640074044, 9866533.710437539964914, 0.0 ], [ 700337.214464001590386, 9866965.735375188291073, 0.0 ], [ 700127.609978772932664, 9867372.636914337053895, 0.0 ], [ 700116.047221629298292, 9867376.240034636110067, 0.0 ], [ 699995.328471933491528, 9867441.6310307495296, 0.0 ], [ 699911.927012943313457, 9867621.271038614213467, 0.0 ], [ 699763.869280355749652, 9867999.529085636138916, 0.0 ], [ 699728.828253395622596, 9868146.784937281161547, 0.0 ], [ 699290.084277350688353, 9868998.510981930419803, 0.0 ], [ 699206.194721875712276, 9869024.201709356158972, 0.0 ], [ 699112.000110480817966, 9868994.256742833182216, 0.0 ], [ 698866.409947880310938, 9869123.199099760502577, 0.0 ], [ 698591.11605605436489, 9869340.795095400884748, 0.0 ], [ 698514.116686834488064, 9869451.028729612007737, 0.0 ], [ 698367.147090375889093, 9869685.115610789507627, 0.0 ], [ 697884.229559268802404, 9870205.203999672085047, 0.0 ], [ 697665.530778287095018, 9870565.172350673004985, 0.0 ], [ 697785.964890991221182, 9871377.358194015920162, 0.0 ], [ 697540.70743758243043, 9871600.909830190241337, 0.0 ], [ 697473.156182452104986, 9871647.446723593398929, 0.0 ], [ 697373.432078305864707, 9871691.033221645280719, 0.0 ], [ 697284.089917840668932, 9871703.505806563422084, 0.0 ], [ 697122.016641086549498, 9871713.869736332446337, 0.0 ], [ 697022.292366719106212, 9871728.406020617112517, 0.0 ], [ 696891.422622124897316, 9871776.16490152105689, 0.0 ], [ 696762.571265978273004, 9871796.915146686136723, 0.0 ], [ 696590.116157360607758, 9871784.756578812375665, 0.0 ], [ 696479.318002660758793, 9871838.258381679654121, 0.0 ], [ 696348.217441980028525, 9871888.081021629273891, 0.0 ], [ 696185.682657333090901, 9871860.399407401680946, 0.0 ], [ 696109.952181133674458, 9871821.658168779686093, 0.0 ], [ 696030.530564423068427, 9871738.635119516402483, 0.0 ], [ 695982.196994156227447, 9871640.089001132175326, 0.0 ], [ 695932.363718263339251, 9871459.28243369050324, 0.0 ], [ 695875.090110010001808, 9871378.076544901356101, 0.0 ], [ 695797.514133994467556, 9871311.653710650280118, 0.0 ], [ 695723.687273351941258, 9871287.673184143379331, 0.0 ], [ 695599.911586658796296, 9871252.611110324040055, 0.0 ], [ 695527.930325330467895, 9871259.991393089294434, 0.0 ], [ 695468.811050486867316, 9871291.352151600643992, 0.0 ], [ 695348.784494288498536, 9871370.696278367191553, 0.0 ], [ 695151.931623159442097, 9871424.624133804813027, 0.0 ], [ 695126.262682578759268, 9871491.126511160284281, 0.0 ], [ 694669.488678692607209, 9871654.025816489011049, 0.0 ], [ 694135.60176210408099, 9872116.854303559288383, 0.0 ], [ 693247.920346543309279, 9872412.541175937280059, 0.0 ], [ 693060.891420105006546, 9874520.483030958101153, 0.0 ], [ 692700.678775742999278, 9875401.136397823691368, 0.0 ], [ 693189.546728343004361, 9875934.666895819827914, 0.0 ], [ 693221.709346623159945, 9876358.916213447228074, 0.0 ], [ 691877.060771946562454, 9877912.04330637678504, 0.0 ], [ 691458.957756931195036, 9878766.974493127316236, 0.0 ], [ 690260.394567882292904, 9879117.997223641723394, 0.0 ], [ 690238.180472603067756, 9879116.863145822659135, 0.0 ], [ 690117.690877863904461, 9879092.74845707975328, 0.0 ], [ 690016.787421006942168, 9879047.720907017588615, 0.0 ], [ 689891.174992901040241, 9878948.141148708760738, 0.0 ], [ 689822.176624968647957, 9878879.790574420243502, 0.0 ], [ 689653.90316708618775, 9878729.154363721609116, 0.0 ], [ 689519.274793633376248, 9878612.109704595059156, 0.0 ], [ 689338.978021941613406, 9878481.368789345026016, 0.0 ], [ 689277.342594281770289, 9878427.175707207992673, 0.0 ], [ 689178.72618647350464, 9878363.129414042457938, 0.0 ], [ 689106.396646081586368, 9878326.338494475930929, 0.0 ], [ 689005.939087000326253, 9878277.788563629612327, 0.0 ], [ 688837.271600345382467, 9878150.367673488333821, 0.0 ], [ 688741.56229933956638, 9878085.370529074221849, 0.0 ], [ 688651.834888160577975, 9878056.981007633730769, 0.0 ], [ 688541.171311212820001, 9878067.440459737554193, 0.0 ], [ 688421.535214928211644, 9878129.449081188067794, 0.0 ], [ 688315.889693534933031, 9878127.319562885910273, 0.0 ], [ 688247.787965843454003, 9878066.836170637980103, 0.0 ], [ 688175.903188868775032, 9877995.012207075953484, 0.0 ], [ 688112.469936086097732, 9877957.475428758189082, 0.0 ], [ 688003.757308845291846, 9877923.188103502616286, 0.0 ], [ 687938.810659711831249, 9877919.202040335163474, 0.0 ], [ 687844.853545577265322, 9877926.968168521299958, 0.0 ], [ 687790.329077805159613, 9877923.263332597911358, 0.0 ], [ 687740.835216448060237, 9877907.646858794614673, 0.0 ], [ 687680.270138523192145, 9877877.064755219966173, 0.0 ], [ 687628.171226407052018, 9877834.119581069797277, 0.0 ], [ 687568.16106666252017, 9877744.57432765699923, 0.0 ], [ 687510.837789206532761, 9877703.663706922903657, 0.0 ], [ 687448.600627324776724, 9877681.572049347683787, 0.0 ], [ 687375.063981014303863, 9877667.622291406616569, 0.0 ], [ 687291.773313417797908, 9877632.029224932193756, 0.0 ], [ 687180.466640941798687, 9877571.021342638880014, 0.0 ], [ 687091.421426457120106, 9877538.611021906137466, 0.0 ], [ 686998.288751090876758, 9877510.256050480529666, 0.0 ], [ 686897.839973106863908, 9877501.295019084587693, 0.0 ], [ 686826.987885184818879, 9877512.944460378959775, 0.0 ], [ 686659.805118928896263, 9877564.20599913969636, 0.0 ], [ 686607.77152696007397, 9877603.605243120342493, 0.0 ], [ 686566.39064715441782, 9877671.708168115466833, 0.0 ], [ 686546.743463205639273, 9877695.766361776739359, 0.0 ], [ 686515.563155288225971, 9877712.975332291796803, 0.0 ], [ 686469.144460189854726, 9877698.470813859254122, 0.0 ], [ 686405.739177635172382, 9877655.809779422357678, 0.0 ], [ 686391.529101529740728, 9877646.336622314527631, 0.0 ], [ 686379.919724695966579, 9877641.41427338309586, 0.0 ], [ 686368.025112415431067, 9877639.10957801528275, 0.0 ], [ 686315.640197338303551, 9877624.962614487856627, 0.0 ], [ 686287.943290291819721, 9877617.424448227509856, 0.0 ], [ 686274.706812391057611, 9877611.745116671547294, 0.0 ], [ 686263.23573091684375, 9877603.756252400577068, 0.0 ], [ 686254.934643507003784, 9877594.775704987347126, 0.0 ], [ 686246.009353204397485, 9877584.378232732415199, 0.0 ], [ 686221.816640111384913, 9877554.26990476436913, 0.0 ], [ 686213.747422228916548, 9877542.377601105719805, 0.0 ], [ 686208.536211472935975, 9877531.652714164927602, 0.0 ], [ 686204.486889227293432, 9877516.602689392864704, 0.0 ], [ 686203.781159299425781, 9877502.084978574886918, 0.0 ], [ 686207.484493816853501, 9877474.662985200062394, 0.0 ], [ 686207.816261255880818, 9877461.224923959001899, 0.0 ], [ 686207.856316828867421, 9877448.398523533716798, 0.0 ], [ 686205.746937778079882, 9877435.234416469931602, 0.0 ], [ 686202.68786863645073, 9877425.31144349463284, 0.0 ], [ 686176.079867333755828, 9877359.707770377397537, 0.0 ], [ 686172.576322444831021, 9877346.555290814489126, 0.0 ], [ 686170.949082006234676, 9877334.146714027971029, 0.0 ], [ 686167.135013888007961, 9877296.218432065099478, 0.0 ], [ 686165.985905560897663, 9877279.841717835515738, 0.0 ], [ 686164.677354336366989, 9877272.412617050111294, 0.0 ], [ 686162.549868925125338, 9877267.586873356252909, 0.0 ], [ 686158.483480714261532, 9877261.148342087864876, 0.0 ], [ 686130.692787260748446, 9877236.495240623131394, 0.0 ], [ 686100.372093037702143, 9877215.183801045641303, 0.0 ], [ 686090.672541472245939, 9877210.995291380211711, 0.0 ], [ 686083.376421952503733, 9877209.324275420978665, 0.0 ], [ 686073.671360049163923, 9877209.361723637208343, 0.0 ], [ 686066.342297297436744, 9877210.250714413821697, 0.0 ], [ 686036.263138481415808, 9877220.611294079571962, 0.0 ], [ 686003.892443401506171, 9877233.631012892350554, 0.0 ], [ 685989.389034710591659, 9877236.006464039906859, 0.0 ], [ 685976.727485221810639, 9877235.687418239191175, 0.0 ], [ 685917.862197812646627, 9877217.653830366209149, 0.0 ], [ 685834.617811533273198, 9877179.896222254261374, 0.0 ], [ 685820.500142033793963, 9877168.602270977571607, 0.0 ], [ 685809.535725272959098, 9877159.405193209648132, 0.0 ], [ 685789.69368412415497, 9877139.424064548686147, 0.0 ], [ 685782.30067922337912, 9877127.398160681128502, 0.0 ], [ 685777.759155811043456, 9877113.674604307860136, 0.0 ], [ 685774.680572927929461, 9877099.147537603974342, 0.0 ], [ 685774.168668086873367, 9877084.924767343327403, 0.0 ], [ 685773.648026689421386, 9877065.489257615059614, 0.0 ], [ 685773.173340640496463, 9877055.283755104988813, 0.0 ], [ 685771.167736150324345, 9877046.718101564794779, 0.0 ], [ 685768.825764575623907, 9877043.83566983602941, 0.0 ], [ 685765.083613057155162, 9877040.945405088365078, 0.0 ], [ 685700.624396240222268, 9877024.69221755489707, 0.0 ], [ 685669.901767639210448, 9877011.648266127333045, 0.0 ], [ 685652.871391952503473, 9877001.611251855269074, 0.0 ], [ 685637.036920225713402, 9876987.183960862457752, 0.0 ], [ 685555.745816456037574, 9876917.548662800341845, 0.0 ], [ 685539.386603468330577, 9876904.955716563388705, 0.0 ], [ 685529.110658244579099, 9876900.573366668075323, 0.0 ], [ 685514.849153120769188, 9876895.861316926777363, 0.0 ], [ 685473.428363575949334, 9876882.99858189560473, 0.0 ], [ 685447.218643265776336, 9876873.751535875722766, 0.0 ], [ 685429.962705614510924, 9876864.342407325282693, 0.0 ], [ 685411.568754536565393, 9876855.79521126486361, 0.0 ], [ 685390.566030184738338, 9876848.266582693904638, 0.0 ], [ 685368.332513330271468, 9876839.908212892711163, 0.0 ], [ 685356.559307186165825, 9876837.217993656173348, 0.0 ], [ 685349.345756025868468, 9876836.637890581041574, 0.0 ], [ 685342.633077815640718, 9876837.071057675406337, 0.0 ], [ 685302.385648968978785, 9876845.044216938316822, 0.0 ], [ 685282.928924118867144, 9876850.532888192683458, 0.0 ], [ 685256.466036285273731, 9876863.178218517452478, 0.0 ], [ 685188.700414840131998, 9876900.4322101008147, 0.0 ], [ 685130.808976972824894, 9876921.463423242792487, 0.0 ], [ 685111.672721698181704, 9876928.183724476024508, 0.0 ], [ 685073.430580835789442, 9876938.238092146813869, 0.0 ], [ 685055.158658995525911, 9876939.962124863639474, 0.0 ], [ 685039.903919811360538, 9876940.152295170351863, 0.0 ], [ 684978.44352588953916, 9876930.006202725693583, 0.0 ], [ 684962.853864001459442, 9876924.824602469801903, 0.0 ], [ 684948.177760285325348, 9876918.846109479665756, 0.0 ], [ 684933.649533957242966, 9876906.669896882027388, 0.0 ], [ 684874.831759153283201, 9876866.432244420051575, 0.0 ], [ 684833.613360886811279, 9876836.011349610984325, 0.0 ], [ 684747.022882144083269, 9876794.790196269750595, 0.0 ], [ 684726.524483413202688, 9876783.402015062049031, 0.0 ], [ 684715.337439055088907, 9876774.803756512701511, 0.0 ], [ 684703.509274783311412, 9876765.368569390848279, 0.0 ], [ 684692.548044953960925, 9876755.950254824012518, 0.0 ], [ 684680.85209224477876, 9876750.041189773008227, 0.0 ], [ 684667.058802837273106, 9876742.586885444819927, 0.0 ], [ 684624.752837392268702, 9876734.695506166666746, 0.0 ], [ 684595.685650290455669, 9876733.447104819118977, 0.0 ], [ 684572.431772295036353, 9876730.516533622518182, 0.0 ], [ 684557.993553861044347, 9876725.325332403182983, 0.0 ], [ 684542.506897126790136, 9876717.000966858118773, 0.0 ], [ 684530.875292229000479, 9876704.383596230298281, 0.0 ], [ 684502.795553894364275, 9876669.501067375764251, 0.0 ], [ 684485.486843013670295, 9876651.977719431743026, 0.0 ], [ 684476.887350838631392, 9876642.805442571640015, 0.0 ], [ 684468.071932613034733, 9876638.566020162776113, 0.0 ], [ 684456.88603101472836, 9876635.714238233864307, 0.0 ], [ 684451.03434247802943, 9876635.439655469730496, 0.0 ], [ 684420.11090797977522, 9876643.273438127711415, 0.0 ], [ 684399.590751712559722, 9876650.483009368181229, 0.0 ], [ 684384.014004592318088, 9876655.878321198746562, 0.0 ], [ 684367.215006094891578, 9876661.765392314642668, 0.0 ], [ 684349.376715118880384, 9876661.980999367311597, 0.0 ], [ 684331.124475293327123, 9876655.435386940836906, 0.0 ], [ 684317.231590333161876, 9876644.006009664386511, 0.0 ], [ 684305.383150436216965, 9876627.364210098981857, 0.0 ], [ 684276.952037432347424, 9876590.227241054177284, 0.0 ], [ 684257.380279062548652, 9876569.350606748834252, 0.0 ], [ 684243.28158579277806, 9876550.969931442290545, 0.0 ], [ 684232.539733166573569, 9876540.113676303997636, 0.0 ], [ 684220.651403556345031, 9876533.660356784239411, 0.0 ], [ 684173.322800608817488, 9876514.74618036672473, 0.0 ], [ 684145.739838283043355, 9876502.340720670297742, 0.0 ], [ 684129.239165453007445, 9876494.416673470288515, 0.0 ], [ 684110.112820900045335, 9876485.739086240530014, 0.0 ], [ 684095.939482686342672, 9876475.503335926681757, 0.0 ], [ 684050.338709450792521, 9876441.696032725274563, 0.0 ], [ 684033.39015981182456, 9876428.214095715433359, 0.0 ], [ 684022.940927607938647, 9876420.710375040769577, 0.0 ], [ 684013.112603183370084, 9876415.706668503582478, 0.0 ], [ 684002.597603169851936, 9876414.149033458903432, 0.0 ], [ 683993.94181476184167, 9876414.254090229049325, 0.0 ], [ 683951.694546388229355, 9876426.288729412481189, 0.0 ], [ 683901.884749607881531, 9876442.092864017933607, 0.0 ], [ 683892.571254597976804, 9876442.729497883468866, 0.0 ], [ 683883.244896551594138, 9876443.648330569267273, 0.0 ], [ 683870.764155709766783, 9876442.167541928589344, 0.0 ], [ 683857.941513726022094, 9876437.544906741008162, 0.0 ], [ 683834.212465326068923, 9876425.87471622787416, 0.0 ], [ 683823.683097844012082, 9876422.700673494488001, 0.0 ], [ 683815.42460193997249, 9876421.912815636023879, 0.0 ], [ 683802.966141681186855, 9876423.823733629658818, 0.0 ], [ 683745.689522140193731, 9876438.576689513400197, 0.0 ], [ 683700.946459099883214, 9876446.800218345597386, 0.0 ], [ 683681.57944122212939, 9876448.852348374202847, 0.0 ], [ 683639.244148813420907, 9876459.6490673199296, 0.0 ], [ 683621.022135869250633, 9876464.768165905028582, 0.0 ], [ 683608.225482092937455, 9876471.507148668169975, 0.0 ], [ 683596.717134412028827, 9876478.054661970585585, 0.0 ], [ 683573.152300868183374, 9876499.505162037909031, 0.0 ], [ 683555.494869192247279, 9876514.256373846903443, 0.0 ], [ 683538.992212180164643, 9876524.308534678071737, 0.0 ], [ 683521.824620524654165, 9876532.132726846262813, 0.0 ], [ 683484.0926027323585, 9876545.493743505328894, 0.0 ], [ 683462.388909811154008, 9876551.432820806279778, 0.0 ], [ 683451.723675822955556, 9876556.218805430456996, 0.0 ], [ 683444.136849652044475, 9876561.711084697395563, 0.0 ], [ 683424.010072226636112, 9876588.117542807012796, 0.0 ], [ 683415.55726906482596, 9876599.461572919040918, 0.0 ], [ 683408.20306729443837, 9876607.947246413677931, 0.0 ], [ 683397.932031364296563, 9876617.65133772790432, 0.0 ], [ 683386.144220183603466, 9876626.211036605760455, 0.0 ], [ 683290.901604845654219, 9876685.015101622790098, 0.0 ], [ 683190.659298380720429, 9876618.547202251851559, 0.0 ], [ 683162.108610969036818, 9876595.971757741644979, 0.0 ], [ 683142.636663298704661, 9876576.931890912353992, 0.0 ], [ 683122.997966413386166, 9876555.861163100227714, 0.0 ], [ 683106.849619215819985, 9876544.286331413313746, 0.0 ], [ 683095.914661798859015, 9876537.241992332041264, 0.0 ], [ 683085.542503732140176, 9876530.512370614334941, 0.0 ], [ 683079.032890563132241, 9876527.927864139899611, 0.0 ], [ 683069.885313078062609, 9876525.869629768654704, 0.0 ], [ 683057.860062218154781, 9876525.387502785772085, 0.0 ], [ 682993.403792584547773, 9876529.730301154777408, 0.0 ], [ 682975.14317180775106, 9876531.025525053963065, 0.0 ], [ 682962.477054914459586, 9876529.539498997852206, 0.0 ], [ 682951.322411079425365, 9876525.8948411680758, 0.0 ], [ 682938.145084584131837, 9876517.825166814029217, 0.0 ], [ 682926.894545907154679, 9876508.688349036499858, 0.0 ], [ 682925.333582767867483, 9876506.735560370609164, 0.0 ], [ 682852.577872062451206, 9876577.470968037843704, 0.0 ], [ 682797.573428363539279, 9876617.801650926470757, 0.0 ], [ 682776.61605089053046, 9876633.308289561420679, 0.0 ], [ 682754.65534547122661, 9876638.923779210075736, 0.0 ], [ 682734.271782505675219, 9876639.789138427004218, 0.0 ], [ 682710.062946443096735, 9876636.45927007496357, 0.0 ], [ 682670.903302334714681, 9876631.74647518619895, 0.0 ], [ 682639.293264656560495, 9876631.239319756627083, 0.0 ], [ 682621.740009882021695, 9876632.394239980727434, 0.0 ], [ 682603.589600585983135, 9876640.87505004927516, 0.0 ], [ 682569.32596240285784, 9876657.538961865007877, 0.0 ], [ 682500.947442061151378, 9876705.750326646491885, 0.0 ], [ 682395.941167682874948, 9876768.457546107470989, 0.0 ], [ 682328.253391622565687, 9876810.330755403265357, 0.0 ], [ 682252.169384344946593, 9876869.449925554916263, 0.0 ], [ 682234.887769679771736, 9876889.129661789163947, 0.0 ], [ 682219.809817526838742, 9876909.480582289397717, 0.0 ], [ 682212.730969052296132, 9876924.593056254088879, 0.0 ], [ 682203.081015007104725, 9876953.19810414686799, 0.0 ], [ 682178.096813185838982, 9877015.876228174194694, 0.0 ], [ 682168.123615210992284, 9877044.658367188647389, 0.0 ], [ 682157.089175749802962, 9877069.842067277058959, 0.0 ], [ 682147.324845742550679, 9877089.732123922556639, 0.0 ], [ 682127.2117209371645, 9877120.435933295637369, 0.0 ], [ 682069.906606554170139, 9877200.556453205645084, 0.0 ], [ 682007.839963564067148, 9877290.59875944070518, 0.0 ], [ 681926.91405631788075, 9877427.590621020644903, 0.0 ], [ 681901.7176815738203, 9877477.241333901882172, 0.0 ], [ 681868.731187087367289, 9877512.967876702547073, 0.0 ], [ 681854.174727226840332, 9877525.694055190309882, 0.0 ], [ 681734.153185425093397, 9877617.036234708502889, 0.0 ], [ 681668.948327114339918, 9877658.940582860261202, 0.0 ], [ 681529.615913127432577, 9877712.240696402266622, 0.0 ], [ 681362.690753217786551, 9877739.569153046235442, 0.0 ], [ 681230.73037445708178, 9877777.064182884991169, 0.0 ], [ 681141.745983479893766, 9877806.112372709438205, 0.0 ], [ 681102.648000755114481, 9877829.703494356945157, 0.0 ], [ 681057.526682427152991, 9877861.586519448086619, 0.0 ], [ 680974.991893600206822, 9877957.5550123360008, 0.0 ], [ 680942.552240974735469, 9877996.545235849916935, 0.0 ], [ 680882.506626829504967, 9878042.496091317385435, 0.0 ], [ 680821.46852727746591, 9878068.028630847111344, 0.0 ], [ 680734.577475633355789, 9878107.289007605984807, 0.0 ], [ 680665.064827188849449, 9878182.656024120748043, 0.0 ], [ 680640.384757278021425, 9878266.9097064062953, 0.0 ], [ 680649.967101698392071, 9878396.164508862420917, 0.0 ], [ 680679.991592795122415, 9878506.929796438664198, 0.0 ], [ 680426.14143115922343, 9878829.404720291495323, 0.0 ], [ 680486.677272133878432, 9879249.854388937354088, 0.0 ], [ 680476.767936290241778, 9879267.507623258978128, 0.0 ], [ 680470.749753494281322, 9879307.774009943008423, 0.0 ], [ 680486.859260273166001, 9879425.594873597845435, 0.0 ], [ 680524.851677692029625, 9879514.993452163413167, 0.0 ], [ 680602.85169436247088, 9880056.739971837028861, 0.0 ], [ 680593.973951861844398, 9880071.780732655897737, 0.0 ], [ 680587.322754951077513, 9880099.567288998514414, 0.0 ], [ 680599.35052452806849, 9880134.462434334680438, 0.0 ], [ 680619.310558618046343, 9880171.054465714842081, 0.0 ], [ 680639.779136214056052, 9880313.218290142714977, 0.0 ], [ 680291.97275737230666, 9881140.604466579854488, 0.0 ], [ 680335.215539558790624, 9881238.113605923950672, 0.0 ], [ 680341.843941238475963, 9881276.681412836536765, 0.0 ], [ 680376.718869408941828, 9881331.700414378196001, 0.0 ], [ 680542.832047807867639, 9881706.272822542116046, 0.0 ], [ 680556.173765319515951, 9882408.705342076718807, 0.0 ], [ 680543.541259148158133, 9882437.741651756688952, 0.0 ], [ 680436.069671324337833, 9882562.283578442409635, 0.0 ], [ 680412.762700917432085, 9882569.675140686333179, 0.0 ], [ 680365.253745668218471, 9882565.691719511523843, 0.0 ], [ 680270.568442966789007, 9882542.455507123842835, 0.0 ], [ 680133.092988124699332, 9882483.78876132145524, 0.0 ], [ 679969.4504060940817, 9882404.67167030647397, 0.0 ], [ 679865.323431544937193, 9882327.604222793132067, 0.0 ], [ 679826.452300984179601, 9882276.436575245112181, 0.0 ], [ 679759.069228710373864, 9882200.411775004118681, 0.0 ], [ 679694.050107797374949, 9882157.105467906221747, 0.0 ], [ 679646.636571800336242, 9882137.502889769151807, 0.0 ], [ 679565.684964020503685, 9882121.775731673464179, 0.0 ], [ 679481.038391087669879, 9882118.05027225241065, 0.0 ], [ 679389.62381925189402, 9882129.454598454758525, 0.0 ], [ 679264.368047133437358, 9882164.515532759949565, 0.0 ], [ 679162.903168020304292, 9882196.196406012400985, 0.0 ], [ 679107.023071775329299, 9882206.187533466145396, 0.0 ], [ 678510.198641995782964, 9881571.291445046663284, 0.0 ], [ 677710.147093754494563, 9881233.464463939890265, 0.0 ], [ 676901.21382409054786, 9881268.269189292564988, 0.0 ], [ 676858.919000486144796, 9881213.48696875013411, 0.0 ], [ 676785.0489111461211, 9881162.414020746946335, 0.0 ], [ 676667.352845223387703, 9881119.280484743416309, 0.0 ], [ 676639.323546711355448, 9881131.711211305111647, 0.0 ], [ 676574.064613503869623, 9881207.849194684997201, 0.0 ], [ 676493.316024073748849, 9881285.819179426878691, 0.0 ], [ 676439.867058600764722, 9881288.118845708668232, 0.0 ], [ 676453.354207959608175, 9881316.791918003931642, 0.0 ], [ 676385.980439007747918, 9881352.693360541015863, 0.0 ], [ 676313.531699875718914, 9881395.635325254872441, 0.0 ], [ 676197.488261450198479, 9881437.502808334305882, 0.0 ], [ 676085.270193992881104, 9881452.500014830380678, 0.0 ], [ 675996.440986187430099, 9881478.765176927670836, 0.0 ], [ 675947.664969346951693, 9881508.547727728262544, 0.0 ], [ 675912.556234516203403, 9881567.814079755917192, 0.0 ], [ 675894.515334962052293, 9881636.947375992313027, 0.0 ], [ 675687.382333838031627, 9881725.679603081196547, 0.0 ], [ 675418.555612912750803, 9883158.44296583160758, 0.0 ], [ 675393.706132085993886, 9883162.265686662867665, 0.0 ], [ 675249.310721984133124, 9883188.982919992879033, 0.0 ], [ 675222.571034616325051, 9883205.013227680698037, 0.0 ], [ 675180.031990443007089, 9883247.450373312458396, 0.0 ], [ 675179.951249771867879, 9883272.437742203474045, 0.0 ], [ 674960.519578160252422, 9883371.269816258922219, 0.0 ], [ 674314.489310896024108, 9884193.20110622048378, 0.0 ], [ 673516.871107882005163, 9884283.195127166807652, 0.0 ], [ 673298.170948165468872, 9884553.164699716493487, 0.0 ], [ 673195.248902067425661, 9885536.671641405671835, 0.0 ], [ 672802.882268238230608, 9885954.491829439997673, 0.0 ], [ 672822.171504731290042, 9886758.004054352641106, 0.0 ], [ 672551.678189456812106, 9888299.651881355792284, 0.0 ], [ 672498.899338405462913, 9889140.537357650697231, 0.0 ], [ 672649.479737703222781, 9889477.951433217152953, 0.0 ], [ 672600.409038443118334, 9889666.678527707234025, 0.0 ], [ 672584.26515504217241, 9889673.624101972207427, 0.0 ], [ 672572.093790458980948, 9889683.277174519374967, 0.0 ], [ 672568.453546844655648, 9889691.349037252366543, 0.0 ], [ 672568.812636609538458, 9889701.583445031195879, 0.0 ], [ 672573.812298898817971, 9889714.309929912909865, 0.0 ], [ 672583.462419402902015, 9889731.855633825063705, 0.0 ], [ 672536.907989454921335, 9889910.905095769092441, 0.0 ], [ 672525.93091271375306, 9889924.024022767320275, 0.0 ], [ 672514.582711954019032, 9889946.72043545730412, 0.0 ], [ 672508.493401998886839, 9889971.077695185318589, 0.0 ], [ 672507.129899800173007, 9890005.709102803841233, 0.0 ], [ 672506.699449355946854, 9890027.087870573624969, 0.0 ], [ 672478.899746461072937, 9890134.006199315190315, 0.0 ], [ 672487.062117406865582, 9890155.680029638111591, 0.0 ], [ 672483.213011984829791, 9890173.321715995669365, 0.0 ], [ 672479.973567484295927, 9890201.396246312186122, 0.0 ], [ 672480.227403981029056, 9890229.561796532943845, 0.0 ], [ 672486.595679775811732, 9890246.543529350310564, 0.0 ], [ 672492.684744758997113, 9890257.199509525671601, 0.0 ], [ 672530.063055901438929, 9890288.704047793522477, 0.0 ], [ 672539.560537678538822, 9890295.080929294228554, 0.0 ], [ 672582.510583338676952, 9890409.127694401890039, 0.0 ], [ 672580.867667126352899, 9890411.936556650325656, 0.0 ], [ 672570.023118145531043, 9890425.303053898736835, 0.0 ], [ 672567.51889676018618, 9890436.035488706082106, 0.0 ], [ 672570.267206971067935, 9890450.757746338844299, 0.0 ], [ 672578.912073958897963, 9890461.722247507423162, 0.0 ], [ 672595.184572089114226, 9890476.367299335077405, 0.0 ], [ 672614.550482007325627, 9890494.204362921416759, 0.0 ], [ 672736.667069145012647, 9890818.464826794341207, 0.0 ], [ 672707.149831348331645, 9890894.154897378757596, 0.0 ], [ 672700.370746988337487, 9890900.375682726502419, 0.0 ], [ 672687.117502801935188, 9890917.526705941185355, 0.0 ], [ 672677.097118996083736, 9890934.311112903058529, 0.0 ], [ 672672.892886137124151, 9890948.395200569182634, 0.0 ], [ 672674.184370539267547, 9890956.43113436549902, 0.0 ], [ 672680.342196801560931, 9890962.896822521463037, 0.0 ], [ 672624.974792200955562, 9891104.873615577816963, 0.0 ], [ 672593.785487094079144, 9891129.443817935883999, 0.0 ], [ 672579.18647348205559, 9891147.506880410015583, 0.0 ], [ 672568.989593895385042, 9891170.13901456259191, 0.0 ], [ 672564.144895953359082, 9891195.89273507706821, 0.0 ], [ 672564.144930368871428, 9891246.726824857294559, 0.0 ], [ 672563.782061894540675, 9891261.78809748403728, 0.0 ], [ 672426.407693417277187, 9891614.05261891707778, 0.0 ], [ 672399.885920024709776, 9891622.19289768487215, 0.0 ], [ 672367.287493311217986, 9891626.379825029522181, 0.0 ], [ 672328.989261574810371, 9891630.483360098674893, 0.0 ], [ 672307.779560057446361, 9891638.46544960513711, 0.0 ], [ 672302.996586239896715, 9891644.045637419447303, 0.0 ], [ 672301.716622634325176, 9891655.564965268597007, 0.0 ], [ 672305.223890526336618, 9891679.864864291623235, 0.0 ], [ 672316.154746919637546, 9891709.724604146555066, 0.0 ], [ 672328.428686477127485, 9891735.073312360793352, 0.0 ], [ 672338.642370859743096, 9891749.37228387221694, 0.0 ], [ 672356.373194547952153, 9891759.472165398299694, 0.0 ], [ 672368.658676863880828, 9891762.136500246822834, 0.0 ], [ 672266.659746388089843, 9892023.688963266089559, 0.0 ], [ 672254.168482990702614, 9892031.151175182312727, 0.0 ], [ 672230.836294816923328, 9892044.761709062382579, 0.0 ], [ 672205.138172778650187, 9892064.101567627862096, 0.0 ], [ 672183.799573649535887, 9892089.296579208225012, 0.0 ], [ 672174.952917232993059, 9892108.424670813605189, 0.0 ], [ 672171.178499107132666, 9892132.580190172418952, 0.0 ], [ 672171.444958645035513, 9892159.221365503966808, 0.0 ], [ 672177.904392626020126, 9892220.078752104192972, 0.0 ], [ 672180.694949636934325, 9892244.125630769878626, 0.0 ], [ 672099.967381736962125, 9892451.13264662027359, 0.0 ], [ 672097.771145035861991, 9892451.607178691774607, 0.0 ], [ 672068.439660215517506, 9892449.978090666234493, 0.0 ], [ 672067.586074235150591, 9892534.166955837979913, 0.0 ], [ 671991.618487813510001, 9892728.968109589070082, 0.0 ], [ 671418.685102382092737, 9893154.893063185736537, 0.0 ], [ 671201.649438595864922, 9893966.014935418963432, 0.0 ], [ 670983.028508745017461, 9894176.395910926163197, 0.0 ], [ 670923.549701852025464, 9894849.033086055889726, 0.0 ], [ 671107.245796696050093, 9895490.082909226417542, 0.0 ], [ 671997.691436133813113, 9896690.951398069038987, 0.0 ], [ 672174.578885736642405, 9897291.516921138390899, 0.0 ], [ 672507.48856785451062, 9897358.852527977898717, 0.0 ], [ 672687.046238030539826, 9897638.898770714178681, 0.0 ], [ 672685.499905502307229, 9897696.500020669773221, 0.0 ], [ 672696.999960102373734, 9897804.500024335458875, 0.0 ], [ 672700.999948054086417, 9897946.000074587762356, 0.0 ], [ 672699.499975775834173, 9898004.000062704086304, 0.0 ], [ 672708.999890534440055, 9898055.500082459300756, 0.0 ], [ 672733.999842107063159, 9898089.999996880069375, 0.0 ], [ 672780.99995786533691, 9898110.000081811100245, 0.0 ], [ 672830.499951909529045, 9898114.999981164932251, 0.0 ], [ 672880.499900110065937, 9898110.500039579346776, 0.0 ], [ 672926.361119967303239, 9898097.379547458142042, 0.0 ], [ 672977.76988580415491, 9898057.564489765092731, 0.0 ], [ 673000.999876856338233, 9898046.999981738626957, 0.0 ], [ 673054.916996418498456, 9898047.564557425677776, 0.0 ], [ 673138.49989937664941, 9898052.999986970797181, 0.0 ], [ 673177.979584995657206, 9898069.765354683622718, 0.0 ], [ 673720.949927488924004, 9899071.622207127511501, 0.0 ], [ 673722.499868822982535, 9899090.000044899061322, 0.0 ], [ 673735.499872220796533, 9899112.000151002779603, 0.0 ], [ 673749.414973835228011, 9899124.144231822341681, 0.0 ], [ 673892.089727385086007, 9899387.399272343143821, 0.0 ], [ 673893.999874436995015, 9899405.000034982338548, 0.0 ], [ 673983.499864973360673, 9899681.500148721039295, 0.0 ], [ 673987.999904927099124, 9899702.000090006738901, 0.0 ], [ 674006.999862077413127, 9899735.499993873760104, 0.0 ], [ 674037.302124326233752, 9899769.384896371513605, 0.0 ], [ 674041.16208563814871, 9899776.847375681623816, 0.0 ], [ 674179.989114040276036, 9900449.05269536562264, 0.0 ], [ 674036.46691038145218, 9901157.305053766816854, 0.0 ], [ 674011.499835685128346, 9901189.999920103698969, 0.0 ], [ 673978.6029447511537, 9901227.413164459168911, 0.0 ], [ 673960.188039660337381, 9901255.534845992922783, 0.0 ], [ 673535.069189178524539, 9901502.136108905076981, 0.0 ], [ 672094.808153446414508, 9905022.623247351497412, 0.0 ], [ 671915.499868923914619, 9905017.499993033707142, 0.0 ], [ 671837.49985623115208, 9905029.00014222227037, 0.0 ], [ 671763.499874504283071, 9905045.999987931922078, 0.0 ], [ 671672.499913595151156, 9905057.500032125040889, 0.0 ], [ 671559.999903128715232, 9905081.999990198761225, 0.0 ], [ 671513.428825185750611, 9905101.970121096819639, 0.0 ], [ 671451.999903708929196, 9905143.500071808695793, 0.0 ], [ 671383.999920642236248, 9905183.500128857791424, 0.0 ], [ 671355.99995730817318, 9905191.500002978369594, 0.0 ], [ 671311.999853841145523, 9905202.000004287809134, 0.0 ], [ 671251.49999918253161, 9905232.500088712200522, 0.0 ], [ 671206.500011570286006, 9905272.499994920566678, 0.0 ], [ 671150.999942274414934, 9905365.000045964494348, 0.0 ], [ 671129.479731472325511, 9905406.66685657016933, 0.0 ], [ 671084.255972001585178, 9905397.156348379328847, 0.0 ], [ 671015.461099192965776, 9905520.421259505674243, 0.0 ], [ 670972.999864562414587, 9905561.50001029856503, 0.0 ], [ 670899.999883326934651, 9905604.000010997056961, 0.0 ], [ 670836.999875320238061, 9905657.000044740736485, 0.0 ], [ 670777.49987173511181, 9905729.500026002526283, 0.0 ], [ 670730.119505976326764, 9905827.441208818927407, 0.0 ], [ 670705.999899375019595, 9905944.000082783401012, 0.0 ], [ 670682.499927826225758, 9906116.000008882954717, 0.0 ], [ 670682.277272540493868, 9906117.411603474989533, 0.0 ], [ 670398.605846422957256, 9906625.686881879344583, 0.0 ], [ 671180.223156638909131, 9907563.446468284353614, 0.0 ], [ 671671.376823071856052, 9907573.205098876729608, 0.0 ], [ 671169.082285136450082, 9907565.020933132618666, 0.0 ], [ 671490.789798128418624, 9907894.229142148047686, 0.0 ], [ 671699.920020289951935, 9908525.229233914986253, 0.0 ], [ 671651.832022629678249, 9909578.510443629696965, 0.0 ], [ 671898.282347697997466, 9909897.655458219349384, 0.0 ], [ 671915.392699448741041, 9909893.377875553444028, 0.0 ], [ 673741.702736555947922, 9909436.800929009914398, 0.0 ], [ 677214.55456664878875, 9910737.058536235243082, 0.0 ], [ 680374.689490638789721, 9911576.476738495752215, 0.0 ], [ 680506.36168690235354, 9911757.5242407489568, 0.0 ], [ 680525.724422754254192, 9911748.723078969866037, 0.0 ], [ 680868.463444620720111, 9911592.93406224437058, 0.0 ], [ 682069.973034605151042, 9912070.243057208135724, 0.0 ], [ 682121.755535256117582, 9912053.888974715024233, 0.0 ], [ 682799.842251937370747, 9911839.733884435147047, 0.0 ], [ 682787.254893307224847, 9911749.362417368218303, 0.0 ], [ 682785.13650360761676, 9911734.153350032866001, 0.0 ], [ 682743.098571399110369, 9911432.340259788557887, 0.0 ], [ 682728.530200549052097, 9911327.746032739058137, 0.0 ], [ 682723.465684064431116, 9911291.385125089436769, 0.0 ], [ 682717.313082152744755, 9911247.212262667715549, 0.0 ], [ 682680.742649725289084, 9910984.653315482661128, 0.0 ], [ 682752.18543373781722, 9910992.558154651895165, 0.0 ], [ 683297.306284918799065, 9911052.87345053628087, 0.0 ], [ 683801.08886805397924, 9910800.976663820445538, 0.0 ], [ 684037.182031008065678, 9910682.927507091313601, 0.0 ], [ 684086.307522583985701, 9910703.466799214482307, 0.0 ], [ 684321.131948207854293, 9910801.646528737619519, 0.0 ], [ 684501.571817793999799, 9910877.088159412145615, 0.0 ], [ 684588.300585666438565, 9910788.415819382295012, 0.0 ], [ 684853.145485643995926, 9910517.635804835706949, 0.0 ], [ 685419.854262048611417, 9910331.35695750080049, 0.0 ], [ 686169.606703420751728, 9910547.661665622144938, 0.0 ], [ 686400.002326030982658, 9910614.131149616092443, 0.0 ], [ 686716.658545528189279, 9910786.118654208257794, 0.0 ], [ 686839.772089402424172, 9910852.986095579341054, 0.0 ], [ 686860.41027774324175, 9910939.830157080665231, 0.0 ], [ 686894.097556499531493, 9911081.58388370461762, 0.0 ], [ 686733.337861147709191, 9911717.951159425079823, 0.0 ], [ 686597.840285755577497, 9912254.318329880014062, 0.0 ], [ 686254.433146766619757, 9912370.154932992532849, 0.0 ], [ 686231.877862722147256, 9912554.674068752676249, 0.0 ], [ 685805.151080782641657, 9912885.771302841603756, 0.0 ], [ 685908.415250417077914, 9913442.476929632946849, 0.0 ], [ 686176.501089347875677, 9913696.853569181635976, 0.0 ], [ 686174.862109537934884, 9913744.438566751778126, 0.0 ], [ 686150.662805223371834, 9914447.024303320795298, 0.0 ], [ 686132.326621848158538, 9914979.384272646158934, 0.0 ], [ 686749.984187797410414, 9915160.766193266957998, 0.0 ], [ 687501.362608394119889, 9915734.062979338690639, 0.0 ], [ 687673.725819613900967, 9915690.250673893839121, 0.0 ], [ 687590.874595545348711, 9915888.329080004245043, 0.0 ], [ 687607.447359464829788, 9915962.238527793437243, 0.0 ], [ 687809.166535325464793, 9916861.844228366389871, 0.0 ], [ 687941.161609504721127, 9917450.501804783940315, 0.0 ], [ 687832.697927374043502, 9917743.311194607988, 0.0 ], [ 687012.86657408461906, 9918232.899140736088157, 0.0 ], [ 686406.760452301474288, 9918314.889492608606815, 0.0 ], [ 686337.712659327895381, 9918302.575405018404126, 0.0 ], [ 686137.636735869222321, 9918266.89356292039156, 0.0 ], [ 685998.649767660768703, 9918242.106417283415794, 0.0 ], [ 684583.057887446135283, 9917989.647625278681517, 0.0 ], [ 683965.278502035303973, 9917879.471917472779751, 0.0 ], [ 682821.662584517151117, 9917675.517729058861732, 0.0 ], [ 682738.658748151618056, 9917512.985482653602958, 0.0 ], [ 681681.062137451837771, 9915442.074541011825204, 0.0 ], [ 681235.432583293644711, 9915012.242827238515019, 0.0 ], [ 681041.226362142828293, 9914824.921335466206074, 0.0 ], [ 680901.383168808883056, 9914901.205151965841651, 0.0 ], [ 680473.442645958275534, 9914555.556336032226682, 0.0 ], [ 679123.806934254709631, 9914621.396980410441756, 0.0 ], [ 678712.330565008800477, 9913683.232919884845614, 0.0 ], [ 677724.791726878611371, 9913189.456134421750903, 0.0 ], [ 674795.079338867333718, 9913008.409729234874249, 0.0 ], [ 674597.565461734193377, 9912712.15111818164587, 0.0 ], [ 674729.240526773501188, 9912152.540453063324094, 0.0 ], [ 674087.341068745590746, 9911576.472949413582683, 0.0 ], [ 673922.752958677243441, 9911839.817875696346164, 0.0 ], [ 674284.846977499662898, 9912350.046723052859306, 0.0 ], [ 674153.178226080257446, 9912514.63838043063879, 0.0 ], [ 673922.743432518676855, 9912432.33830831758678, 0.0 ], [ 673396.057648109039292, 9911527.10041761957109, 0.0 ], [ 672916.201960403006524, 9911245.922978678718209, 0.0 ], [ 671832.450543377315626, 9911049.78309322334826, 0.0 ], [ 671605.59494525718037, 9910679.654339991509914, 0.0 ], [ 671519.724792419350706, 9910539.551945017650723, 0.0 ], [ 671380.805459410767071, 9910637.165120273828506, 0.0 ], [ 671346.999822769430466, 9910614.50006184540689, 0.0 ], [ 671293.999956345534883, 9910599.999939188361168, 0.0 ], [ 671226.499872014624998, 9910601.499987306073308, 0.0 ], [ 671170.999948053737171, 9910623.499980730935931, 0.0 ], [ 671126.999961315887049, 9910656.000008085742593, 0.0 ], [ 671103.500001867301762, 9910698.499984264373779, 0.0 ], [ 671093.999954485450871, 9910755.00004923902452, 0.0 ], [ 671095.999945226125419, 9910792.000000571832061, 0.0 ], [ 671102.112665795488283, 9910832.991632800549269, 0.0 ], [ 670087.995740698650479, 9911545.571883479133248, 0.0 ], [ 668949.923494962276891, 9912190.516753910109401, 0.0 ], [ 668939.499888620455749, 9912179.499913850799203, 0.0 ], [ 668879.499943966860883, 9912138.499966701492667, 0.0 ], [ 668801.499967867159285, 9912106.50001921877265, 0.0 ], [ 668665.499945310410112, 9912061.999972689896822, 0.0 ], [ 668537.999874961329624, 9912041.00005716085434, 0.0 ], [ 668401.999937009881251, 9912020.500034116208553, 0.0 ], [ 668280.499957420746796, 9912013.500020736828446, 0.0 ], [ 668237.999923255760223, 9912016.000087173655629, 0.0 ], [ 668215.711789508815855, 9912478.578090131282806, 0.0 ], [ 668198.47721978079062, 9912616.36091485619545, 0.0 ], [ 667418.732414487400092, 9913058.241836126893759, 0.0 ], [ 667528.261987355654128, 9915393.202659858390689, 0.0 ], [ 667196.689234514255077, 9916322.603057993575931, 0.0 ], [ 666962.875720479059964, 9916490.471559597179294, 0.0 ], [ 666493.661738184979185, 9916387.086227349936962, 0.0 ], [ 665931.2190484367311, 9916509.765425402671099, 0.0 ], [ 665909.209152952767909, 9916509.765429744496942, 0.0 ], [ 665849.417935689911246, 9916514.361566478386521, 0.0 ], [ 665781.915979997487739, 9916542.331197947263718, 0.0 ], [ 664590.809133377159014, 9916802.133726103231311, 0.0 ], [ 664330.183616655413061, 9917035.253480827435851, 0.0 ], [ 664512.419644316891208, 9918101.127693811431527, 0.0 ], [ 664501.482232074718922, 9918219.171742400154471, 0.0 ], [ 664351.403348048683256, 9918555.227951237931848, 0.0 ], [ 664304.156605950789526, 9918613.551879985257983, 0.0 ], [ 664070.700421178131364, 9918721.86756038479507, 0.0 ], [ 663972.347494096495211, 9918781.67411819845438, 0.0 ], [ 663877.853250299929641, 9918823.334077564999461, 0.0 ], [ 663644.397076197899878, 9918903.876315651461482, 0.0 ], [ 663510.99406700883992, 9918939.981509843841195, 0.0 ], [ 663205.277879610657692, 9919026.078651677817106, 0.0 ], [ 663105.225349173648283, 9919053.851893063634634, 0.0 ], [ 662872.538771568564698, 9919133.455616857856512, 0.0 ], [ 662323.449458749499172, 9919133.635003859177232, 0.0 ], [ 662036.930201353738084, 9919392.696144690737128, 0.0 ], [ 662230.886232577264309, 9919808.506235575303435, 0.0 ], [ 662011.697980988188647, 9920179.771286316215992, 0.0 ], [ 661672.787377014290541, 9920424.953003436326981, 0.0 ], [ 661556.059341983287595, 9920486.054095191881061, 0.0 ], [ 661442.110773171414621, 9920541.600605323910713, 0.0 ], [ 661111.38144620321691, 9920655.471087139099836, 0.0 ], [ 660900.159558637998998, 9920736.013456461951137, 0.0 ], [ 660705.612904715468176, 9920855.438362179324031, 0.0 ], [ 660580.547363668680191, 9920972.08610736951232, 0.0 ], [ 660494.391080151195638, 9921063.737685294821858, 0.0 ], [ 660419.35153848817572, 9921177.608142964541912, 0.0 ], [ 660397.117835786310025, 9921352.57949429191649, 0.0 ], [ 660294.104789929464459, 9921770.338994927704334, 0.0 ], [ 660266.312621489982121, 9921842.549581233412027, 0.0 ], [ 660205.169516612193547, 9922089.731306297704577, 0.0 ], [ 660191.272889662766829, 9922167.496540248394012, 0.0 ], [ 660182.935429614735767, 9922353.577266013249755, 0.0 ], [ 660235.740784703521058, 9922467.44752518646419, 0.0 ], [ 660296.884241562103853, 9922545.212678972631693, 0.0 ], [ 660413.611858421587385, 9922709.074784925207496, 0.0 ], [ 660449.742180380853824, 9922825.722519215196371, 0.0 ], [ 660410.832772622001357, 9922914.596886409446597, 0.0 ], [ 660221.79694421379827, 9923124.30367530323565, 0.0 ], [ 660182.887625323375687, 9923254.837921667844057, 0.0 ], [ 660182.887624994851649, 9923329.825544020161033, 0.0 ], [ 660185.666616298723966, 9923482.578562036156654, 0.0 ], [ 660194.004198085283861, 9923721.428455231711268, 0.0 ], [ 660202.342362448456697, 9923888.068026233464479, 0.0 ], [ 660146.755836232099682, 9924257.640534287318587, 0.0 ], [ 660106.563538041780703, 9924570.735494747757912, 0.0 ], [ 660148.744879200356081, 9924651.668077634647489, 0.0 ], [ 660198.396224588155746, 9924675.767557704821229, 0.0 ], [ 660177.827516929944977, 9924735.755927767604589, 0.0 ], [ 660277.611841656034812, 9925016.005541501566768, 0.0 ], [ 660265.896578012499958, 9925224.103702606633306, 0.0 ], [ 660283.17159066000022, 9925306.104138014838099, 0.0 ], [ 660378.185082494746894, 9925388.104551678523421, 0.0 ], [ 660429.636574730742723, 9925542.26019810885191, 0.0 ], [ 660429.636681216652505, 9925612.640736108645797, 0.0 ], [ 660407.965925635886379, 9925688.434984292834997, 0.0 ], [ 660383.58710391796194, 9925742.573900895193219, 0.0 ], [ 660326.702075438108295, 9925815.66134967468679, 0.0 ], [ 660315.86678617214784, 9925942.887483866885304, 0.0 ], [ 660337.536938026547432, 9926043.04440220631659, 0.0 ], [ 660429.636640513199382, 9926224.409339861944318, 0.0 ], [ 660445.889293928397819, 9926262.306408610194921, 0.0 ], [ 660452.356873986194842, 9926277.718441581353545, 0.0 ], [ 660439.672642731689848, 9926491.729428866878152, 0.0 ], [ 660435.054292430519126, 9926503.224144399166107, 0.0 ], [ 660137.085727936122566, 9926657.519591, 0.0 ], [ 659816.919941972591914, 9926951.110916459932923, 0.0 ], [ 659132.755979143199511, 9927375.92468224838376, 0.0 ], [ 659860.118668474140577, 9927373.00719958357513, 0.0 ], [ 659875.11426669661887, 9927375.975023614242673, 0.0 ], [ 659955.186302252113819, 9927405.546512730419636, 0.0 ], [ 660025.61515068623703, 9927432.615627460181713, 0.0 ], [ 660163.763803453999572, 9927478.633853724226356, 0.0 ], [ 660673.019002036890015, 9927570.669830245897174, 0.0 ], [ 660786.788830457488075, 9927578.790580995380878, 0.0 ], [ 660899.885426869383082, 9927578.790571942925453, 0.0 ], [ 661426.434619344305247, 9927683.001509316265583, 0.0 ], [ 662432.696245720493607, 9927553.773756580427289, 0.0 ], [ 662568.647031376021914, 9927630.759680571034551, 0.0 ], [ 662671.581448158947751, 9927682.191605571657419, 0.0 ], [ 662750.137111590593122, 9927687.605378855019808, 0.0 ], [ 662853.071540837991051, 9927687.60544516518712, 0.0 ], [ 662983.09391198400408, 9927655.122199758887291, 0.0 ], [ 663202.507323658792302, 9927565.792988261207938, 0.0 ], [ 663321.694859843933955, 9927508.947362672537565, 0.0 ], [ 663365.743547603255138, 9927489.689274687319994, 0.0 ], [ 664149.033326503122225, 9927555.144134206697345, 0.0 ], [ 664629.062945860321634, 9927308.442231684923172, 0.0 ], [ 664647.894737618626095, 9927313.77375909127295, 0.0 ], [ 664734.576581373577937, 9927302.946187304332852, 0.0 ], [ 664851.054973365273327, 9927270.462534757331014, 0.0 ], [ 664924.192986857844517, 9927229.858699085190892, 0.0 ], [ 665008.165837566833943, 9927194.668416945263743, 0.0 ], [ 665154.441246478119865, 9927170.305774636566639, 0.0 ], [ 665346.766219202778302, 9927170.305841833353043, 0.0 ], [ 665381.744171872036532, 9927172.863476186990738, 0.0 ], [ 667578.119918286800385, 9928915.290033226832747, 0.0 ], [ 669204.102323007886298, 9929733.441646344959736, 0.0 ], [ 669339.913828221615404, 9929524.193207072094083, 0.0 ], [ 669203.988758774357848, 9929348.759756229817867, 0.0 ], [ 669468.899295039242133, 9929193.463808506727219, 0.0 ], [ 669486.148280104855075, 9929151.369502257555723, 0.0 ], [ 670214.672987418016419, 9929714.870573090389371, 0.0 ], [ 671415.380903493147343, 9930625.971461417153478, 0.0 ], [ 672724.973030947498046, 9931459.336179651319981, 0.0 ], [ 674113.044916463433765, 9932307.462192047387362, 0.0 ], [ 674929.495092441677116, 9932496.649672953411937, 0.0 ], [ 674904.95941183809191, 9932728.193498099222779, 0.0 ], [ 675102.0092618688941, 9932829.36485394090414, 0.0 ], [ 675173.209065625211224, 9932970.717287495732307, 0.0 ], [ 675162.882444172981195, 9933031.287074096500874, 0.0 ], [ 675222.87179216730874, 9933179.001295641064644, 0.0 ], [ 675352.191441903938539, 9933457.004711475223303, 0.0 ], [ 675501.812272902694531, 9933715.002129189670086, 0.0 ], [ 675670.497596927220002, 9933974.999156618490815, 0.0 ], [ 675769.249711722019129, 9934249.003401465713978, 0.0 ], [ 675835.496810718206689, 9934431.996178045868874, 0.0 ], [ 675844.920456313528121, 9934447.84046958386898, 0.0 ], [ 676176.187625960679725, 9935393.595856763422489, 0.0 ], [ 677684.198999428190291, 9937524.625692529603839, 0.0 ], [ 677688.180817771703005, 9937537.255602648481727, 0.0 ], [ 677778.834643402136862, 9937867.743483791127801, 0.0 ], [ 677811.184491504682228, 9938039.002069745212793, 0.0 ], [ 677862.374782211845741, 9938248.999168841168284, 0.0 ], [ 677925.49682488606777, 9938528.002479115501046, 0.0 ], [ 677993.937370329163969, 9938658.995761344209313, 0.0 ], [ 677996.330972264171578, 9938660.648806676268578, 0.0 ], [ 677997.877945501590148, 9938666.288457334041595, 0.0 ], [ 678027.293383157229982, 9938682.031755955889821, 0.0 ], [ 678192.315796341048554, 9938795.997877756133676, 0.0 ], [ 678358.684034364996478, 9938899.996808763593435, 0.0 ], [ 678549.253726779832505, 9939012.003933988511562, 0.0 ], [ 678693.621883539715782, 9939072.00162260979414, 0.0 ], [ 678775.679177622776479, 9939082.571811959147453, 0.0 ], [ 678779.301545897498727, 9939084.510522717610002, 0.0 ], [ 678780.933819346828386, 9939082.176315158605576, 0.0 ], [ 678873.001973179867491, 9939042.997681332752109, 0.0 ], [ 679008.811039571533911, 9938790.998973345384002, 0.0 ], [ 679116.188593358034268, 9938670.003678746521473, 0.0 ], [ 679195.934052104246803, 9938597.998236875981092, 0.0 ], [ 679199.879090155242011, 9938483.070069670677185, 0.0 ], [ 679444.867004500003532, 9938132.728868134319782, 0.0 ], [ 679617.728796335868537, 9938203.451311197131872, 0.0 ], [ 679730.124573233304545, 9938304.997800735756755, 0.0 ], [ 679899.81584181857761, 9938339.000932671129704, 0.0 ], [ 679977.578759239520878, 9938350.675681846216321, 0.0 ], [ 679977.587707740720361, 9938350.679342919960618, 0.0 ], [ 680579.720272790174931, 9938996.281474495306611, 0.0 ], [ 681408.695361312129535, 9939326.75208580866456, 0.0 ], [ 682199.822374722920358, 9940465.166042512282729, 0.0 ], [ 682345.167533728294075, 9940475.248437067493796, 0.0 ], [ 682511.126168324030004, 9940507.999458199366927, 0.0 ], [ 682845.066319595905952, 9940535.00400997698307, 0.0 ], [ 683664.373622897779569, 9940573.996065944433212, 0.0 ], [ 684007.284628022578545, 9940620.004084896296263, 0.0 ], [ 684643.270601111231372, 9940728.980770837515593, 0.0 ], [ 684652.687464073183946, 9940731.004096889868379, 0.0 ], [ 684719.746097173541784, 9940737.544805085286498, 0.0 ], [ 685438.082365835900418, 9940884.692072616890073, 0.0 ], [ 685500.433451746357605, 9940873.591151652857661, 0.0 ], [ 685653.559829036588781, 9940864.996675677597523, 0.0 ], [ 685898.939539207261987, 9940805.998779656365514, 0.0 ], [ 686185.375506461947225, 9940780.004049064591527, 0.0 ], [ 686442.563526185811497, 9940761.997745774686337, 0.0 ], [ 686712.143961100606248, 9940657.859502395614982, 0.0 ], [ 686728.939404585282318, 9940654.86925951577723, 0.0 ], [ 686742.712794171762653, 9940626.286699367687106, 0.0 ], [ 686874.934279345558025, 9940483.004538483917713, 0.0 ], [ 686983.251671524019912, 9940310.999580131843686, 0.0 ], [ 687014.625498288078234, 9940062.013019919395447, 0.0 ], [ 687014.629777559894137, 9940062.004139566794038, 0.0 ], [ 687014.625786221935414, 9940061.986656500026584, 0.0 ], [ 686993.996060614939779, 9939849.003547044470906, 0.0 ], [ 686935.87104852613993, 9939555.003483960404992, 0.0 ], [ 686896.18374945409596, 9939346.995758512988687, 0.0 ], [ 686866.688403514446691, 9939315.002335228025913, 0.0 ], [ 686832.253646684810519, 9939129.000123996287584, 0.0 ], [ 686771.185008767759427, 9938959.004785979166627, 0.0 ], [ 686704.37763340503443, 9938702.998480126261711, 0.0 ], [ 687130.79473161092028, 9938597.584732752293348, 0.0 ], [ 687186.371455911546946, 9938589.000110819935799, 0.0 ], [ 687195.994352543260902, 9938581.466860372573137, 0.0 ], [ 687223.801394036388956, 9938574.592735344544053, 0.0 ], [ 687971.760114395292476, 9938731.013798084110022, 0.0 ], [ 688024.548270606086589, 9938724.351648427546024, 0.0 ], [ 688126.125772742205299, 9938728.001719871535897, 0.0 ], [ 688251.824314697296359, 9938695.668187439441681, 0.0 ], [ 688264.84180159389507, 9938694.025310475379229, 0.0 ], [ 688502.936029923148453, 9938694.998421635478735, 0.0 ], [ 688655.558345713303424, 9938669.003750789910555, 0.0 ], [ 688845.240170460194349, 9938620.775910008698702, 0.0 ], [ 689025.571639715810306, 9938598.017107231542468, 0.0 ], [ 689025.747421838575974, 9938597.998163737356663, 0.0 ], [ 689133.314332908834331, 9938496.998883483931422, 0.0 ], [ 689236.611860540695488, 9938334.024952299892902, 0.0 ], [ 689236.628289656713605, 9938334.004385896027088, 0.0 ], [ 689236.629534096224234, 9938333.982652507722378, 0.0 ], [ 689267.061945133376867, 9938141.001286009326577, 0.0 ], [ 689276.437507279915735, 9937842.002149196341634, 0.0 ], [ 689267.735130591550842, 9937790.742090068757534, 0.0 ], [ 689309.515363281709142, 9937061.075417099520564, 0.0 ], [ 689310.377307215821929, 9937059.00150441378355, 0.0 ], [ 689385.133073181961663, 9936999.522038692608476, 0.0 ], [ 689926.672297614859417, 9936587.885343404486775, 0.0 ], [ 690012.939809271949343, 9936546.995696499943733, 0.0 ], [ 690056.189270133269019, 9936561.002840152010322, 0.0 ], [ 690049.083552210824564, 9936549.475489629432559, 0.0 ], [ 690041.153674795525149, 9936531.026324128732085, 0.0 ], [ 690035.800996201345697, 9936512.369384985417128, 0.0 ], [ 690030.707359796273522, 9936494.469728955999017, 0.0 ], [ 690024.344511568895541, 9936480.091086128726602, 0.0 ], [ 690016.108432019827887, 9936467.362962059676647, 0.0 ], [ 690005.078829471720383, 9936455.484593467786908, 0.0 ], [ 689987.754081201157533, 9936431.904034417122602, 0.0 ], [ 689981.270377037581056, 9936415.791544407606125, 0.0 ], [ 689980.519077461096458, 9936394.558612074702978, 0.0 ], [ 689985.343430294422433, 9936375.973055250942707, 0.0 ], [ 689992.733666457585059, 9936360.292207663878798, 0.0 ], [ 690007.479210646357387, 9936342.781496819108725, 0.0 ], [ 690011.026301676407456, 9936337.637930894270539, 0.0 ], [ 690011.896564840804785, 9936332.70681593939662, 0.0 ], [ 690011.394181834650226, 9936324.160823199898005, 0.0 ], [ 690008.725202935631387, 9936316.387214558199048, 0.0 ], [ 690004.66009922826197, 9936304.660472666844726, 0.0 ], [ 690000.836359104607254, 9936287.071835327893496, 0.0 ], [ 689997.415386961889453, 9936270.652346298098564, 0.0 ], [ 689983.97891789895948, 9936250.507892092689872, 0.0 ], [ 689948.681539123062976, 9936233.484912602230906, 0.0 ], [ 689926.323395965620875, 9936199.953616855666041, 0.0 ], [ 689922.597062323708087, 9936170.148020017892122, 0.0 ], [ 689939.365548632806167, 9936129.165191488340497, 0.0 ], [ 689976.629516374901868, 9936077.005225487053394, 0.0 ], [ 690004.577321019489318, 9936039.748088829219341, 0.0 ], [ 690019.482734964811243, 9935995.039702996611595, 0.0 ], [ 690023.209064172348008, 9935963.371350014582276, 0.0 ], [ 690019.482753611169755, 9935914.937063885852695, 0.0 ], [ 690019.482637586188503, 9935873.954387677833438, 0.0 ], [ 690028.798606217256747, 9935840.422958742827177, 0.0 ], [ 690054.883369656279683, 9935816.206000205129385, 0.0 ], [ 690138.726939965155907, 9935762.183298602700233, 0.0 ], [ 690191.992708455305547, 9935716.986762152984738, 0.0 ], [ 690281.075829013600014, 9935581.042705662548542, 0.0 ], [ 690325.617156183347106, 9935496.663690799847245, 0.0 ], [ 690342.027106633293442, 9935447.442526020109653, 0.0 ], [ 690360.78131153085269, 9935358.37554114498198, 0.0 ], [ 690370.158538755495101, 9935320.873755101114511, 0.0 ], [ 690381.021678172633983, 9935260.126315217465162, 0.0 ], [ 690385.373077082214877, 9935164.413539830595255, 0.0 ], [ 690392.625245879404247, 9935116.557256475090981, 0.0 ], [ 690468.757195391110145, 9934954.171040646731853, 0.0 ], [ 690514.206246193964034, 9934857.387783356010914, 0.0 ], [ 690553.453714923001826, 9934774.169343097135425, 0.0 ], [ 690597.26181268831715, 9934700.079935129731894, 0.0 ], [ 690673.990578699158505, 9934612.097906870767474, 0.0 ], [ 690727.765443322947249, 9934567.090517910197377, 0.0 ], [ 690634.312879346660338, 9934546.899961557239294, 0.0 ], [ 690418.123530145967379, 9934516.276950599625707, 0.0 ], [ 690293.191994891734794, 9934505.075743477791548, 0.0 ], [ 690214.537079748348333, 9934492.948850652202964, 0.0 ], [ 690089.813176907133311, 9934463.002214001491666, 0.0 ], [ 689978.99540081480518, 9934425.090343005955219, 0.0 ], [ 689904.458008307148702, 9934393.270294504240155, 0.0 ], [ 689831.581030667992309, 9934356.617865210399032, 0.0 ], [ 689785.313567850738764, 9934329.662800524383783, 0.0 ], [ 689738.780512981466018, 9934298.751956755295396, 0.0 ], [ 689694.643466521752998, 9934264.880282504484057, 0.0 ], [ 689621.256668706075288, 9934196.323921240866184, 0.0 ], [ 689473.567087773932144, 9934052.000388212502003, 0.0 ], [ 689429.668839873163961, 9934019.118840983137488, 0.0 ], [ 689283.487735442235135, 9933915.077616848051548, 0.0 ], [ 689506.606848345603794, 9933764.472070092335343, 0.0 ], [ 689630.685273481183685, 9933654.710513209924102, 0.0 ], [ 689813.296027237549424, 9933601.743323665112257, 0.0 ], [ 689542.315415690536611, 9932932.667931644245982, 0.0 ], [ 689541.957258275710046, 9931804.294178297743201, 0.0 ], [ 689446.60069981822744, 9931649.404206784442067, 0.0 ], [ 689443.464780718670227, 9931577.277845231816173, 0.0 ], [ 689264.388450387399644, 9931353.432429065927863, 0.0 ], [ 689105.85328475269489, 9931095.919913029298186, 0.0 ], [ 688285.246696614893153, 9930575.584130309522152, 0.0 ], [ 688273.115867377142422, 9930357.228366386145353, 0.0 ], [ 688594.168517984566279, 9930024.365403616800904, 0.0 ], [ 688729.865136762149632, 9929416.888779180124402, 0.0 ], [ 688573.237420682096854, 9928364.074781276285648, 0.0 ], [ 688939.620084240450524, 9927891.288666730746627, 0.0 ], [ 689086.820021160296164, 9927822.018101206049323, 0.0 ], [ 689296.610984463361092, 9927633.206303998827934, 0.0 ], [ 689310.187980415998027, 9927617.083622133359313, 0.0 ], [ 689849.650557083659805, 9927329.064269067719579, 0.0 ], [ 689893.464716318994761, 9926924.442433750256896, 0.0 ], [ 689957.921558710979298, 9926847.899912636727095, 0.0 ], [ 690293.220563913113438, 9926949.391739282757044, 0.0 ], [ 690149.248984260833822, 9926806.472789430990815, 0.0 ], [ 689929.51178896764759, 9925565.281596267595887, 0.0 ], [ 689545.385237360256724, 9924916.082706157118082, 0.0 ], [ 689558.771903364919126, 9923000.323061527684331, 0.0 ], [ 688798.717190214316361, 9921380.19445070438087, 0.0 ], [ 688864.369846264831722, 9920533.532852126285434, 0.0 ], [ 688744.741778697818518, 9920034.476069126278162, 0.0 ], [ 688933.312123780953698, 9919775.19173619709909, 0.0 ], [ 688960.634583887644112, 9919757.430541858077049, 0.0 ], [ 689191.715542916441336, 9919661.146784830838442, 0.0 ], [ 689800.109546395018697, 9919661.146895281970501, 0.0 ], [ 689810.5867611853173, 9919603.522089030593634, 0.0 ], [ 689927.078470759792253, 9919615.049609193578362, 0.0 ], [ 690275.815175810828805, 9918901.126062696799636, 0.0 ], [ 690356.022890389547683, 9918851.473678732290864, 0.0 ], [ 690650.639335531624965, 9918795.607000390067697, 0.0 ], [ 690903.801923995022662, 9918817.621217377483845, 0.0 ], [ 691001.493539145332761, 9918843.108731741085649, 0.0 ], [ 691331.58413351722993, 9918989.81558814458549, 0.0 ], [ 691499.41688631544821, 9919178.627504842355847, 0.0 ], [ 691772.145263588638045, 9919451.355824369937181, 0.0 ], [ 691960.957319879904389, 9919787.021536935120821, 0.0 ], [ 692260.199900666833855, 9919878.09541947580874, 0.0 ], [ 692335.015642356243916, 9919983.838571798056364, 0.0 ], [ 692724.322109288768843, 9920033.517900716513395, 0.0 ], [ 692865.014373018406332, 9919924.71140380948782, 0.0 ], [ 693408.515359744196758, 9919912.896193619817495, 0.0 ], [ 693932.099619657499716, 9919912.896151879802346, 0.0 ], [ 694372.026192117948085, 9919947.937389519065619, 0.0 ], [ 694682.143783744773827, 9919219.601411947980523, 0.0 ], [ 694649.01590187929105, 9918963.749448992311954, 0.0 ], [ 695223.461596411769278, 9918648.619235260412097, 0.0 ], [ 695139.380380361573771, 9918103.965481258928776, 0.0 ], [ 695286.507719206158072, 9918101.054206896573305, 0.0 ], [ 695394.737278564367443, 9918113.672256469726562, 0.0 ], [ 695512.506178435520269, 9918097.768327487632632, 0.0 ], [ 695850.637296621338464, 9918103.851709138602018, 0.0 ], [ 696253.347835558233783, 9917723.175630224868655, 0.0 ], [ 696609.931952441227622, 9917631.193621277809143, 0.0 ], [ 697044.525072071352042, 9917113.842796169221401, 0.0 ], [ 697066.781689119176008, 9917100.372985811904073, 0.0 ], [ 697254.783145457040519, 9917062.468384180217981, 0.0 ], [ 697272.417548531317152, 9917058.912836601957679, 0.0 ], [ 697398.685474817641079, 9917003.031993450596929, 0.0 ], [ 697450.981423280900344, 9916953.384128261357546, 0.0 ], [ 697692.736537896096706, 9916895.973491951823235, 0.0 ], [ 697754.602359015611, 9916782.451095910742879, 0.0 ], [ 697830.446156747289933, 9916802.513935215771198, 0.0 ], [ 698131.117483259295113, 9916843.255517400801182, 0.0 ], [ 698314.578093959833495, 9916792.328548600897193, 0.0 ], [ 698508.230894879903644, 9916670.10362159833312, 0.0 ], [ 698656.018664686591364, 9916491.859187522903085, 0.0 ], [ 698696.787680690875277, 9916456.210189944133162, 0.0 ], [ 698778.325569978216663, 9916390.005103100091219, 0.0 ], [ 698788.517919730977155, 9916354.356368148699403, 0.0 ], [ 698824.190812428714707, 9916283.05844702385366, 0.0 ], [ 698961.786182270385325, 9916181.204431384801865, 0.0 ], [ 699038.228012207197025, 9916165.926357103511691, 0.0 ], [ 699073.901036649011075, 9916104.814013129100204, 0.0 ], [ 699073.901124641066417, 9915809.437395166605711, 0.0 ], [ 699104.477791594690643, 9915717.768718285486102, 0.0 ], [ 699201.304169501876459, 9915610.822169583290815, 0.0 ], [ 699298.130467387614772, 9915559.895125903189182, 0.0 ], [ 699394.957285541342571, 9915544.617085460573435, 0.0 ], [ 699532.552508392487653, 9915575.173312092199922, 0.0 ], [ 699685.436410009395331, 9915595.543937884271145, 0.0 ], [ 699807.743185557890683, 9915595.54408155567944, 0.0 ], [ 700001.396137267933227, 9915615.914768414571881, 0.0 ], [ 700144.087676976807415, 9915666.841699954122305, 0.0 ], [ 700246.010220372583717, 9915717.768780061975121, 0.0 ], [ 700237.683349724626169, 9915619.814949518069625, 0.0 ], [ 700243.445929682347924, 9915583.82249391824007, 0.0 ], [ 700249.208464866620488, 9915553.588978711515665, 0.0 ], [ 700276.581240301136859, 9915487.362993566319346, 0.0 ], [ 700295.309773867367767, 9915452.810438117012382, 0.0 ], [ 700328.44518106977921, 9915425.456345785409212, 0.0 ], [ 700424.969491553609259, 9915402.421079704537988, 0.0 ], [ 700520.053460161550902, 9915379.385934852063656, 0.0 ], [ 700569.035925580188632, 9915349.152226712554693, 0.0 ], [ 700599.290031043579802, 9915321.798167075961828, 0.0 ], [ 700648.27242364094127, 9915269.968983054161072, 0.0 ], [ 700674.20419768744614, 9915221.019391374662519, 0.0 ], [ 700687.170551677816547, 9915174.949254555627704, 0.0 ], [ 700727.509102574316785, 9915117.361375331878662, 0.0 ], [ 700778.311703791841865, 9915074.37970950268209, 0.0 ], [ 700789.837132626213133, 9915042.130450243130326, 0.0 ], [ 700856.683973081875592, 9914956.900521071627736, 0.0 ], [ 700898.175055651227012, 9914871.670757638290524, 0.0 ], [ 700958.106779697583988, 9914768.012792848050594, 0.0 ], [ 701052.614163957419805, 9914666.658166328445077, 0.0 ], [ 701127.848580248537473, 9914627.879126716405153, 0.0 ], [ 701601.105569185689092, 9914852.698046484962106, 0.0 ], [ 703271.591858842992224, 9913734.682208368554711, 0.0 ], [ 703463.274725255789235, 9913448.775962602347136, 0.0 ], [ 704965.772430980228819, 9913384.60785137116909, 0.0 ], [ 705877.897970615536906, 9913819.348793631419539, 0.0 ], [ 706525.836511148605496, 9912922.112324696034193, 0.0 ], [ 707819.8743190781679, 9911689.059781860560179, 0.0 ], [ 709581.34309643949382, 9910330.736618975177407, 0.0 ], [ 709737.514658469823189, 9909691.634454034268856, 0.0 ], [ 709787.442252359353006, 9909643.588390151038766, 0.0 ], [ 709879.311202221550047, 9909431.725921297445893, 0.0 ], [ 709848.171791110304184, 9909238.791362006217241, 0.0 ], [ 709904.376282616751269, 9909008.78526016511023, 0.0 ], [ 710102.056155045633204, 9908776.484409462660551, 0.0 ], [ 711091.311168545274995, 9909436.918419305235147, 0.0 ], [ 711487.161547389812768, 9910026.183620089665055, 0.0 ], [ 712098.677371564670466, 9910365.279401523992419, 0.0 ], [ 714241.509257831028663, 9910780.294800302013755, 0.0 ], [ 715162.205325865885243, 9909537.139350842684507, 0.0 ], [ 715833.34711634053383, 9909060.420455157756805, 0.0 ], [ 717335.616347362985834, 9908392.733949093148112, 0.0 ], [ 717732.267820413107984, 9908007.644867960363626, 0.0 ], [ 718281.601853732136078, 9908038.56003294698894, 0.0 ], [ 718736.650914963334799, 9907820.050724346190691, 0.0 ], [ 718839.944838463561609, 9907546.003934612497687, 0.0 ], [ 718843.415820602560416, 9907545.726436732336879, 0.0 ], [ 718987.670661334414035, 9907488.596373772248626, 0.0 ], [ 719069.924195584026165, 9907467.285508072003722, 0.0 ], [ 719170.456546043278649, 9907427.708673801273108, 0.0 ], [ 719331.917325283284299, 9907360.732126716524363, 0.0 ], [ 719462.913787979399785, 9907287.666832955554128, 0.0 ], [ 719587.817487724358216, 9907235.912506222724915, 0.0 ], [ 719706.628221261547878, 9907175.024893602356315, 0.0 ], [ 719807.160477303084917, 9907123.270394880324602, 0.0 ], [ 719886.367782419198193, 9907068.471488170325756, 0.0 ], [ 719971.667928879498504, 9906995.406296133995056, 0.0 ], [ 720050.874857831280679, 9906901.030377678573132, 0.0 ], [ 720120.942808195832185, 9906773.16636424139142, 0.0 ], [ 720178.825191788957454, 9906636.169176757335663, 0.0 ], [ 720238.421633167425171, 9906525.990159213542938, 0.0 ], [ 720991.840882168733515, 9906466.514975219964981, 0.0 ], [ 721710.677415105397813, 9906073.270665716379881, 0.0 ], [ 721890.313744881539606, 9905823.160839382559061, 0.0 ], [ 721890.281729300273582, 9905761.410420948639512, 0.0 ], [ 721907.002287991577759, 9905745.894613387063146, 0.0 ], [ 721989.25592607841827, 9905608.897470347583294, 0.0 ], [ 722032.602912218193524, 9905513.60405084118247, 0.0 ], [ 722069.159899853053503, 9905443.583169167861342, 0.0 ], [ 722090.484980529523455, 9905288.319827027618885, 0.0 ], [ 722053.928099597455002, 9905126.967483792454004, 0.0 ], [ 721986.906403438420966, 9905029.54722354747355, 0.0 ], [ 721950.349148295819759, 9904941.260197689756751, 0.0 ], [ 721945.328815767657943, 9904679.900997886434197, 0.0 ], [ 721929.178924290463328, 9904591.135862680152059, 0.0 ], [ 721886.112247136537917, 9904459.333157882094383, 0.0 ], [ 721824.204119825502858, 9904343.669643625617027, 0.0 ], [ 721748.837584143038839, 9904211.866906374692917, 0.0 ], [ 721732.053950294852257, 9904157.880787558853626, 0.0 ], [ 722464.150520408991724, 9903144.178521890193224, 0.0 ], [ 724261.544295318424702, 9902714.621866261586547, 0.0 ], [ 724826.112010694341734, 9902359.959479782730341, 0.0 ], [ 724931.931502474006265, 9902356.313045758754015, 0.0 ], [ 725101.72722596838139, 9902424.185625463724136, 0.0 ], [ 725203.604310444905423, 9902503.370176807045937, 0.0 ], [ 725396.039443179266527, 9902578.784328186884522, 0.0 ], [ 725679.032132320455275, 9902567.472161272540689, 0.0 ], [ 725829.961621275986545, 9902597.637887481600046, 0.0 ], [ 726097.861392519436777, 9902680.593209041282535, 0.0 ], [ 726301.616009252378717, 9902703.21729127690196, 0.0 ], [ 726437.452777668717317, 9902744.6949457898736, 0.0 ], [ 726917.929609940154478, 9902740.241251811385155, 0.0 ], [ 727155.64349632919766, 9902657.285882219672203, 0.0 ], [ 727393.357226760359481, 9902547.935642512515187, 0.0 ], [ 727619.751642864197493, 9902374.483504969626665, 0.0 ], [ 727782.000779013964348, 9902231.196978216990829, 0.0 ], [ 727849.918819243670441, 9902080.368900066241622, 0.0 ], [ 727929.157020135782659, 9901846.585667088627815, 0.0 ], [ 727944.249970594188198, 9901631.655782219022512, 0.0 ], [ 727944.249915111809969, 9901454.433094123378396, 0.0 ], [ 728084.71422370406799, 9900916.600383216515183, 0.0 ], [ 728099.807042628293857, 9900743.148232258856297, 0.0 ], [ 728209.230892591993324, 9900471.658096088096499, 0.0 ], [ 728244.698855589027517, 9900375.171189934015274, 0.0 ], [ 728502.469327059225179, 9899962.084799027070403, 0.0 ], [ 728508.999339483561926, 9899423.15160764195025, 0.0 ], [ 728738.889815157279372, 9898951.734779404476285, 0.0 ], [ 728749.300921117770486, 9898941.967656403779984, 0.0 ], [ 728762.310666262404993, 9898903.707633825019002, 0.0 ], [ 728939.264350749319419, 9898540.843776846304536, 0.0 ], [ 729225.667929347138852, 9898384.729752521961927, 0.0 ], [ 728989.807041830150411, 9898420.413228161633015, 0.0 ], [ 729225.127473339089192, 9897981.063481843098998, 0.0 ], [ 729242.723063550656661, 9897967.666329763829708, 0.0 ], [ 729432.833957511931658, 9897858.426337981596589, 0.0 ], [ 729541.44549112720415, 9897730.373672729358077, 0.0 ], [ 729555.212637485004961, 9897579.197284515947104, 0.0 ], [ 729520.134964979952201, 9897490.393633624538779, 0.0 ], [ 729454.656699557323009, 9897394.579171996563673, 0.0 ], [ 729396.193971359403804, 9897308.112663470208645, 0.0 ], [ 729345.094719489570707, 9897224.895455274730921, 0.0 ], [ 730228.569365456933156, 9895071.913422716781497, 0.0 ], [ 730045.644323831540532, 9894838.925609143450856, 0.0 ], [ 730045.024576252209954, 9894830.087022362276912, 0.0 ], [ 730010.942034181091003, 9894771.096200603991747, 0.0 ], [ 729983.687093167449348, 9894760.01197556219995, 0.0 ], [ 729865.603970689116977, 9894609.611963177099824, 0.0 ], [ 729720.070411551860161, 9894128.190747413784266, 0.0 ], [ 728675.693760599126108, 9893324.111499603837729, 0.0 ], [ 728428.21046905091498, 9892782.157173860818148, 0.0 ], [ 728429.407416172907688, 9892459.768772693350911, 0.0 ], [ 728449.845545738819055, 9892425.8673633094877, 0.0 ], [ 728657.927574583794922, 9892282.05968114361167, 0.0 ], [ 728939.292654756689444, 9892062.355910772457719, 0.0 ], [ 729024.588020124938339, 9891921.428574770689011, 0.0 ], [ 730322.050644553732127, 9890904.126252563670278, 0.0 ], [ 731780.438484907033853, 9890873.762255536392331, 0.0 ], [ 733825.224251137929969, 9891707.978223687037826, 0.0 ], [ 733877.330123875522986, 9891757.332247966900468, 0.0 ], [ 734403.918466439354233, 9891944.069438254460692, 0.0 ], [ 734677.637559169204906, 9892055.739248223602772, 0.0 ], [ 735636.92663935245946, 9892268.914058288559318, 0.0 ], [ 735699.177908785291947, 9892309.44827844388783, 0.0 ], [ 735972.499884865712374, 9892359.783376727253199, 0.0 ], [ 736007.062004489125684, 9892351.166152879595757, 0.0 ], [ 736377.555251643527299, 9892433.497776603326201, 0.0 ], [ 736818.48326585337054, 9892430.60519203171134, 0.0 ], [ 736902.974195602349937, 9892459.652102490887046, 0.0 ], [ 737138.413504941388965, 9892608.14544764533639, 0.0 ], [ 737254.067779717734084, 9892711.265934193506837, 0.0 ], [ 737365.822798189357854, 9892905.120545744895935, 0.0 ], [ 737337.191875017015263, 9893124.39391946233809, 0.0 ], [ 737568.494184360839427, 9893411.874695653095841, 0.0 ], [ 737775.526744163362309, 9893565.022447237744927, 0.0 ], [ 737874.64854041126091, 9893637.61164965108037, 0.0 ], [ 738092.717070844490081, 9893670.606724618002772, 0.0 ], [ 738166.433305962127633, 9893637.265272166579962, 0.0 ], [ 738276.077421857975423, 9893754.44075845181942, 0.0 ], [ 739122.624861839110963, 9894109.626655295491219, 0.0 ], [ 739379.964255876839161, 9894164.23977836407721, 0.0 ], [ 739401.126656778273173, 9894178.73114338517189, 0.0 ], [ 739806.866681497660466, 9894306.102421859279275, 0.0 ], [ 740092.493328187614679, 9894315.454239957034588, 0.0 ], [ 740489.947801976813935, 9894399.802888451144099, 0.0 ], [ 740672.352240299223922, 9894339.273616760969162, 0.0 ], [ 740936.857113356119953, 9894325.899392290040851, 0.0 ], [ 741214.398419064236805, 9894207.117099966853857, 0.0 ], [ 741663.751256141229533, 9894094.933783615007997, 0.0 ], [ 741791.850483241607435, 9894093.044445708394051, 0.0 ], [ 741890.611074902117252, 9894097.156615955755115, 0.0 ], [ 742117.463169871130958, 9894301.770616747438908, 0.0 ], [ 743407.390777936321683, 9894844.507041117176414, 0.0 ], [ 744324.145258070668206, 9894669.865826614201069, 0.0 ], [ 744443.259980480186641, 9893732.429161034524441, 0.0 ], [ 745120.230959178879857, 9891816.613689610734582, 0.0 ], [ 744815.505485537229106, 9891485.562546035274863, 0.0 ], [ 743921.082656627055258, 9891122.44455904327333, 0.0 ], [ 743934.890447730314918, 9891088.408229012042284, 0.0 ], [ 743922.011388227809221, 9890979.008641894906759, 0.0 ], [ 743793.219267318258062, 9890943.614579297602177, 0.0 ], [ 743715.944255566573702, 9890898.567825587466359, 0.0 ], [ 743667.647245316300541, 9890808.474105935543776, 0.0 ], [ 743625.789898270275444, 9890702.292147260159254, 0.0 ], [ 743612.910489709349349, 9890592.892670700326562, 0.0 ], [ 743587.15211160806939, 9890538.192750060930848, 0.0 ], [ 743484.118753644870594, 9890415.92259762994945, 0.0 ], [ 743404.103269030223601, 9890283.948286220431328, 0.0 ], [ 743338.799747131066397, 9890009.536038989201188, 0.0 ], [ 743467.737508312799037, 9889680.179465053603053, 0.0 ], [ 743468.679518352262676, 9889678.888436013832688, 0.0 ], [ 743561.673081476823427, 9889598.892437415197492, 0.0 ], [ 743699.443002151791006, 9889515.382986297830939, 0.0 ], [ 743744.613679509260692, 9889477.013848667964339, 0.0 ], [ 743773.974607175914571, 9889429.616815546527505, 0.0 ], [ 743789.413947753957473, 9889388.472539462149143, 0.0 ], [ 743767.664025431033224, 9888914.051922548562288, 0.0 ], [ 743773.910101750399917, 9888898.097044177353382, 0.0 ], [ 743764.848230958916247, 9888861.873615758493543, 0.0 ], [ 743703.410545511287637, 9888035.362736519426107, 0.0 ], [ 743612.255195370758884, 9887579.758239379152656, 0.0 ], [ 743449.135429292800836, 9887085.787117345258594, 0.0 ], [ 743127.398287223768421, 9886508.286754013970494, 0.0 ], [ 742729.193834092933685, 9886076.661438746377826, 0.0 ], [ 742479.716435213224031, 9885884.828073045238853, 0.0 ], [ 742435.699479278526269, 9885866.183816282078624, 0.0 ], [ 742361.784295304212719, 9885789.770689968019724, 0.0 ], [ 742231.116770603111945, 9885779.528742827475071, 0.0 ], [ 742196.655590173089877, 9885764.93202475272119, 0.0 ], [ 742023.940549184568226, 9885721.769572051241994, 0.0 ], [ 741707.296021570917219, 9885702.586295744404197, 0.0 ], [ 741538.554142207256518, 9885725.244483232498169, 0.0 ], [ 741256.599184671649709, 9885703.144364800304174, 0.0 ], [ 740649.833354962058365, 9885963.015279315412045, 0.0 ], [ 739353.426184263313189, 9885664.414332628250122, 0.0 ], [ 739065.484263069927692, 9885577.286365898326039, 0.0 ], [ 738802.584963998175226, 9885507.206248573958874, 0.0 ], [ 739672.113019072334282, 9884309.807974113151431, 0.0 ], [ 739749.889855067827739, 9884261.344118190929294, 0.0 ], [ 740095.320297558791935, 9883829.718641391023993, 0.0 ], [ 740253.64259771653451, 9883628.293526135385036, 0.0 ], [ 740429.661783007555641, 9883266.612671256065369, 0.0 ], [ 740541.068312505376525, 9883113.198430731892586, 0.0 ], [ 740599.893761373939924, 9882936.820170370861888, 0.0 ], [ 740623.061120323254727, 9882894.530431555584073, 0.0 ], [ 740647.04933773749508, 9882712.288813345134258, 0.0 ], [ 740647.049287418369204, 9882573.209466693922877, 0.0 ], [ 740507.149894038564526, 9882291.887083230540156, 0.0 ], [ 740438.397259079734795, 9882112.878143651410937, 0.0 ], [ 740396.095588611788116, 9881947.452379046007991, 0.0 ], [ 741318.715395701350644, 9879730.628259461373091, 0.0 ], [ 741408.348356171627529, 9879169.991069253534079, 0.0 ], [ 741287.315008032717742, 9878093.863521359860897, 0.0 ], [ 741391.136319654993713, 9876994.438826205208898, 0.0 ], [ 741420.80556832253933, 9876924.655250869691372, 0.0 ], [ 741519.877303518587723, 9876685.806911831721663, 0.0 ], [ 741689.403256592690013, 9876315.080183029174805, 0.0 ], [ 742021.586093228310347, 9875918.941374974325299, 0.0 ], [ 742097.346975239575841, 9875767.476414985954762, 0.0 ], [ 742208.074438619427383, 9875377.163089411333203, 0.0 ], [ 742254.696691518300213, 9875039.279802834615111, 0.0 ], [ 742342.113102914998308, 9874689.745417660102248, 0.0 ], [ 742476.151840078178793, 9874439.245977548882365, 0.0 ], [ 742674.295806523994543, 9874270.304414736106992, 0.0 ], [ 742889.923423311091028, 9874153.792771268635988, 0.0 ], [ 743029.789648339152336, 9873973.199996775016189, 0.0 ], [ 743175.483963114093058, 9873577.061156142503023, 0.0 ], [ 743350.316843762295321, 9873256.654614172875881, 0.0 ], [ 743943.782824132475071, 9872664.028426509350538, 0.0 ], [ 744003.610834150225855, 9872410.505067873746157, 0.0 ], [ 744060.01476903934963, 9872344.143042745068669, 0.0 ], [ 744346.40436393849086, 9871714.433199677616358, 0.0 ], [ 744445.193816463463008, 9871593.955451713874936, 0.0 ], [ 744619.29856223880779, 9871445.737161215394735, 0.0 ], [ 745721.327498550293967, 9871418.42960018478334, 0.0 ], [ 746067.412982527399436, 9871218.191734896972775, 0.0 ], [ 746668.512520548189059, 9870326.249473059549928, 0.0 ], [ 746827.357231075526215, 9869944.424726530909538, 0.0 ], [ 746939.586931563448161, 9869749.135646482929587, 0.0 ], [ 746997.043724857619964, 9869536.538922447711229, 0.0 ], [ 747255.196648731129244, 9868916.000949250534177, 0.0 ], [ 747288.053549377480522, 9868875.904993975535035, 0.0 ], [ 747344.965569118387066, 9868768.951124103739858, 0.0 ], [ 747388.652632024837658, 9868672.651677379384637, 0.0 ], [ 748594.329936307505704, 9867796.885576074942946, 0.0 ], [ 748733.783563730889, 9867131.006262309849262, 0.0 ], [ 748769.839156525325961, 9867075.536133555695415, 0.0 ], [ 748885.93933867267333, 9866891.211493821814656, 0.0 ], [ 749039.68382065417245, 9866691.418862536549568, 0.0 ], [ 749869.386378651368432, 9865739.946705946698785, 0.0 ], [ 749905.816913984483108, 9865366.775229427963495, 0.0 ], [ 749395.797204266418703, 9864884.406219214200974, 0.0 ], [ 749336.126895472407341, 9864780.996365826576948, 0.0 ], [ 749295.888304741121829, 9864556.592306071892381, 0.0 ], [ 749261.741276663029566, 9864451.913960201665759, 0.0 ], [ 749216.211803998332471, 9864317.6527383569628, 0.0 ], [ 749050.109295060974546, 9864174.03528905287385, 0.0 ], [ 748942.297864488558844, 9864053.829401237890124, 0.0 ], [ 748888.715514815179631, 9864005.623383641242981, 0.0 ], [ 748676.29706554999575, 9863637.497909864410758, 0.0 ], [ 748753.541437243693508, 9863126.350637137889862, 0.0 ], [ 748780.580554059823044, 9863092.181971807032824, 0.0 ], [ 748967.177392032579519, 9862913.94584197178483, 0.0 ], [ 749004.496633742703125, 9862818.60999489761889, 0.0 ], [ 748938.151118033798411, 9862333.641281818971038, 0.0 ], [ 748875.952261389931664, 9862184.420225521549582, 0.0 ], [ 748805.460216254927218, 9862122.244783064350486, 0.0 ], [ 748577.397488848189823, 9862093.2293466553092, 0.0 ], [ 748469.58620968949981, 9862068.359420919790864, 0.0 ], [ 748087.812568326247856, 9862045.967909999191761, 0.0 ], [ 747876.50227634049952, 9862065.142021531239152, 0.0 ], [ 747255.308175746817142, 9862009.305758265778422, 0.0 ], [ 747021.885183377075009, 9862142.689230918884277, 0.0 ], [ 746812.674597680801526, 9862161.672816934064031, 0.0 ], [ 746287.481755040585995, 9862447.765715248882771, 0.0 ], [ 745784.056031550164334, 9862762.036083953455091, 0.0 ], [ 745571.618453097180463, 9862868.215007221326232, 0.0 ], [ 745306.071294402936473, 9863051.078341938555241, 0.0 ], [ 745117.238012313493527, 9863269.334795050323009, 0.0 ], [ 745075.930651608854532, 9863325.373667679727077, 0.0 ], [ 745019.870889127720147, 9863437.451213883236051, 0.0 ], [ 744966.761498142150231, 9863567.225376170128584, 0.0 ], [ 744948.436654953402467, 9863599.281764030456543, 0.0 ], [ 744600.253243999555707, 9863920.276995114982128, 0.0 ], [ 744507.189228700357489, 9863956.547652879729867, 0.0 ], [ 744450.420012012706138, 9863956.547681633383036, 0.0 ], [ 744294.042335222358815, 9863912.306489637121558, 0.0 ], [ 744149.466628921567462, 9863930.002952191978693, 0.0 ], [ 744010.792231425060891, 9863965.395939016714692, 0.0 ], [ 743925.226992183830589, 9863994.889937052503228, 0.0 ], [ 743875.068001756910235, 9864021.434655256569386, 0.0 ], [ 743381.098884028266184, 9864225.569648195058107, 0.0 ], [ 743378.412150432355702, 9864225.550234131515026, 0.0 ], [ 743052.998862184118479, 9864184.522606173530221, 0.0 ], [ 742814.006485156482086, 9864122.585147708654404, 0.0 ], [ 742663.529895142884925, 9864042.950936704874039, 0.0 ], [ 742554.360627469141036, 9863992.811023255810142, 0.0 ], [ 742421.587057335185818, 9863933.822724988684058, 0.0 ], [ 742330.121104480465874, 9863954.468619460240006, 0.0 ], [ 742300.615760801476426, 9863992.810883676633239, 0.0 ], [ 742288.813734368304722, 9864060.647261327132583, 0.0 ], [ 742279.962069478002377, 9864119.635666355490685, 0.0 ], [ 742250.456801358377561, 9864199.269607549533248, 0.0 ], [ 742218.036666219355538, 9864217.165479108691216, 0.0 ], [ 742133.8756133033894, 9864216.557339916005731, 0.0 ], [ 741461.298001074697822, 9864437.959867933765054, 0.0 ], [ 741204.327462723711506, 9864240.423201845958829, 0.0 ], [ 741201.646983858663589, 9864238.097623467445374, 0.0 ], [ 741200.19641719199717, 9864237.247612275183201, 0.0 ], [ 741185.952274006558582, 9864226.297950208187103, 0.0 ], [ 741184.265119070303626, 9864227.912100834771991, 0.0 ], [ 741116.081696030683815, 9864187.957596128806472, 0.0 ], [ 741048.219696976011619, 9864164.362393159419298, 0.0 ], [ 740915.446403331356123, 9864182.058878913521767, 0.0 ], [ 740756.118149062967859, 9864255.794183114543557, 0.0 ], [ 740652.849675287259743, 9864323.630585849285126, 0.0 ], [ 740614.492819581762888, 9864361.972970504313707, 0.0 ], [ 740496.471988010918722, 9864606.774060880765319, 0.0 ], [ 740487.62053180928342, 9864683.458757655695081, 0.0 ], [ 740475.818392534507439, 9864789.63758872449398, 0.0 ], [ 740437.461632795166224, 9864895.816414471715689, 0.0 ], [ 740233.393606275320053, 9865215.946027975529432, 0.0 ], [ 740091.768394363112748, 9865507.937855273485184, 0.0 ], [ 739988.500065583619289, 9865861.867020152509212, 0.0 ], [ 739967.846500768093392, 9865965.096547652035952, 0.0 ], [ 739914.066130534745753, 9866270.49711037427187, 0.0 ], [ 739701.628461671876721, 9866633.274581972509623, 0.0 ], [ 739601.310699228197336, 9866777.795814940705895, 0.0 ], [ 739554.102241988759488, 9866860.379275351762772, 0.0 ], [ 739477.388759300112724, 9867063.888649273663759, 0.0 ], [ 739462.636267870897427, 9867128.775923037901521, 0.0 ], [ 739290.58388535445556, 9867457.322110837325454, 0.0 ], [ 739187.315590172656812, 9867539.905688188970089, 0.0 ], [ 739075.195890970062464, 9867634.286632165312767, 0.0 ], [ 739013.234687306685373, 9867696.224317893385887, 0.0 ], [ 738930.620056963292882, 9867734.5666828379035, 0.0 ], [ 738827.35181782557629, 9867802.40311523526907, 0.0 ], [ 738550.002705139340833, 9867926.2785077188164, 0.0 ], [ 738337.565259774681181, 9867970.51979679428041, 0.0 ], [ 738201.841245029238053, 9868008.862003404647112, 0.0 ], [ 738083.820146678597666, 9868064.90089707262814, 0.0 ], [ 738015.9583057644777, 9868126.838353246450424, 0.0 ], [ 738005.426291265059263, 9868136.138132460415363, 0.0 ], [ 737776.954974461812526, 9868209.148526268079877, 0.0 ], [ 737541.855072882026434, 9868393.293023543432355, 0.0 ], [ 737468.411604361492209, 9868390.001376140862703, 0.0 ], [ 737347.440209350432269, 9868375.254176273941994, 0.0 ], [ 737220.567864187760279, 9868381.153322348371148, 0.0 ], [ 737014.031123291701078, 9868440.141484048217535, 0.0 ], [ 736863.554629281628877, 9868510.927095556631684, 0.0 ], [ 736727.830707072513178, 9868608.257840059697628, 0.0 ], [ 736600.958078280091286, 9868797.020191153511405, 0.0 ], [ 736530.14554186409805, 9868891.401374259963632, 0.0 ], [ 736403.27306611277163, 9869080.163653561845422, 0.0 ], [ 736317.707993878051639, 9869251.229402396827936, 0.0 ], [ 736305.905980367446318, 9869298.420055463910103, 0.0 ], [ 736270.089128227671608, 9869403.796418474987149, 0.0 ], [ 736206.437148347846232, 9869491.943415427580476, 0.0 ], [ 736131.127202073344961, 9869964.579821979627013, 0.0 ], [ 735466.459740647813305, 9870636.697795201092958, 0.0 ], [ 735395.24220586172305, 9870960.894590323790908, 0.0 ], [ 734978.639204349950887, 9871185.770268090069294, 0.0 ], [ 734858.802921238937415, 9871224.860049614682794, 0.0 ], [ 734563.750767907127738, 9871375.279950805008411, 0.0 ], [ 734416.224523424752988, 9871460.813047390431166, 0.0 ], [ 734366.065752516617067, 9871505.054041786119342, 0.0 ], [ 734353.511210345313884, 9871523.204422026872635, 0.0 ], [ 734311.210178346722387, 9871546.03784666955471, 0.0 ], [ 733883.932452558889054, 9872083.743428224697709, 0.0 ], [ 732945.497051168815233, 9872795.139426505193114, 0.0 ], [ 731885.206042802194133, 9873008.640480466187, 0.0 ], [ 730748.062670929823071, 9873771.307138752192259, 0.0 ], [ 730512.601957416976802, 9873822.794649437069893, 0.0 ], [ 730247.055002423119731, 9873887.681830231100321, 0.0 ], [ 730067.073186716763303, 9873970.265360618010163, 0.0 ], [ 729901.843898277496919, 9874052.848772577941418, 0.0 ], [ 729828.080621417844668, 9874100.039352428168058, 0.0 ], [ 729646.667849547229707, 9874226.736466646194458, 0.0 ], [ 729392.727348619489931, 9874329.162184989079833, 0.0 ], [ 729085.869953469489701, 9874635.803347935900092, 0.0 ], [ 729078.72451745881699, 9874636.993804721161723, 0.0 ], [ 726829.537481972016394, 9874408.63441957719624, 0.0 ], [ 726548.007896238705143, 9874460.82924797013402, 0.0 ], [ 726395.346594162867405, 9874440.63168223015964, 0.0 ], [ 725914.411206987453625, 9874464.22697682864964, 0.0 ], [ 725799.341039749095216, 9874484.873000567778945, 0.0 ], [ 725740.330667439615354, 9874505.518791807815433, 0.0 ], [ 725684.270538880722597, 9874543.861181499436498, 0.0 ], [ 725424.624738336540759, 9874611.697605647146702, 0.0 ], [ 725232.840552838519216, 9874608.748243963345885, 0.0 ], [ 725156.127044622786343, 9874602.849392298609018, 0.0 ], [ 724664.794663128210232, 9874676.789784708991647, 0.0 ], [ 724481.861907954094931, 9874682.688565203920007, 0.0 ], [ 724278.276175395702012, 9874694.486373597756028, 0.0 ], [ 724139.601602964103222, 9874697.435637436807156, 0.0 ], [ 724125.331171460682526, 9874698.274755550548434, 0.0 ], [ 723553.04402852174826, 9874677.574507053941488, 0.0 ], [ 723165.417792823864147, 9874400.342905294150114, 0.0 ], [ 723280.68872322444804, 9874217.334976593032479, 0.0 ], [ 723355.27555707260035, 9874061.438992757350206, 0.0 ], [ 723423.081942891236395, 9873878.430855691432953, 0.0 ], [ 723456.985110363457352, 9873668.310384456068277, 0.0 ], [ 723463.765828356146812, 9873539.527082897722721, 0.0 ], [ 723470.546280067181215, 9873458.1900255382061, 0.0 ], [ 723491.002307831891812, 9872851.543985044583678, 0.0 ], [ 723545.247634453931823, 9872688.870310178026557, 0.0 ], [ 723667.29878895485308, 9872343.188159042969346, 0.0 ], [ 723748.666355964378454, 9872187.292349971830845, 0.0 ], [ 723870.717774861725047, 9872078.843084143474698, 0.0 ], [ 723972.427313749212772, 9871963.61583874002099, 0.0 ], [ 724080.917482697870582, 9871828.054026074707508, 0.0 ], [ 724548.78096872381866, 9870980.794366430491209, 0.0 ], [ 724704.735485293203965, 9870865.567017812281847, 0.0 ], [ 724921.715882290969603, 9870770.674033680930734, 0.0 ], [ 725084.45081924367696, 9870669.002836298197508, 0.0 ], [ 725179.379565814509988, 9870492.772790549322963, 0.0 ], [ 725213.282792157377116, 9870255.540125016123056, 0.0 ], [ 725213.282773163518868, 9869889.523999912664294, 0.0 ], [ 725226.844034150009975, 9869686.181508269160986, 0.0 ], [ 725260.747106407419778, 9869394.724079525098205, 0.0 ], [ 725260.747246369137429, 9869272.718776436522603, 0.0 ], [ 725247.186026209848933, 9869150.713415360078216, 0.0 ], [ 725023.054333384963684, 9868603.210253797471523, 0.0 ], [ 724950.179342560004443, 9868506.080331208184361, 0.0 ], [ 724998.718427438987419, 9867314.937712358310819, 0.0 ], [ 725104.42178768129088, 9867206.926069524139166, 0.0 ], [ 725212.911999149248004, 9867064.586616458371282, 0.0 ], [ 725158.472921471344307, 9866661.753986733034253, 0.0 ], [ 725049.982697143801488, 9866363.518480133265257, 0.0 ], [ 725043.202099194400944, 9866072.0611642729491, 0.0 ], [ 725111.008503137389198, 9865726.37909602932632, 0.0 ], [ 725212.717971405130811, 9865523.036731947213411, 0.0 ], [ 725260.182432839297689, 9865353.584658788517118, 0.0 ], [ 725246.620839482173324, 9865136.686392309144139, 0.0 ], [ 725185.595291626523249, 9864953.67823419906199, 0.0 ], [ 725138.130888817715459, 9864804.56062313914299, 0.0 ], [ 725131.350374507135712, 9864513.103081863373518, 0.0 ], [ 725185.595331619028002, 9864343.651220267638564, 0.0 ], [ 725165.253604196943343, 9864187.75545946508646, 0.0 ], [ 725124.569620860740542, 9864092.862182699143887, 0.0 ], [ 725049.982714467216283, 9864025.081664834171534, 0.0 ], [ 724710.951064243796282, 9863760.736397894099355, 0.0 ], [ 724622.802965640323237, 9863584.506350688636303, 0.0 ], [ 724477.790545709547587, 9863189.834369879215956, 0.0 ], [ 724328.802017904235981, 9862925.065733101218939, 0.0 ], [ 724226.165544155519456, 9862791.026467164978385, 0.0 ], [ 724183.124346301076002, 9862716.560272548347712, 0.0 ], [ 724153.326700782170519, 9862496.471299594268203, 0.0 ], [ 724129.867691416060552, 9862424.380405616015196, 0.0 ], [ 724088.482016194961034, 9862333.365958504378796, 0.0 ], [ 723946.115209354786202, 9862091.764643406495452, 0.0 ], [ 723781.427397978608496, 9861753.730737080797553, 0.0 ], [ 723778.109773054486141, 9861751.519857535138726, 0.0 ], [ 723484.082086993032135, 9861555.57509458065033, 0.0 ], [ 723456.329740907996893, 9861523.870268285274506, 0.0 ], [ 723297.745614942163229, 9861187.005834091454744, 0.0 ], [ 723230.347437254618853, 9861080.001983102411032, 0.0 ], [ 723071.763269440736622, 9860901.661821017041802, 0.0 ], [ 723047.975584426429123, 9860842.215368894860148, 0.0 ], [ 722968.423094125348143, 9860626.636410573497415, 0.0 ], [ 722936.706126839038916, 9860543.411218408495188, 0.0 ], [ 722881.201738791074604, 9860428.481037244200706, 0.0 ], [ 722833.626583165489137, 9860345.255631597712636, 0.0 ], [ 722786.051302228821442, 9860139.174170657992363, 0.0 ], [ 722770.192837205249816, 9859754.752242863178253, 0.0 ], [ 722778.121986437123269, 9859631.895991077646613, 0.0 ], [ 722790.015861410647631, 9859513.002608610317111, 0.0 ], [ 722853.736746345646679, 9859097.939449358731508, 0.0 ], [ 722964.745801070239395, 9858998.861656395718455, 0.0 ], [ 723071.789953415165655, 9858943.378068251535296, 0.0 ], [ 723147.117584313848056, 9858868.078898319974542, 0.0 ], [ 723182.79893496108707, 9858788.816752284765244, 0.0 ], [ 723250.197143912198953, 9858570.845797978341579, 0.0 ], [ 723273.984809158253483, 9858503.472816737368703, 0.0 ], [ 723361.206065292004496, 9858245.870653040707111, 0.0 ], [ 723404.816731847589836, 9858119.051122911274433, 0.0 ], [ 723420.675186825566925, 9858000.157835774123669, 0.0 ], [ 723400.852002531522885, 9857849.559636995196342, 0.0 ], [ 723373.09982865024358, 9857786.149868523702025, 0.0 ], [ 723313.630756957340054, 9857726.703165967017412, 0.0 ], [ 723222.44493830576539, 9857631.588650725781918, 0.0 ], [ 722539.74996270716656, 9857298.999906217679381, 0.0 ], [ 722539.329193481360562, 9857298.719648847356439, 0.0 ], [ 722195.062430851627141, 9857069.36699390411377, 0.0 ], [ 722028.169931846205145, 9856927.169566471129656, 0.0 ], [ 721909.628411332843825, 9856831.43587164208293, 0.0 ], [ 721542.04117783496622, 9856728.19450568407774, 0.0 ], [ 721377.392744217766449, 9856674.662062738090754, 0.0 ], [ 720960.028210261720233, 9856544.654396211728454, 0.0 ], [ 720388.69680500915274, 9856429.356812208890915, 0.0 ], [ 720185.758172395522706, 9856318.468039657920599, 0.0 ], [ 720017.280549496295862, 9856318.468249065801501, 0.0 ], [ 719487.729319220408797, 9856172.580555539578199, 0.0 ], [ 718752.555023250519298, 9856023.454294800758362, 0.0 ], [ 717878.30136875086464, 9856011.949093563482165, 0.0 ], [ 717782.57577454240527, 9855973.711582537740469, 0.0 ], [ 717587.295031219837256, 9855973.711560660973191, 0.0 ], [ 717384.356345015577972, 9856027.244047347456217, 0.0 ], [ 717204.392017609905452, 9856119.014042474329472, 0.0 ], [ 717047.401735247578472, 9856226.079104276373982, 0.0 ], [ 716974.650030999910086, 9856291.082833491265774, 0.0 ], [ 716909.556518455035985, 9856424.914283135905862, 0.0 ], [ 716828.670223969267681, 9856644.334984544664621, 0.0 ], [ 716679.338069677934982, 9856877.583855021744967, 0.0 ], [ 716625.731697544106282, 9857107.008973682299256, 0.0 ], [ 716606.58661527489312, 9857221.721475252881646, 0.0 ], [ 716552.81081405247096, 9857655.255252692848444, 0.0 ], [ 716534.163644716143608, 9857728.410576742142439, 0.0 ], [ 716363.827495679608546, 9857653.003403663635254, 0.0 ], [ 715983.637933529098518, 9857997.55163555778563, 0.0 ], [ 715494.494851927505806, 9858031.676046043634415, 0.0 ], [ 714403.10069647221826, 9857631.11246263794601, 0.0 ], [ 714322.512881191680208, 9857544.557614021003246, 0.0 ], [ 714313.503914198838174, 9857527.094864824786782, 0.0 ], [ 714291.027345603331923, 9857508.829093720763922, 0.0 ], [ 714287.817536567919888, 9857507.293291974812746, 0.0 ], [ 714196.597051700926386, 9857409.318489817902446, 0.0 ], [ 713516.134317010175437, 9857509.642525183036923, 0.0 ], [ 712686.951103101950139, 9857310.97819028608501, 0.0 ], [ 711456.246737594017759, 9856441.520380521193147, 0.0 ], [ 710790.532509538694285, 9855641.42001043446362, 0.0 ], [ 710780.31924964254722, 9855590.353697573766112, 0.0 ], [ 710776.764281963696703, 9855574.219754597172141, 0.0 ], [ 710771.550181757193059, 9855559.881077704951167, 0.0 ], [ 710762.013487010030076, 9855542.92685454338789, 0.0 ], [ 710759.38261683320161, 9855539.52217866666615, 0.0 ], [ 710752.699020842090249, 9855537.123069884255528, 0.0 ], [ 710739.952812671195716, 9855537.342913508415222, 0.0 ], [ 710728.51353268371895, 9855542.37614855915308, 0.0 ], [ 710715.884100630530156, 9855551.702505420893431, 0.0 ], [ 710711.168133943458088, 9855546.034537795931101, 0.0 ], [ 710295.374629978439771, 9855264.363870339468122, 0.0 ], [ 710285.038602015119977, 9855252.412867426872253, 0.0 ], [ 710219.396067760419101, 9855193.813415953889489, 0.0 ], [ 710180.313317444641143, 9855167.572061646729708, 0.0 ], [ 710159.292941121151671, 9855156.130666194483638, 0.0 ], [ 710128.552659856155515, 9855148.785814464092255, 0.0 ], [ 710123.416740002343431, 9855147.874571729451418, 0.0 ], [ 710053.017883437569253, 9855100.184329511597753, 0.0 ], [ 709823.839807786629535, 9855027.032892987132072, 0.0 ], [ 709818.140317400568165, 9855019.43358351662755, 0.0 ], [ 709803.202389936894178, 9855004.49548746086657, 0.0 ], [ 709798.669164264341816, 9855002.229023814201355, 0.0 ], [ 709794.973161618458107, 9855001.701082171872258, 0.0 ], [ 709780.674704022705555, 9855001.701125157997012, 0.0 ], [ 709759.416801876039244, 9854993.578863428905606, 0.0 ], [ 709741.81200773245655, 9854984.596771186217666, 0.0 ], [ 709730.100014249561355, 9854977.242783647030592, 0.0 ], [ 709721.384055683738552, 9854974.904268782585859, 0.0 ], [ 709709.05982958804816, 9854975.615249507129192, 0.0 ], [ 709691.204042261932045, 9854980.079314310103655, 0.0 ], [ 709681.376911230734549, 9854981.560107229277492, 0.0 ], [ 709593.054892777465284, 9854953.368568802252412, 0.0 ], [ 709580.809945785440505, 9854940.903023604303598, 0.0 ], [ 709568.626418102183379, 9854931.703190604224801, 0.0 ], [ 709556.125498046865687, 9854927.304674353450537, 0.0 ], [ 709549.641534673981369, 9854927.124537073075771, 0.0 ], [ 709546.030833910452202, 9854928.71323730237782, 0.0 ], [ 709538.150014064391144, 9854935.843459827825427, 0.0 ], [ 709249.847912072553299, 9854843.820203006267548, 0.0 ], [ 708730.637452517985366, 9853970.392011987045407, 0.0 ], [ 708281.239610565127805, 9854896.784879744052887, 0.0 ], [ 708266.780944791040383, 9854896.249861132353544, 0.0 ], [ 708228.252572637051344, 9854881.084507636725903, 0.0 ] ] ] ] } }
]
}
