{
"type": "FeatureCollection",
"name": "EC-info-adm-kab-mjk",
"crs": { "type": "name", "properties": { "name": "urn:ogc:def:crs:EPSG::32749" } },
"features": [
{ "type": "Feature", "properties": { "fid": 1, "KDPPUM": null, "NAMOBJ": "SUKOSARI", "REMARK": "Wilayah Administrasi Keluruhan/Desa", "KDPBPS": null, "FCODE": null, "LUASWH": 0.0, "UUPP": null, "SRS_ID": null, "LCODE": "BA0020", "METADATA": null, "KDEBPS": null, "KDEPUM": null, "KDCBPS": null, "KDCPUM": null, "KDBBPS": null, "KDBPUM": null, "WADMKD": null, "WIADKD": null, "WADMKC": "TRAWAS", "WIADKC": null, "WADMKK": "MOJOKERTO", "WIADKK": null, "WADMPR": "JAWA TIMUR", "WIADPR": null, "TIPADM": 0, "SHAPE_Leng": 0.07803167815000001, "SHAPE_Area": 0.00023856923 }, "geometry": { "type": "MultiPolygon", "coordinates": [ [ [ [ 651824.62086386536248, 9162021.198095949366689, 0.0 ], [ 651854.595190105843358, 9162138.792917659506202, 0.0 ], [ 651866.435565497144125, 9162185.244794739410281, 0.0 ], [ 651861.743036750238389, 9162187.649335375055671, 0.0 ], [ 651786.887885519186966, 9162226.00643085129559, 0.0 ], [ 651794.028784319176339, 9162281.025283167138696, 0.0 ], [ 651767.219679303118028, 9162294.970176588743925, 0.0 ], [ 651719.585256603430025, 9162319.747404204681516, 0.0 ], [ 651648.572117997566238, 9162362.118778122588992, 0.0 ], [ 651642.395942777395248, 9162399.581167697906494, 0.0 ], [ 651569.164617966394871, 9162424.705952327698469, 0.0 ], [ 651571.366200187942013, 9162449.391029484570026, 0.0 ], [ 651570.046901890891604, 9162460.85861455462873, 0.0 ], [ 651552.837860326981172, 9162494.801772270351648, 0.0 ], [ 651547.527507314807735, 9162517.137186644598842, 0.0 ], [ 651535.950376576161943, 9162587.762808568775654, 0.0 ], [ 651513.833637570729479, 9162593.189356237649918, 0.0 ], [ 651510.808792060706764, 9162593.931529298424721, 0.0 ], [ 651524.925636883359402, 9162659.178325403481722, 0.0 ], [ 651524.48034904920496, 9162672.39563586935401, 0.0 ], [ 651526.475820885738358, 9162689.622099757194519, 0.0 ], [ 651531.505867527099326, 9162734.342978231608868, 0.0 ], [ 651530.458575907861814, 9162739.921796714887023, 0.0 ], [ 651528.009623400168493, 9162744.460935205221176, 0.0 ], [ 651516.898562167305499, 9162783.590930344536901, 0.0 ], [ 651516.778752129059285, 9162784.012866688892245, 0.0 ], [ 651514.526033732225187, 9162784.061036428436637, 0.0 ], [ 651498.077211694791913, 9162784.412757348269224, 0.0 ], [ 651479.730214671464637, 9162786.77234810590744, 0.0 ], [ 651447.340522231766954, 9162791.051403826102614, 0.0 ], [ 651416.435026053804904, 9162801.089356346055865, 0.0 ], [ 651405.718028506380506, 9162802.175701046362519, 0.0 ], [ 651370.373738719150424, 9162805.758410913869739, 0.0 ], [ 651326.118281639297493, 9162813.246961403638124, 0.0 ], [ 651320.065854262327775, 9162819.295719098299742, 0.0 ], [ 651316.396502038813196, 9162834.612619757652283, 0.0 ], [ 651313.007451533805579, 9162851.549092322587967, 0.0 ], [ 651311.993234859313816, 9162869.68539796769619, 0.0 ], [ 651311.993193685542792, 9162886.11212544888258, 0.0 ], [ 651312.504474092042074, 9162909.497331365942955, 0.0 ], [ 651313.007442035828717, 9162916.046022327616811, 0.0 ], [ 651319.076423578895628, 9162949.939147228375077, 0.0 ], [ 651323.10858026240021, 9162983.202302716672421, 0.0 ], [ 651290.826077745412476, 9162994.290034936740994, 0.0 ], [ 651300.919064780580811, 9163067.865136614069343, 0.0 ], [ 651285.787860352313146, 9163073.913872700184584, 0.0 ], [ 651304.28332038410008, 9163175.913138475269079, 0.0 ], [ 651342.271918211597949, 9163385.350454200059175, 0.0 ], [ 651348.324365494423546, 9163383.340907007455826, 0.0 ], [ 651356.397059923270717, 9163387.370019745081663, 0.0 ], [ 651369.507964687887579, 9163386.36031174659729, 0.0 ], [ 651405.830885373754427, 9163342.009270448237658, 0.0 ], [ 651429.02645449701231, 9163342.009292094036937, 0.0 ], [ 651425.117915272712708, 9163392.568967869505286, 0.0 ], [ 651426.033207750646397, 9163402.986923296004534, 0.0 ], [ 651454.45418157777749, 9163537.376285338774323, 0.0 ], [ 651458.480676260543987, 9163556.415642144158483, 0.0 ], [ 651476.461322179064155, 9163554.051126517355442, 0.0 ], [ 651496.439207822550088, 9163551.423958769068122, 0.0 ], [ 651540.666968100820668, 9163545.607809217646718, 0.0 ], [ 651557.463712443131953, 9163542.58843894302845, 0.0 ], [ 651628.62535598827526, 9163529.761094918474555, 0.0 ], [ 651635.832282886607572, 9163554.975970260798931, 0.0 ], [ 651643.047398623311892, 9163554.975958475843072, 0.0 ], [ 651649.784215783700347, 9163588.139244649559259, 0.0 ], [ 651654.896589133189991, 9163613.284103630110621, 0.0 ], [ 651661.196471249684691, 9163647.607109853997827, 0.0 ], [ 651665.421134109143168, 9163660.647255502641201, 0.0 ], [ 651669.128952665138058, 9163672.092068312689662, 0.0 ], [ 651690.397806389490142, 9163667.709799194708467, 0.0 ], [ 651691.83797543332912, 9163667.413064049556851, 0.0 ], [ 651714.481151070329361, 9163662.743987461552024, 0.0 ], [ 651714.827394607244059, 9163727.340860668569803, 0.0 ], [ 651735.326613286160864, 9163732.769764615222812, 0.0 ], [ 651724.120524738915265, 9163765.393164915964007, 0.0 ], [ 651723.436130393180065, 9163770.132189592346549, 0.0 ], [ 651723.353608489502221, 9163772.72160174511373, 0.0 ], [ 651646.865182572975755, 9163790.357997650280595, 0.0 ], [ 651599.525785067118704, 9163802.475579151883721, 0.0 ], [ 651588.830933791701682, 9163805.215045183897018, 0.0 ], [ 651578.935948214493692, 9163795.047038519755006, 0.0 ], [ 651537.244944271515124, 9163813.123420108109713, 0.0 ], [ 651495.553914329619147, 9163831.199759734794497, 0.0 ], [ 651495.842589564155787, 9163862.543321656063199, 0.0 ], [ 651468.425121742067859, 9163864.522958114743233, 0.0 ], [ 651439.119329346809536, 9163870.811690649017692, 0.0 ], [ 651323.718805954325944, 9163900.415668059140444, 0.0 ], [ 651193.591108147287741, 9163935.018635248765349, 0.0 ], [ 651144.396373050985858, 9163944.146693952381611, 0.0 ], [ 651067.231849486241117, 9163965.882338726893067, 0.0 ], [ 651075.428151247790083, 9163984.528500139713287, 0.0 ], [ 651090.979830664815381, 9163980.009451407939196, 0.0 ], [ 651108.213695786660537, 9164018.691559927538037, 0.0 ], [ 651079.847980731865391, 9164048.00559383444488, 0.0 ], [ 651074.409164365613833, 9164132.362346351146698, 0.0 ], [ 651074.372676829108968, 9164132.928270354866982, 0.0 ], [ 651084.812887113308534, 9164168.367099264636636, 0.0 ], [ 651086.469382388866507, 9164173.989995289593935, 0.0 ], [ 651072.204088805476204, 9164195.715487033128738, 0.0 ], [ 651060.758790223393589, 9164213.511896891519427, 0.0 ], [ 651052.18319045077078, 9164227.918928384780884, 0.0 ], [ 651047.029520503245294, 9164236.567197324708104, 0.0 ], [ 651040.766595402616076, 9164244.802370252087712, 0.0 ], [ 651040.391613381216303, 9164245.295437132939696, 0.0 ], [ 651033.745427833171561, 9164254.023701574653387, 0.0 ], [ 651026.678792155231349, 9164275.029327509924769, 0.0 ], [ 651020.848878435441293, 9164296.025092517957091, 0.0 ], [ 651018.383451499743387, 9164321.209926867857575, 0.0 ], [ 651017.797933132853359, 9164338.33645330928266, 0.0 ], [ 651017.649594629066996, 9164347.524653472006321, 0.0 ], [ 651012.240277758915909, 9164376.728626640513539, 0.0 ], [ 651009.881942575215362, 9164390.945807982236147, 0.0 ], [ 651005.998153701075353, 9164398.484266633167863, 0.0 ], [ 651002.11434504960198, 9164436.076650550588965, 0.0 ], [ 650992.194575619883835, 9164478.098077766597271, 0.0 ], [ 650981.925480970065109, 9164517.764038048684597, 0.0 ], [ 650977.987042205641046, 9164532.976839842274785, 0.0 ], [ 650937.813280588481575, 9164537.145974306389689, 0.0 ], [ 650885.748992553562857, 9164542.544909635558724, 0.0 ], [ 650857.52353122504428, 9164545.364308832213283, 0.0 ], [ 650779.982350959675387, 9164552.940192677080631, 0.0 ], [ 650777.703752925619483, 9164553.162812989205122, 0.0 ], [ 650781.826606409274973, 9164593.814457423985004, 0.0 ], [ 650785.04254110401962, 9164625.46799349412322, 0.0 ], [ 650732.615423962357454, 9164637.365612892434001, 0.0 ], [ 650669.361589318839833, 9164651.722698951140046, 0.0 ], [ 650612.06948286248371, 9164665.739888934418559, 0.0 ], [ 650608.606178724789061, 9164666.669666869565845, 0.0 ], [ 650608.012509632273577, 9164668.359322050586343, 0.0 ], [ 650607.41056453937199, 9164670.049003155902028, 0.0 ], [ 650607.526041816454381, 9164679.786941604688764, 0.0 ], [ 650607.732152901822701, 9164697.673296922817826, 0.0 ], [ 650608.136183055699803, 9164732.276308946311474, 0.0 ], [ 650608.185642784461379, 9164736.475460678339005, 0.0 ], [ 650606.58592095959466, 9164747.423218663781881, 0.0 ], [ 650595.033482280559838, 9164754.791691165417433, 0.0 ], [ 650583.678954925970174, 9164794.203647149726748, 0.0 ], [ 650588.090516333235428, 9164801.352258831262589, 0.0 ], [ 650592.535091812955216, 9164808.33080418407917, 0.0 ], [ 650593.804942058748566, 9164812.550018398091197, 0.0 ], [ 650594.720175918308087, 9164815.619307707995176, 0.0 ], [ 650595.767464048694819, 9164823.927612837404013, 0.0 ], [ 650592.930869929259643, 9164825.017425276339054, 0.0 ], [ 650593.994576416909695, 9164841.104154350236058, 0.0 ], [ 650588.255460510030389, 9164841.823986498638988, 0.0 ], [ 650592.444392467150465, 9164856.351026264950633, 0.0 ], [ 650559.708360592252575, 9164871.237979395315051, 0.0 ], [ 650556.822278029052541, 9164872.417735604569316, 0.0 ], [ 650555.280340460827574, 9164872.717704007402062, 0.0 ], [ 650553.960936627350748, 9164882.485677022486925, 0.0 ], [ 650504.964126605656929, 9164892.203755622729659, 0.0 ], [ 650449.057396869407967, 9164903.311507092788815, 0.0 ], [ 650455.325577178271487, 9164922.502347350120544, 0.0 ], [ 650464.454522141604684, 9164950.451765982434154, 0.0 ], [ 650484.07743884366937, 9165010.529722735285759, 0.0 ], [ 650507.289551376947202, 9165068.437892273068428, 0.0 ], [ 650513.345792495412752, 9165082.916143180802464, 0.0 ], [ 650548.922822247375734, 9165167.96762303635478, 0.0 ], [ 650580.117154568550177, 9165227.267161199823022, 0.0 ], [ 650593.722391102346592, 9165253.130286375060678, 0.0 ], [ 650638.522098144167103, 9165338.292933462187648, 0.0 ], [ 650594.137728490051813, 9165341.96970428340137, 0.0 ], [ 650506.605151646537706, 9165349.220719676464796, 0.0 ], [ 650503.694308677921072, 9165356.499293891713023, 0.0 ], [ 650522.841194058768451, 9165633.722833298146725, 0.0 ], [ 650537.609516062308103, 9165743.01058885268867, 0.0 ], [ 650550.967769059818238, 9165841.840491570532322, 0.0 ], [ 650555.47000549104996, 9165854.427860712632537, 0.0 ], [ 650560.936926241731271, 9165866.805426619946957, 0.0 ], [ 650570.411482776398771, 9165886.471330482512712, 0.0 ], [ 650574.418976489920169, 9165893.749937810003757, 0.0 ], [ 650581.708244187058881, 9165895.939416412264109, 0.0 ], [ 650595.124201376107521, 9165895.929407902061939, 0.0 ], [ 650623.547624785685912, 9165962.195914085954428, 0.0 ], [ 650723.731650360045023, 9165946.635314205661416, 0.0 ], [ 650766.126515015028417, 9165940.050469048321247, 0.0 ], [ 650844.412554893293418, 9165927.143071228638291, 0.0 ], [ 650868.515169955091551, 9165922.174119854345918, 0.0 ], [ 650905.990550079382956, 9165914.441372269764543, 0.0 ], [ 650963.919585368479602, 9165902.488110603764653, 0.0 ], [ 651043.904348345706239, 9166035.18106454052031, 0.0 ], [ 651095.976845671539195, 9166118.484194938093424, 0.0 ], [ 651130.716568352654576, 9166174.062870798632503, 0.0 ], [ 651202.430676475749351, 9166288.789472272619605, 0.0 ], [ 651145.575533951167017, 9166317.923554569482803, 0.0 ], [ 651030.422354269307107, 9166349.237148473039269, 0.0 ], [ 650988.879746200982481, 9166365.253884449601173, 0.0 ], [ 651017.410390677745454, 9166441.338438142091036, 0.0 ], [ 651025.185669897357002, 9166462.069775506854057, 0.0 ], [ 651038.082695551333018, 9166496.45726664736867, 0.0 ], [ 651042.815825284458697, 9166509.074638871476054, 0.0 ], [ 651056.042172038927674, 9166542.147954957559705, 0.0 ], [ 651056.776076023932546, 9166547.976696655154228, 0.0 ], [ 651050.946283541619778, 9166550.886112878099084, 0.0 ], [ 651029.803908466128632, 9166554.53543664701283, 0.0 ], [ 651030.537757829879411, 9166558.904510295018554, 0.0 ], [ 651067.668855701806024, 9166682.459373906254768, 0.0 ], [ 651111.446065412717871, 9166828.159679176285863, 0.0 ], [ 651086.818332738708705, 9166833.260064259171486, 0.0 ], [ 651051.680106312502176, 9166840.537140252068639, 0.0 ], [ 651030.546061530010775, 9166850.725063106045127, 0.0 ], [ 651032.986794751486741, 9166861.982843868434429, 0.0 ], [ 651043.718092812108807, 9166911.522951787337661, 0.0 ], [ 651044.118715760996565, 9166913.372391792014241, 0.0 ], [ 651061.154578544665128, 9166992.00638710334897, 0.0 ], [ 651075.733246258809231, 9167085.217340003699064, 0.0 ], [ 651126.347668247064576, 9167441.367017187178135, 0.0 ], [ 651126.692638492560945, 9167443.794402863830328, 0.0 ], [ 651104.008307626238093, 9167448.563395163044333, 0.0 ], [ 651005.717855944065377, 9167469.239227343350649, 0.0 ], [ 650929.179834182374179, 9167490.384869275614619, 0.0 ], [ 650925.943244750145823, 9167491.278649713844061, 0.0 ], [ 650852.641956149716862, 9167511.520645823329687, 0.0 ], [ 650865.810612887260504, 9167587.964990586042404, 0.0 ], [ 650882.928900690516457, 9167687.394805122166872, 0.0 ], [ 650898.406396488077007, 9167777.23653751052916, 0.0 ], [ 650800.998237614287063, 9167793.763158166781068, 0.0 ], [ 650726.711426577414386, 9167806.360627476125956, 0.0 ], [ 650744.827591703739017, 9167868.527923535555601, 0.0 ], [ 650760.527601781534031, 9167924.09667456895113, 0.0 ], [ 650776.235992476693355, 9167979.655336774885654, 0.0 ], [ 650775.741236191126518, 9167999.531226916238666, 0.0 ], [ 650774.990881602279842, 9168004.000369345769286, 0.0 ], [ 650773.250972416019067, 9168014.438212616369128, 0.0 ], [ 650789.392977112554945, 9168066.85261283069849, 0.0 ], [ 650791.152661342755891, 9168072.566445427015424, 0.0 ], [ 650968.512546546873637, 9168038.283343711867929, 0.0 ], [ 651181.123441107105464, 9167996.941781550645828, 0.0 ], [ 651340.26817288948223, 9167966.0280483327806, 0.0 ], [ 651469.573550505680032, 9167940.917709797620773, 0.0 ], [ 651590.480096997111104, 9167917.4380261041224, 0.0 ], [ 651590.376896962989122, 9168015.858690403401852, 0.0 ], [ 651590.331712511484511, 9168058.939150495454669, 0.0 ], [ 651638.347279333276674, 9168740.210523707792163, 0.0 ], [ 651648.01130606723018, 9168815.895045254379511, 0.0 ], [ 651653.432841110043228, 9168852.646442299708724, 0.0 ], [ 651738.286863404442556, 9169427.850549161434174, 0.0 ], [ 651741.07391006720718, 9169432.299657016992569, 0.0 ], [ 651826.146294810576364, 9169425.561042968183756, 0.0 ], [ 652045.43636576179415, 9169391.327985033392906, 0.0 ], [ 652051.564519704319537, 9169438.693147886544466, 0.0 ], [ 652051.711358205997385, 9169439.828078206628561, 0.0 ], [ 652052.066010676673613, 9169442.517514253035188, 0.0 ], [ 652047.101946992566809, 9169442.367585422471166, 0.0 ], [ 652018.950685924268328, 9169446.076867386698723, 0.0 ], [ 651995.606661667698063, 9169448.916227294132113, 0.0 ], [ 651949.578426389954984, 9169456.274777725338936, 0.0 ], [ 651887.882938503636979, 9169465.392860284075141, 0.0 ], [ 651858.775131309288554, 9169470.171935895457864, 0.0 ], [ 651850.083989151753485, 9169470.601858114823699, 0.0 ], [ 651848.344188273884356, 9169470.601793088018894, 0.0 ], [ 651847.907087523723021, 9169482.769411358982325, 0.0 ], [ 651853.126733574550599, 9169554.884641783311963, 0.0 ], [ 651854.23163658217527, 9169581.309285473078489, 0.0 ], [ 651857.727880137274042, 9169637.247929163277149, 0.0 ], [ 651854.767627390800044, 9169671.940881052985787, 0.0 ], [ 651846.15895550022833, 9169759.952986968681216, 0.0 ], [ 651845.004619344254024, 9169768.431215174496174, 0.0 ], [ 651843.141030765254982, 9169772.910292511805892, 0.0 ], [ 651834.169557871180587, 9169776.269601095467806, 0.0 ], [ 651818.296326238545589, 9169780.188769558444619, 0.0 ], [ 651811.600699278293177, 9169782.078384472057223, 0.0 ], [ 651810.02573080221191, 9169782.208394898101687, 0.0 ], [ 651804.921515561873093, 9169778.799054909497499, 0.0 ], [ 651803.082745666964911, 9169778.669142879545689, 0.0 ], [ 651800.204910948872566, 9169778.66910714097321, 0.0 ], [ 651762.809951606788673, 9169787.287373205646873, 0.0 ], [ 651743.044677526224405, 9169792.296339163556695, 0.0 ], [ 651737.957072081044316, 9169794.355948179960251, 0.0 ], [ 651730.527537400717847, 9169796.275498490780592, 0.0 ], [ 651706.301234789192677, 9169801.784445350989699, 0.0 ], [ 651705.748800184344873, 9169803.164128409698606, 0.0 ], [ 651706.57333900872618, 9169824.079937595874071, 0.0 ], [ 651706.441357113071717, 9169836.257425604388118, 0.0 ], [ 651708.667764510726556, 9169866.561260260641575, 0.0 ], [ 651711.174478380708024, 9169923.009776530787349, 0.0 ], [ 651712.213491730159149, 9169964.001453781500459, 0.0 ], [ 651713.09578907105606, 9169995.385014336556196, 0.0 ], [ 651714.20071704860311, 9170032.517427116632462, 0.0 ], [ 651714.621322933584452, 9170058.922086089849472, 0.0 ], [ 651716.377681598183699, 9170084.047004347667098, 0.0 ], [ 651717.540305629023351, 9170097.874171582981944, 0.0 ], [ 651717.540319862542674, 9170111.711287235841155, 0.0 ], [ 651718.208183442475274, 9170131.587240261957049, 0.0 ], [ 651719.997540929936804, 9170149.673572078347206, 0.0 ], [ 651721.555994707276113, 9170160.041518706828356, 0.0 ], [ 651722.265161652350798, 9170173.168802769854665, 0.0 ], [ 651722.438341393135488, 9170186.306171434000134, 0.0 ], [ 651723.254740858916193, 9170205.652196653187275, 0.0 ], [ 651722.693962126621045, 9170215.390283090993762, 0.0 ], [ 651721.984863645746373, 9170226.537968538701534, 0.0 ], [ 651720.855138253420591, 9170233.30663669668138, 0.0 ], [ 651720.574825485236943, 9170250.802982818335295, 0.0 ], [ 651721.984781056875363, 9170267.02975700609386, 0.0 ], [ 651724.912960603367537, 9170294.06135299615562, 0.0 ], [ 651726.149002734338865, 9170305.471919605508447, 0.0 ], [ 651735.219395393505692, 9170312.650382054969668, 0.0 ], [ 651758.250090586487204, 9170330.896698700264096, 0.0 ], [ 651776.102275924873538, 9170341.724550424143672, 0.0 ], [ 651853.604970111744478, 9170386.29543730430305, 0.0 ], [ 651860.630465093418024, 9170415.43948894366622, 0.0 ], [ 651868.076447797589935, 9170431.676192631945014, 0.0 ], [ 651869.667895543272607, 9170440.274408180266619, 0.0 ], [ 651867.862004511407577, 9170449.612564403563738, 0.0 ], [ 651863.409283941378817, 9170461.820088211447001, 0.0 ], [ 651871.284031371586025, 9170500.292197642847896, 0.0 ], [ 651872.331360594951548, 9170506.590927984565496, 0.0 ], [ 651869.783367268973961, 9170517.81869900599122, 0.0 ], [ 651858.593694835435599, 9170555.580966848880053, 0.0 ], [ 651857.051744396798313, 9170560.369982985779643, 0.0 ], [ 651854.833583253435791, 9170563.179396545514464, 0.0 ], [ 651851.8898172872141, 9170564.939128059893847, 0.0 ], [ 651849.828391113667749, 9170566.418754652142525, 0.0 ], [ 651845.540582567919046, 9170573.787281487137079, 0.0 ], [ 651837.46784500265494, 9170598.262294, 0.0 ], [ 651832.949153242865577, 9170618.968061180785298, 0.0 ], [ 651833.064600901096128, 9170624.566971186548471, 0.0 ], [ 651868.1836009377148, 9170627.45634207688272, 0.0 ], [ 651879.488715105806477, 9170628.776052631437778, 0.0 ], [ 651885.359757338417694, 9170672.06726973131299, 0.0 ], [ 651888.691030118148774, 9170679.215839503332973, 0.0 ], [ 651894.595087443827651, 9170763.218705881386995, 0.0 ], [ 651904.828194364788942, 9170879.105107190087438, 0.0 ], [ 651912.620447314693592, 9170929.264905536547303, 0.0 ], [ 651911.48253730381839, 9170997.191132599487901, 0.0 ], [ 651910.468296723323874, 9171042.901784460991621, 0.0 ], [ 651905.710524244117551, 9171128.514414254575968, 0.0 ], [ 651896.178234494640492, 9171179.284090213477612, 0.0 ], [ 651887.083163607865572, 9171245.19060373865068, 0.0 ], [ 651890.546354649588466, 9171260.757411882281303, 0.0 ], [ 651868.472216242924333, 9171374.404280183836818, 0.0 ], [ 651864.580175177427009, 9171376.134021285921335, 0.0 ], [ 651827.358503723749891, 9171363.256601573899388, 0.0 ], [ 651827.358429241459817, 9171407.267627926543355, 0.0 ], [ 651802.954099001013674, 9171408.228376649320126, 0.0 ], [ 651773.14547159045469, 9171409.401864690706134, 0.0 ], [ 651761.581357900984585, 9171409.857108755037189, 0.0 ], [ 651760.286746947560459, 9171417.205620506778359, 0.0 ], [ 651749.468277078820392, 9171416.345779869705439, 0.0 ], [ 651746.26881890243385, 9171420.175043744966388, 0.0 ], [ 651700.644567011855543, 9171422.594513768330216, 0.0 ], [ 651694.633323524380103, 9171462.086420726031065, 0.0 ], [ 651691.417468535713851, 9171483.21214141137898, 0.0 ], [ 651690.452709495555609, 9171533.651910565793514, 0.0 ], [ 651687.76462803769391, 9171593.229730788618326, 0.0 ], [ 651682.758407280314714, 9171661.303547846153378, 0.0 ], [ 651681.703864346956834, 9171675.643003774806857, 0.0 ], [ 651667.042819564929232, 9171724.17308533936739, 0.0 ], [ 651658.541280277306214, 9171759.625940695405006, 0.0 ], [ 651652.579570302157663, 9171776.992414034903049, 0.0 ], [ 651650.246013900148682, 9171836.760190015658736, 0.0 ], [ 651646.345653478987515, 9171893.438698155805469, 0.0 ], [ 651639.584082225337625, 9171964.164286324754357, 0.0 ], [ 651634.60359987989068, 9171989.79902384057641, 0.0 ], [ 651637.827771235257387, 9172037.769338298588991, 0.0 ], [ 651642.354665108956397, 9172105.115548361092806, 0.0 ], [ 651642.354720392380841, 9172155.405313480645418, 0.0 ], [ 651746.714112943969667, 9172168.162794103845954, 0.0 ], [ 651798.497995113022625, 9172175.661274531856179, 0.0 ], [ 651798.60610813437961, 9172176.007481882348657, 0.0 ], [ 651819.129149799235165, 9172241.727786991745234, 0.0 ], [ 651860.770643074763939, 9172304.205099439248443, 0.0 ], [ 651864.683035216876306, 9172310.072329746559262, 0.0 ], [ 651869.544228776590899, 9172317.362430851906538, 0.0 ], [ 651868.647876202594489, 9172323.852330323308706, 0.0 ], [ 651861.43851489701774, 9172376.050465980544686, 0.0 ], [ 651853.184432084206492, 9172474.590355282649398, 0.0 ], [ 651854.751198455691338, 9172549.865004429593682, 0.0 ], [ 651875.813223595963791, 9172552.838359462097287, 0.0 ], [ 651980.318846307462081, 9172567.591424746438861, 0.0 ], [ 651999.55641180719249, 9172564.022221710532904, 0.0 ], [ 652049.930250493925996, 9172584.637968504801393, 0.0 ], [ 652088.149762894841842, 9172594.185990210622549, 0.0 ], [ 652115.08900362928398, 9172600.834738440811634, 0.0 ], [ 652126.319767244393006, 9172606.453550012782216, 0.0 ], [ 652139.158538149902597, 9172621.430441819131374, 0.0 ], [ 652153.390882635954767, 9172647.455212574452162, 0.0 ], [ 652167.565501732868142, 9172668.580866731703281, 0.0 ], [ 652176.124667750438675, 9172675.53944237716496, 0.0 ], [ 652186.01975395262707, 9172684.097697019577026, 0.0 ], [ 652216.603529407759197, 9172700.764350390061736, 0.0 ], [ 652231.850105011137202, 9172711.732077121734619, 0.0 ], [ 652247.624405750771984, 9172730.178406290709972, 0.0 ], [ 652263.942913093487732, 9172751.573993895202875, 0.0 ], [ 652268.750270449789241, 9172756.123041158542037, 0.0 ], [ 652270.770460213767365, 9172754.203429436311126, 0.0 ], [ 652319.363311792491004, 9172779.418302454054356, 0.0 ], [ 652338.716212354251184, 9172801.883735662326217, 0.0 ], [ 652374.577397852786817, 9172835.007031736895442, 0.0 ], [ 652407.338133127079345, 9172864.411023493856192, 0.0 ], [ 652478.224445552565157, 9172927.347911959514022, 0.0 ], [ 652487.875350774847902, 9172935.916514560580254, 0.0 ], [ 652514.847532494110055, 9172941.685308469459414, 0.0 ], [ 652557.907268199836835, 9172945.014658881351352, 0.0 ], [ 652592.968573721824214, 9172970.23954157717526, 0.0 ], [ 652651.761474415194243, 9172995.444324217736721, 0.0 ], [ 652676.251618307316676, 9173008.001797091215849, 0.0 ], [ 652717.283016087720171, 9173035.756185658276081, 0.0 ], [ 652759.452194553799927, 9173061.111003121361136, 0.0 ], [ 652768.786506522796117, 9173062.1007578112185, 0.0 ], [ 652810.518684450071305, 9173036.176024403423071, 0.0 ], [ 652847.822934689698741, 9173022.358916822820902, 0.0 ], [ 652885.127095531672239, 9173001.753074346110225, 0.0 ], [ 652909.67502473667264, 9172974.768559865653515, 0.0 ], [ 652976.276660985313356, 9172928.657976837828755, 0.0 ], [ 653043.183528415393084, 9172884.986848901957273, 0.0 ], [ 653065.026768620125949, 9172877.428418356925249, 0.0 ], [ 653079.308554071001709, 9172875.748775916174054, 0.0 ], [ 653135.066893925890326, 9172869.92985811829567, 0.0 ], [ 653182.620690903509967, 9172845.504878481850028, 0.0 ], [ 653222.101829358842224, 9172841.305695252493024, 0.0 ], [ 653260.024421115755104, 9172838.906248046085238, 0.0 ], [ 653257.377567759249359, 9172871.54954463802278, 0.0 ], [ 653260.336560910800472, 9172898.893407262861729, 0.0 ], [ 653260.840803579194471, 9172903.553080530837178, 0.0 ], [ 653258.218655642587692, 9172940.425600036978722, 0.0 ], [ 653256.561206989455968, 9172980.197507444769144, 0.0 ], [ 653260.733575743623078, 9173019.379529099911451, 0.0 ], [ 653268.550668807467446, 9173045.714183159172535, 0.0 ], [ 653278.4044203433441, 9173071.398934997618198, 0.0 ], [ 653285.2566891501192, 9173074.828225905075669, 0.0 ], [ 653317.852526614442468, 9173075.658085806295276, 0.0 ], [ 653383.877066124696285, 9173074.108354177325964, 0.0 ], [ 653401.852928157662973, 9173265.70929829403758, 0.0 ], [ 653406.563436555326916, 9173294.686299957334995, 0.0 ], [ 653425.403148189885542, 9173410.579877607524395, 0.0 ], [ 653443.56049187167082, 9173497.292166404426098, 0.0 ], [ 653454.370725898770615, 9173510.429513299837708, 0.0 ], [ 653488.219947246951051, 9173743.412077283486724, 0.0 ], [ 653486.842918404377997, 9173762.718226181343198, 0.0 ], [ 653492.153221847605892, 9173841.502138938754797, 0.0 ], [ 653494.346640774048865, 9173914.887235822156072, 0.0 ], [ 653492.161475548055023, 9173954.81907339207828, 0.0 ], [ 653487.395385761512443, 9173966.736682869493961, 0.0 ], [ 653475.768714505014941, 9173983.82319125905633, 0.0 ], [ 653436.2381636146456, 9174024.394948652014136, 0.0 ], [ 653434.04348201979883, 9174026.06865001283586, 0.0 ], [ 653416.258487488259561, 9174039.631779301911592, 0.0 ], [ 653437.992841666098684, 9174055.665426017716527, 0.0 ], [ 653443.813125623972155, 9174059.959103591740131, 0.0 ], [ 653469.6833024576772, 9174079.043757585808635, 0.0 ], [ 653505.148667586385272, 9174121.405206697061658, 0.0 ], [ 653571.181362474453636, 9174211.406881634145975, 0.0 ], [ 653608.485569689888507, 9174259.747049437835813, 0.0 ], [ 653652.584359114989638, 9174313.506022941321135, 0.0 ], [ 653677.932041613268666, 9174349.328822828829288, 0.0 ], [ 653689.097860863665119, 9174360.016835669055581, 0.0 ], [ 653710.94842682313174, 9174380.932356191799045, 0.0 ], [ 653717.924100185628049, 9174381.709111576899886, 0.0 ], [ 653728.726525759091601, 9174382.911981606855989, 0.0 ], [ 653763.441506896866485, 9174378.392919531092048, 0.0 ], [ 653819.257635148591362, 9174369.434705438092351, 0.0 ], [ 653828.512787233339623, 9174371.195274280384183, 0.0 ], [ 653838.651784834684804, 9174373.123971259221435, 0.0 ], [ 653924.524090538034216, 9174376.82318476960063, 0.0 ], [ 653927.585922809084877, 9174377.130555430427194, 0.0 ], [ 653979.301157011534087, 9174382.322105888277292, 0.0 ], [ 654024.74335939635057, 9174395.410057835280895, 0.0 ], [ 654028.108363511273637, 9174396.37922140583396, 0.0 ], [ 654038.719726990908384, 9174401.037711106240749, 0.0 ], [ 654095.724254418862984, 9174426.063190707936883, 0.0 ], [ 654116.931051836814731, 9174443.388609742745757, 0.0 ], [ 654143.097251272760332, 9174464.76570856384933, 0.0 ], [ 654165.442930136341602, 9174483.021518932655454, 0.0 ], [ 654200.971342873526737, 9174512.718608677387238, 0.0 ], [ 654222.916430230601691, 9174531.061793483793736, 0.0 ], [ 654250.869851503055543, 9174554.207094978541136, 0.0 ], [ 654300.946875441004522, 9174569.423942832276225, 0.0 ], [ 654303.523926890571602, 9174569.979475896805525, 0.0 ], [ 654357.900890578981489, 9174581.701443985104561, 0.0 ], [ 654385.400759678333998, 9174594.958779279142618, 0.0 ], [ 654415.836179783102125, 9174607.72619610466063, 0.0 ], [ 654437.146104627638124, 9174614.921678118407726, 0.0 ], [ 654452.167389458161779, 9174619.993739457800984, 0.0 ], [ 654455.523405912332237, 9174619.085370026528835, 0.0 ], [ 654474.774298174772412, 9174613.874745983630419, 0.0 ], [ 654475.734029799466953, 9174613.614975925534964, 0.0 ], [ 654489.974557438632473, 9174609.195911474525928, 0.0 ], [ 654507.331560995895416, 9174600.062288893386722, 0.0 ], [ 654517.96098413260188, 9174594.468856351450086, 0.0 ], [ 654550.367124735726975, 9174577.28233140334487, 0.0 ], [ 654572.342364207841456, 9174562.135432690382004, 0.0 ], [ 654606.184840402798727, 9174549.85083550401032, 0.0 ], [ 654606.908936964231543, 9174549.58799285441637, 0.0 ], [ 654612.406322572380304, 9174546.610895661637187, 0.0 ], [ 654624.835362697485834, 9174539.879972126334906, 0.0 ], [ 654631.473766491748393, 9174536.68120026960969, 0.0 ], [ 654659.278227238100953, 9174523.283366668969393, 0.0 ], [ 654696.151001258171163, 9174497.600407000631094, 0.0 ], [ 654710.493215888272971, 9174487.610620925202966, 0.0 ], [ 654776.212545682210475, 9174438.340703748166561, 0.0 ], [ 654794.012083874084055, 9174427.290432317182422, 0.0 ], [ 654804.685430258628912, 9174420.664222080260515, 0.0 ], [ 654809.078568351571448, 9174416.502744555473328, 0.0 ], [ 654823.345768423750997, 9174402.987879069522023, 0.0 ], [ 654829.728133208816871, 9174395.619379654526711, 0.0 ], [ 654841.511449294048361, 9174382.861936461180449, 0.0 ], [ 654847.893749104579911, 9174379.912518594413996, 0.0 ], [ 654853.782819654559717, 9174384.494187317788601, 0.0 ], [ 654865.910842804936692, 9174393.929726867005229, 0.0 ], [ 654887.168658938724548, 9174429.992339545860887, 0.0 ], [ 654893.550883163698018, 9174451.108034005388618, 0.0 ], [ 654864.731757020228542, 9174451.827895615249872, 0.0 ], [ 654845.535392648540437, 9174461.096075162291527, 0.0 ], [ 654832.292545499745756, 9174469.704252557829022, 0.0 ], [ 654817.730370598845184, 9174482.941612211987376, 0.0 ], [ 654800.521318890387192, 9174516.6947369761765, 0.0 ], [ 654804.174249235773459, 9174546.378622056916356, 0.0 ], [ 654810.449362106272019, 9174565.684765223413706, 0.0 ], [ 654818.390011147130281, 9174573.623181978240609, 0.0 ], [ 654864.072078621247783, 9174553.107343595474958, 0.0 ], [ 654908.277993591269478, 9174539.969996824860573, 0.0 ], [ 654910.240521871601231, 9174582.681316798552871, 0.0 ], [ 654896.00824086915236, 9174630.801459612324834, 0.0 ], [ 654867.040527111268602, 9174697.088043905794621, 0.0 ], [ 654825.308320752112195, 9174776.621810428798199, 0.0 ], [ 654817.4583196407184, 9174798.227441851049662, 0.0 ], [ 654806.74691150826402, 9174820.142955807968974, 0.0 ], [ 654813.030307211214676, 9174864.983819182962179, 0.0 ], [ 654840.596174206002615, 9174883.170160129666328, 0.0 ], [ 654862.191976769827306, 9174883.750016059726477, 0.0 ], [ 654890.211393733159639, 9174888.998989287763834, 0.0 ], [ 654928.282424402539618, 9174906.875291086733341, 0.0 ], [ 654968.736565405037254, 9174931.14038716442883, 0.0 ], [ 655005.141975239850581, 9174957.834903294220567, 0.0 ], [ 655009.140852420940064, 9174962.978081651031971, 0.0 ], [ 655024.956708545330912, 9174983.319721974432468, 0.0 ], [ 655029.005415087682195, 9175006.375053454190493, 0.0 ], [ 655019.300059070345014, 9175016.882852470502257, 0.0 ], [ 654975.209501539589837, 9175044.797173777595162, 0.0 ], [ 654926.26220125996042, 9175060.164102846756577, 0.0 ], [ 654895.323488586815074, 9175066.316123319789767, 0.0 ], [ 654894.83729973086156, 9175066.412799555808306, 0.0 ], [ 654853.294750239118002, 9175067.76257941685617, 0.0 ], [ 654831.195872427895665, 9175066.132889190688729, 0.0 ], [ 654831.287683923495933, 9175068.489272123202682, 0.0 ], [ 654832.036909847287461, 9175087.718500815331936, 0.0 ], [ 654822.793367936043069, 9175089.398114915937185, 0.0 ], [ 654795.351141951978207, 9175100.545912114903331, 0.0 ], [ 654760.828781103948131, 9175117.521509567275643, 0.0 ], [ 654733.581578728044406, 9175130.919683178886771, 0.0 ], [ 654743.376966103445739, 9175163.494923887774348, 0.0 ], [ 654749.801076994044706, 9175184.858733912929893, 0.0 ], [ 654740.509023191989399, 9175201.508327450603247, 0.0 ], [ 654723.810276570729911, 9175231.429266383871436, 0.0 ], [ 654698.083205552189611, 9175259.723480911925435, 0.0 ], [ 654692.93777454062365, 9175272.590900931507349, 0.0 ], [ 654677.501525577739812, 9175297.03588629886508, 0.0 ], [ 654653.052694244892336, 9175363.932297274470329, 0.0 ], [ 654581.140673408051953, 9175373.800264397636056, 0.0 ], [ 654523.94481935899239, 9175382.07695128582418, 0.0 ], [ 654435.082016360829584, 9175394.935950614511967, 0.0 ], [ 654299.371914909221232, 9175420.260849161073565, 0.0 ], [ 654249.55835264979396, 9175424.131925731897354, 0.0 ], [ 654046.043039317359217, 9175439.946821760386229, 0.0 ], [ 653668.22223231906537, 9175416.477456005290151, 0.0 ], [ 653652.743774387170561, 9175415.515907291322947, 0.0 ], [ 653623.385838258545846, 9175413.69212780892849, 0.0 ], [ 653596.396505477488972, 9175405.595279578119516, 0.0 ], [ 653518.374983856687322, 9175382.18858883716166, 0.0 ], [ 653485.366215219954029, 9175376.983596287667751, 0.0 ], [ 653213.658022185787559, 9175334.138382380828261, 0.0 ], [ 652814.823017433052883, 9175303.434569906443357, 0.0 ], [ 652444.279671445954591, 9175283.668051637709141, 0.0 ], [ 652421.05101208249107, 9175282.428832588717341, 0.0 ], [ 652415.519534939434379, 9175282.974196474999189, 0.0 ], [ 652275.191216459032148, 9175296.809342099353671, 0.0 ], [ 652048.264693785342388, 9175319.181426180526614, 0.0 ], [ 651867.128134210710414, 9175329.679249757900834, 0.0 ], [ 651720.121269295574166, 9175397.94528866559267, 0.0 ], [ 651711.262120752362534, 9175400.649448504671454, 0.0 ], [ 651470.725722549948841, 9175474.069829165935516, 0.0 ], [ 651291.544677965226583, 9175514.485689960420132, 0.0 ], [ 651290.676812626654282, 9175514.68144278600812, 0.0 ], [ 651211.590750779840164, 9175532.519758056849241, 0.0 ], [ 651156.194708813214675, 9175545.014565790072083, 0.0 ], [ 651121.571901208022609, 9175552.823847455903888, 0.0 ], [ 650932.560725259594619, 9175558.072716983035207, 0.0 ], [ 650766.145554019138217, 9175519.977870766073465, 0.0 ], [ 650714.664193143602461, 9175508.192918304353952, 0.0 ], [ 650694.553666069055907, 9175506.141380725428462, 0.0 ], [ 650457.402150510577485, 9175481.948187366127968, 0.0 ], [ 650320.331348100327887, 9175468.540285930037498, 0.0 ], [ 650215.881376875913702, 9175458.32300815358758, 0.0 ], [ 650195.699165457859635, 9175458.875825243070722, 0.0 ], [ 650024.23966006655246, 9175463.57198534719646, 0.0 ], [ 649827.353677212144248, 9175474.069864029064775, 0.0 ], [ 649606.532244807458483, 9175531.058335460722446, 0.0 ], [ 649583.210701579228044, 9175537.076971499249339, 0.0 ], [ 649333.815153162460774, 9175602.703658560290933, 0.0 ], [ 649102.799574154545553, 9175739.215864490717649, 0.0 ], [ 648945.287502551684156, 9175736.596436005085707, 0.0 ], [ 648910.723972878302447, 9175724.630433112382889, 0.0 ], [ 648808.777517078211531, 9175689.336081355810165, 0.0 ], [ 648743.626566070364788, 9175626.521444346755743, 0.0 ], [ 648735.265787592041306, 9175618.460467478260398, 0.0 ], [ 648572.509352334775031, 9175484.57774524576962, 0.0 ], [ 648487.334114007535391, 9175385.462285427376628, 0.0 ], [ 648428.124587958678603, 9175316.561936972662807, 0.0 ], [ 648191.856472247513011, 9175193.177009804174304, 0.0 ], [ 648018.586466949665919, 9175198.425916060805321, 0.0 ], [ 647944.836880078539252, 9175253.311641400679946, 0.0 ], [ 647926.740925620542839, 9175266.77892579510808, 0.0 ], [ 647792.823576628230512, 9175366.441766835749149, 0.0 ], [ 647712.940747554064728, 9175439.768940284848213, 0.0 ], [ 647534.235757848597132, 9175603.806920561939478, 0.0 ], [ 647441.047537352773361, 9175689.346042320132256, 0.0 ], [ 647320.287159455940127, 9175770.719503177329898, 0.0 ], [ 647305.973370746243745, 9175775.491586042568088, 0.0 ], [ 647194.274150879355147, 9175812.73087178170681, 0.0 ], [ 647186.88783884444274, 9175811.622344650328159, 0.0 ], [ 647060.905846661305986, 9175792.714972095564008, 0.0 ], [ 647060.53489257756155, 9175841.92931317538023, 0.0 ], [ 647059.784461615490727, 9175941.484703397378325, 0.0 ], [ 647081.932792226201855, 9176055.461464647203684, 0.0 ], [ 647111.584869830636308, 9176168.548535911366343, 0.0 ], [ 647124.423582907067612, 9176214.42920184507966, 0.0 ], [ 647142.803586199413985, 9176267.678262704983354, 0.0 ], [ 647147.693397888913751, 9176291.523434391245246, 0.0 ], [ 647152.591462188051082, 9176325.196608230471611, 0.0 ], [ 647158.70161921728868, 9176341.713243503123522, 0.0 ], [ 647166.04041118605528, 9176351.491254718974233, 0.0 ], [ 647171.58159579813946, 9176369.247647751122713, 0.0 ], [ 647175.251068592304364, 9176399.831419013440609, 0.0 ], [ 647179.530563763808459, 9176417.577798064798117, 0.0 ], [ 647190.538834802806377, 9176438.993441227823496, 0.0 ], [ 647201.621214541373774, 9176468.137548200786114, 0.0 ], [ 647207.7313971783733, 9176501.180746532976627, 0.0 ], [ 647212.629434409900568, 9176553.810014953836799, 0.0 ], [ 647215.68043456482701, 9176572.156343905255198, 0.0 ], [ 647224.247811933513731, 9176585.623537145555019, 0.0 ], [ 647230.726450840942562, 9176599.695901874452829, 0.0 ], [ 647231.00942639564164, 9176600.310557847842574, 0.0 ], [ 647232.088304398930632, 9176605.984971206635237, 0.0 ], [ 647233.45021943282336, 9176613.148031190037727, 0.0 ], [ 647233.630665699602105, 9176613.107628080993891, 0.0 ], [ 647263.456828172784299, 9176606.429343225434422, 0.0 ], [ 647336.910813736263663, 9176599.690759195014834, 0.0 ], [ 647417.736612115055323, 9176591.132429737597704, 0.0 ], [ 647501.588543055579066, 9176583.794005382806063, 0.0 ], [ 647609.353470332804136, 9176571.55640103854239, 0.0 ], [ 647632.631538913236, 9176567.87719652056694, 0.0 ], [ 647673.959727645735256, 9176663.747739907354116, 0.0 ], [ 647678.313444294966757, 9176678.894614489749074, 0.0 ], [ 647678.857741790357977, 9176691.342066381126642, 0.0 ], [ 647676.153102400829084, 9176726.504881398752332, 0.0 ], [ 647678.313434932148084, 9176742.181767296046019, 0.0 ], [ 647686.946841245982796, 9176749.770214242860675, 0.0 ], [ 647689.729752325103618, 9176751.914057588204741, 0.0 ], [ 647698.886828273534775, 9176758.968300310894847, 0.0 ], [ 647705.368065856513567, 9176764.367161020636559, 0.0 ], [ 647709.144678682088852, 9176776.824620448052883, 0.0 ], [ 647720.507528816815466, 9176819.556002231314778, 0.0 ], [ 647735.688094469369389, 9176842.821207158267498, 0.0 ], [ 647765.620521334582008, 9176897.060159305110574, 0.0 ], [ 647802.528936915099621, 9176976.653993874788284, 0.0 ], [ 647841.375025679939426, 9177072.774409268051386, 0.0 ], [ 647894.395892423344776, 9177197.21905954182148, 0.0 ], [ 647909.609412595396861, 9177228.532754942774773, 0.0 ], [ 647925.293031267356128, 9177268.404622262343764, 0.0 ], [ 647939.541820716927759, 9177308.756437726318836, 0.0 ], [ 647949.041058118338697, 9177316.354844197630882, 0.0 ], [ 647955.695431551081128, 9177316.354801500216126, 0.0 ], [ 647990.336272970540449, 9177303.537507915869355, 0.0 ], [ 648007.055904399137944, 9177295.383925318717957, 0.0 ], [ 648029.289570915047079, 9177284.541325554251671, 0.0 ], [ 648067.781205221312121, 9177264.145468641072512, 0.0 ], [ 648117.165598149760626, 9177247.508836811408401, 0.0 ], [ 648155.624200912425295, 9177238.030816629528999, 0.0 ], [ 648178.894003021297976, 9177229.482514096423984, 0.0 ], [ 648186.488339094910771, 9177231.852061709389091, 0.0 ], [ 648193.067473956849426, 9177237.496219225227833, 0.0 ], [ 648193.142820850596763, 9177237.560858372598886, 0.0 ], [ 648202.641944889212027, 9177276.48300120420754, 0.0 ], [ 648205.981535672442988, 9177292.619642037898302, 0.0 ], [ 648211.662971917307004, 9177295.459096441045403, 0.0 ], [ 648223.969726248295046, 9177293.036861028522253, 0.0 ], [ 648247.779702006839216, 9177288.350533034652472, 0.0 ], [ 648283.393569980747998, 9177277.902647661045194, 0.0 ], [ 648433.146347488509491, 9177234.331522537395358, 0.0 ], [ 648528.468291894183494, 9177207.487028948962688, 0.0 ], [ 648528.972046886454336, 9177224.279484571889043, 0.0 ], [ 648529.152725565829314, 9177230.302336478605866, 0.0 ], [ 648528.468278837040998, 9177266.534976391121745, 0.0 ], [ 648541.925463899620809, 9177329.602118970826268, 0.0 ], [ 648525.120482730213553, 9177349.058160273358226, 0.0 ], [ 648512.355933673097752, 9177368.534191222861409, 0.0 ], [ 648505.660314784385264, 9177391.339546332135797, 0.0 ], [ 648506.311705048196018, 9177407.436260415241122, 0.0 ], [ 648518.400153633672744, 9177443.668965270742774, 0.0 ], [ 648415.698169716866687, 9177502.836887588724494, 0.0 ], [ 648317.927135763689876, 9177555.006268238648772, 0.0 ], [ 648257.171767388936132, 9177588.209510108456016, 0.0 ], [ 648158.460717699490488, 9177626.341783881187439, 0.0 ], [ 648071.961815104819834, 9177656.975475328043103, 0.0 ], [ 648011.387915425002575, 9177685.129758296534419, 0.0 ], [ 648026.708627662505023, 9177770.582343507558107, 0.0 ], [ 647998.219261697493494, 9177780.060493163764477, 0.0 ], [ 648011.773746873950586, 9177825.694942826405168, 0.0 ], [ 648012.105233512702398, 9177826.810971947386861, 0.0 ], [ 648053.977629622677341, 9177975.590616902336478, 0.0 ], [ 648074.625242191366851, 9178047.006182484328747, 0.0 ], [ 648099.62661832710728, 9178117.521818643435836, 0.0 ], [ 648107.534423793316819, 9178163.842349525541067, 0.0 ], [ 648105.159605236491188, 9178193.356378074735403, 0.0 ], [ 648080.801432261941954, 9178206.493681652471423, 0.0 ], [ 648027.81361619126983, 9178215.651814023032784, 0.0 ], [ 648028.712441137991846, 9178225.499811299145222, 0.0 ], [ 648018.174221908207983, 9178226.809582471847534, 0.0 ], [ 648017.201228434452787, 9178233.398179242387414, 0.0 ], [ 648019.180215950706042, 9178242.596348719671369, 0.0 ], [ 648021.159201233182102, 9178244.905881583690643, 0.0 ], [ 648026.411791209829971, 9178242.276435043662786, 0.0 ], [ 648032.991973671945743, 9178238.65715367347002, 0.0 ], [ 648036.628376137698069, 9178240.966641716659069, 0.0 ], [ 648040.545231340453029, 9178256.753437733277678, 0.0 ], [ 648053.383989830035716, 9178285.37765147536993, 0.0 ], [ 648091.958038424141705, 9178350.584307985380292, 0.0 ], [ 648143.791423870716244, 9178455.043082302436233, 0.0 ], [ 648181.021431434433907, 9178531.727477721869946, 0.0 ], [ 648178.687806626781821, 9178541.005618803203106, 0.0 ], [ 648119.400150611880235, 9178574.718732744455338, 0.0 ], [ 648122.516497558448464, 9178582.626792669296265, 0.0 ], [ 648264.370396490558051, 9178942.593848494812846, 0.0 ], [ 648291.095116960350424, 9179006.06092893332243, 0.0 ], [ 648298.293761880602688, 9179016.138857033103704, 0.0 ], [ 648306.24279006884899, 9179016.86868754774332, 0.0 ], [ 648327.178966004517861, 9179012.539617920294404, 0.0 ], [ 648353.862490452826023, 9179095.472731702029705, 0.0 ], [ 648363.938984773354605, 9179138.573930494487286, 0.0 ], [ 648370.989188610343263, 9179155.490522671490908, 0.0 ], [ 648373.471109333331697, 9179168.537868250161409, 0.0 ], [ 648375.235762972151861, 9179180.885321535170078, 0.0 ], [ 648380.158509032917209, 9179186.184277545660734, 0.0 ], [ 648385.806975647690706, 9179193.22287629917264, 0.0 ], [ 648388.288972648442723, 9179204.510574577376246, 0.0 ], [ 648392.857072507031262, 9179206.970046330243349, 0.0 ], [ 648399.9485533174593, 9179208.739701392129064, 0.0 ], [ 648401.350374911329709, 9179216.858047038316727, 0.0 ], [ 648403.7911352844676, 9179226.376049788668752, 0.0 ], [ 648408.400520089664496, 9179228.835616540163755, 0.0 ], [ 648414.048954229569063, 9179228.145720470696688, 0.0 ], [ 648417.569918661029078, 9179227.775768930092454, 0.0 ], [ 648418.617168174358085, 9179230.605190088972449, 0.0 ], [ 648424.620105606387369, 9179253.520562475547194, 0.0 ], [ 648434.515150496503338, 9179271.166970754042268, 0.0 ], [ 648436.279792586690746, 9179277.865594923496246, 0.0 ], [ 648436.675497682532296, 9179292.892555622383952, 0.0 ], [ 648438.86898070469033, 9179303.490340571850538, 0.0 ], [ 648446.026294567389414, 9179323.136364145204425, 0.0 ], [ 648450.091566247749142, 9179336.563612414523959, 0.0 ], [ 648451.963392366655171, 9179349.630944214761257, 0.0 ], [ 648454.766919490299188, 9179359.928867695853114, 0.0 ], [ 648459.763866524212062, 9179375.525729652494192, 0.0 ], [ 648465.989506000652909, 9179385.173792211338878, 0.0 ], [ 648475.051705344696529, 9179393.30207304097712, 0.0 ], [ 648485.66412841132842, 9179402.320235649123788, 0.0 ], [ 648492.821541865821928, 9179410.748544607311487, 0.0 ], [ 648495.633383719599806, 9179414.797719173133373, 0.0 ], [ 648495.954924691701308, 9179431.534351833164692, 0.0 ], [ 648497.216585639631376, 9179454.279662851244211, 0.0 ], [ 648504.373952012509108, 9179482.044082278385758, 0.0 ], [ 648510.310937410104088, 9179497.320950098335743, 0.0 ], [ 648511.099442345206626, 9179504.961295943707228, 0.0 ], [ 648511.24267082195729, 9179506.349131369963288, 0.0 ], [ 648511.242677840287797, 9179523.195660481229424, 0.0 ], [ 648509.370955802849494, 9179528.79454874061048, 0.0 ], [ 648504.373960897792131, 9179533.163656705990434, 0.0 ], [ 648503.763710694620386, 9179537.542787954211235, 0.0 ], [ 648510.921094995224848, 9179547.810694608837366, 0.0 ], [ 648513.724712010007352, 9179553.439519286155701, 0.0 ], [ 648511.564279192592949, 9179557.488630382344127, 0.0 ], [ 648503.11229641281534, 9179564.337233094498515, 0.0 ], [ 648495.954934754641727, 9179574.635186102241278, 0.0 ], [ 648492.211251666536555, 9179583.683299811556935, 0.0 ], [ 648493.15135404560715, 9179590.232047481462359, 0.0 ], [ 648493.151308245724067, 9179598.950226189568639, 0.0 ], [ 648486.604077290277928, 9179607.378531627357006, 0.0 ], [ 648485.631105060572736, 9179611.317772202193737, 0.0 ], [ 648485.919769769767299, 9179618.166285667568445, 0.0 ], [ 648499.33566317090299, 9179647.160385373979807, 0.0 ], [ 648513.403163499315269, 9179682.383205959573388, 0.0 ], [ 648517.427122867666185, 9179691.751326937228441, 0.0 ], [ 648524.62576694751624, 9179700.149657499045134, 0.0 ], [ 648532.104721267125569, 9179707.328221868723631, 0.0 ], [ 648535.526770193479024, 9179715.746412593871355, 0.0 ], [ 648538.973507036920637, 9179732.59299030341208, 0.0 ], [ 648541.785366717376746, 9179736.642165692523122, 0.0 ], [ 648549.264282457064837, 9179742.241104122251272, 0.0 ], [ 648557.68329392792657, 9179748.489828208461404, 0.0 ], [ 648563.29043196036946, 9179753.158833015710115, 0.0 ], [ 648569.227520557004027, 9179769.985469542443752, 0.0 ], [ 648574.513021621620283, 9179785.752190332859755, 0.0 ], [ 648564.552112957695499, 9179790.131275288760662, 0.0 ], [ 648564.552107340889052, 9179792.930700087919831, 0.0 ], [ 648567.355688952142373, 9179806.328050395473838, 0.0 ], [ 648577.968089937116019, 9179838.771434873342514, 0.0 ], [ 648581.390133702894673, 9179842.490669421851635, 0.0 ], [ 648595.416269295150414, 9179841.570883383974433, 0.0 ], [ 648617.251304740086198, 9179838.44146266579628, 0.0 ], [ 648654.374056153232232, 9179832.842610642313957, 0.0 ], [ 648680.27424733096268, 9179827.843639770522714, 0.0 ], [ 648691.496922383783385, 9179825.974056834354997, 0.0 ], [ 648694.951916388468817, 9179825.674068808555603, 0.0 ], [ 648696.17229118081741, 9179829.093345900997519, 0.0 ], [ 648699.627273195888847, 9179830.643128538504243, 0.0 ], [ 648719.879119574208744, 9179827.223773691803217, 0.0 ], [ 648752.995121501851827, 9179820.666049243882298, 0.0 ], [ 648757.645082141039893, 9179819.745248870924115, 0.0 ], [ 648763.870597875211388, 9179803.84857858531177, 0.0 ], [ 648770.129227954428643, 9179792.930752079933882, 0.0 ], [ 648774.161478897789493, 9179788.551611477509141, 0.0 ], [ 648778.226692087482661, 9179786.701983636245131, 0.0 ], [ 648804.415450154803693, 9179779.83338270150125, 0.0 ], [ 648842.791611401014961, 9179768.305723112076521, 0.0 ], [ 648895.38359233434312, 9179751.419250175356865, 0.0 ], [ 648897.865616346127354, 9179752.039129881188273, 0.0 ], [ 648897.544079992570914, 9179764.816452573984861, 0.0 ], [ 648898.187148523167707, 9179773.234787236899137, 0.0 ], [ 648901.279355508158915, 9179784.162572072818875, 0.0 ], [ 648901.279426624067128, 9179801.609016928821802, 0.0 ], [ 648905.674462014925666, 9179823.75443852879107, 0.0 ], [ 648914.415020063635893, 9179844.320288266986609, 0.0 ], [ 648920.022222348023206, 9179862.096680339425802, 0.0 ], [ 648926.247802409576252, 9179888.591263314709067, 0.0 ], [ 648957.004780816030689, 9180023.243833757936954, 0.0 ], [ 648971.575180850108154, 9180088.020736802369356, 0.0 ], [ 649029.77443403925281, 9180074.363514306023717, 0.0 ], [ 649080.024516278528608, 9180060.256357189267874, 0.0 ], [ 649084.452609100728296, 9180058.056834064424038, 0.0 ], [ 649086.217201967956498, 9180055.857234664261341, 0.0 ], [ 649086.645932077313773, 9180048.788684973493218, 0.0 ], [ 649087.074707094114274, 9180046.159237524494529, 0.0 ], [ 649090.166991979815066, 9180045.709276521578431, 0.0 ], [ 649110.88877289975062, 9180047.928890239447355, 0.0 ], [ 649148.803169850376435, 9180039.550511226058006, 0.0 ], [ 649175.709384188754484, 9180028.972696799784899, 0.0 ], [ 649185.604390035150573, 9180026.433177946135402, 0.0 ], [ 649192.225794987287372, 9180028.632782764732838, 0.0 ], [ 649196.612578497850336, 9180031.282285822555423, 0.0 ], [ 649203.225752049242146, 9180033.931751931086183, 0.0 ], [ 649204.56155082792975, 9180039.210619511082768, 0.0 ], [ 649215.569802269572392, 9180093.42961204983294, 0.0 ], [ 649229.233165005571209, 9180131.771801861003041, 0.0 ], [ 649242.475974500179291, 9180173.623297497630119, 0.0 ], [ 649247.332787415594794, 9180191.239633735269308, 0.0 ], [ 649249.954914195230231, 9180195.228874340653419, 0.0 ], [ 649257.903967902879231, 9180196.108644161373377, 0.0 ], [ 649264.525305905379355, 9180193.459220623597503, 0.0 ], [ 649274.667754131834954, 9180192.129449592903256, 0.0 ], [ 649277.759938552742824, 9180193.889189543202519, 0.0 ], [ 649279.524515319266357, 9180207.11642468161881, 0.0 ], [ 649286.145891079795547, 9180240.159754311665893, 0.0 ], [ 649300.279276877176017, 9180285.400560971349478, 0.0 ], [ 649305.392329888651147, 9180304.320752849802375, 0.0 ], [ 649306.471988648176193, 9180308.315889284014702, 0.0 ], [ 649312.186311268946156, 9180339.599456295371056, 0.0 ], [ 649315.278496764367446, 9180377.941676825284958, 0.0 ], [ 649294.993725060368888, 9180383.240642294287682, 0.0 ], [ 649258.406920848647133, 9180392.478671127930284, 0.0 ], [ 649243.844698270549998, 9180396.008049596101046, 0.0 ], [ 649244.743520655203611, 9180407.925563497468829, 0.0 ], [ 649243.84470570855774, 9180411.884725693613291, 0.0 ], [ 649224.887532259454019, 9180417.163691302761436, 0.0 ], [ 649216.072787790675648, 9180420.693028694018722, 0.0 ], [ 649213.879328751936555, 9180424.662213914096355, 0.0 ], [ 649222.257166639552452, 9180482.390391413122416, 0.0 ], [ 649225.24216078966856, 9180510.134769041091204, 0.0 ], [ 649215.891389043885283, 9180513.884019257500768, 0.0 ], [ 649187.830709770554677, 9180516.983401324599981, 0.0 ], [ 649171.611112801241688, 9180518.86297351680696, 0.0 ], [ 649161.650194221758284, 9180523.861958909779787, 0.0 ], [ 649156.686121193110012, 9180529.460888391360641, 0.0 ], [ 649138.586518691619858, 9180530.080698756501079, 0.0 ], [ 649079.991628470015712, 9180538.179112078621984, 0.0 ], [ 649044.740615276852623, 9180542.578135022893548, 0.0 ], [ 648991.497224860475399, 9180545.977456275373697, 0.0 ], [ 648982.649353243643418, 9180547.807128807529807, 0.0 ], [ 648980.530179641791619, 9180551.166448779404163, 0.0 ], [ 648979.309792917687446, 9180558.175032038241625, 0.0 ], [ 648982.32783166365698, 9180582.530039889737964, 0.0 ], [ 648980.208627233980224, 9180585.589357683435082, 0.0 ], [ 648955.528765367344022, 9180595.027457198128104, 0.0 ], [ 648953.409587177215144, 9180594.427590629085898, 0.0 ], [ 648952.791219178005122, 9180589.558558156713843, 0.0 ], [ 648952.469615920446813, 9180581.330327639356256, 0.0 ], [ 648951.249238163931295, 9180575.231491420418024, 0.0 ], [ 648950.350458552362397, 9180572.492075046524405, 0.0 ], [ 648947.612742821453139, 9180570.962346205487847, 0.0 ], [ 648925.637606055475771, 9180570.962333338335156, 0.0 ], [ 648893.833365517435595, 9180578.010975601151586, 0.0 ], [ 648861.534426526166499, 9180584.709566261619329, 0.0 ], [ 648845.990988028584979, 9180588.978691466152668, 0.0 ], [ 648838.693455499829724, 9180591.108273537829518, 0.0 ], [ 648824.048782233265229, 9180590.808398516848683, 0.0 ], [ 648801.496389063657261, 9180601.766170656308532, 0.0 ], [ 648794.487430654582568, 9180606.635135663673282, 0.0 ], [ 648782.633383723907173, 9180608.266857894137502, 0.0 ], [ 648778.944031452992931, 9180608.774700557813048, 0.0 ], [ 648767.037093429942615, 9180610.304325653240085, 0.0 ], [ 648755.633038146421313, 9180616.48316615447402, 0.0 ], [ 648748.335458980756812, 9180624.091606367379427, 0.0 ], [ 648742.217081258655526, 9180637.188940733671188, 0.0 ], [ 648736.139892563340254, 9180648.146660380065441, 0.0 ], [ 648731.241827134625055, 9180653.945483526214957, 0.0 ], [ 648716.316912568639964, 9180655.475183688104153, 0.0 ], [ 648695.306443286943249, 9180656.984858533367515, 0.0 ], [ 648680.950218280311674, 9180661.461515391245484, 0.0 ], [ 648675.780267607653514, 9180663.073643682524562, 0.0 ], [ 648664.194846655242145, 9180674.971173163503408, 0.0 ], [ 648638.006085965665989, 9180681.969757104292512, 0.0 ], [ 648611.066909400862642, 9180688.448445485904813, 0.0 ], [ 648577.217678034445271, 9180696.056950908154249, 0.0 ], [ 648540.952499782550149, 9180705.814892457798123, 0.0 ], [ 648538.511688630329445, 9180708.244415659457445, 0.0 ], [ 648541.322707987390459, 9180730.355088325217366, 0.0 ], [ 648544.011670418083668, 9180751.50569106452167, 0.0 ], [ 648547.96975042950362, 9180793.247193759307265, 0.0 ], [ 648553.148092378862202, 9180814.872740726917982, 0.0 ], [ 648558.582115631084889, 9180843.976870264858007, 0.0 ], [ 648560.124095902545378, 9180865.302486957982183, 0.0 ], [ 648563.150280151166953, 9180889.067628495395184, 0.0 ], [ 648566.81972481997218, 9180907.933820405974984, 0.0 ], [ 648570.16753599839285, 9180918.901539228856564, 0.0 ], [ 648572.319658023887314, 9180927.129852849990129, 0.0 ], [ 648574.735753812943585, 9180952.71465515345335, 0.0 ], [ 648575.345916335470974, 9180971.610795086249709, 0.0 ], [ 648575.264365204609931, 9180975.556741820648313, 0.0 ], [ 648574.983075804309919, 9180989.167230099439621, 0.0 ], [ 648577.753731342498213, 9181010.492884209379554, 0.0 ], [ 648578.974047718802467, 9181033.018375752493739, 0.0 ], [ 648577.43205251719337, 9181068.051226060837507, 0.0 ], [ 648574.405828326824121, 9181093.935930229723454, 0.0 ], [ 648571.965138574130833, 9181117.401155732572079, 0.0 ], [ 648571.965151262236759, 9181121.960226001217961, 0.0 ], [ 648578.363850166555494, 9181125.929434511810541, 0.0 ], [ 648587.896949399029836, 9181125.408399406820536, 0.0 ], [ 648589.339113898342475, 9181125.329577201977372, 0.0 ], [ 648606.713089344324544, 9181122.290193058550358, 0.0 ], [ 648617.968644021544605, 9181118.930859798565507, 0.0 ], [ 648629.554048759164289, 9181117.401163320988417, 0.0 ], [ 648636.571321103256196, 9181117.721144862473011, 0.0 ], [ 648645.089221680769697, 9181119.850629856809974, 0.0 ], [ 648655.165683605475351, 9181120.76045542769134, 0.0 ], [ 648703.329633689718321, 9181114.061853311955929, 0.0 ], [ 648725.271794181899168, 9181111.922290882095695, 0.0 ], [ 648737.756054044351913, 9181111.92224988155067, 0.0 ], [ 648752.829429056495428, 9181115.11164253205061, 0.0 ], [ 648755.558807535329834, 9181124.549710523337126, 0.0 ], [ 648765.635270237457007, 9181162.032066140323877, 0.0 ], [ 648771.102260462241247, 9181183.037823798134923, 0.0 ], [ 648775.703400443773717, 9181194.325513927266002, 0.0 ], [ 648793.976220056880265, 9181225.989094965159893, 0.0 ], [ 648816.858473165775649, 9181263.621361702680588, 0.0 ], [ 648840.020981123903766, 9181302.913453476503491, 0.0 ], [ 648858.29379710147623, 9181334.297037372365594, 0.0 ], [ 648883.62502484000288, 9181374.18884583003819, 0.0 ], [ 648850.097449603839777, 9181385.776563284918666, 0.0 ], [ 648818.012889646459371, 9181397.174215249717236, 0.0 ], [ 648776.857883581891656, 9181411.501281278207898, 0.0 ], [ 648783.875113389338367, 9181469.379536462947726, 0.0 ], [ 648789.663607294904068, 9181526.767781551927328, 0.0 ], [ 648795.452235070872121, 9181589.515030428767204, 0.0 ], [ 648804.6298420218518, 9181673.797935290262103, 0.0 ], [ 648813.76630295952782, 9181757.250957919284701, 0.0 ], [ 648817.724227071972564, 9181812.179721673950553, 0.0 ], [ 648771.877387938322499, 9181912.509363371878862, 0.0 ], [ 648721.866295430110767, 9182037.413949105888605, 0.0 ], [ 648663.976180618163198, 9182145.056786896660924, 0.0 ], [ 648647.686725124134682, 9182175.345834450796247, 0.0 ], [ 648621.341221791808493, 9182238.542952064424753, 0.0 ], [ 648589.726646382710896, 9182278.044933766126633, 0.0 ], [ 648573.902849433594383, 9182312.287969972938299, 0.0 ], [ 648568.625528101110831, 9182354.409378431737423, 0.0 ], [ 648558.302342708688229, 9182370.366939900442958, 0.0 ], [ 648539.64959534292575, 9182399.200286012142897, 0.0 ], [ 648489.56434885750059, 9182430.783823607489467, 0.0 ], [ 648444.764708286616951, 9182470.305834274739027, 0.0 ], [ 648417.894768746802583, 9182489.457736602053046, 0.0 ], [ 648407.831562247825786, 9182496.630410822108388, 0.0 ], [ 648405.584712480427697, 9182499.517878355458379, 0.0 ], [ 648370.939647638937458, 9182544.040817402303219, 0.0 ], [ 648350.327750381315127, 9182569.825092885643244, 0.0 ], [ 648349.879839874687605, 9182570.385402221232653, 0.0 ], [ 648341.963797894190066, 9182604.608416821807623, 0.0 ], [ 648340.444437378435396, 9182613.71424562484026, 0.0 ], [ 648336.392562152934261, 9182637.997910879552364, 0.0 ], [ 648331.417291283374652, 9182667.815610859543085, 0.0 ], [ 648326.139968017232604, 9182699.429168941453099, 0.0 ], [ 648294.52543688507285, 9182731.012733669951558, 0.0 ], [ 648254.994900069897994, 9182759.996774557977915, 0.0 ], [ 648146.924820532323793, 9182828.46286097727716, 0.0 ], [ 648099.478249563719146, 9182862.715916499495506, 0.0 ], [ 648067.8636757285567, 9182902.207892067730427, 0.0 ], [ 648001.954664636519738, 9183036.540574008598924, 0.0 ], [ 647959.793665867997333, 9183118.173949683085084, 0.0 ], [ 647899.16188778472133, 9183128.691736288368702, 0.0 ], [ 647686.930399601929821, 9183173.69255493581295, 0.0 ], [ 647616.626311724074185, 9183197.127855071797967, 0.0 ], [ 647588.087719046045095, 9183207.494795573875308, 0.0 ], [ 647565.048593445215374, 9183215.863981295377016, 0.0 ], [ 647506.428864666260779, 9183215.864041544497013, 0.0 ], [ 647443.166791841969825, 9183194.76826661080122, 0.0 ], [ 647417.373773033032194, 9183161.97499481216073, 0.0 ], [ 647393.922612356371246, 9183094.038776114583015, 0.0 ], [ 647389.238898393465206, 9183037.820264175534248, 0.0 ], [ 647356.41220898879692, 9183012.055545434355736, 0.0 ], [ 647325.927387646283023, 9183007.386504149064422, 0.0 ], [ 647269.657711160136387, 9183026.122687237337232, 0.0 ], [ 647236.872264838428237, 9183047.198309099301696, 0.0 ], [ 647215.771044243942015, 9183079.991649951785803, 0.0 ], [ 647215.771126125240698, 9183133.880674300715327, 0.0 ], [ 647218.112867551506497, 9183190.099322076886892, 0.0 ], [ 647211.079215590842068, 9183232.250699251890182, 0.0 ], [ 647175.910730087081902, 9183302.516394358128309, 0.0 ], [ 647119.641078568529338, 9183487.56871186196804, 0.0 ], [ 647110.257267010048963, 9183539.118175154551864, 0.0 ], [ 647110.257313031936064, 9183595.316821340471506, 0.0 ], [ 647107.915419332450256, 9183635.148668998852372, 0.0 ], [ 647100.881802561692894, 9183689.017664428800344, 0.0 ], [ 647090.386386579368263, 9183745.62923625856638, 0.0 ], [ 647089.156194214243442, 9183752.264798456802964, 0.0 ], [ 647025.894082523183897, 9183930.278611607849598, 0.0 ], [ 647011.82668666227255, 9183991.19616562500596, 0.0 ], [ 647008.395849005086347, 9184000.788335977122188, 0.0 ], [ 647000.101027911878191, 9184023.979542506858706, 0.0 ], [ 646997.759230904630385, 9184061.461897732689977, 0.0 ], [ 647053.699042531428859, 9184134.627013241872191, 0.0 ], [ 647088.867558736703359, 9184177.098414102569222, 0.0 ], [ 647109.383248198195361, 9184222.499129762873054, 0.0 ], [ 647128.431120462715626, 9184285.486316746100783, 0.0 ], [ 647126.963372234487906, 9184335.286178108304739, 0.0 ], [ 647118.173340671579354, 9184376.297796104103327, 0.0 ], [ 647094.730319313937798, 9184429.027056815102696, 0.0 ], [ 647050.763547060545534, 9184588.674602817744017, 0.0 ], [ 647040.505685412790626, 9184636.994711657986045, 0.0 ], [ 647054.498872259980999, 9184679.616086184978485, 0.0 ], [ 647078.609740202547982, 9184712.959249192848802, 0.0 ], [ 647079.163868715986609, 9184718.125203711912036, 0.0 ], [ 647081.890843398636207, 9184743.547873377799988, 0.0 ], [ 647084.175687057315372, 9184764.848700996488333, 0.0 ], [ 647084.175642251386307, 9184803.770760752260685, 0.0 ], [ 647084.175636100000702, 9184857.499824164435267, 0.0 ], [ 647078.609688423457555, 9184909.379267839714885, 0.0 ], [ 647061.903600095305592, 9184963.118377700448036, 0.0 ], [ 647047.069373591453768, 9184994.621980283409357, 0.0 ], [ 647037.801010464900173, 9185020.556716784834862, 0.0 ], [ 647035.929206794593483, 9185040.942563973367214, 0.0 ], [ 647056.337656933930703, 9185090.972363548353314, 0.0 ], [ 647081.856276958598755, 9185122.859245939180255, 0.0 ], [ 647086.006218794966117, 9185128.044816056266427, 0.0 ], [ 647093.776575799100101, 9185130.20001015253365, 0.0 ], [ 647119.385422100545838, 9185137.302896156907082, 0.0 ], [ 647163.896547239506617, 9185126.185157060623169, 0.0 ], [ 647210.271156880655326, 9185096.541242005303502, 0.0 ], [ 647271.45527338818647, 9185076.155327612534165, 0.0 ], [ 647359.083918092655949, 9185103.289790796115994, 0.0 ], [ 647369.769212118699215, 9185110.156616605818272, 0.0 ], [ 647372.899479853571393, 9185112.168259467929602, 0.0 ], [ 647391.910532714799047, 9185124.385561525821686, 0.0 ], [ 647420.086585246259347, 9185157.218873366713524, 0.0 ], [ 647424.770255494164303, 9185187.692699136212468, 0.0 ], [ 647406.019265456707217, 9185220.506010688841343, 0.0 ], [ 647389.227710259496234, 9185245.642868569120765, 0.0 ], [ 647387.218741996330209, 9185248.650279607623816, 0.0 ], [ 647352.050214611692354, 9185258.028307428583503, 0.0 ], [ 647312.156824588659219, 9185272.075449993833899, 0.0 ], [ 647305.123095853254199, 9185297.870214650407434, 0.0 ], [ 647312.156791101209819, 9185323.675027685239911, 0.0 ], [ 647335.599743380211294, 9185377.583983855322003, 0.0 ], [ 647363.775788903003559, 9185424.464464714750648, 0.0 ], [ 647375.501378431217745, 9185469.015452681109309, 0.0 ], [ 647384.876832196954638, 9185520.584917256608605, 0.0 ], [ 647387.218695521005429, 9185553.418190512806177, 0.0 ], [ 647387.218695729039609, 9185583.891971744596958, 0.0 ], [ 647398.210412308922969, 9185636.971201542764902, 0.0 ], [ 647400.296598520828411, 9185682.841893885284662, 0.0 ], [ 647402.391011570813134, 9185712.035883286967874, 0.0 ], [ 647398.21041646040976, 9185739.150396717712283, 0.0 ], [ 647400.296602239017375, 9185789.200181717053056, 0.0 ], [ 647402.391001107404009, 9185837.160450246185064, 0.0 ], [ 647431.622560437070206, 9185889.289826991036534, 0.0 ], [ 647444.114964529289864, 9185920.553515441715717, 0.0 ], [ 647456.648728936677799, 9185968.533678267151117, 0.0 ], [ 647473.346488714683801, 9186001.896957909688354, 0.0 ], [ 647512.992564447922632, 9186051.92670669965446, 0.0 ], [ 647563.069570744875818, 9186074.872090768069029, 0.0 ], [ 647569.201830631587654, 9186076.476355575025082, 0.0 ], [ 647650.739353862707503, 9186097.80736531317234, 0.0 ], [ 647698.73021492769476, 9186151.168325740844011, 0.0 ], [ 647739.324763194192201, 9186267.711369968950748, 0.0 ], [ 647774.414298268035054, 9186319.759751915931702, 0.0 ], [ 647827.614325813250616, 9186370.676745150238276, 0.0 ], [ 647870.773013778030872, 9186406.410751100629568, 0.0 ], [ 647939.67426311026793, 9186463.458603544160724, 0.0 ], [ 647967.972276261541992, 9186543.794161945581436, 0.0 ], [ 647988.346642750198953, 9186622.998138701543212, 0.0 ], [ 648023.562455978593789, 9186668.842143200337887, 0.0 ], [ 648068.8391921807779, 9186720.8905108589679, 0.0 ], [ 648141.281927277217619, 9186789.911169247701764, 0.0 ], [ 648152.600991204497404, 9186827.250190960243344, 0.0 ], [ 648162.788314838893712, 9186863.457737322896719, 0.0 ], [ 648160.524600905831903, 9186897.08467754535377, 0.0 ], [ 648159.524483630433679, 9186934.027180518954992, 0.0 ], [ 648159.524475747486576, 9186965.680796796455979, 0.0 ], [ 648174.103147625457495, 9187058.201902875676751, 0.0 ], [ 648199.162226144457236, 9187177.107744541019201, 0.0 ], [ 648226.30751487321686, 9187245.943672087043524, 0.0 ], [ 648246.851435675285757, 9187267.467856545001268, 0.0 ], [ 648311.924195287516341, 9187335.645437456667423, 0.0 ], [ 648362.00114013091661, 9187421.187992045655847, 0.0 ], [ 648444.616260503651574, 9187549.881882445886731, 0.0 ], [ 648478.943793687038124, 9187629.065731143578887, 0.0 ], [ 648500.086072141537443, 9187697.681783515959978, 0.0 ], [ 648515.942842690390535, 9187784.784032441675663, 0.0 ], [ 648521.436717089731246, 9187815.554700674489141, 0.0 ], [ 648529.136246096924879, 9187858.67899957858026, 0.0 ], [ 648538.084407114190981, 9187871.201890727505088, 0.0 ], [ 648546.004834227729589, 9187882.286469530314207, 0.0 ], [ 648555.547613646602258, 9187895.641502609476447, 0.0 ], [ 648561.279454253963195, 9187904.224006889387965, 0.0 ], [ 648566.492018791730516, 9187912.028916755691171, 0.0 ], [ 648571.412593166227452, 9187919.396619740873575, 0.0 ], [ 648575.336320413043723, 9187920.865316858515143, 0.0 ], [ 648592.513742567505687, 9187927.295022968202829, 0.0 ], [ 648642.697983612306416, 9187935.223461009562016, 0.0 ], [ 648677.06664140149951, 9187951.050166429951787, 0.0 ], [ 648692.797209053998813, 9187977.299304831773043, 0.0 ], [ 648692.890426234807819, 9187977.454853542149067, 0.0 ], [ 648692.013321974896826, 9187980.969078173860908, 0.0 ], [ 648684.982630403479561, 9188009.138370817527175, 0.0 ], [ 648677.483690098742954, 9188033.07099068723619, 0.0 ], [ 648671.756306642433628, 9188051.349723836407065, 0.0 ], [ 648666.478951600263827, 9188096.220600547268987, 0.0 ], [ 648669.117637914721854, 9188146.380451889708638, 0.0 ], [ 648679.705293915118091, 9188199.149743862450123, 0.0 ], [ 648703.478054830222391, 9188265.136280404403806, 0.0 ], [ 648711.394055339740589, 9188291.520842639729381, 0.0 ], [ 648761.833974767825566, 9188338.131415126845241, 0.0 ], [ 648771.325434832717292, 9188377.276582328602672, 0.0 ], [ 648776.272433766280301, 9188397.679234040901065, 0.0 ], [ 648779.521201689261943, 9188410.396663913503289, 0.0 ], [ 648783.668884566635825, 9188413.945943443104625, 0.0 ], [ 648792.54972211283166, 9188417.195257004350424, 0.0 ], [ 648808.530115517089143, 9188422.52422364987433, 0.0 ], [ 648820.074277088046074, 9188427.253254478797317, 0.0 ], [ 648829.251983818598092, 9188435.53157582692802, 0.0 ], [ 648836.945301698870026, 9188456.527294091880322, 0.0 ], [ 648838.429593915236183, 9188469.254673698917031, 0.0 ], [ 648837.695716537069529, 9188473.533854534849524, 0.0 ], [ 648823.49639336578548, 9188481.572185922414064, 0.0 ], [ 648822.248762533301488, 9188482.316071551293135, 0.0 ], [ 648796.515963828656822, 9188497.658945688977838, 0.0 ], [ 648796.515916217234917, 9188502.857926487922668, 0.0 ], [ 648845.999199915677309, 9188618.874247567728162, 0.0 ], [ 648858.211349670775235, 9188652.247419364750385, 0.0 ], [ 648855.259298089891672, 9188655.496812842786312, 0.0 ], [ 648853.486528800101951, 9188657.566431632265449, 0.0 ], [ 648852.892761301598512, 9188662.585406515747309, 0.0 ], [ 648857.329065644182265, 9188672.343379406258464, 0.0 ], [ 648862.944481197162531, 9188679.431968588382006, 0.0 ], [ 648870.044155076146126, 9188681.501558355987072, 0.0 ], [ 648877.440613724756986, 9188690.959585215896368, 0.0 ], [ 648888.374681509914808, 9188716.364406434819102, 0.0 ], [ 648896.067965489812195, 9188728.192021328955889, 0.0 ], [ 648901.098029245855287, 9188727.602104224264622, 0.0 ], [ 648904.643711896729656, 9188725.822508323937654, 0.0 ], [ 648908.486257155425847, 9188722.573198392987251, 0.0 ], [ 648914.695417362381704, 9188722.283162266016006, 0.0 ], [ 648917.061972103081644, 9188722.873060239478946, 0.0 ], [ 648920.615927714854479, 9188725.532521802932024, 0.0 ], [ 648925.043863689992577, 9188725.822521192952991, 0.0 ], [ 648927.4104781486094, 9188723.752882778644562, 0.0 ], [ 648929.77707671711687, 9188720.503587381914258, 0.0 ], [ 648938.649538181954995, 9188721.09348620660603, 0.0 ], [ 648946.136774180573411, 9188724.682694071903825, 0.0 ], [ 648951.743907727766782, 9188728.79186031408608, 0.0 ], [ 648968.194417681312189, 9188737.760086141526699, 0.0 ], [ 648982.02264934964478, 9188741.869172664359212, 0.0 ], [ 648997.722785565420054, 9188747.098206588998437, 0.0 ], [ 649014.082529437029734, 9188747.068212609738111, 0.0 ], [ 649025.898857083404437, 9188745.428477669134736, 0.0 ], [ 649042.48125418368727, 9188742.309109829366207, 0.0 ], [ 649059.228541292715818, 9188736.240317158401012, 0.0 ], [ 649070.55832375632599, 9188731.151415776461363, 0.0 ], [ 649093.7291683931835, 9188717.204192716628313, 0.0 ], [ 649101.867843760061078, 9188716.414365481585264, 0.0 ], [ 649117.097923886147328, 9188714.57479347102344, 0.0 ], [ 649123.661544144968502, 9188715.884516669437289, 0.0 ], [ 649130.480853692279197, 9188718.514004439115524, 0.0 ], [ 649132.583607397624291, 9188722.713104192167521, 0.0 ], [ 649133.375173487816937, 9188727.952058399096131, 0.0 ], [ 649133.375128537183627, 9188736.880214653909206, 0.0 ], [ 649139.411162234726362, 9188745.268477153033018, 0.0 ], [ 649145.4471177830128, 9188753.666802201420069, 0.0 ], [ 649158.310592176858336, 9188764.154740292578936, 0.0 ], [ 649165.665909882867709, 9188770.193422554060817, 0.0 ], [ 649178.529400735977106, 9188778.85171489790082, 0.0 ], [ 649187.979181733564474, 9188780.691366594284773, 0.0 ], [ 649202.945376235758886, 9188784.880455506965518, 0.0 ], [ 649216.443837445345707, 9188785.420318596065044, 0.0 ], [ 649229.307324193650857, 9188790.189421458169818, 0.0 ], [ 649242.79755561100319, 9188797.447869744151831, 0.0 ], [ 649261.062100293580443, 9188805.116326160728931, 0.0 ], [ 649265.003609777311794, 9188807.195938538759947, 0.0 ], [ 649266.042552517028525, 9188810.515267658978701, 0.0 ], [ 649265.415851633995771, 9188815.69414072856307, 0.0 ], [ 649266.24882840574719, 9188819.283793287351727, 0.0 ], [ 649266.660969500546344, 9188821.083111129701138, 0.0 ], [ 649270.396374967764132, 9188824.19250475615263, 0.0 ], [ 649274.544042469002306, 9188825.442262202501297, 0.0 ], [ 649279.318404768710025, 9188826.27203025482595, 0.0 ], [ 649286.582928041229025, 9188826.062034023925662, 0.0 ], [ 649292.808541332837194, 9188826.681969387456775, 0.0 ], [ 649299.652570970007218, 9188830.141260324046016, 0.0 ], [ 649303.157159883994609, 9188832.930668357759714, 0.0 ], [ 649308.055186395533383, 9188834.570385094732046, 0.0 ], [ 649312.021360224927776, 9188834.100406926125288, 0.0 ], [ 649315.286719072493725, 9188831.071085894480348, 0.0 ], [ 649318.08206730033271, 9188824.772360697388649, 0.0 ], [ 649321.355683291214518, 9188811.485026963055134, 0.0 ], [ 649323.450116147054359, 9188803.326703865081072, 0.0 ], [ 649324.851899062516168, 9188801.467068573459983, 0.0 ], [ 649331.382587670814246, 9188797.267922818660736, 0.0 ], [ 649334.599167521926574, 9188796.962878312915564, 0.0 ], [ 649341.186918192077428, 9188796.338127998635173, 0.0 ], [ 649350.512982908287086, 9188793.538663407787681, 0.0 ], [ 649355.180101629928686, 9188789.339606003835797, 0.0 ], [ 649361.710797922685742, 9188781.411172345280647, 0.0 ], [ 649366.617121658986434, 9188776.982050633057952, 0.0 ], [ 649371.978622561437078, 9188776.604473138228059, 0.0 ], [ 649373.147823815466836, 9188776.52213342115283, 0.0 ], [ 649375.836013660067692, 9188778.071863271296024, 0.0 ], [ 649380.033108383882791, 9188782.530913131311536, 0.0 ], [ 649386.588577149203047, 9188790.389350267127156, 0.0 ], [ 649395.774430583929643, 9188807.165914254263043, 0.0 ], [ 649403.377069054287858, 9188813.454615138471127, 0.0 ], [ 649413.346352247870527, 9188817.393885228782892, 0.0 ], [ 649419.382262786035426, 9188821.842961184680462, 0.0 ], [ 649421.740637141978368, 9188828.131671916693449, 0.0 ], [ 649420.693393580033444, 9188831.541003458201885, 0.0 ], [ 649418.854497543652542, 9188833.900452023372054, 0.0 ], [ 649412.562927313381806, 9188841.498977633193135, 0.0 ], [ 649406.790890483534895, 9188847.007867429405451, 0.0 ], [ 649402.329823290696368, 9188852.246747417375445, 0.0 ], [ 649400.491032202029601, 9188857.495739739388227, 0.0 ], [ 649400.4910851304885, 9188861.684811415150762, 0.0 ], [ 649402.857608766760677, 9188864.564230909571052, 0.0 ], [ 649409.413089426001534, 9188868.76338043063879, 0.0 ], [ 649414.921309842378832, 9188870.073158321902156, 0.0 ], [ 649422.004424861632288, 9188870.073127705603838, 0.0 ], [ 649430.398686170228757, 9188868.763420237228274, 0.0 ], [ 649437.481912487070076, 9188864.0443084705621, 0.0 ], [ 649445.876129330485128, 9188855.916062450036407, 0.0 ], [ 649452.695546523085795, 9188847.007786732167006, 0.0 ], [ 649455.317656486527994, 9188837.04984362795949, 0.0 ], [ 649457.939900809316896, 9188832.330811686813831, 0.0 ], [ 649463.448065805248916, 9188833.110688205808401, 0.0 ], [ 649470.53129014163278, 9188840.719053270295262, 0.0 ], [ 649482.900042591965757, 9188845.937989583238959, 0.0 ], [ 649492.341522268019617, 9188845.638125630095601, 0.0 ], [ 649499.713253398076631, 9188846.817866513505578, 0.0 ], [ 649503.547629886423238, 9188848.877439230680466, 0.0 ], [ 649506.202744845533744, 9188856.545834047719836, 0.0 ], [ 649511.216267014853656, 9188876.871749240905046, 0.0 ], [ 649514.456861293758266, 9188891.018873061984777, 0.0 ], [ 649517.697437310125679, 9188894.848068634048104, 0.0 ], [ 649520.352652009692974, 9188898.087432503700256, 0.0 ], [ 649521.531773065100424, 9188903.986260879784822, 0.0 ], [ 649520.94640188338235, 9188908.695276303216815, 0.0 ], [ 649523.304631024715491, 9188911.054773146286607, 0.0 ], [ 649533.331604603561573, 9188911.054796051234007, 0.0 ], [ 649536.283624047180638, 9188911.054839150980115, 0.0 ], [ 649542.764840619172901, 9188911.054840598255396, 0.0 ], [ 649557.483692198991776, 9188910.37489247508347, 0.0 ], [ 649563.676320231053978, 9188910.374878071248531, 0.0 ], [ 649570.751195688731968, 9188911.554732959717512, 0.0 ], [ 649578.411632294068113, 9188913.024415794759989, 0.0 ], [ 649586.080277379020117, 9188915.3839041441679, 0.0 ], [ 649589.914606539998204, 9188918.92313321121037, 0.0 ], [ 649592.56145255221054, 9188922.752349443733692, 0.0 ], [ 649592.858350775321014, 9188929.231066500768065, 0.0 ], [ 649593.740658965660259, 9188939.239032685756683, 0.0 ], [ 649598.168639827519655, 9188948.377198182046413, 0.0 ], [ 649600.08167200430762, 9188963.434086445719004, 0.0 ], [ 649604.056234422139823, 9188979.990726727992296, 0.0 ], [ 649614.660402330220677, 9188990.588569449260831, 0.0 ], [ 649620.89118875330314, 9188999.999948069453239, 0.0 ], [ 649628.24946427938994, 9189011.114379651844501, 0.0 ], [ 649635.86865049879998, 9189028.340956188738346, 0.0 ], [ 649647.80043507530354, 9189046.217315083369613, 0.0 ], [ 649663.830300280707888, 9189071.462126538157463, 0.0 ], [ 649670.525918276631273, 9189070.212363557890058, 0.0 ], [ 649676.397045001271181, 9189072.721912397071719, 0.0 ], [ 649682.680323311826214, 9189077.32093813829124, 0.0 ], [ 649694.82651695900131, 9189081.090150531381369, 0.0 ], [ 649735.041404091985896, 9189092.39785678870976, 0.0 ], [ 649760.414358303532936, 9189098.949431106448174, 0.0 ], [ 649772.329122096998617, 9189102.025948585942388, 0.0 ], [ 649785.728612726554275, 9189103.275671362876892, 0.0 ], [ 649794.526947390171699, 9189101.186096832156181, 0.0 ], [ 649794.527003252180293, 9189093.647570420056581, 0.0 ], [ 649797.04195898945909, 9189082.76979311928153, 0.0 ], [ 649797.45652402495034, 9189081.802396990358829, 0.0 ], [ 649797.565688547096215, 9189081.547659298405051, 0.0 ], [ 649799.556936940178275, 9189076.901039037853479, 0.0 ], [ 649802.484156867489219, 9189074.391544623300433, 0.0 ], [ 649805.840288664912805, 9189073.561669582501054, 0.0 ], [ 649813.797494162339717, 9189073.561709273606539, 0.0 ], [ 649821.342405126313679, 9189078.580644043162465, 0.0 ], [ 649823.84918888960965, 9189084.019537767395377, 0.0 ], [ 649829.753197565209121, 9189099.366461293771863, 0.0 ], [ 649841.148979711462744, 9189108.854532541707158, 0.0 ], [ 649877.224594336468726, 9189130.690090918913484, 0.0 ], [ 649900.00776077399496, 9189150.636022301390767, 0.0 ], [ 649913.300141388550401, 9189154.425272507593036, 0.0 ], [ 649955.477574540767819, 9189139.988194465637207, 0.0 ], [ 649961.61248735897243, 9189141.697868274524808, 0.0 ], [ 649990.209144346881658, 9189149.686241503804922, 0.0 ], [ 649996.220310696167871, 9189164.963055809959769, 0.0 ], [ 650004.927897844463587, 9189188.028440129011869, 0.0 ], [ 649990.200833612121642, 9189305.384535087272525, 0.0 ], [ 650023.431649995967746, 9189368.041736971586943, 0.0 ], [ 650019.638488262426108, 9189376.590064316987991, 0.0 ], [ 649993.053918629186228, 9189387.027855584397912, 0.0 ], [ 649953.177025005221367, 9189399.375423168763518, 0.0 ], [ 649944.634291068417951, 9189397.47575506195426, 0.0 ], [ 649908.550525899627246, 9189378.489640610292554, 0.0 ], [ 649897.162956865038723, 9189379.439466785639524, 0.0 ], [ 649876.276246233843267, 9189390.827080760151148, 0.0 ], [ 649859.182635975303128, 9189406.963875781744719, 0.0 ], [ 649863.932194263674319, 9189426.90975102968514, 0.0 ], [ 649891.465082695009187, 9189452.544586017727852, 0.0 ], [ 649903.809101269347593, 9189467.731484826654196, 0.0 ], [ 649913.967972762300633, 9189490.816821688786149, 0.0 ], [ 649909.498747840058059, 9189505.703710339963436, 0.0 ], [ 649887.663785663666204, 9189541.786450635641813, 0.0 ], [ 649846.904523056349717, 9189587.547128718346357, 0.0 ], [ 649842.097239932161756, 9189599.704602034762502, 0.0 ], [ 649841.140690223313868, 9189646.22512955032289, 0.0 ], [ 649829.753242059145123, 9189690.846027459949255, 0.0 ], [ 649833.546336026978679, 9189699.384335953742266, 0.0 ], [ 649849.972072830190882, 9189703.533492848277092, 0.0 ], [ 649875.410420926986262, 9189680.208272557705641, 0.0 ], [ 649902.968014863086864, 9189673.849564025178552, 0.0 ], [ 649904.354297411628067, 9189674.19608392752707, 0.0 ], [ 649928.406461871461943, 9189680.208238031715155, 0.0 ], [ 649939.987625910202041, 9189693.446225324645638, 0.0 ], [ 649943.240734012797475, 9189697.164727691560984, 0.0 ], [ 649934.206211875658482, 9189732.024819374084473, 0.0 ], [ 649928.406522736186162, 9189754.403131978586316, 0.0 ], [ 649928.406479427823797, 9189801.043633833527565, 0.0 ], [ 649924.192815722431988, 9189859.821683572605252, 0.0 ], [ 649931.232587115955539, 9189866.364435048773885, 0.0 ], [ 649934.046646037138999, 9189868.979815915226936, 0.0 ], [ 649939.66206441167742, 9189884.446601344272494, 0.0 ], [ 649944.947613656753674, 9189903.422846784815192, 0.0 ], [ 649953.036878364626318, 9189921.709112657234073, 0.0 ], [ 649960.41682533652056, 9189932.956823416054249, 0.0 ], [ 649972.389807313913479, 9189936.836007058620453, 0.0 ], [ 650001.959471153328195, 9189937.605876484885812, 0.0 ], [ 650041.712605471722782, 9189933.756643356755376, 0.0 ], [ 650073.722966826171614, 9189921.429133618250489, 0.0 ], [ 650116.279772244975902, 9189902.802913002669811, 0.0 ], [ 650155.307401020894758, 9189883.816785886883736, 0.0 ], [ 650186.963138581835665, 9189873.288951352238655, 0.0 ], [ 650215.452559691620991, 9189875.02853462100029, 0.0 ], [ 650219.233705299906433, 9189876.142940180376172, 0.0 ], [ 650256.533373878686689, 9189887.136140869930387, 0.0 ], [ 650302.611197224003263, 9189895.564406231045723, 0.0 ], [ 650329.624538460397162, 9189901.743083434179425, 0.0 ], [ 650359.771328026079573, 9189904.412623599171638, 0.0 ], [ 650389.019388677086681, 9189896.874176101759076, 0.0 ], [ 650399.631761875934899, 9189889.785572743043303, 0.0 ], [ 650401.059401406673715, 9189884.171648431569338, 0.0 ], [ 650401.429333260515705, 9189882.716960610821843, 0.0 ], [ 650383.263782176421955, 9189868.979803143069148, 0.0 ], [ 650376.17237894050777, 9189861.461333410814404, 0.0 ], [ 650372.181329866056331, 9189842.875061754137278, 0.0 ], [ 650373.047124019823968, 9189795.484781049191952, 0.0 ], [ 650376.279530339641497, 9189762.11157375946641, 0.0 ], [ 650385.564345210324973, 9189734.667194977402687, 0.0 ], [ 650394.412153898389079, 9189722.719543380662799, 0.0 ], [ 650409.485596233513206, 9189713.861391982063651, 0.0 ], [ 650418.803333384217694, 9189712.521645490080118, 0.0 ], [ 650428.07992179482244, 9189716.940785881131887, 0.0 ], [ 650448.04310297081247, 9189734.667152039706707, 0.0 ], [ 650462.217754437704571, 9189744.835052104666829, 0.0 ], [ 650470.166678525973111, 9189746.174814309924841, 0.0 ], [ 650476.392373543931171, 9189746.62466411665082, 0.0 ], [ 650476.821079303743318, 9189754.593056343495846, 0.0 ], [ 650476.821091578807682, 9189775.838716309517622, 0.0 ], [ 650470.166675552725792, 9189786.476546479389071, 0.0 ], [ 650452.899865674553439, 9189791.345576601102948, 0.0 ], [ 650429.877562340116128, 9189801.51356640085578, 0.0 ], [ 650418.366284744231962, 9189815.690626526251435, 0.0 ], [ 650410.813080782769248, 9189833.397096458822489, 0.0 ], [ 650410.813074075966142, 9189845.804567283019423, 0.0 ], [ 650413.905343243619427, 9189860.861432371661067, 0.0 ], [ 650421.895540623227134, 9189867.940049896016717, 0.0 ], [ 650440.061116204829887, 9189857.302136639133096, 0.0 ], [ 650475.96351476048585, 9189856.422336094081402, 0.0 ], [ 650526.461089460295625, 9189863.510910581797361, 0.0 ], [ 650551.718060588464141, 9189874.128712752833962, 0.0 ], [ 650582.252472676802427, 9189889.185730578377843, 0.0 ], [ 650615.491432330105454, 9189907.791865339502692, 0.0 ], [ 650644.525059527251869, 9189921.759114444255829, 0.0 ], [ 650666.681646334705874, 9189929.297575734555721, 0.0 ], [ 650703.441686974954791, 9189931.487028203904629, 0.0 ], [ 650732.260893819388002, 9189935.046348733827472, 0.0 ], [ 650755.656466822838411, 9189944.235653102397919, 0.0 ], [ 650769.449648027424701, 9189949.653327271342278, 0.0 ], [ 650814.199803635245189, 9189973.558493917807937, 0.0 ], [ 650835.457573521649465, 9189990.834952924400568, 0.0 ], [ 650850.102236911654472, 9190011.19082210958004, 0.0 ], [ 650859.848831984447315, 9190035.106002455577254, 0.0 ], [ 650872.258764585480094, 9190064.769972942769527, 0.0 ], [ 650880.677804466104135, 9190076.287560258060694, 0.0 ], [ 650899.272168460767716, 9190084.685916183516383, 0.0 ], [ 650926.722615719772875, 9190093.114154500886798, 0.0 ], [ 650968.314823835273273, 9190097.129519239068031, 0.0 ], [ 650974.672240356681868, 9190097.743269249796867, 0.0 ], [ 651003.450166951166466, 9190103.362128611654043, 0.0 ], [ 651024.740946755744517, 9190107.761186651885509, 0.0 ], [ 651049.165185065357946, 9190112.760209219530225, 0.0 ], [ 651066.077410180354491, 9190117.14925360865891, 0.0 ], [ 651086.758000145549886, 9190117.77915177680552, 0.0 ], [ 651114.925805819453672, 9190110.260710783302784, 0.0 ], [ 651135.606351057533175, 9190092.724306354299188, 0.0 ], [ 651167.550756540615112, 9190052.682399043813348, 0.0 ], [ 651193.236598352319561, 9190027.627526823431253, 0.0 ], [ 651195.718499969341792, 9190031.396705757826567, 0.0 ], [ 651196.361751837655902, 9190048.28328051418066, 0.0 ], [ 651182.591172466054559, 9190091.474530283361673, 0.0 ], [ 651180.678158272057772, 9190112.760134158656001, 0.0 ], [ 651182.318452602368779, 9190135.846236517652869, 0.0 ], [ 651182.591180350747891, 9190139.684707390144467, 0.0 ], [ 651188.198308074846864, 9190149.682615041732788, 0.0 ], [ 651215.14574906649068, 9190152.821989972144365, 0.0 ], [ 651245.218406701809727, 9190156.571289779618382, 0.0 ], [ 651264.604339266428724, 9190161.59022256359458, 0.0 ], [ 651268.380979217356071, 9190167.209102584049106, 0.0 ], [ 651303.230021288152784, 9190168.833716223016381, 0.0 ], [ 651320.280274750082754, 9190169.628633715212345, 0.0 ], [ 651329.062047630664892, 9190156.441279539838433, 0.0 ], [ 651330.826706587453373, 9190130.986473137512803, 0.0 ], [ 651314.994741448550485, 9190099.382926585152745, 0.0 ], [ 651309.000179411843419, 9190086.975239302963018, 0.0 ], [ 651302.691835521487519, 9190073.918072948232293, 0.0 ], [ 651299.203860749839805, 9190052.832383817061782, 0.0 ], [ 651305.355324374977499, 9190033.526262739673257, 0.0 ], [ 651302.691909130429849, 9190020.348947094753385, 0.0 ], [ 651307.977465797448531, 9190005.421999465674162, 0.0 ], [ 651350.138463134993799, 9189943.084701234474778, 0.0 ], [ 651367.726819293573499, 9189925.528304692357779, 0.0 ], [ 651384.959682080894709, 9189921.900533109903336, 0.0 ], [ 651401.11425309733022, 9189918.499751690775156, 0.0 ], [ 651430.972502627293579, 9189930.777278343215585, 0.0 ], [ 651445.067123797023669, 9189940.587523339316249, 0.0 ], [ 651451.183029172476381, 9189944.844359898939729, 0.0 ], [ 651478.419093843898736, 9189973.818497885018587, 0.0 ], [ 651497.730812418507412, 9189994.884157018736005, 0.0 ], [ 651502.117686053854413, 9190016.839688684791327, 0.0 ], [ 651496.884748169686645, 9190030.604246482253075, 0.0 ], [ 651495.108667210442945, 9190035.275992471724749, 0.0 ], [ 651485.428081874153577, 9190042.294553190469742, 0.0 ], [ 651444.174133923719637, 9190063.390279369428754, 0.0 ], [ 651416.039268693770282, 9190080.056882441043854, 0.0 ], [ 651401.11433331319131, 9190110.800555720925331, 0.0 ], [ 651403.736432954319753, 9190149.422672092914581, 0.0 ], [ 651415.173467438085936, 9190171.36829461529851, 0.0 ], [ 651418.320637860917486, 9190172.892105666920543, 0.0 ], [ 651442.409431841922924, 9190184.555516704916954, 0.0 ], [ 651493.344091766281053, 9190186.295206733047962, 0.0 ], [ 651527.622030859463848, 9190192.46392809227109, 0.0 ], [ 651575.068624803330749, 9190206.501072939485312, 0.0 ], [ 651625.145623175194487, 9190222.29786997847259, 0.0 ], [ 651631.259375425754115, 9190223.521174684166908, 0.0 ], [ 651712.988647939288057, 9190239.874363042414188, 0.0 ], [ 651735.829580041114241, 9190242.50376028008759, 0.0 ], [ 651738.451825872645713, 9190238.104713156819344, 0.0 ], [ 651718.274149439064786, 9190204.741493353620172, 0.0 ], [ 651716.93214549520053, 9190202.515843087807298, 0.0 ], [ 651676.979021307080984, 9190136.255380993708968, 0.0 ], [ 651666.440869338461198, 9190110.800554616376758, 0.0 ], [ 651666.440819137496874, 9190095.873569302260876, 0.0 ], [ 651669.928853463963605, 9190078.297143956646323, 0.0 ], [ 651689.281805079896003, 9190053.712172487750649, 0.0 ], [ 651721.762185354484245, 9190039.665012266486883, 0.0 ], [ 651744.603152981260791, 9190039.665013937279582, 0.0 ], [ 651761.292763388017192, 9190043.184354603290558, 0.0 ], [ 651772.738034786423668, 9190054.602003078907728, 0.0 ], [ 651777.990620919852518, 9190077.427361829206347, 0.0 ], [ 651774.494392424821854, 9190094.983812103047967, 0.0 ], [ 651760.435199158266187, 9190130.986498296260834, 0.0 ], [ 651758.670604908606037, 9190146.79324521869421, 0.0 ], [ 651773.595607633935288, 9190173.137857269495726, 0.0 ], [ 651779.746918904129416, 9190194.203570000827312, 0.0 ], [ 651781.639931130688637, 9190200.796066118404269, 0.0 ], [ 651785.040841198060662, 9190212.639877969399095, 0.0 ], [ 651792.948535999050364, 9190226.687002496793866, 0.0 ], [ 651797.401326816994697, 9190231.246086221188307, 0.0 ], [ 651806.446979299304076, 9190232.41587632521987, 0.0 ], [ 651823.505372326471843, 9190232.415864162147045, 0.0 ], [ 651826.93795845808927, 9190232.415860999375582, 0.0 ], [ 651846.224962155451067, 9190231.835991287603974, 0.0 ], [ 651861.248887005844153, 9190225.737171428278089, 0.0 ], [ 651876.957203852245584, 9190216.499091221019626, 0.0 ], [ 651888.353016631328501, 9190202.621881119906902, 0.0 ], [ 651894.207564379670657, 9190186.645131761208177, 0.0 ], [ 651894.858966632513329, 9190167.289061209186912, 0.0 ], [ 651886.73683673562482, 9190152.592062346637249, 0.0 ], [ 651872.487953899428248, 9190135.245634768158197, 0.0 ], [ 651856.309627967770211, 9190123.987906571477652, 0.0 ], [ 651835.950639792019501, 9190112.380270468071103, 0.0 ], [ 651820.432014495250769, 9190093.91400495916605, 0.0 ], [ 651812.919999695848674, 9190065.939763505011797, 0.0 ], [ 651814.000208098441362, 9190037.955364553257823, 0.0 ], [ 651829.634317452902906, 9189954.702340729534626, 0.0 ], [ 651844.575767060508952, 9189905.332412673160434, 0.0 ], [ 651845.573552396264859, 9189904.342650134116411, 0.0 ], [ 651849.927351927617565, 9189904.342586422339082, 0.0 ], [ 651858.280408290564083, 9189912.910853872075677, 0.0 ], [ 651874.912258086493239, 9189928.687698436900973, 0.0 ], [ 651891.395702688139863, 9189943.264645893126726, 0.0 ], [ 651905.751663887407631, 9189958.671597810462117, 0.0 ], [ 651907.611150447744876, 9189961.736199827864766, 0.0 ], [ 651917.617471388075501, 9189978.22751528583467, 0.0 ], [ 651925.624188345391303, 9189991.544819079339504, 0.0 ], [ 651944.218550810473971, 9189997.383653406053782, 0.0 ], [ 651956.04316092573572, 9189998.623405976220965, 0.0 ], [ 651972.526585082989186, 9189998.623428534716368, 0.0 ], [ 651992.39083360391669, 9189994.484238671138883, 0.0 ], [ 652000.818052145186812, 9189988.225553128868341, 0.0 ], [ 652014.37420192011632, 9189976.987859463319182, 0.0 ], [ 652031.278221187880263, 9189956.591924102976918, 0.0 ], [ 652038.015099931159057, 9189943.264704117551446, 0.0 ], [ 652041.404104966670275, 9189932.866845704615116, 0.0 ], [ 652040.554770144517533, 9189926.208205809816718, 0.0 ], [ 652037.165764509001747, 9189917.449914639815688, 0.0 ], [ 652029.159030822804198, 9189907.052054353058338, 0.0 ], [ 652019.420635003130883, 9189893.314892333000898, 0.0 ], [ 652007.183897142880596, 9189885.806412234902382, 0.0 ], [ 651997.470276051899418, 9189883.316841108724475, 0.0 ], [ 651981.415627069422044, 9189882.896973609924316, 0.0 ], [ 651957.502677607117221, 9189882.787035247310996, 0.0 ], [ 651925.203696299460717, 9189890.265472983941436, 0.0 ], [ 651914.571088560041972, 9189891.449291486293077, 0.0 ], [ 651895.749554519308731, 9189893.544846845790744, 0.0 ], [ 651882.424191422993317, 9189894.954539081081748, 0.0 ], [ 651861.554009987972677, 9189885.586416712030768, 0.0 ], [ 651844.419081376865506, 9189881.387308115139604, 0.0 ], [ 651839.801458164816722, 9189869.539735006168485, 0.0 ], [ 651830.063144550425932, 9189840.305620120838284, 0.0 ], [ 651814.651633768575266, 9189817.750226953998208, 0.0 ], [ 651813.150909041753039, 9189801.453536381945014, 0.0 ], [ 651813.884760113083757, 9189789.625956581905484, 0.0 ], [ 651817.661366067593917, 9189784.077089631929994, 0.0 ], [ 651827.053402291494422, 9189777.428445236757398, 0.0 ], [ 651841.302245357073843, 9189770.3898352291435, 0.0 ], [ 651853.308110592304729, 9189768.540210144594312, 0.0 ], [ 651869.098909353138879, 9189767.430490296334028, 0.0 ], [ 651892.748025279841386, 9189771.499597985297441, 0.0 ], [ 651942.800277437316254, 9189779.987952815368772, 0.0 ], [ 651950.386506054550409, 9189780.427811563014984, 0.0 ], [ 651965.59179420361761, 9189779.98787110671401, 0.0 ], [ 651986.692932049161755, 9189769.190156169235706, 0.0 ], [ 652011.603614697465673, 9189751.713644668459892, 0.0 ], [ 652028.045867024222389, 9189740.905865922570229, 0.0 ], [ 652041.140220440342091, 9189737.586560253053904, 0.0 ], [ 652052.536022635176778, 9189736.756757071241736, 0.0 ], [ 652064.772791930707172, 9189737.156678160652518, 0.0 ], [ 652082.262215702212416, 9189744.595172721892595, 0.0 ], [ 652090.31020599603653, 9189748.794317690655589, 0.0 ], [ 652101.244136984343641, 9189757.662485275417566, 0.0 ], [ 652104.51166832097806, 9189762.621365964412689, 0.0 ], [ 652107.403787213726901, 9189767.010511238127947, 0.0 ], [ 652119.269619486061856, 9189783.857171054929495, 0.0 ], [ 652127.309319945867173, 9189803.953029511496425, 0.0 ], [ 652134.895464631495997, 9189822.639274826273322, 0.0 ], [ 652137.740337553899735, 9189835.726570453494787, 0.0 ], [ 652143.438201812561601, 9189842.275233807042241, 0.0 ], [ 652151.03257824620232, 9189849.753696817904711, 0.0 ], [ 652170.971074039814994, 9189864.250736318528652, 0.0 ], [ 652188.534653424401768, 9189873.598809728398919, 0.0 ], [ 652196.120847702142783, 9189875.458485530689359, 0.0 ], [ 652206.551852805074304, 9189876.388293199241161, 0.0 ], [ 652224.569015633082017, 9189875.928367389366031, 0.0 ], [ 652254.460363218327984, 9189866.778987968340516, 0.0 ], [ 652273.433958525070921, 9189860.971388582140207, 0.0 ], [ 652321.218571270816028, 9189844.504824828356504, 0.0 ], [ 652341.66821658750996, 9189834.57678621634841, 0.0 ], [ 652357.681653516716324, 9189824.348875025287271, 0.0 ], [ 652366.570754580316134, 9189812.671248866245151, 0.0 ], [ 652375.476220893673599, 9189790.765767054632306, 0.0 ], [ 652376.622351172962226, 9189781.397632036358118, 0.0 ], [ 652371.848075335030444, 9189763.92113976739347, 0.0 ], [ 652365.193618816439994, 9189749.894010681658983, 0.0 ], [ 652353.327919189352542, 9189737.286604888737202, 0.0 ], [ 652333.430717642884701, 9189720.929990721866488, 0.0 ], [ 652313.055194278247654, 9189708.792376480996609, 0.0 ], [ 652302.121199943590909, 9189698.514461174607277, 0.0 ], [ 652298.344578924239613, 9189683.557572638615966, 0.0 ], [ 652298.344568402506411, 9189664.401401912793517, 0.0 ], [ 652299.771184951066971, 9189654.583452247083187, 0.0 ], [ 652302.615985045558773, 9189643.845649899914861, 0.0 ], [ 652304.966035977122374, 9189634.967449503019452, 0.0 ], [ 652309.740394298336469, 9189627.50894982367754, 0.0 ], [ 652316.370047081727535, 9189617.700996758416295, 0.0 ], [ 652325.844476586906239, 9189607.892924968153238, 0.0 ], [ 652356.675729735870846, 9189589.196769980713725, 0.0 ], [ 652375.624692086828873, 9189579.858610136434436, 0.0 ], [ 652393.188326301984489, 9189570.780473720282316, 0.0 ], [ 652407.049582770559937, 9189560.812484450638294, 0.0 ], [ 652418.783433462376706, 9189543.476091746240854, 0.0 ], [ 652434.763904383755289, 9189522.460338622331619, 0.0 ], [ 652443.314765471499413, 9189509.852857669815421, 0.0 ], [ 652451.832751071546227, 9189504.074039537459612, 0.0 ], [ 652477.972034620819613, 9189496.705597115680575, 0.0 ], [ 652491.289081769180484, 9189495.13584740459919, 0.0 ], [ 652506.230583557276987, 9189495.135871570557356, 0.0 ], [ 652528.098575500538573, 9189496.705605756491423, 0.0 ], [ 652544.078984551946633, 9189498.285270277410746, 0.0 ], [ 652555.285066138254479, 9189500.394821295514703, 0.0 ], [ 652563.794864238589071, 9189504.583953697234392, 0.0 ], [ 652572.881751973065548, 9189508.273253709077835, 0.0 ], [ 652577.484745036112145, 9189511.003163643181324, 0.0 ], [ 652580.855438014841639, 9189513.002229502424598, 0.0 ], [ 652586.74304377369117, 9189518.771112477406859, 0.0 ], [ 652594.213799789431505, 9189527.179321741685271, 0.0 ], [ 652597.94915661145933, 9189545.055766567587852, 0.0 ], [ 652599.532318022800609, 9189553.97396532073617, 0.0 ], [ 652599.53227317519486, 9189566.581360185518861, 0.0 ], [ 652599.532356932526454, 9189577.079210173338652, 0.0 ], [ 652597.949131072964519, 9189582.87806111574173, 0.0 ], [ 652590.750515448977239, 9189594.265688298270106, 0.0 ], [ 652577.961153103038669, 9189602.644046500325203, 0.0 ], [ 652555.788066720240749, 9189610.2224824372679, 0.0 ], [ 652537.078314438462257, 9189615.241479473188519, 0.0 ], [ 652509.809275959269144, 9189630.348411956802011, 0.0 ], [ 652497.869316907017492, 9189641.266155265271664, 0.0 ], [ 652496.178921843878925, 9189649.664413088932633, 0.0 ], [ 652496.178903043735772, 9189659.742384852841496, 0.0 ], [ 652497.028169916477054, 9189667.290869630873203, 0.0 ], [ 652509.809323569992557, 9189680.708084505051374, 0.0 ], [ 652523.439665105310269, 9189694.145353468134999, 0.0 ], [ 652531.94935112260282, 9189696.674905372783542, 0.0 ], [ 652537.919352620141581, 9189696.674891382455826, 0.0 ], [ 652560.059498757938854, 9189696.674875011667609, 0.0 ], [ 652587.328470634878613, 9189692.475690741091967, 0.0 ], [ 652603.498570591560565, 9189691.635926427319646, 0.0 ], [ 652608.619232651777565, 9189691.635864576324821, 0.0 ], [ 652635.533670855918899, 9189695.855022652074695, 0.0 ], [ 652648.273449474363588, 9189699.584267186000943, 0.0 ], [ 652667.106970556313172, 9189707.462632859125733, 0.0 ], [ 652685.97353575588204, 9189713.521398508921266, 0.0 ], [ 652702.489911265787669, 9189710.72204427793622, 0.0 ], [ 652719.468130375957116, 9189699.114404696971178, 0.0 ], [ 652730.28671238431707, 9189689.816302247345448, 0.0 ], [ 652741.146471498999745, 9189672.169900439679623, 0.0 ], [ 652744.461249048472382, 9189655.903126325458288, 0.0 ], [ 652747.264829365769401, 9189629.418512739241123, 0.0 ], [ 652744.922989526181482, 9189610.842332752421498, 0.0 ], [ 652745.838278528070077, 9189601.074362995103002, 0.0 ], [ 652748.237821963848546, 9189591.336320066824555, 0.0 ], [ 652750.117941904580221, 9189585.297581449151039, 0.0 ], [ 652752.929745341534726, 9189576.459388485178351, 0.0 ], [ 652758.586453109164722, 9189568.09101963788271, 0.0 ], [ 652769.256545509793796, 9189557.553197756409645, 0.0 ], [ 652784.148573402082548, 9189548.405072623863816, 0.0 ], [ 652810.642474534106441, 9189536.987332787364721, 0.0 ], [ 652833.829706011456437, 9189521.97042241692543, 0.0 ], [ 652844.428365851053968, 9189511.9075290504843, 0.0 ], [ 652852.036555541795678, 9189504.683931969106197, 0.0 ], [ 652874.679639125941321, 9189468.391302969306707, 0.0 ], [ 652881.30105489701964, 9189457.313586995005608, 0.0 ], [ 652883.692393833771348, 9189448.435430891811848, 0.0 ], [ 652886.075374255422503, 9189435.917980844154954, 0.0 ], [ 652889.431486483779736, 9189420.870981501415372, 0.0 ], [ 652889.43141714122612, 9189418.701500110328197, 0.0 ], [ 652882.03496681235265, 9189417.251717681065202, 0.0 ], [ 652872.832571126986295, 9189419.071403613314033, 0.0 ], [ 652856.464534990023822, 9189421.430930243805051, 0.0 ], [ 652848.804142771987244, 9189420.421072792261839, 0.0 ], [ 652836.097322854911909, 9189415.802056808024645, 0.0 ], [ 652834.778681869269349, 9189415.151315432041883, 0.0 ], [ 652819.160335344960913, 9189407.443751873448491, 0.0 ], [ 652811.64843944623135, 9189400.025284986943007, 0.0 ], [ 652809.26540414604824, 9189380.55916747264564, 0.0 ], [ 652792.82310190773569, 9189377.769828861579299, 0.0 ], [ 652766.906458114739507, 9189368.481681041419506, 0.0 ], [ 652738.763353781658225, 9189452.404551723971963, 0.0 ], [ 652734.285902828560211, 9189457.913432193920016, 0.0 ], [ 652697.245566964731552, 9189471.900572868064046, 0.0 ], [ 652667.98935376200825, 9189480.5488699413836, 0.0 ], [ 652634.107141893939115, 9189484.658021168783307, 0.0 ], [ 652611.925802956335247, 9189478.889229688793421, 0.0 ], [ 652581.39970474713482, 9189465.301983766257763, 0.0 ], [ 652566.334588056430221, 9189436.157877814024687, 0.0 ], [ 652560.290301286266185, 9189425.610077053308487, 0.0 ], [ 652558.632906410843134, 9189421.050969425588846, 0.0 ], [ 652565.031720327795483, 9189366.092110080644488, 0.0 ], [ 652566.565477033145726, 9189355.524295303970575, 0.0 ], [ 652569.723576873540878, 9189352.944790799170732, 0.0 ], [ 652573.376480746082962, 9189351.935000881552696, 0.0 ], [ 652577.573609347222373, 9189351.155201014131308, 0.0 ], [ 652580.204031439498067, 9189348.305734809488058, 0.0 ], [ 652580.204101937590167, 9189344.456537509337068, 0.0 ], [ 652579.387768445536494, 9189336.458219423890114, 0.0 ], [ 652576.501721254666336, 9189314.842645026743412, 0.0 ], [ 652574.15158003824763, 9189306.064370902255177, 0.0 ], [ 652560.793312361463904, 9189281.789293294772506, 0.0 ], [ 652549.356382331578061, 9189262.383239932358265, 0.0 ], [ 652540.533330485690385, 9189241.817441593855619, 0.0 ], [ 652538.191429344005883, 9189229.939902305603027, 0.0 ], [ 652538.191433357540518, 9189212.873350055888295, 0.0 ], [ 652537.886413710075431, 9189193.447285491973162, 0.0 ], [ 652535.841402800288051, 9189184.479089895263314, 0.0 ], [ 652538.768650245154276, 9189174.051292095333338, 0.0 ], [ 652554.938807816593908, 9189172.031617190688848, 0.0 ], [ 652564.330753869493492, 9189170.581955090165138, 0.0 ], [ 652569.335990116698667, 9189170.581910790875554, 0.0 ], [ 652574.613409455632791, 9189171.7416808065027, 0.0 ], [ 652578.422899113269523, 9189172.61149562895298, 0.0 ], [ 652586.973932923632674, 9189172.891465758904815, 0.0 ], [ 652594.3292226906633, 9189172.321657219901681, 0.0 ], [ 652598.724260584684089, 9189173.181483907625079, 0.0 ], [ 652602.838935089879669, 9189174.921067953109741, 0.0 ], [ 652611.653712149476632, 9189181.289780931547284, 0.0 ], [ 652626.36425266682636, 9189198.376261658966541, 0.0 ], [ 652635.179118418833241, 9189210.253872971981764, 0.0 ], [ 652671.881396234035492, 9189240.897655986249447, 0.0 ], [ 652680.151972783729434, 9189248.07616026327014, 0.0 ], [ 652682.78241044934839, 9189252.615237072110176, 0.0 ], [ 652684.126379508408718, 9189255.884611574932933, 0.0 ], [ 652684.423313954961486, 9189261.743360437452793, 0.0 ], [ 652683.120429927948862, 9189282.589157348498702, 0.0 ], [ 652683.771913266507909, 9189293.656927200034261, 0.0 ], [ 652686.435299349250272, 9189297.566146422177553, 0.0 ], [ 652691.704354462679476, 9189305.714403184130788, 0.0 ], [ 652704.914158330182545, 9189321.341299537569284, 0.0 ], [ 652711.197520730551332, 9189326.560246121138334, 0.0 ], [ 652713.539390916354023, 9189298.545955142006278, 0.0 ], [ 652719.352693504071794, 9189274.120913419872522, 0.0 ], [ 652724.547578976023942, 9189258.744041448459029, 0.0 ], [ 652732.364580977009609, 9189245.206775700673461, 0.0 ], [ 652734.953778366325423, 9189240.807638606056571, 0.0 ], [ 652742.028804932837375, 9189236.418556833639741, 0.0 ], [ 652761.711549957050011, 9189221.391670927405357, 0.0 ], [ 652845.340957065811381, 9189169.032225485891104, 0.0 ], [ 652850.923387101618573, 9189169.03225171752274, 0.0 ], [ 652855.005039254436269, 9189169.762095969170332, 0.0 ], [ 652867.62940639059525, 9189176.730746671557426, 0.0 ], [ 652875.792832596460357, 9189183.309320773929358, 0.0 ], [ 652878.035685197683051, 9189188.428365273401141, 0.0 ], [ 652879.989970439113677, 9189231.049625586718321, 0.0 ], [ 652874.522976209060289, 9189242.987199598923326, 0.0 ], [ 652853.232180097140372, 9189266.052558062598109, 0.0 ], [ 652843.221771253505722, 9189282.939135609194636, 0.0 ], [ 652841.102616825839505, 9189298.985835202038288, 0.0 ], [ 652842.37240906781517, 9189330.279442140832543, 0.0 ], [ 652849.884391642524861, 9189334.398619567975402, 0.0 ], [ 652861.593460738426074, 9189342.626962186768651, 0.0 ], [ 652867.909857111866586, 9189350.995237687602639, 0.0 ], [ 652878.99225490516983, 9189354.634534396231174, 0.0 ], [ 652885.844562956597656, 9189353.594723179936409, 0.0 ], [ 652907.189544082968496, 9189388.32891795411706, 0.0 ], [ 652907.803166470956057, 9189389.327450774610043, 0.0 ], [ 652968.154492665780708, 9189395.366209756582975, 0.0 ], [ 652996.314088830025867, 9189395.366189327090979, 0.0 ], [ 653016.43396910536103, 9189381.279113840311766, 0.0 ], [ 653036.599042461835779, 9189361.1106081251055, 0.0 ], [ 653044.593460605363362, 9189353.114821504801512, 0.0 ], [ 653072.761298576369882, 9189345.066441494971514, 0.0 ], [ 653141.410411854623817, 9189365.483555918559432, 0.0 ], [ 653147.188299395493232, 9189367.201967887580395, 0.0 ], [ 653149.991923160734586, 9189366.706767711788416, 0.0 ], [ 653188.830143565079197, 9189359.846808776259422, 0.0 ], [ 653217.830473208450712, 9189354.72448561526835, 0.0 ], [ 653218.333428145735525, 9189369.991372130811214, 0.0 ], [ 653219.257007740437984, 9189382.468884691596031, 0.0 ], [ 653222.060544193489477, 9189392.196853807196021, 0.0 ], [ 653229.110738573013805, 9189404.664268353953958, 0.0 ], [ 653236.152741465950385, 9189410.233125306665897, 0.0 ], [ 653250.599465175415389, 9189422.060734715312719, 0.0 ], [ 653259.257574619492516, 9189425.989985954016447, 0.0 ], [ 653269.235001805936918, 9189427.30965050496161, 0.0 ], [ 653286.559602090506814, 9189425.990023536607623, 0.0 ], [ 653297.881145310821012, 9189420.761020304635167, 0.0 ], [ 653302.540046294918284, 9189414.182419603690505, 0.0 ], [ 653312.50918812409509, 9189399.085493156686425, 0.0 ], [ 653327.178560419706628, 9189364.332542220130563, 0.0 ], [ 653329.089527927571908, 9189339.394623490050435, 0.0 ], [ 653329.264745332417078, 9189337.108052548021078, 0.0 ], [ 653354.164754805387929, 9189329.327837105840445, 0.0 ], [ 653373.965538218501024, 9189323.140906078740954, 0.0 ], [ 653396.311790992156602, 9189281.229478558525443, 0.0 ], [ 653424.905231449985877, 9189222.501881293952465, 0.0 ], [ 653430.771193602238782, 9189210.453854449093342, 0.0 ], [ 653449.398552384227514, 9189170.411990936845541, 0.0 ], [ 653462.544730494613759, 9189162.442215705290437, 0.0 ], [ 653470.790768747450784, 9189157.443111374974251, 0.0 ], [ 653480.122559641720727, 9189151.785773791372776, 0.0 ], [ 653510.854831797187217, 9189147.126762149855494, 0.0 ], [ 653562.077934604370967, 9189144.337279146537185, 0.0 ], [ 653586.287713872268796, 9189154.575224570930004, 0.0 ], [ 653619.815408206311986, 9189184.379101889207959, 0.0 ], [ 653678.484538075048476, 9189216.972566783428192, 0.0 ], [ 653725.04882214369718, 9189242.117424556985497, 0.0 ], [ 653767.885961396386847, 9189284.028830621391535, 0.0 ], [ 653802.013306219596416, 9189326.315709058195353, 0.0 ], [ 653810.723174055106938, 9189337.108012840151787, 0.0 ], [ 653846.106022623833269, 9189372.490811260417104, 0.0 ], [ 653865.665164006524719, 9189379.9393080919981, 0.0 ], [ 653903.90019234130159, 9189385.507550798356533, 0.0 ], [ 653916.88020655256696, 9189387.397849097847939, 0.0 ], [ 653921.117774940445088, 9189390.302836084738374, 0.0 ], [ 653947.041540760314092, 9189408.074382580816746, 0.0 ], [ 653949.475922465790063, 9189409.743225609883666, 0.0 ], [ 653951.386570884962566, 9189413.578533552587032, 0.0 ], [ 653966.783971430035308, 9189444.486227022483945, 0.0 ], [ 653974.382294908282347, 9189459.735512036830187, 0.0 ], [ 653988.643784172018059, 9189488.357265703380108, 0.0 ], [ 653985.798885829979554, 9189532.668213538825512, 0.0 ], [ 653981.266585553064942, 9189542.338643956929445, 0.0 ], [ 653973.504824603209272, 9189558.899663770571351, 0.0 ], [ 653971.830463761230931, 9189562.472191676497459, 0.0 ], [ 653969.591197590460069, 9189564.43149851821363, 0.0 ], [ 653957.452380805858411, 9189575.05268139205873, 0.0 ], [ 653956.930236873682588, 9189575.509545028209686, 0.0 ], [ 653956.075893260771409, 9189575.961664598435163, 0.0 ], [ 653925.266227994346991, 9189592.266156405210495, 0.0 ], [ 653904.775295978295617, 9189609.032726129516959, 0.0 ], [ 653888.943230203352869, 9189637.896874394267797, 0.0 ], [ 653879.633638711180538, 9189701.223919002339244, 0.0 ], [ 653872.179450441384688, 9189748.714303838089108, 0.0 ], [ 653875.173250910593197, 9189780.773395335301757, 0.0 ], [ 653878.701912777498364, 9189818.560048535466194, 0.0 ], [ 653882.572611653478816, 9189842.549516662955284, 0.0 ], [ 653883.36075890623033, 9189847.434223419055343, 0.0 ], [ 653887.424491623067297, 9189850.921616282314062, 0.0 ], [ 653898.736596485017799, 9189860.629375331103802, 0.0 ], [ 653900.940930425771512, 9189862.521077677607536, 0.0 ], [ 653903.108618722064421, 9189862.78280220925808, 0.0 ], [ 653917.003054388682358, 9189864.460400322452188, 0.0 ], [ 653922.47084859572351, 9189865.120574403554201, 0.0 ], [ 653940.913492210907862, 9189855.136342041194439, 0.0 ], [ 653944.817072011996061, 9189853.023072570562363, 0.0 ], [ 653971.822205276694149, 9189834.396869281306863, 0.0 ], [ 653999.767406355589628, 9189825.078766191378236, 0.0 ], [ 654084.509965856908821, 9189808.322183884680271, 0.0 ], [ 654107.787898633629084, 9189816.700443334877491, 0.0 ], [ 654120.824578305473551, 9189834.39680340141058, 0.0 ], [ 654122.617888162028976, 9189849.43365122191608, 0.0 ], [ 654132.929506950778887, 9189935.896223567426205, 0.0 ], [ 654151.84783961577341, 9190024.455225700512528, 0.0 ], [ 654153.420415663858876, 9190031.816636374220252, 0.0 ], [ 654156.594790101051331, 9190051.204683635383844, 0.0 ], [ 654161.806515966309234, 9190083.036197634413838, 0.0 ], [ 654162.57948536798358, 9190085.509815085679293, 0.0 ], [ 654175.774911320651881, 9190127.737120008096099, 0.0 ], [ 654182.515414794674143, 9190138.65367897413671, 0.0 ], [ 654195.325775289558806, 9190159.400640763342381, 0.0 ], [ 654240.026555765187368, 9190192.923894258216023, 0.0 ], [ 654282.255322445533238, 9190212.682115839794278, 0.0 ], [ 654297.763904641265981, 9190219.938342317938805, 0.0 ], [ 654338.745804660604335, 9190243.213592680171132, 0.0 ], [ 654364.882274676812813, 9190262.485232638195157, 0.0 ], [ 654379.735902798594907, 9190273.437494795769453, 0.0 ], [ 654383.471307011670433, 9190292.283620487898588, 0.0 ], [ 654387.668436504434794, 9190305.170966170728207, 0.0 ], [ 654398.874530736124143, 9190320.337915347889066, 0.0 ], [ 654407.730549175408669, 9190339.204043196514249, 0.0 ], [ 654408.192322724498808, 9190358.980062186717987, 0.0 ], [ 654406.806941276881844, 9190371.857468582689762, 0.0 ], [ 654400.11134320218116, 9190391.763357266783714, 0.0 ], [ 654386.975791201693937, 9190411.409402247518301, 0.0 ], [ 654374.887281967326999, 9190429.515657663345337, 0.0 ], [ 654365.998255799058825, 9190446.562206875532866, 0.0 ], [ 654358.643037012778223, 9190487.93384075909853, 0.0 ], [ 654360.218018124462105, 9190496.212138203904033, 0.0 ], [ 654374.697657725773752, 9190518.037737030535936, 0.0 ], [ 654395.452471166150644, 9190545.422080360352993, 0.0 ], [ 654377.476545942015946, 9190561.778784608468413, 0.0 ], [ 654369.247142743552104, 9190594.682061659172177, 0.0 ], [ 654385.597024673013948, 9190613.550716707482934, 0.0 ], [ 654390.636921333498321, 9190619.367028761655092, 0.0 ], [ 654412.018389074713923, 9190639.10306372307241, 0.0 ], [ 654443.278398927533999, 9190637.463407320901752, 0.0 ], [ 654463.474030267563649, 9190638.581384444609284, 0.0 ], [ 654472.897477535065264, 9190639.103038940578699, 0.0 ], [ 654477.569839656352997, 9190642.841494143009186, 0.0 ], [ 654505.798310676938854, 9190665.427668428048491, 0.0 ], [ 654526.43773491657339, 9190693.581986129283905, 0.0 ], [ 654558.819114105775952, 9190718.506923384964466, 0.0 ], [ 654592.824971354333684, 9190734.043740814551711, 0.0 ], [ 654616.457621352514252, 9190741.392237178981304, 0.0 ], [ 654633.056477070553228, 9190740.992308035492897, 0.0 ], [ 654658.36297352949623, 9190737.303092744201422, 0.0 ], [ 654676.182183102122508, 9190727.095093667507172, 0.0 ], [ 654685.730872332234867, 9190715.647480210289359, 0.0 ], [ 654689.037512936396524, 9190707.479146216064692, 0.0 ], [ 654688.122207529144362, 9190699.180767333135009, 0.0 ], [ 654682.069746926892549, 9190684.963718960061669, 0.0 ], [ 654678.880558990873396, 9190680.114437637850642, 0.0 ], [ 654670.904887211276218, 9190667.987121719866991, 0.0 ], [ 654658.313438886543736, 9190649.160962130874395, 0.0 ], [ 654657.745173670002259, 9190646.564838860183954, 0.0 ], [ 654656.004633242031559, 9190638.613167820498347, 0.0 ], [ 654663.442349528428167, 9190586.753656940534711, 0.0 ], [ 654669.016567839425988, 9190552.350681630894542, 0.0 ], [ 654669.560791639378294, 9190528.555527694523335, 0.0 ], [ 654670.599810664425604, 9190504.320486634969711, 0.0 ], [ 654672.174776253523305, 9190488.313791865482926, 0.0 ], [ 654680.033087954157963, 9190470.77730013243854, 0.0 ], [ 654692.583227333379909, 9190455.820306846871972, 0.0 ], [ 654699.402553878724575, 9190447.052170334383845, 0.0 ], [ 654716.149863374768756, 9190439.303709521889687, 0.0 ], [ 654736.055364004569128, 9190438.28389073163271, 0.0 ], [ 654757.502697145449929, 9190440.343480469658971, 0.0 ], [ 654765.352835366153158, 9190442.922965753823519, 0.0 ], [ 654771.133131351904012, 9190448.071962105110288, 0.0 ], [ 654778.991409524925984, 9190459.949546871706843, 0.0 ], [ 654790.997347050346434, 9190482.125023793429136, 0.0 ], [ 654802.022095571039245, 9190503.270730320364237, 0.0 ], [ 654815.644217820256017, 9190529.59537504054606, 0.0 ], [ 654827.155385458376259, 9190545.062201471999288, 0.0 ], [ 654840.752780457027256, 9190561.048884628340602, 0.0 ], [ 654851.761041738674976, 9190568.797366540879011, 0.0 ], [ 654862.736230761627667, 9190572.916556641459465, 0.0 ], [ 654870.091561535722576, 9190572.916493143886328, 0.0 ], [ 654873.75268782407511, 9190571.366879617795348, 0.0 ], [ 654876.910838763811626, 9190567.247706482186913, 0.0 ], [ 654878.444530424894765, 9190555.900028614327312, 0.0 ], [ 654883.680701014702208, 9190528.5555833671242, 0.0 ], [ 654892.610964086605236, 9190504.320434773340821, 0.0 ], [ 654902.555450878106058, 9190479.035573566332459, 0.0 ], [ 654905.916156700695865, 9190472.082942610606551, 0.0 ], [ 654913.530568666523322, 9190456.330230988562107, 0.0 ], [ 654917.917450703214854, 9190433.264943838119507, 0.0 ], [ 654927.004336531972513, 9190359.070022091269493, 0.0 ], [ 654929.931602939963341, 9190352.121451139450073, 0.0 ], [ 654936.511772248893976, 9190340.713774370029569, 0.0 ], [ 654950.603881207760423, 9190328.486226372420788, 0.0 ], [ 654966.312253856565803, 9190321.957638628780842, 0.0 ], [ 654977.097797411377542, 9190318.288358848541975, 0.0 ], [ 654981.641343692899682, 9190317.468468127772212, 0.0 ], [ 654985.368453728384338, 9190319.518063515424728, 0.0 ], [ 654992.385613562306389, 9190322.357547659426928, 0.0 ], [ 655019.448515934403986, 9190340.553772315382957, 0.0 ], [ 655038.051143696531653, 9190354.320985056459904, 0.0 ], [ 655062.689654758316465, 9190382.725251074880362, 0.0 ], [ 655072.469270552508533, 9190394.202904891222715, 0.0 ], [ 655074.357593836495653, 9190404.280822155997157, 0.0 ], [ 655073.392800620407797, 9190412.069219823926687, 0.0 ], [ 655071.083924798062071, 9190422.617067640647292, 0.0 ], [ 655069.236882393131964, 9190426.73625210672617, 0.0 ], [ 655063.151486983872019, 9190430.875427909195423, 0.0 ], [ 655051.524848828790709, 9190436.844239881262183, 0.0 ], [ 655031.545103248441592, 9190440.503446236252785, 0.0 ], [ 655010.592400302411988, 9190443.722804702818394, 0.0 ], [ 654984.453148953267373, 9190454.060672102496028, 0.0 ], [ 654959.344485706300475, 9190478.805620009079576, 0.0 ], [ 654946.972127978922799, 9190494.103649090975523, 0.0 ], [ 654934.747128030052409, 9190509.219460725784302, 0.0 ], [ 654903.77575812919531, 9190562.178732886910439, 0.0 ], [ 654895.11766413541045, 9190580.514949820935726, 0.0 ], [ 654885.181370707927272, 9190587.033665219321847, 0.0 ], [ 654864.937903222278692, 9190592.742466134950519, 0.0 ], [ 654838.864537582965568, 9190599.67102556861937, 0.0 ], [ 654814.45674595318269, 9190608.219367945566773, 0.0 ], [ 654796.241678788559511, 9190617.187499919906259, 0.0 ], [ 654772.213369096047245, 9190637.143427509814501, 0.0 ], [ 654765.245543592842296, 9190648.361190434545279, 0.0 ], [ 654763.010922865592875, 9190661.398516474291682, 0.0 ], [ 654760.083646313403733, 9190678.415061436593533, 0.0 ], [ 654758.228437228128314, 9190692.922046504914761, 0.0 ], [ 654759.737352382857352, 9190711.008455868810415, 0.0 ], [ 654773.681047542253509, 9190729.844537543132901, 0.0 ], [ 654783.221531343646348, 9190740.342467429116368, 0.0 ], [ 654808.866086242953315, 9190751.800112454220653, 0.0 ], [ 654814.76192750944756, 9190753.239850236102939, 0.0 ], [ 654829.777589259436354, 9190749.630523853003979, 0.0 ], [ 654834.205647348426282, 9190750.000428790226579, 0.0 ], [ 654845.906404600129463, 9190756.859122129157186, 0.0 ], [ 654851.414642160292715, 9190756.859078552573919, 0.0 ], [ 654876.366615290171467, 9190747.82092703692615, 0.0 ], [ 654899.125154442968778, 9190732.993922414258122, 0.0 ], [ 654907.552413883153349, 9190725.055519942194223, 0.0 ], [ 654933.584542676457204, 9190701.570366265252233, 0.0 ], [ 654940.552205114858225, 9190698.300948850810528, 0.0 ], [ 654945.326579004060477, 9190698.660915538668633, 0.0 ], [ 654948.641434160759673, 9190701.200354496017098, 0.0 ], [ 654951.840772259864025, 9190708.009040828794241, 0.0 ], [ 654950.99147057114169, 9190721.256366053596139, 0.0 ], [ 654952.030464339186437, 9190741.752161469310522, 0.0 ], [ 654954.487738301279023, 9190754.709503619000316, 0.0 ], [ 654956.796550965867937, 9190770.826179411262274, 0.0 ], [ 654955.493682960281149, 9190828.034590350463986, 0.0 ], [ 654956.79655095632188, 9190877.854438273236156, 0.0 ], [ 654958.767310174764134, 9190879.474166035652161, 0.0 ], [ 654961.69457159540616, 9190880.433943638578057, 0.0 ], [ 654965.273253150866367, 9190879.134167110547423, 0.0 ], [ 654972.125627408502623, 9190874.965087248012424, 0.0 ], [ 654977.675049842800945, 9190871.10583152808249, 0.0 ], [ 655001.348876176401973, 9190856.938753923401237, 0.0 ], [ 655003.938005118165165, 9190854.059311019256711, 0.0 ], [ 655007.244675146182999, 9190849.730226406827569, 0.0 ], [ 655008.316597559256479, 9190839.962202586233616, 0.0 ], [ 655009.058711384655908, 9190837.082776259630919, 0.0 ], [ 655012.744580005062744, 9190835.283164171501994, 0.0 ], [ 655021.188394034979865, 9190833.103553736582398, 0.0 ], [ 655038.051143616205081, 9190829.864264653995633, 0.0 ], [ 655038.0511596116703, 9190824.425313660874963, 0.0 ], [ 655031.535459443926811, 9190783.588306315243244, 0.0 ], [ 655031.421455744304694, 9190782.873790428042412, 0.0 ], [ 655020.718344670836814, 9190761.957996003329754, 0.0 ], [ 655017.065418566111475, 9190754.329550171270967, 0.0 ], [ 655016.059497521375306, 9190749.310633262619376, 0.0 ], [ 655016.44702485925518, 9190745.491375844925642, 0.0 ], [ 655020.949211176019162, 9190734.243672816082835, 0.0 ], [ 655040.698024761513807, 9190704.119854906573892, 0.0 ], [ 655049.867400723043829, 9190695.291577493771911, 0.0 ], [ 655059.069785861647688, 9190693.072098711505532, 0.0 ], [ 655062.11250897415448, 9190693.072102779522538, 0.0 ], [ 655064.347059292369522, 9190696.291447857394814, 0.0 ], [ 655065.765355287934653, 9190701.910307982936502, 0.0 ], [ 655074.893505600630306, 9190714.377721540629864, 0.0 ], [ 655081.564409479731694, 9190718.676856499165297, 0.0 ], [ 655097.841685626190156, 9190725.45551104657352, 0.0 ], [ 655117.788466634345241, 9190734.703590236604214, 0.0 ], [ 655151.522129176533781, 9190750.780328560620546, 0.0 ], [ 655164.344440982677042, 9190759.078649610280991, 0.0 ], [ 655173.159236804349348, 9190767.396905295550823, 0.0 ], [ 655176.812202417291701, 9190777.854794669896364, 0.0 ], [ 655188.562490518670529, 9190801.699918009340763, 0.0 ], [ 655196.14046674198471, 9190818.586470061913133, 0.0 ], [ 655196.938081171829253, 9190819.873651469126344, 0.0 ], [ 655206.579655692214146, 9190835.43311339057982, 0.0 ], [ 655217.587896123644896, 9190849.420216929167509, 0.0 ], [ 655230.146248996723443, 9190858.068459084257483, 0.0 ], [ 655254.248871227959171, 9190865.127036232501268, 0.0 ], [ 655267.574139572563581, 9190867.706476787105203, 0.0 ], [ 655278.351463159429841, 9190868.996208615601063, 0.0 ], [ 655286.16860341001302, 9190868.016442682594061, 0.0 ], [ 655292.987827238277532, 9190867.056605510413647, 0.0 ], [ 655317.082201505079865, 9190862.897449683398008, 0.0 ], [ 655319.520810917718336, 9190862.195712534710765, 0.0 ], [ 655324.899343246477656, 9190860.647979153320193, 0.0 ], [ 655340.228270099498332, 9190859.688159227371216, 0.0 ], [ 655350.313039646018296, 9190860.317990338429809, 0.0 ], [ 655363.028099097195081, 9190863.217458922415972, 0.0 ], [ 655373.772446054033935, 9190867.056622697040439, 0.0 ], [ 655388.095451014232822, 9190876.044765140861273, 0.0 ], [ 655400.142579169478267, 9190884.703086227178574, 0.0 ], [ 655406.648559683118947, 9190895.940817501395941, 0.0 ], [ 655411.884761039167643, 9190908.138280598446727, 0.0 ], [ 655413.814253660500981, 9190916.496636932715774, 0.0 ], [ 655414.16057858907152, 9190926.434521410614252, 0.0 ], [ 655411.538346794666722, 9190939.261908086016774, 0.0 ], [ 655409.270722615299746, 9190947.920140685513616, 0.0 ], [ 655403.41627820848953, 9190954.678859654814005, 0.0 ], [ 655394.406859046779573, 9190962.105434216558933, 0.0 ], [ 655391.748396929586306, 9190964.296836275607347, 0.0 ], [ 655381.737950415117666, 9190967.596184775233269, 0.0 ], [ 655362.137517367023975, 9190968.875909794121981, 0.0 ], [ 655339.733567063929513, 9190968.875901270657778, 0.0 ], [ 655318.401561436941847, 9190970.49564622528851, 0.0 ], [ 655302.338719039340504, 9190972.51512960717082, 0.0 ], [ 655293.292928624898195, 9190972.115251425653696, 0.0 ], [ 655243.042809529928491, 9190952.099329940974712, 0.0 ], [ 655194.301657387288287, 9190925.044887168332934, 0.0 ], [ 655179.5497640685644, 9190913.447203183546662, 0.0 ], [ 655172.235751424916089, 9190899.380094412714243, 0.0 ], [ 655168.574539575143717, 9190887.132577626034617, 0.0 ], [ 655159.067168573732488, 9190878.82422286272049, 0.0 ], [ 655146.244820902124047, 9190868.756258744746447, 0.0 ], [ 655116.246497127693146, 9190843.131500927731395, 0.0 ], [ 655105.62575508246664, 9190837.002751933410764, 0.0 ], [ 655095.038185843150131, 9190837.002767767757177, 0.0 ], [ 655078.900982699240558, 9190837.362700033932924, 0.0 ], [ 655063.926548368530348, 9190840.252085532993078, 0.0 ], [ 655053.676990658743307, 9190844.581187104806304, 0.0 ], [ 655040.129115363350138, 9190852.519572801887989, 0.0 ], [ 655035.000173772452399, 9190859.008257463574409, 0.0 ], [ 655027.999446521163918, 9190881.783699503168464, 0.0 ], [ 655009.899811021052301, 9190997.310172557830811, 0.0 ], [ 655010.328610601369292, 9191006.638261375948787, 0.0 ], [ 655017.098454353399575, 9191022.744992509484291, 0.0 ], [ 655026.803757799090818, 9191033.662700854241848, 0.0 ], [ 655034.703298279317096, 9191040.961295656859875, 0.0 ], [ 655043.015142819378525, 9191042.790900494903326, 0.0 ], [ 655055.021087481407449, 9191040.961216976866126, 0.0 ], [ 655068.923577186884359, 9191038.231777301058173, 0.0 ], [ 655080.475963647477329, 9191036.402176706120372, 0.0 ], [ 655101.774954351829365, 9191036.402220902964473, 0.0 ], [ 655113.789211400202475, 9191035.042467962950468, 0.0 ], [ 655136.926998339127749, 9191028.203809399157763, 0.0 ], [ 655149.402947286493145, 9191025.914272772148252, 0.0 ], [ 655157.253042225842364, 9191025.014490522444248, 0.0 ], [ 655166.966663465020247, 9191025.474454978480935, 0.0 ], [ 655182.707947623450309, 9191028.20384363271296, 0.0 ], [ 655197.492734728148207, 9191027.743948880583048, 0.0 ], [ 655210.933434601291083, 9191025.914275219663978, 0.0 ], [ 655233.92291206039954, 9191015.466427944600582, 0.0 ], [ 655248.542790899286047, 9191012.936945566907525, 0.0 ], [ 655260.251911173458211, 9191012.57699286006391, 0.0 ], [ 655266.106470099417493, 9191013.29692842066288, 0.0 ], [ 655269.767578202765435, 9191015.086522178724408, 0.0 ], [ 655270.501420184969902, 9191019.415597634389997, 0.0 ], [ 655273.041142805479467, 9191031.313201282173395, 0.0 ], [ 655277.427971044671722, 9191036.352177051827312, 0.0 ], [ 655286.58905928581953, 9191042.830922957509756, 0.0 ], [ 655299.378451181342825, 9191046.080174254253507, 0.0 ], [ 655307.418143707676791, 9191047.869894089177251, 0.0 ], [ 655319.481818054337054, 9191047.869868937879801, 0.0 ], [ 655341.770314646186307, 9191047.869812367483974, 0.0 ], [ 655375.042241068789735, 9191048.959662241861224, 0.0 ], [ 655391.129945094231516, 9191051.489078752696514, 0.0 ], [ 655407.225850750925019, 9191057.237938763573766, 0.0 ], [ 655417.475346132414415, 9191064.096534144133329, 0.0 ], [ 655424.781239993521012, 9191078.503577461466193, 0.0 ], [ 655434.643289975239895, 9191116.675795570015907, 0.0 ], [ 655440.110207963385619, 9191134.322223508730531, 0.0 ], [ 655448.116910923854448, 9191146.869743160903454, 0.0 ], [ 655463.305794863961637, 9191201.768567536026239, 0.0 ], [ 655486.336404669098556, 9191236.32147179543972, 0.0 ], [ 655494.988874664646573, 9191242.807304920628667, 0.0 ], [ 655512.665384554769844, 9191256.057488515973091, 0.0 ], [ 655536.120900392066687, 9191268.345754638314247, 0.0 ], [ 655547.207222312921658, 9191274.153836032375693, 0.0 ], [ 655599.856966364430264, 9191272.514097614213824, 0.0 ], [ 655620.922758524189703, 9191264.323586815968156, 0.0 ], [ 655642.182852390571497, 9191256.057517722249031, 0.0 ], [ 655642.359699017601088, 9191261.063816245645285, 0.0 ], [ 655642.702373009640723, 9191270.764477360993624, 0.0 ], [ 655642.702330619911663, 9191283.681862058117986, 0.0 ], [ 655640.962558279978111, 9191291.310265745967627, 0.0 ], [ 655627.422862269566394, 9191304.807501407340169, 0.0 ], [ 655599.230325160431676, 9191333.571655292063951, 0.0 ], [ 655577.477736487402581, 9191352.367908235639334, 0.0 ], [ 655566.345834396197461, 9191362.945741891860962, 0.0 ], [ 655559.279166305088438, 9191372.913700671866536, 0.0 ], [ 655558.68544690310955, 9191387.600698696449399, 0.0 ], [ 655566.345913308556192, 9191401.117991656064987, 0.0 ], [ 655587.545968701480888, 9191432.321561316028237, 0.0 ], [ 655594.126117160078138, 9191439.290159083902836, 0.0 ], [ 655606.59387441992294, 9191443.339314796030521, 0.0 ], [ 655613.215210745460354, 9191444.069203618913889, 0.0 ], [ 655624.239931904012337, 9191444.069170694798231, 0.0 ], [ 655639.296864290256053, 9191444.439115894958377, 0.0 ], [ 655658.361203257110901, 9191448.538254775106907, 0.0 ], [ 655674.73749116784893, 9191455.236961577087641, 0.0 ], [ 655687.394854815909639, 9191473.103247340768576, 0.0 ], [ 655698.677357482840307, 9191485.713700937107205, 0.0 ], [ 655700.052275063237175, 9191487.250445825979114, 0.0 ], [ 655706.013922643614933, 9191485.760693036019802, 0.0 ], [ 655714.202044068020768, 9191486.510540295392275, 0.0 ], [ 655724.624797964585014, 9191496.188609696924686, 0.0 ], [ 655740.258979258360341, 9191516.28450595960021, 0.0 ], [ 655749.197428195853718, 9191527.452227575704455, 0.0 ], [ 655765.573756345314905, 9191532.67121678031981, 0.0 ], [ 655790.146336177131161, 9191532.671139096841216, 0.0 ], [ 655819.922098912647925, 9191528.941947525367141, 0.0 ], [ 655839.28330484079197, 9191521.503426417708397, 0.0 ], [ 655844.494729230180383, 9191511.07558105327189, 0.0 ], [ 655845.236773231881671, 9191481.29157998599112, 0.0 ], [ 655843.752558210748248, 9191403.867399966344237, 0.0 ], [ 655843.002186448313296, 9191374.823337983340025, 0.0 ], [ 655840.025402828352526, 9191349.508444828912616, 0.0 ], [ 655828.118455633637495, 9191278.782835567370057, 0.0 ], [ 655822.997655384591781, 9191278.397689973935485, 0.0 ], [ 655810.439311570720747, 9191277.453149696812034, 0.0 ], [ 655786.868210394866765, 9191276.960702059790492, 0.0 ], [ 655731.477089288528077, 9191275.803426435217261, 0.0 ], [ 655727.824191819410771, 9191265.165633402764797, 0.0 ], [ 655717.50869225000497, 9191186.011694516986609, 0.0 ], [ 655708.850558502250351, 9191157.567462798207998, 0.0 ], [ 655695.236703658127226, 9191113.056530464440584, 0.0 ], [ 655688.202938284841366, 9191083.772535003721714, 0.0 ], [ 655688.202938904752955, 9191061.517069717869163, 0.0 ], [ 655688.202983112074435, 9191042.550969384610653, 0.0 ], [ 655689.868581271381117, 9191033.492749283090234, 0.0 ], [ 655693.57104292139411, 9191028.533822238445282, 0.0 ], [ 655701.412817647214979, 9191020.295439967885613, 0.0 ], [ 655707.588957485277206, 9191016.596242759376764, 0.0 ], [ 655726.570829913602211, 9191010.817423589527607, 0.0 ], [ 655736.07837438036222, 9191010.407423770055175, 0.0 ], [ 655753.798624691786245, 9191010.407463436946273, 0.0 ], [ 655761.236372331157327, 9191010.817391132935882, 0.0 ], [ 655771.964244326576591, 9191013.286866193637252, 0.0 ], [ 655783.508373400662094, 9191019.065703431144357, 0.0 ], [ 655792.158356491010636, 9191030.613383593037724, 0.0 ], [ 655802.078018814558163, 9191046.270169790834188, 0.0 ], [ 655815.724949915427715, 9191076.204089621081948, 0.0 ], [ 655817.613276738906279, 9191085.002246685326099, 0.0 ], [ 655818.98206559731625, 9191098.459519224241376, 0.0 ], [ 655821.315614823135547, 9191114.206346895545721, 0.0 ], [ 655823.64097180776298, 9191125.793996810913086, 0.0 ], [ 655826.865114311338402, 9191133.212435148656368, 0.0 ], [ 655850.060604558326304, 9191181.872617149725556, 0.0 ], [ 655882.351306870463304, 9191248.578963765874505, 0.0 ], [ 655884.462249058764428, 9191261.076491052284837, 0.0 ], [ 655889.162368583260104, 9191272.544115908443928, 0.0 ], [ 655892.790594656253234, 9191275.133613374084234, 0.0 ], [ 655896.284736387431622, 9191277.678595453500748, 0.0 ], [ 655904.252327400259674, 9191283.481843296438456, 0.0 ], [ 655914.172053476562724, 9191294.949560195207596, 0.0 ], [ 655927.744743164279498, 9191312.136050064116716, 0.0 ], [ 655938.695211271871813, 9191328.792678717523813, 0.0 ], [ 655954.865281930426136, 9191350.158303540199995, 0.0 ], [ 655971.546658265287988, 9191363.185663115233183, 0.0 ], [ 655991.856187043245882, 9191373.60350426286459, 0.0 ], [ 656002.295440137735568, 9191376.742873519659042, 0.0 ], [ 656019.49626997159794, 9191378.822530137374997, 0.0 ], [ 656032.557632131734863, 9191378.302575431764126, 0.0 ], [ 656038.80805031536147, 9191377.782669696956873, 0.0 ], [ 656047.647583391051739, 9191373.083701461553574, 0.0 ], [ 656064.337118902360089, 9191356.92689448967576, 0.0 ], [ 656068.509560266626067, 9191349.6383798699826, 0.0 ], [ 656068.509481722256169, 9191341.320076381787658, 0.0 ], [ 656067.99831107025966, 9191333.491708444431424, 0.0 ], [ 656061.228400956606492, 9191317.874926136806607, 0.0 ], [ 656057.559001545771025, 9191297.019094148650765, 0.0 ], [ 656054.532856475096196, 9191273.214012054726481, 0.0 ], [ 656070.08448529522866, 9191262.156275229528546, 0.0 ], [ 656084.168389870319515, 9191246.059502732008696, 0.0 ], [ 656078.132400035043247, 9191211.866412675008178, 0.0 ], [ 656061.390887265442871, 9191187.192528408020735, 0.0 ], [ 656039.912937789573334, 9191155.537978060543537, 0.0 ], [ 656037.900991346105002, 9191133.412435121834278, 0.0 ], [ 656043.936967811314389, 9191103.238553769886494, 0.0 ], [ 656064.048500337637961, 9191081.103088641539216, 0.0 ], [ 656118.363891724031419, 9191054.958422761410475, 0.0 ], [ 656168.655270107439719, 9191030.813279351219535, 0.0 ], [ 656218.946751384995878, 9191032.822929529473186, 0.0 ], [ 656255.154213547823019, 9191048.919662164524198, 0.0 ], [ 656268.116709237452596, 9191059.00067345239222, 0.0 ], [ 656291.735945812775753, 9191077.369479352608323, 0.0 ], [ 656309.469590869382955, 9191091.161014795303345, 0.0 ], [ 656353.725081245414913, 9191141.450756102800369, 0.0 ], [ 656381.884554068907164, 9191197.779289521276951, 0.0 ], [ 656377.860581922810525, 9191213.876010039821267, 0.0 ], [ 656362.562580971629359, 9191224.258374491706491, 0.0 ], [ 656321.541513506905176, 9191252.09828113950789, 0.0 ], [ 656232.065836233785376, 9191328.962596997618675, 0.0 ], [ 656195.223372892476618, 9191327.972863376140594, 0.0 ], [ 656174.839681655168533, 9191329.27259879373014, 0.0 ], [ 656149.830022898036987, 9191333.231767190620303, 0.0 ], [ 656135.325606479775161, 9191345.059314534068108, 0.0 ], [ 656116.904449045658112, 9191364.805332373827696, 0.0 ], [ 656114.941867632558569, 9191373.993450414389372, 0.0 ], [ 656118.198979099397548, 9191379.272348321974277, 0.0 ], [ 656121.489074203767814, 9191398.348451180383563, 0.0 ], [ 656126.114997755386867, 9191425.322983827441931, 0.0 ], [ 656148.865319371921942, 9191515.20469830557704, 0.0 ], [ 656149.384728822042234, 9191527.162282254546881, 0.0 ], [ 656145.756659001111984, 9191592.159043306484818, 0.0 ], [ 656143.653877846430987, 9191609.825476516038179, 0.0 ], [ 656143.653953054687008, 9191615.014423239976168, 0.0 ], [ 656146.795534064178355, 9191619.713462008163333, 0.0 ], [ 656168.102817047038116, 9191643.568584280088544, 0.0 ], [ 656177.057873413548805, 9191652.4968043230474, 0.0 ], [ 656184.15752634301316, 9191655.746057696640491, 0.0 ], [ 656196.146905428147875, 9191657.515725219622254, 0.0 ], [ 656213.125097133219242, 9191656.346030941233039, 0.0 ], [ 656235.91667424782645, 9191642.308869967237115, 0.0 ], [ 656244.682020087959245, 9191634.720377653837204, 0.0 ], [ 656252.476551027153619, 9191627.68713067099452, 0.0 ], [ 656273.468187592807226, 9191608.745708050206304, 0.0 ], [ 656275.793558067409322, 9191603.486745096743107, 0.0 ], [ 656281.639867410762236, 9191591.229252586141229, 0.0 ], [ 656297.397673047380522, 9191451.247774204239249, 0.0 ], [ 656325.754061528015882, 9191428.564683377742767, 0.0 ], [ 656327.569273564848118, 9191427.112641660496593, 0.0 ], [ 656381.884583397069946, 9191421.073878057301044, 0.0 ], [ 656462.545450115925632, 9191435.440953250974417, 0.0 ], [ 656464.067850318970159, 9191436.378957990556955, 0.0 ], [ 656480.232768541318364, 9191446.338732663542032, 0.0 ], [ 656503.057280131150037, 9191454.127121783792973, 0.0 ], [ 656532.1320800348185, 9191454.12719420157373, 0.0 ], [ 656542.010678131366149, 9191454.127141378819942, 0.0 ], [ 656555.51737219770439, 9191447.89839475043118, 0.0 ], [ 656559.137225204147398, 9191443.749225346371531, 0.0 ], [ 656562.794723183847964, 9191435.31153822503984, 0.0 ], [ 656566.600811169017106, 9191426.531056327745318, 0.0 ], [ 656568.966330063994974, 9191421.073903428390622, 0.0 ], [ 656568.966333702905104, 9191392.909629039466381, 0.0 ], [ 656574.751529251458123, 9191369.774748239666224, 0.0 ], [ 656577.014240451506339, 9191360.726203043013811, 0.0 ], [ 656597.134170087170787, 9191322.50397615134716, 0.0 ], [ 656621.269716467708349, 9191304.39767986163497, 0.0 ], [ 656639.377561430097558, 9191304.397639745846391, 0.0 ], [ 656661.501197208068334, 9191316.465145854279399, 0.0 ], [ 656651.441257363068871, 9191352.677812296897173, 0.0 ], [ 656633.454303668579087, 9191388.659475168213248, 0.0 ], [ 656631.329672017716803, 9191392.909649796783924, 0.0 ], [ 656630.78098929557018, 9191396.74995157495141, 0.0 ], [ 656627.840710946242325, 9191417.329324999824166, 0.0 ], [ 656627.305704099242575, 9191421.07390121370554, 0.0 ], [ 656635.353555753128603, 9191451.247741341590881, 0.0 ], [ 656671.561079303268343, 9191477.402366163209081, 0.0 ], [ 656711.05904360616114, 9191460.686354469507933, 0.0 ], [ 656723.864485540543683, 9191455.26692820340395, 0.0 ], [ 656739.967587513732724, 9191457.280731646344066, 0.0 ], [ 656836.510979131329805, 9191469.354035265743732, 0.0 ], [ 656957.213634610990994, 9191483.431151691824198, 0.0 ], [ 657027.616651691729203, 9191485.440786872059107, 0.0 ], [ 657071.872147265588865, 9191477.402436599135399, 0.0 ], [ 657089.979968207888305, 9191457.286539677530527, 0.0 ], [ 657100.039920880226418, 9191429.122243808582425, 0.0 ], [ 657087.967988881631754, 9191398.94843209721148, 0.0 ], [ 657053.772507908754051, 9191380.842092445120215, 0.0 ], [ 657034.886729472083971, 9191375.68806479871273, 0.0 ], [ 657009.517007117858157, 9191368.764522589743137, 0.0 ], [ 656961.237637533107772, 9191344.629462845623493, 0.0 ], [ 656904.910292194457725, 9191276.233351808041334, 0.0 ], [ 656880.766397980856709, 9191242.030326917767525, 0.0 ], [ 656862.666751992073841, 9191175.653867425397038, 0.0 ], [ 656858.642854580772109, 9191135.411975909024477, 0.0 ], [ 656866.564314004499465, 9191095.81233736500144, 0.0 ], [ 656870.714724380290136, 9191075.064259158447385, 0.0 ], [ 656871.26840177027043, 9191062.334113007411361, 0.0 ], [ 656871.906375558115542, 9191047.665798239409924, 0.0 ], [ 656872.726746195810847, 9191028.803766783326864, 0.0 ], [ 656870.529071857803501, 9191016.059353491291404, 0.0 ], [ 656862.666785716777667, 9190970.465576101094484, 0.0 ], [ 656872.726706924731843, 9190946.320550456643105, 0.0 ], [ 656894.850283848238178, 9190940.291694492101669, 0.0 ], [ 656918.994184861890972, 9190940.29169282130897, 0.0 ], [ 656945.14178695215378, 9190950.34966354444623, 0.0 ], [ 656959.225606324500404, 9190978.51391826197505, 0.0 ], [ 656968.368492294219323, 9191017.376059174537659, 0.0 ], [ 656983.361209554248489, 9191081.10302472114563, 0.0 ], [ 656995.433085154043511, 9191119.32535232976079, 0.0 ], [ 657009.51702318014577, 9191139.441201681271195, 0.0 ], [ 657011.752760549774393, 9191140.987285416573286, 0.0 ], [ 657031.203593616490252, 9191154.438149698078632, 0.0 ], [ 657053.772481537307613, 9191163.576301200315356, 0.0 ], [ 657087.495490028872155, 9191168.904627103358507, 0.0 ], [ 657091.991957014193758, 9191169.615079205483198, 0.0 ], [ 657096.723437896696851, 9191167.607544517144561, 0.0 ], [ 657158.371046481071971, 9191141.450829492881894, 0.0 ], [ 657206.900534599786624, 9191131.745234927162528, 0.0 ], [ 657208.662436362123117, 9191131.392864579334855, 0.0 ], [ 657228.782281713676639, 9191135.411981565877795, 0.0 ], [ 657260.965849121683277, 9191171.624688109382987, 0.0 ], [ 657321.317134483251721, 9191225.943626137450337, 0.0 ], [ 657345.452725360286422, 9191260.136679794639349, 0.0 ], [ 657348.594368046615273, 9191306.206081183627248, 0.0 ], [ 657351.488675461267121, 9191348.648565016686916, 0.0 ], [ 657361.548582330578938, 9191413.025463663041592, 0.0 ], [ 657383.680508206831291, 9191443.199331715703011, 0.0 ], [ 657425.923967405571602, 9191463.315245769917965, 0.0 ], [ 657462.448905997443944, 9191470.833306923508644, 0.0 ], [ 657494.314931354951113, 9191477.39238409884274, 0.0 ], [ 657556.678301376290619, 9191503.547137372195721, 0.0 ], [ 657571.568025005515665, 9191519.975277509540319, 0.0 ], [ 657615.017601030180231, 9191567.914017710834742, 0.0 ], [ 657661.285083414288238, 9191612.174991587176919, 0.0 ], [ 657675.035789404995739, 9191616.163086334243417, 0.0 ], [ 657716.268384390510619, 9191628.121683061122894, 0.0 ], [ 657727.39879899204243, 9191636.470595508813858, 0.0 ], [ 657734.582336785271764, 9191641.858957223594189, 0.0 ], [ 657750.101101525244303, 9191637.429847873747349, 0.0 ], [ 657778.491476005292498, 9191627.72178627550602, 0.0 ], [ 657778.873457386391237, 9191627.390686679631472, 0.0 ], [ 657799.749327457859181, 9191609.295571699738503, 0.0 ], [ 657814.739974578726105, 9191588.851110884919763, 0.0 ], [ 657815.342130473116413, 9191588.029881466180086, 0.0 ], [ 657815.389004750410095, 9191586.952390938997269, 0.0 ], [ 657816.760478994809091, 9191555.426489498466253, 0.0 ], [ 657813.923925783718005, 9191522.823120655491948, 0.0 ], [ 657808.250778067391366, 9191480.301866050809622, 0.0 ], [ 657813.923925049719401, 9191427.862459678202868, 0.0 ], [ 657835.189948952523991, 9191402.347722133621573, 0.0 ], [ 657843.352174235857092, 9191399.735954308882356, 0.0 ], [ 657860.356752443127334, 9191394.294784355908632, 0.0 ], [ 657870.622268834384158, 9191391.009993655607104, 0.0 ], [ 657889.306059940485284, 9191394.543436946347356, 0.0 ], [ 657923.065838246489875, 9191400.928004030138254, 0.0 ], [ 657956.892362968763337, 9191396.418583357706666, 0.0 ], [ 657965.589730512932874, 9191395.25913162343204, 0.0 ], [ 658005.480554538313299, 9191390.143936447799206, 0.0 ], [ 658020.869792458484881, 9191388.17056741937995, 0.0 ], [ 658024.198761102510616, 9191385.610045934095979, 0.0 ], [ 658057.720518010668457, 9191359.826300727203488, 0.0 ], [ 658087.488057566806674, 9191308.796694565564394, 0.0 ], [ 658114.418904770282097, 9191266.275372603908181, 0.0 ], [ 658120.245808877400123, 9191261.819241667166352, 0.0 ], [ 658138.513358547119424, 9191247.849103465676308, 0.0 ], [ 658153.283305742661469, 9191241.384942553937435, 0.0 ], [ 658161.19764886633493, 9191237.921177487820387, 0.0 ], [ 658172.517628628527746, 9191237.165180537849665, 0.0 ], [ 658182.455369223607704, 9191236.501493299379945, 0.0 ], [ 658204.06009909149725, 9191248.651691185310483, 0.0 ], [ 658205.139700641855597, 9191249.258843634277582, 0.0 ], [ 658207.588026926387101, 9191253.410918526351452, 0.0 ], [ 658237.73556557809934, 9191304.537562062963843, 0.0 ], [ 658266.084707940346561, 9191355.567164409905672, 0.0 ], [ 658285.932510041981004, 9191376.832930188626051, 0.0 ], [ 658324.201432898174971, 9191381.081986283883452, 0.0 ], [ 658325.988026965875179, 9191380.448260013014078, 0.0 ], [ 658368.143623566254973, 9191365.495141172781587, 0.0 ], [ 658458.856095963972621, 9191325.803268678486347, 0.0 ], [ 658504.21648512664251, 9191322.963858915492892, 0.0 ], [ 658521.240286884247325, 9191324.273684941232204, 0.0 ], [ 658596.34734875371214, 9191330.052417790517211, 0.0 ], [ 658655.882300463970751, 9191344.229469044134021, 0.0 ], [ 658672.578644592431374, 9191344.229474823921919, 0.0 ], [ 658681.394998809904791, 9191344.229475619271398, 0.0 ], [ 658681.782139953575097, 9191345.185727138072252, 0.0 ], [ 658691.380721572670154, 9191368.894534206017852, 0.0 ], [ 658693.073292795568705, 9191369.166869189590216, 0.0 ], [ 658722.822094703093171, 9191373.953446539118886, 0.0 ], [ 658727.786045133601874, 9191376.163070065900683, 0.0 ], [ 658730.3340051259147, 9191378.412592774257064, 0.0 ], [ 658730.334042342263274, 9191382.881697392091155, 0.0 ], [ 658727.786031085182913, 9191393.159579236060381, 0.0 ], [ 658707.25393701903522, 9191446.038769617676735, 0.0 ], [ 658700.813932912307791, 9191459.186105342581868, 0.0 ], [ 658660.417517210822552, 9191503.737005334347486, 0.0 ], [ 658660.41752599645406, 9191507.266373824328184, 0.0 ], [ 658664.556893254979514, 9191522.01333792693913, 0.0 ], [ 658669.075694838422351, 9191525.542651671916246, 0.0 ], [ 658675.804315950721502, 9191530.02167241089046, 0.0 ], [ 658693.120571776526049, 9191536.120425701141357, 0.0 ], [ 658730.334027533535846, 9191538.040042458102107, 0.0 ], [ 658736.43591901473701, 9191537.390224903821945, 0.0 ], [ 658738.662295062560588, 9191534.190799651667476, 0.0 ], [ 658741.878275296185166, 9191528.741938380524516, 0.0 ], [ 658742.546159349847585, 9191522.973117956891656, 0.0 ], [ 658741.581334467511624, 9191508.546103579923511, 0.0 ], [ 658740.913471653708257, 9191495.41870804131031, 0.0 ], [ 658735.141327269957401, 9191483.541175222024322, 0.0 ], [ 658726.153431691112928, 9191458.866184173151851, 0.0 ], [ 658725.856519534368999, 9191454.05721122212708, 0.0 ], [ 658744.541684440686367, 9191404.817229948937893, 0.0 ], [ 658766.920881391386501, 9191416.364788794890046, 0.0 ], [ 658772.692950210766867, 9191418.164438204839826, 0.0 ], [ 658778.09396443888545, 9191418.524375140666962, 0.0 ], [ 658788.896035719895735, 9191415.285040164366364, 0.0 ], [ 658798.667388783767819, 9191412.03572735004127, 0.0 ], [ 658803.697353325784206, 9191408.056570842862129, 0.0 ], [ 658810.541375346831046, 9191400.488057926297188, 0.0 ], [ 658813.427412373945117, 9191396.898813722655177, 0.0 ], [ 658818.861416459549218, 9191392.209746774286032, 0.0 ], [ 658823.899656028486788, 9191389.680305767804384, 0.0 ], [ 658830.034509980469011, 9191387.880634676665068, 0.0 ], [ 658836.177740118699148, 9191385.351197879761457, 0.0 ], [ 658842.650734904920682, 9191383.1916015855968, 0.0 ], [ 658846.278852713410743, 9191381.022081032395363, 0.0 ], [ 658850.236916041933, 9191373.823511011898518, 0.0 ], [ 658850.236893939902075, 9191366.255090622231364, 0.0 ], [ 658846.278890507412143, 9191353.687588648870587, 0.0 ], [ 658838.585462794755585, 9191345.709177864715457, 0.0 ], [ 658829.826060631894507, 9191329.725629458203912, 0.0 ], [ 658828.591512780287303, 9191327.47291155718267, 0.0 ], [ 658824.039852739078924, 9191310.386448126286268, 0.0 ], [ 658824.039840323152021, 9191294.429634511470795, 0.0 ], [ 658823.751217813463882, 9191283.031980227679014, 0.0 ], [ 658824.897380930837244, 9191272.774052215740085, 0.0 ], [ 658827.189717199187726, 9191264.795668812468648, 0.0 ], [ 658830.03457059932407, 9191257.377170015126467, 0.0 ], [ 658840.028555535478517, 9191249.698717901483178, 0.0 ], [ 658845.982052017003298, 9191246.84930251352489, 0.0 ], [ 658853.122940573841333, 9191245.979507880285382, 0.0 ], [ 658859.414438572246581, 9191245.419628899544477, 0.0 ], [ 658869.358966669649817, 9191244.579789711162448, 0.0 ], [ 658878.50364389072638, 9191245.419611210003495, 0.0 ], [ 658887.04636158933863, 9191246.569441439583898, 0.0 ], [ 658899.035805013496429, 9191249.698740439489484, 0.0 ], [ 658907.578495135414414, 9191256.257411358878016, 0.0 ], [ 658919.271018404979259, 9191267.935071852058172, 0.0 ], [ 658929.711853463901207, 9191277.594066724181175, 0.0 ], [ 658930.369995512883179, 9191278.202925000339746, 0.0 ], [ 658942.244018643046729, 9191294.59958091750741, 0.0 ], [ 658954.07679455424659, 9191308.696790095418692, 0.0 ], [ 658965.027213002089411, 9191317.355022728443146, 0.0 ], [ 658972.761901353136636, 9191321.004284890368581, 0.0 ], [ 658979.605862044729292, 9191321.91404421813786, 0.0 ], [ 658984.157655158429407, 9191321.914072681218386, 0.0 ], [ 658989.632882266305387, 9191321.004252204671502, 0.0 ], [ 658997.812716303276829, 9191315.985238078981638, 0.0 ], [ 659014.515705381985754, 9191306.552332278341055, 0.0 ], [ 659029.254173553897999, 9191298.228868706151843, 0.0 ], [ 659055.228601067326963, 9191275.913384351879358, 0.0 ], [ 659072.091337563353591, 9191265.895500801503658, 0.0 ], [ 659092.145214059390128, 9191259.066893868148327, 0.0 ], [ 659105.355025499360636, 9191257.707091117277741, 0.0 ], [ 659121.780780349625275, 9191257.247192740440369, 0.0 ], [ 659137.241745938896202, 9191258.606931447982788, 0.0 ], [ 659146.378118413034827, 9191258.606962321326137, 0.0 ], [ 659155.926845890237018, 9191260.906465834006667, 0.0 ], [ 659165.953704244806431, 9191266.80524830147624, 0.0 ], [ 659184.630623949691653, 9191279.572723709046841, 0.0 ], [ 659195.581042157951742, 9191290.490460805594921, 0.0 ], [ 659203.31561412778683, 9191302.777904244139791, 0.0 ], [ 659206.053275683894753, 9191309.606605418026447, 0.0 ], [ 659211.083214973798022, 9191325.093377163633704, 0.0 ], [ 659211.528540993342176, 9191336.92104522138834, 0.0 ], [ 659209.714417303795926, 9191345.579228691756725, 0.0 ], [ 659200.025627358583733, 9191375.513109259307384, 0.0 ], [ 659190.14702808985021, 9191400.038190916180611, 0.0 ], [ 659180.268570623244159, 9191416.75476136058569, 0.0 ], [ 659172.16291243955493, 9191433.451383166015148, 0.0 ], [ 659167.35552712297067, 9191437.490579357370734, 0.0 ], [ 659145.570023425039835, 9191443.809211824089289, 0.0 ], [ 659086.084163584164344, 9191463.263818105682731, 0.0 ], [ 659079.75169789197389, 9191465.334819622337818, 0.0 ], [ 659058.815521101700142, 9191473.983111206442118, 0.0 ], [ 659036.502221874892712, 9191482.161398783326149, 0.0 ], [ 659024.224151882808656, 9191485.810689061880112, 0.0 ], [ 659017.825381103437394, 9191491.259588854387403, 0.0 ], [ 659012.828396710800007, 9191500.367733184248209, 0.0 ], [ 659006.907912648865022, 9191521.303493656218052, 0.0 ], [ 659003.725045152939856, 9191535.400652095675468, 0.0 ], [ 659005.093820822658017, 9191537.680146498605609, 0.0 ], [ 659010.090747378999367, 9191539.039920600131154, 0.0 ], [ 659019.639482976403087, 9191539.949649749323726, 0.0 ], [ 659034.209948677569628, 9191541.309412123635411, 0.0 ], [ 659055.187333955313079, 9191545.868512550368905, 0.0 ], [ 659093.959248961880803, 9191551.317333925515413, 0.0 ], [ 659131.098553121206351, 9191558.325934868305922, 0.0 ], [ 659137.983791514765471, 9191558.735821463167667, 0.0 ], [ 659146.452341113239527, 9191558.735901117324829, 0.0 ], [ 659152.117268731002696, 9191561.16540608368814, 0.0 ], [ 659155.737134958151728, 9191566.414257060736418, 0.0 ], [ 659159.406519771786407, 9191574.092684773728251, 0.0 ], [ 659164.246832557488233, 9191578.121873712167144, 0.0 ], [ 659169.095437278971076, 9191579.741536943241954, 0.0 ], [ 659173.53165686968714, 9191579.741591241210699, 0.0 ], [ 659182.041372082778253, 9191577.322082232683897, 0.0 ], [ 659194.179324840428308, 9191569.253743465989828, 0.0 ], [ 659222.850038959295489, 9191549.397767687216401, 0.0 ], [ 659229.875511718564667, 9191535.340574596077204, 0.0 ], [ 659240.092182331020012, 9191522.553264241665602, 0.0 ], [ 659254.143056363216601, 9191514.574871998280287, 0.0 ], [ 659270.758402267936617, 9191507.54623731970787, 0.0 ], [ 659289.954757426865399, 9191505.316710136830807, 0.0 ], [ 659319.994343266589567, 9191506.276573328301311, 0.0 ], [ 659348.112658707192168, 9191510.125709753483534, 0.0 ], [ 659374.012844523298554, 9191512.675182746723294, 0.0 ], [ 659400.201728859916329, 9191514.904794126749039, 0.0 ], [ 659418.441448170924559, 9191522.88314151391387, 0.0 ], [ 659434.718799051479436, 9191530.231704756617546, 0.0 ], [ 659442.171933310921304, 9191535.200841834768653, 0.0 ], [ 659451.664010463864543, 9191541.529375623911619, 0.0 ], [ 659463.167007428011857, 9191558.765807285904884, 0.0 ], [ 659468.939074785448611, 9191576.372286116704345, 0.0 ], [ 659471.454055155394599, 9191586.770112633705139, 0.0 ], [ 659467.49603582022246, 9191598.987684028223157, 0.0 ], [ 659457.065076178638265, 9191613.354757161810994, 0.0 ], [ 659438.008881665766239, 9191624.492489729076624, 0.0 ], [ 659422.218052851152606, 9191628.421644130721688, 0.0 ], [ 659391.510599482338876, 9191632.3808380253613, 0.0 ], [ 659370.203316051163711, 9191633.810570584610105, 0.0 ], [ 659358.288058519130573, 9191642.048870580270886, 0.0 ], [ 659343.783580808201805, 9191650.267270753160119, 0.0 ], [ 659333.022757145576179, 9191652.816661268472672, 0.0 ], [ 659317.372212328249589, 9191652.256862290203571, 0.0 ], [ 659276.771261828718707, 9191651.852499993517995, 0.0 ], [ 659265.167716378811747, 9191651.736929222941399, 0.0 ], [ 659252.592864816077054, 9191649.577396277338266, 0.0 ], [ 659244.338741367333569, 9191651.377051148563623, 0.0 ], [ 659234.64982387656346, 9191660.345219684764743, 0.0 ], [ 659222.808843393577263, 9191676.851776979863644, 0.0 ], [ 659204.981293346034363, 9191688.589473981410265, 0.0 ], [ 659179.567655180115253, 9191695.837895583361387, 0.0 ], [ 659159.769402957055718, 9191704.31625091470778, 0.0 ], [ 659148.86006507941056, 9191715.623934872448444, 0.0 ], [ 659146.048294463660568, 9191728.131390023976564, 0.0 ], [ 659146.048326344927773, 9191738.209283918142319, 0.0 ], [ 659149.676483595860191, 9191759.594971857964993, 0.0 ], [ 659152.434025548980571, 9191767.18443800136447, 0.0 ], [ 659157.740932813845575, 9191781.790409596636891, 0.0 ], [ 659165.838295907131396, 9191798.746970653533936, 0.0 ], [ 659176.38471908622887, 9191816.223391516134143, 0.0 ], [ 659187.73928838793654, 9191832.090227246284485, 0.0 ], [ 659198.021869026706554, 9191845.197572181001306, 0.0 ], [ 659214.892839543288574, 9191862.024070966988802, 0.0 ], [ 659233.355240981094539, 9191882.829894430935383, 0.0 ], [ 659247.224754276801832, 9191902.125926807522774, 0.0 ], [ 659256.517878623912111, 9191921.032105376943946, 0.0 ], [ 659264.615276546450332, 9191939.948307055979967, 0.0 ], [ 659266.536556526320055, 9191958.074604958295822, 0.0 ], [ 659266.536503982031718, 9191973.911349212750793, 0.0 ], [ 659263.947309107054025, 9191996.856719994917512, 0.0 ], [ 659263.612130239373073, 9192002.861939884722233, 0.0 ], [ 659263.172206024639308, 9192010.743819888681173, 0.0 ], [ 659264.730676064617001, 9192025.770745730027556, 0.0 ], [ 659268.202181620756164, 9192033.879092296585441, 0.0 ], [ 659273.603220611577854, 9192043.527211861684918, 0.0 ], [ 659280.191671486012638, 9192053.565093085169792, 0.0 ], [ 659292.510991027578712, 9192063.573112530633807, 0.0 ], [ 659308.343004229944199, 9192070.521645851433277, 0.0 ], [ 659322.624824375379831, 9192074.780780097469687, 0.0 ], [ 659333.830897600972094, 9192075.150710314512253, 0.0 ], [ 659349.300094540696591, 9192071.691407909616828, 0.0 ], [ 659366.278331558220088, 9192063.213193790987134, 0.0 ], [ 659382.481353468610905, 9192046.226632123813033, 0.0 ], [ 659384.494657323230058, 9192043.903988815844059, 0.0 ], [ 659392.508369446964934, 9192034.658985067158937, 0.0 ], [ 659399.426588551490568, 9192012.513499664142728, 0.0 ], [ 659402.164178210776299, 9192001.225773211568594, 0.0 ], [ 659404.308142739348114, 9191989.028300575911999, 0.0 ], [ 659410.410074612125754, 9191974.081308579072356, 0.0 ], [ 659418.32609180198051, 9191965.233141442760825, 0.0 ], [ 659427.503693801350892, 9191958.834439639002085, 0.0 ], [ 659436.054608463309705, 9191953.645426575094461, 0.0 ], [ 659449.775752490852028, 9191947.236791806295514, 0.0 ], [ 659459.538771564839408, 9191942.977651996538043, 0.0 ], [ 659473.268100269371644, 9191939.328370537608862, 0.0 ], [ 659485.18335745704826, 9191939.328406544402242, 0.0 ], [ 659492.175849556108005, 9191939.628322899341583, 0.0 ], [ 659500.421681003761478, 9191940.83807809650898, 0.0 ], [ 659507.447176277055405, 9191943.887432174757123, 0.0 ], [ 659518.290463366545737, 9191950.156224137172103, 0.0 ], [ 659524.095502050826326, 9191955.695075878873467, 0.0 ], [ 659533.495718818274327, 9191963.413489606231451, 0.0 ], [ 659542.186879624612629, 9191973.061536023393273, 0.0 ], [ 659548.000238149892539, 9191981.259890493005514, 0.0 ], [ 659550.39973423385527, 9191988.48843676969409, 0.0 ], [ 659554.473227257374674, 9191999.236235842108727, 0.0 ], [ 659556.06463859253563, 9192015.932763449847698, 0.0 ], [ 659555.800785250496119, 9192027.330448048189282, 0.0 ], [ 659555.503949131933041, 9192038.428225601091981, 0.0 ], [ 659551.991247605415992, 9192053.865111252292991, 0.0 ], [ 659544.256561884772964, 9192073.011131394654512, 0.0 ], [ 659529.537778364028782, 9192095.136669063940644, 0.0 ], [ 659516.517625632928684, 9192111.153431199491024, 0.0 ], [ 659503.08514215820469, 9192128.499838540330529, 0.0 ], [ 659490.06489254871849, 9192141.497221661731601, 0.0 ], [ 659476.599427144741639, 9192154.934490950778127, 0.0 ], [ 659464.016324653755873, 9192169.251601884141564, 0.0 ], [ 659446.741267959354445, 9192188.197733402252197, 0.0 ], [ 659439.418894248199649, 9192196.28605642169714, 0.0 ], [ 659438.272763136541471, 9192205.914132758975029, 0.0 ], [ 659439.418970861588605, 9192221.310959810391068, 0.0 ], [ 659440.96916189044714, 9192231.708897892385721, 0.0 ], [ 659445.595084760338068, 9192242.506685892120004, 0.0 ], [ 659451.738194172736257, 9192250.205154996365309, 0.0 ], [ 659459.464592225500382, 9192257.513606259599328, 0.0 ], [ 659470.637738363118842, 9192262.9225720949471, 0.0 ], [ 659505.863893177825958, 9192277.889525519683957, 0.0 ], [ 659534.534706613630988, 9192291.126730695366859, 0.0 ], [ 659560.542168573942035, 9192305.573845410719514, 0.0 ], [ 659579.557048148475587, 9192316.40165351703763, 0.0 ], [ 659612.408478400902823, 9192344.395926095545292, 0.0 ], [ 659650.75164886447601, 9192358.103200571611524, 0.0 ], [ 659691.016128490096889, 9192381.708357181400061, 0.0 ], [ 659731.98149141157046, 9192406.703262690454721, 0.0 ], [ 659748.638085898943245, 9192433.777779068797827, 0.0 ], [ 659772.938565101474524, 9192476.1290696952492, 0.0 ], [ 659784.045760984998196, 9192483.767556512728333, 0.0 ], [ 659794.46020770445466, 9192484.457430062815547, 0.0 ], [ 659809.03887219587341, 9192476.819039011374116, 0.0 ], [ 659821.539547519641928, 9192469.180573569610715, 0.0 ], [ 659826.396451378124766, 9192455.993255015462637, 0.0 ], [ 659827.534306304529309, 9192447.174986608326435, 0.0 ], [ 659822.232198169687763, 9192418.50090735591948, 0.0 ], [ 659809.038876415695995, 9192380.318667793646455, 0.0 ], [ 659786.824598926817998, 9192353.244108766317368, 0.0 ], [ 659775.717393153114244, 9192337.277363194152713, 0.0 ], [ 659772.24595782160759, 9192315.061894729733467, 0.0 ], [ 659771.553301732637919, 9192293.536276567727327, 0.0 ], [ 659775.024764067260548, 9192233.828498359769583, 0.0 ], [ 659780.574252542923205, 9192158.853736003860831, 0.0 ], [ 659790.988708463730291, 9192121.361319456249475, 0.0 ], [ 659794.460215261904523, 9192111.643362710252404, 0.0 ], [ 659808.346237050369382, 9192113.722933018580079, 0.0 ], [ 659816.569287559716031, 9192110.707346547394991, 0.0 ], [ 659829.175251608015969, 9192106.084438791498542, 0.0 ], [ 659857.639854748849757, 9192088.038143407553434, 0.0 ], [ 659876.819731952738948, 9192064.502901270985603, 0.0 ], [ 659897.909668568521738, 9192041.903445972129703, 0.0 ], [ 659904.278388911159709, 9192035.078875878825784, 0.0 ], [ 659923.499478919082321, 9192019.392143988981843, 0.0 ], [ 659944.683034377289005, 9192010.363961616531014, 0.0 ], [ 659977.633392973686568, 9192005.664852149784565, 0.0 ], [ 660020.79217638541013, 9192005.66484591551125, 0.0 ], [ 660044.325825660023838, 9192013.503340814262629, 0.0 ], [ 660049.697531374520622, 9192019.125113068148494, 0.0 ], [ 660060.980579156195745, 9192030.933410128578544, 0.0 ], [ 660061.196766157518141, 9192031.159661015495658, 0.0 ], [ 660061.46253452077508, 9192031.775517418980598, 0.0 ], [ 660065.764067046227865, 9192041.74331740103662, 0.0 ], [ 660069.830204444704577, 9192051.165640968829393, 0.0 ], [ 660067.350106969242916, 9192074.338798167183995, 0.0 ], [ 660064.33025210024789, 9192102.555200653150678, 0.0 ], [ 660063.942661270266399, 9192148.845765115693212, 0.0 ], [ 660069.038646484725177, 9192193.566635966300964, 0.0 ], [ 660078.842971456935629, 9192220.241246171295643, 0.0 ], [ 660094.930605872184969, 9192228.879451343789697, 0.0 ], [ 660119.643313446780667, 9192230.049260394647717, 0.0 ], [ 660145.14775075041689, 9192226.12999059073627, 0.0 ], [ 660151.751577806891873, 9192218.2281762547791, 0.0 ], [ 660163.420005628140643, 9192204.266300396993756, 0.0 ], [ 660167.114719675737433, 9192199.845381870865822, 0.0 ], [ 660170.407643042737618, 9192194.482354115694761, 0.0 ], [ 660206.8019703758182, 9192135.208533653989434, 0.0 ], [ 660214.691767794080079, 9192119.978652851656079, 0.0 ], [ 660220.46529051894322, 9192108.833863819018006, 0.0 ], [ 660228.702907826285809, 9192087.258312286809087, 0.0 ], [ 660228.372222965117544, 9192084.51789453625679, 0.0 ], [ 660225.957029652316123, 9192064.502950454130769, 0.0 ], [ 660221.927814455004409, 9192048.385657101869583, 0.0 ], [ 660215.756878177053295, 9192023.701237147673965, 0.0 ], [ 660208.698508634464815, 9192012.323576617985964, 0.0 ], [ 660207.730744480388239, 9192011.185003068298101, 0.0 ], [ 660197.10090760118328, 9191998.679006768390536, 0.0 ], [ 660195.364967715810053, 9191996.636673897504807, 0.0 ], [ 660192.575715676881373, 9191994.633356809616089, 0.0 ], [ 660167.51050096959807, 9191976.630821395665407, 0.0 ], [ 660161.618483647238463, 9191967.538893530145288, 0.0 ], [ 660156.013012210605666, 9191958.889129392802715, 0.0 ], [ 660153.781103915534914, 9191955.445086322724819, 0.0 ], [ 660154.952017298783176, 9191923.671615274623036, 0.0 ], [ 660162.275664661894552, 9191913.143354078754783, 0.0 ], [ 660170.691361551871523, 9191901.045186342671514, 0.0 ], [ 660173.78552271053195, 9191896.597105635330081, 0.0 ], [ 660189.864967817789875, 9191885.619288509711623, 0.0 ], [ 660207.265302023733966, 9191879.132917197421193, 0.0 ], [ 660213.011093222303316, 9191876.991040702909231, 0.0 ], [ 660221.561716954223812, 9191873.141822138801217, 0.0 ], [ 660235.657800703658722, 9191866.79620916210115, 0.0 ], [ 660236.552985666319728, 9191866.393224880099297, 0.0 ], [ 660238.090277866343968, 9191865.411734499037266, 0.0 ], [ 660242.844829049310647, 9191862.376171620562673, 0.0 ], [ 660250.67802266147919, 9191857.375034743919969, 0.0 ], [ 660262.049090508953668, 9191843.647884944453835, 0.0 ], [ 660274.21170250501018, 9191818.143110739067197, 0.0 ], [ 660278.884661752614193, 9191784.317847602069378, 0.0 ], [ 660282.44928632164374, 9191758.515221474692225, 0.0 ], [ 660292.253627694910392, 9191743.60820571705699, 0.0 ], [ 660308.73710722126998, 9191732.630468770861626, 0.0 ], [ 660341.149390536593273, 9191730.737700613215566, 0.0 ], [ 660349.141704796813428, 9191730.270973075181246, 0.0 ], [ 660382.875469891470857, 9191729.091226851567626, 0.0 ], [ 660408.767451357911341, 9191724.772081317380071, 0.0 ], [ 660424.071668785531074, 9191716.143809989094734, 0.0 ], [ 660427.555243234848604, 9191712.6593858897686, 0.0 ], [ 660442.113621181342751, 9191698.097448112443089, 0.0 ], [ 660457.022074995213188, 9191687.509679481387138, 0.0 ], [ 660474.280669685336761, 9191678.091591622680426, 0.0 ], [ 660495.398281310219318, 9191665.154198052361608, 0.0 ], [ 660497.509204767877236, 9191658.165668705478311, 0.0 ], [ 660497.73179398488719, 9191642.268852293491364, 0.0 ], [ 660498.803799016517587, 9191626.1721211951226, 0.0 ], [ 660501.986692072008736, 9191611.555150451138616, 0.0 ], [ 660504.312015344388783, 9191605.416317384690046, 0.0 ], [ 660510.232543405494653, 9191600.327365316450596, 0.0 ], [ 660514.899659421877004, 9191598.207878207787871, 0.0 ], [ 660521.075777697609738, 9191598.207831937819719, 0.0 ], [ 660526.147002270212397, 9191598.617750061675906, 0.0 ], [ 660530.805950234178454, 9191599.677574031054974, 0.0 ], [ 660535.687381338095292, 9191602.446969019249082, 0.0 ], [ 660540.123680098680779, 9191607.316020263358951, 0.0 ], [ 660546.530701688840054, 9191615.424340913072228, 0.0 ], [ 660552.558380089467391, 9191624.772426255047321, 0.0 ], [ 660558.586163119529374, 9191633.810544315725565, 0.0 ], [ 660563.745438014157116, 9191639.580719545483589, 0.0 ], [ 660566.131060499697924, 9191642.248818693682551, 0.0 ], [ 660573.684278452768922, 9191651.586997194215655, 0.0 ], [ 660582.408338208682835, 9191658.815431931987405, 0.0 ], [ 660587.498344602412544, 9191662.932814514264464, 0.0 ], [ 660593.581561247352511, 9191667.853618370369077, 0.0 ], [ 660606.27186605555471, 9191670.883078828454018, 0.0 ], [ 660616.777084573055618, 9191671.682818094268441, 0.0 ], [ 660625.105373324593529, 9191671.922849118709564, 0.0 ], [ 660630.58056339842733, 9191672.182717174291611, 0.0 ], [ 660638.463609511381947, 9191675.512130493298173, 0.0 ], [ 660645.118072218261659, 9191679.311293823644519, 0.0 ], [ 660653.924554432625882, 9191686.209912460297346, 0.0 ], [ 660665.83989154943265, 9191696.207878105342388, 0.0 ], [ 660681.556410177145153, 9191711.194820795208216, 0.0 ], [ 660697.536836427054368, 9191723.112423785030842, 0.0 ], [ 660719.479069324210286, 9191737.239563068374991, 0.0 ], [ 660660.768662701128051, 9191797.617235478013754, 0.0 ], [ 660661.617976699722931, 9191805.855535708367825, 0.0 ], [ 660661.469590600812808, 9191822.732117002829909, 0.0 ], [ 660654.328654241864569, 9191877.73088700696826, 0.0 ], [ 660653.223648443701677, 9191890.338370634242892, 0.0 ], [ 660654.328697908553295, 9191895.987185364589095, 0.0 ], [ 660655.474825512850657, 9191896.547127341851592, 0.0 ], [ 660658.847410345450044, 9191897.306997045874596, 0.0 ], [ 660667.134411031496711, 9191896.717008603736758, 0.0 ], [ 660680.855572574073449, 9191891.098232015967369, 0.0 ], [ 660707.605007517617196, 9191876.911088658496737, 0.0 ], [ 660717.81334791937843, 9191859.774617381393909, 0.0 ], [ 660736.160414641024545, 9191822.492179477587342, 0.0 ], [ 660755.604072320507839, 9191801.426416601985693, 0.0 ], [ 660784.604712427360937, 9191820.982497440651059, 0.0 ], [ 660824.399173164274544, 9191836.499285612255335, 0.0 ], [ 660858.800857037073001, 9191837.848999304696918, 0.0 ], [ 660883.08481595129706, 9191828.400951122865081, 0.0 ], [ 660915.45809537335299, 9191806.145508432760835, 0.0 ], [ 660933.343250827165321, 9191797.027339659631252, 0.0 ], [ 660950.720644437707961, 9191791.840218303725123, 0.0 ], [ 660959.301241975277662, 9191789.278922287747264, 0.0 ], [ 660986.957739615114406, 9191789.278921810910106, 0.0 ], [ 661004.521441570599563, 9191760.724733320996165, 0.0 ], [ 661017.879627260379493, 9191758.585225321352482, 0.0 ], [ 661022.43135772459209, 9191754.316087419167161, 0.0 ], [ 661033.860146997612901, 9191728.991240644827485, 0.0 ], [ 661039.739447599160485, 9191714.594156440347433, 0.0 ], [ 661040.30015026172623, 9191711.774656768888235, 0.0 ], [ 661039.557954490999691, 9191708.775367129594088, 0.0 ], [ 661024.352655901340768, 9191694.888166449964046, 0.0 ], [ 660986.174387809121981, 9191657.445784009993076, 0.0 ], [ 660973.855072106583975, 9191650.98710859939456, 0.0 ], [ 660966.491588353179395, 9191647.177896181121469, 0.0 ], [ 660957.800485113402829, 9191640.839170567691326, 0.0 ], [ 660955.689516251441091, 9191636.000103980302811, 0.0 ], [ 660951.063589598867111, 9191631.131142441183329, 0.0 ], [ 660949.991612131125294, 9191625.852235229685903, 0.0 ], [ 660949.142321848892607, 9191604.956478821113706, 0.0 ], [ 660948.400210289168172, 9191582.381045654416084, 0.0 ], [ 660951.995377675164491, 9191572.473011421039701, 0.0 ], [ 660975.446570739848539, 9191534.670732131227851, 0.0 ], [ 660990.429218400502577, 9191515.264665758237243, 0.0 ], [ 661008.372215936658904, 9191498.378167614340782, 0.0 ], [ 661021.243954343721271, 9191489.319978462532163, 0.0 ], [ 661025.688536433503032, 9191488.690062399953604, 0.0 ], [ 661034.157016758690588, 9191487.630312191322446, 0.0 ], [ 661037.743861996917985, 9191487.630297573283315, 0.0 ], [ 661042.147204278735444, 9191487.630290126428008, 0.0 ], [ 661046.179464444983751, 9191488.690106816589832, 0.0 ], [ 661052.949243252165616, 9191490.589782383292913, 0.0 ], [ 661062.234063379582949, 9191494.998861933127046, 0.0 ], [ 661082.551619541365653, 9191507.730590902268887, 0.0 ], [ 661086.501591972773895, 9191510.205787533894181, 0.0 ], [ 661110.17593380343169, 9191527.498059686273336, 0.0 ], [ 661117.176179074915126, 9191532.611192386597395, 0.0 ], [ 661124.976711513125338, 9191525.672618567943573, 0.0 ], [ 661151.915900289313868, 9191510.575662583112717, 0.0 ], [ 661162.346862836158834, 9191505.366711001843214, 0.0 ], [ 661168.77860520791728, 9191501.797423038631678, 0.0 ], [ 661173.52003307081759, 9191501.797413343563676, 0.0 ], [ 661182.062729991739616, 9191501.797456854954362, 0.0 ], [ 661188.461439524544403, 9191502.987152358517051, 0.0 ], [ 661215.318189264740795, 9191508.156191078945994, 0.0 ], [ 661225.493518986389972, 9191510.765582293272018, 0.0 ], [ 661230.968759942101315, 9191511.245554307475686, 0.0 ], [ 661237.367587206885219, 9191511.245578864589334, 0.0 ], [ 661240.220646730740555, 9191510.295690797269344, 0.0 ], [ 661243.774588650325313, 9191507.436282278969884, 0.0 ], [ 661245.431989005417563, 9191506.246546627953649, 0.0 ], [ 661247.584118323400617, 9191505.796672310680151, 0.0 ], [ 661253.982939367764629, 9191505.556726902723312, 0.0 ], [ 661265.815732332295738, 9191506.246518112719059, 0.0 ], [ 661276.988893001456745, 9191506.246522357687354, 0.0 ], [ 661298.081722725881264, 9191508.156180066987872, 0.0 ], [ 661312.470697551965714, 9191509.29592284373939, 0.0 ], [ 661321.978157229837961, 9191508.676081972196698, 0.0 ], [ 661331.230026458855718, 9191507.176376318559051, 0.0 ], [ 661337.364945881301537, 9191505.706695666536689, 0.0 ], [ 661342.436095508048311, 9191503.607042111456394, 0.0 ], [ 661344.728474005823955, 9191503.60711757093668, 0.0 ], [ 661345.800432274118066, 9191505.296681206673384, 0.0 ], [ 661347.06204567477107, 9191508.676019655540586, 0.0 ], [ 661345.800438914331608, 9191533.11105071566999, 0.0 ], [ 661343.029756364412606, 9191559.735683709383011, 0.0 ], [ 661374.21563058020547, 9191559.435688490048051, 0.0 ], [ 661380.507146867690608, 9191560.625488664954901, 0.0 ], [ 661388.60454172489699, 9191566.634213710203767, 0.0 ], [ 661422.791876255534589, 9191566.334281859919429, 0.0 ], [ 661440.470998385921121, 9191567.524013409391046, 0.0 ], [ 661479.168640711926855, 9191562.72508435882628, 0.0 ], [ 661489.080246706143953, 9191560.345498759299517, 0.0 ], [ 661492.972204911173321, 9191559.845614919438958, 0.0 ], [ 661495.297606313368306, 9191562.565065898001194, 0.0 ], [ 661497.812513348646462, 9191564.684644512832165, 0.0 ], [ 661500.550220399396494, 9191567.004209402948618, 0.0 ], [ 661504.772036901209503, 9191568.253912799060345, 0.0 ], [ 661509.612296734470874, 9191568.253882855176926, 0.0 ], [ 661583.750760986818932, 9191562.155189357697964, 0.0 ], [ 661587.345898024155758, 9191559.845665708184242, 0.0 ], [ 661588.821893281652592, 9191557.096162104979157, 0.0 ], [ 661590.710260002408177, 9191551.21743898652494, 0.0 ], [ 661591.114252492552623, 9191548.058057263493538, 0.0 ], [ 661594.701263377792202, 9191544.268830005079508, 0.0 ], [ 661596.366834610817023, 9191544.268831696361303, 0.0 ], [ 661598.477797329076566, 9191544.46875886619091, 0.0 ], [ 661601.215460245730355, 9191545.95849409326911, 0.0 ], [ 661603.136770296376199, 9191549.937594763934612, 0.0 ], [ 661604.802329136291519, 9191551.427388694137335, 0.0 ], [ 661609.650902940309606, 9191552.89709834381938, 0.0 ], [ 661613.460463318508118, 9191552.897092854604125, 0.0 ], [ 661617.459749322268181, 9191552.467181464657187, 0.0 ], [ 661620.601392038632184, 9191550.997470080852509, 0.0 ], [ 661621.673410854302347, 9191549.307792656123638, 0.0 ], [ 661621.673393775476143, 9191545.738461198285222, 0.0 ], [ 661622.489672556868754, 9191541.529397921636701, 0.0 ], [ 661624.188383214641362, 9191539.429736107587814, 0.0 ], [ 661627.255858553689905, 9191540.209661953151226, 0.0 ], [ 661634.141125489026308, 9191542.90907708927989, 0.0 ], [ 661648.084805396036245, 9191547.668163953348994, 0.0 ], [ 661657.85610970063135, 9191549.67765062302351, 0.0 ], [ 661665.953538624569774, 9191549.677734367549419, 0.0 ], [ 661677.720394373405725, 9191544.98871011286974, 0.0 ], [ 661684.11912101181224, 9191543.96886914037168, 0.0 ], [ 661693.552398057305254, 9191540.939454475417733, 0.0 ], [ 661695.259340523276478, 9191537.570143360644579, 0.0 ], [ 661698.623560977401212, 9191526.122445786371827, 0.0 ], [ 661700.619088291423395, 9191513.685048338025808, 0.0 ], [ 661706.358143646619283, 9191506.946376973763108, 0.0 ], [ 661708.056814215844497, 9191505.276774186640978, 0.0 ], [ 661714.084550153231248, 9191504.256919229403138, 0.0 ], [ 661716.789181494503282, 9191504.586836036294699, 0.0 ], [ 661725.884327636100352, 9191507.956153882667422, 0.0 ], [ 661730.955555760068819, 9191510.665662815794349, 0.0 ], [ 661733.289123655180447, 9191513.684983246028423, 0.0 ], [ 661740.017751030391082, 9191521.413499319925904, 0.0 ], [ 661745.163179547758773, 9191526.972305025905371, 0.0 ], [ 661750.564151108148508, 9191536.310385817661881, 0.0 ], [ 661754.852024211431853, 9191546.588297847658396, 0.0 ], [ 661755.998131481930614, 9191563.214915860444307, 0.0 ], [ 661769.653300341335125, 9191561.89520057849586, 0.0 ], [ 661772.61357068491634, 9191561.895183473825455, 0.0 ], [ 661774.872878234949894, 9191562.825030654668808, 0.0 ], [ 661775.606771019753069, 9191564.514693608507514, 0.0 ], [ 661777.313676590099931, 9191566.934142200276256, 0.0 ], [ 661778.608289431780577, 9191569.38368508964777, 0.0 ], [ 661780.496547045651823, 9191571.243317678570747, 0.0 ], [ 661783.267230755416676, 9191572.563079072162509, 0.0 ], [ 661789.814354507834651, 9191572.933009184896946, 0.0 ], [ 661829.988158093765378, 9191573.702783042564988, 0.0 ], [ 661844.566797283245251, 9191573.832787808030844, 0.0 ], [ 661844.937881778227165, 9191591.82908983528614, 0.0 ], [ 661863.062170900637284, 9191591.439184691756964, 0.0 ], [ 661885.853740701102652, 9191591.769122360274196, 0.0 ], [ 661897.653484104434028, 9191605.476329574361444, 0.0 ], [ 661902.831982405507006, 9191615.14433590695262, 0.0 ], [ 661933.80336883792188, 9191613.504742646589875, 0.0 ], [ 661980.821131635922939, 9191611.385194301605225, 0.0 ], [ 661982.709413189440966, 9191616.094141788780689, 0.0 ], [ 661988.407265779213049, 9191655.046217698603868, 0.0 ], [ 661988.844343325472437, 9191675.592060968279839, 0.0 ], [ 661991.252121220342815, 9191693.308478653430939, 0.0 ], [ 661996.026409741491079, 9191751.986536892130971, 0.0 ], [ 661999.539161301101558, 9191775.211770620197058, 0.0 ], [ 662003.761098259594291, 9191791.628436658531427, 0.0 ], [ 662003.53841748367995, 9191807.895150737836957, 0.0 ], [ 662004.865959287504666, 9191876.711111005395651, 0.0 ], [ 662018.001613538595848, 9191876.711093991994858, 0.0 ], [ 662019.997096407110803, 9191879.720561610534787, 0.0 ], [ 662023.213063524104655, 9191887.938895139843225, 0.0 ], [ 662024.697278200648725, 9191892.997833505272865, 0.0 ], [ 662028.28416504454799, 9191894.487548049539328, 0.0 ], [ 662037.832853720290586, 9191897.476928401738405, 0.0 ], [ 662044.116257428075187, 9191898.9665880613029, 0.0 ], [ 662047.703161566983908, 9191900.156396074220538, 0.0 ], [ 662053.071173483855091, 9191904.335469126701355, 0.0 ], [ 662058.142360364086926, 9191912.093914708122611, 0.0 ], [ 662062.026217920705676, 9191928.810482749715447, 0.0 ], [ 662064.722624253947288, 9191947.60670461319387, 0.0 ], [ 662069.793805429013446, 9191983.709406992420554, 0.0 ], [ 662073.083861203864217, 9192001.915605273097754, 0.0 ], [ 662073.974417465273291, 9192009.964031103998423, 0.0 ], [ 662069.900930596049875, 9192041.837491787970066, 0.0 ], [ 662069.604094048030674, 9192051.375602135434747, 0.0 ], [ 662072.275824588956311, 9192056.674508593976498, 0.0 ], [ 662077.041888354113325, 9192060.653728062286973, 0.0 ], [ 662080.744314992218278, 9192061.713443864136934, 0.0 ], [ 662095.059056160389446, 9192063.553127719089389, 0.0 ], [ 662096.172191190766171, 9192088.428037364035845, 0.0 ], [ 662110.783823159523308, 9192089.617840245366096, 0.0 ], [ 662120.62115819612518, 9192138.75774391181767, 0.0 ], [ 662118.848270205082372, 9192143.236890921369195, 0.0 ], [ 662116.151973837637343, 9192145.916298931464553, 0.0 ], [ 662115.261418349924497, 9192149.485665025189519, 0.0 ], [ 662115.261318177566864, 9192155.144498376175761, 0.0 ], [ 662115.261363670229912, 9192157.833914684131742, 0.0 ], [ 662116.151924733072519, 9192163.782672161236405, 0.0 ], [ 662120.217128939460963, 9192189.447484921664, 0.0 ], [ 662126.36026464542374, 9192218.41155942901969, 0.0 ], [ 662138.564128337660804, 9192264.132327003404498, 0.0 ], [ 662141.746981356292963, 9192269.431225433945656, 0.0 ], [ 662146.001834281603806, 9192269.951144715771079, 0.0 ], [ 662176.742409409140237, 9192272.870530707761645, 0.0 ], [ 662177.781345196301118, 9192282.128601364791393, 0.0 ], [ 662179.776900474214926, 9192298.155309915542603, 0.0 ], [ 662181.44950297428295, 9192304.484174540266395, 0.0 ], [ 662185.99420162581373, 9192321.68059391155839, 0.0 ], [ 662189.729638644959778, 9192339.356969596818089, 0.0 ], [ 662196.977700466522947, 9192385.307658165693283, 0.0 ], [ 662240.301406922284514, 9192384.837704541161656, 0.0 ], [ 662265.129590190481395, 9192385.117660900577903, 0.0 ], [ 662283.179727763868868, 9192385.287571515887976, 0.0 ], [ 662296.199925120687112, 9192385.117695286870003, 0.0 ], [ 662309.962224485818297, 9192385.287653427571058, 0.0 ], [ 662320.953931286698207, 9192386.417345747351646, 0.0 ], [ 662328.57308104110416, 9192388.646969523280859, 0.0 ], [ 662348.288894706871361, 9192390.866525901481509, 0.0 ], [ 662354.250659346580505, 9192392.366167824715376, 0.0 ], [ 662358.5384590231115, 9192392.55608994141221, 0.0 ], [ 662364.681658088695258, 9192391.796336214989424, 0.0 ], [ 662370.082652913639322, 9192388.466915894299746, 0.0 ], [ 662376.778314165887423, 9192384.917738802731037, 0.0 ], [ 662383.655377939227037, 9192382.888065239414573, 0.0 ], [ 662387.951439713011496, 9192382.328193632885814, 0.0 ], [ 662392.800028490601107, 9192382.888067433610559, 0.0 ], [ 662399.273021586006507, 9192384.017898544669151, 0.0 ], [ 662405.119255982339382, 9192384.017830573022366, 0.0 ], [ 662410.775935944868252, 9192384.837702766060829, 0.0 ], [ 662417.026247323141433, 9192385.467531375586987, 0.0 ], [ 662424.7608456738526, 9192386.937268666923046, 0.0 ], [ 662431.456497193779796, 9192388.187016654759645, 0.0 ], [ 662436.453492835629731, 9192388.816844215616584, 0.0 ], [ 662442.514154239790514, 9192388.816845793277025, 0.0 ], [ 662457.760810970445164, 9192385.247580803930759, 0.0 ], [ 662466.344721904257312, 9192383.168086316436529, 0.0 ], [ 662469.486309934174642, 9192383.797888850793242, 0.0 ], [ 662474.071043171104975, 9192386.497325103729963, 0.0 ], [ 662478.66392040764913, 9192391.926296886056662, 0.0 ], [ 662481.805649639572948, 9192393.815879361703992, 0.0 ], [ 662485.359581907046959, 9192394.225818686187267, 0.0 ], [ 662497.456288853194565, 9192393.685904700309038, 0.0 ], [ 662529.046033768099733, 9192389.186837989836931, 0.0 ], [ 662542.181681742309593, 9192388.796898933127522, 0.0 ], [ 662549.322656830190681, 9192391.436332523822784, 0.0 ], [ 662558.714604149339721, 9192393.315990028902888, 0.0 ], [ 662590.312671275343746, 9192386.9372468739748, 0.0 ], [ 662618.092979489942081, 9192379.798750659450889, 0.0 ], [ 662627.493248529732227, 9192379.798758571967483, 0.0 ], [ 662638.402463432983495, 9192380.918477956205606, 0.0 ], [ 662667.444327062927186, 9192379.338795175775886, 0.0 ], [ 662684.133907170034945, 9192379.018917011097074, 0.0 ], [ 662706.47191902808845, 9192379.018945699557662, 0.0 ], [ 662719.500352011527866, 9192378.019102716818452, 0.0 ], [ 662739.183214012300596, 9192377.679128933697939, 0.0 ], [ 662753.201164803118445, 9192379.33881158195436, 0.0 ], [ 662770.220507327467203, 9192383.018121553584933, 0.0 ], [ 662778.540543318260461, 9192387.017287842929363, 0.0 ], [ 662787.899619130883366, 9192387.687102429568768, 0.0 ], [ 662790.563061823952012, 9192387.017309091985226, 0.0 ], [ 662794.224209027830511, 9192382.028233861550689, 0.0 ], [ 662795.560038361349143, 9192379.338861405849457, 0.0 ], [ 662798.223474264377728, 9192376.339486975222826, 0.0 ], [ 662800.218971742549911, 9192375.689572796225548, 0.0 ], [ 662813.907072049798444, 9192372.680208899080753, 0.0 ], [ 662842.280949869891629, 9192369.350833598524332, 0.0 ], [ 662872.617380715557374, 9192362.392253711819649, 0.0 ], [ 662898.113632119609974, 9192355.963615527376533, 0.0 ], [ 662927.740929515101016, 9192350.37470381706953, 0.0 ], [ 662940.620912231737748, 9192348.415077939629555, 0.0 ], [ 662950.268546061008237, 9192338.347225064411759, 0.0 ], [ 662959.380247866152786, 9192333.308205895125866, 0.0 ], [ 662970.982107261777855, 9192330.788665004074574, 0.0 ], [ 662974.536087433807552, 9192328.549175200983882, 0.0 ], [ 662978.386920688673854, 9192327.439443331211805, 0.0 ], [ 662981.314194883219898, 9192327.999252691864967, 0.0 ], [ 662985.799931979854591, 9192329.119043812155724, 0.0 ], [ 662991.299837492755614, 9192329.399046462029219, 0.0 ], [ 662999.98274430539459, 9192325.759770600125194, 0.0 ], [ 663006.125878497725353, 9192319.32106514275074, 0.0 ], [ 663011.592901403084397, 9192316.81155701726675, 0.0 ], [ 663017.381488324841484, 9192331.358613453805447, 0.0 ], [ 663033.139260463183746, 9192323.520232275128365, 0.0 ], [ 663049.565050044097006, 9192313.732143096625805, 0.0 ], [ 663075.654857694287784, 9192298.345290742814541, 0.0 ], [ 663080.816787252435461, 9192297.515454335138202, 0.0 ], [ 663086.283719023223966, 9192297.235551625490189, 0.0 ], [ 663091.783733932999894, 9192297.515431622043252, 0.0 ], [ 663095.972561507020146, 9192299.475084209814668, 0.0 ], [ 663101.439599800854921, 9192300.304899960756302, 0.0 ], [ 663112.357129250071011, 9192298.905249940231442, 0.0 ], [ 663116.554219832760282, 9192297.795476496219635, 0.0 ], [ 663122.062423761817627, 9192295.555868122726679, 0.0 ], [ 663124.940280333161354, 9192294.716046042740345, 0.0 ], [ 663130.74537998822052, 9192294.426071751862764, 0.0 ], [ 663136.8802734692581, 9192295.275920554995537, 0.0 ], [ 663147.806037528207526, 9192295.275909915566444, 0.0 ], [ 663157.156750620692037, 9192292.756407963111997, 0.0 ], [ 663169.401858856901526, 9192286.327737458050251, 0.0 ], [ 663181.935571966692805, 9192283.528291255235672, 0.0 ], [ 663188.367286887718365, 9192280.448957985267043, 0.0 ], [ 663189.422785644419491, 9192273.160483935847878, 0.0 ], [ 663189.035172064555809, 9192249.555278079584241, 0.0 ], [ 663190.857546856743284, 9192243.896411875262856, 0.0 ], [ 663191.591401278506964, 9192242.326681915670633, 0.0 ], [ 663193.067432725802064, 9192241.38695228472352, 0.0 ], [ 663195.557709592394531, 9192240.137131322175264, 0.0 ], [ 663201.362715248018503, 9192239.517272524535656, 0.0 ], [ 663203.564349467167631, 9192238.867437545210123, 0.0 ], [ 663205.007453166181222, 9192237.617624489590526, 0.0 ], [ 663205.007419077330269, 9192234.478336270898581, 0.0 ], [ 663200.645376856205985, 9192205.544251091778278, 0.0 ], [ 663195.557673926698044, 9192203.6545724645257, 0.0 ], [ 663177.103466884815134, 9192204.914315892383456, 0.0 ], [ 663155.045854194788262, 9192208.353673320263624, 0.0 ], [ 663151.063107018475421, 9192207.113922607153654, 0.0 ], [ 663140.178603334585205, 9192175.360309237614274, 0.0 ], [ 663142.000939474441111, 9192171.271199736744165, 0.0 ], [ 663143.056375512504019, 9192169.381598863750696, 0.0 ], [ 663144.878687807125971, 9192168.751699356362224, 0.0 ], [ 663148.135803764918819, 9192168.111784165725112, 0.0 ], [ 663152.506151744280942, 9192167.481928693130612, 0.0 ], [ 663154.658250713022426, 9192167.182038316503167, 0.0 ], [ 663161.568266040296294, 9192166.862112747505307, 0.0 ], [ 663165.542810529470444, 9192166.24218044616282, 0.0 ], [ 663166.268476302735507, 9192162.782911142334342, 0.0 ], [ 663164.446107044699602, 9192149.565575055778027, 0.0 ], [ 663161.180706511251628, 9192132.269068924710155, 0.0 ], [ 663161.568282643565908, 9192128.809803158044815, 0.0 ], [ 663168.758728877641261, 9192118.861864347010851, 0.0 ], [ 663173.623768074903637, 9192106.434387166053057, 0.0 ], [ 663173.335146302706562, 9192101.455358268693089, 0.0 ], [ 663171.59527372114826, 9192096.756338179111481, 0.0 ], [ 663168.758696756907739, 9192094.256804255768657, 0.0 ], [ 663165.880873090936802, 9192093.757004214450717, 0.0 ], [ 663161.601292754290625, 9192094.016878608614206, 0.0 ], [ 663155.301491606747732, 9192094.016871927306056, 0.0 ], [ 663153.305974863003939, 9192091.527405293658376, 0.0 ], [ 663153.305931940791197, 9192087.308254742994905, 0.0 ], [ 663154.740720286848955, 9192084.56877875328064, 0.0 ], [ 663155.590108887641691, 9192084.088927688077092, 0.0 ], [ 663157.874171305913478, 9192083.089153053238988, 0.0 ], [ 663158.723478210740723, 9192083.089130643755198, 0.0 ], [ 663167.323870896128938, 9192083.089106569066644, 0.0 ], [ 663171.892153537482955, 9192083.089154141023755, 0.0 ], [ 663172.741382520645857, 9192081.349518494680524, 0.0 ], [ 663172.18891748378519, 9192076.620392991229892, 0.0 ], [ 663171.595207030884922, 9192073.151187626644969, 0.0 ], [ 663172.741479729651473, 9192069.401910411193967, 0.0 ], [ 663177.903335907845758, 9192065.192801164463162, 0.0 ], [ 663194.213594317436218, 9192050.045846408233047, 0.0 ], [ 663196.497686309856363, 9192046.566531354561448, 0.0 ], [ 663197.091431071050465, 9192043.587190451100469, 0.0 ], [ 663195.648380437050946, 9192038.628206543624401, 0.0 ], [ 663193.364333988749422, 9192034.149047078564763, 0.0 ], [ 663192.770635252236389, 9192032.399439224973321, 0.0 ], [ 663193.652860719477758, 9192031.15964956395328, 0.0 ], [ 663195.062946048565209, 9192030.919696012511849, 0.0 ], [ 663198.229294840246439, 9192030.919697420671582, 0.0 ], [ 663203.358256878331304, 9192030.919780613854527, 0.0 ], [ 663209.369443147792481, 9192031.159701351076365, 0.0 ], [ 663215.669332849909551, 9192031.659543745219707, 0.0 ], [ 663220.79818489565514, 9192031.659625517204404, 0.0 ], [ 663225.663206704310142, 9192030.399903176352382, 0.0 ], [ 663226.631595675717108, 9192029.812818106263876, 0.0 ], [ 663233.414315983070992, 9192025.700798088684678, 0.0 ], [ 663235.706676191999577, 9192021.041731726378202, 0.0 ], [ 663234.725386221893132, 9192018.272364718839526, 0.0 ], [ 663230.874639492598362, 9192010.723864305764437, 0.0 ], [ 663228.936890973593108, 9192004.844999665394425, 0.0 ], [ 663230.536586283589713, 9191999.536087442189455, 0.0 ], [ 663233.752437630435452, 9191995.646978434175253, 0.0 ], [ 663241.165443155681714, 9191990.877874739468098, 0.0 ], [ 663249.930815330706537, 9191986.348832406103611, 0.0 ], [ 663249.13095892034471, 9191977.870578616857529, 0.0 ], [ 663250.359561201650649, 9191973.271512880921364, 0.0 ], [ 663253.18793738540262, 9191971.861775416880846, 0.0 ], [ 663258.869316210970283, 9191970.792006820440292, 0.0 ], [ 663264.154893138678744, 9191970.102070132270455, 0.0 ], [ 663267.840798006625846, 9191967.632653785869479, 0.0 ], [ 663269.877524258103222, 9191965.153171529993415, 0.0 ], [ 663270.677373479818925, 9191959.844229653477669, 0.0 ], [ 663271.097905840259045, 9191941.477982465177774, 0.0 ], [ 663270.256780302152038, 9191936.169011363759637, 0.0 ], [ 663271.097885646624491, 9191929.100525002926588, 0.0 ], [ 663271.905922278994694, 9191926.62098616361618, 0.0 ], [ 663278.807754828245379, 9191924.861356815323234, 0.0 ], [ 663288.166766896378249, 9191924.521419353783131, 0.0 ], [ 663294.260432631126605, 9191925.571202848106623, 0.0 ], [ 663302.432065404835157, 9191925.57123126834631, 0.0 ], [ 663307.692961523658596, 9191921.671968901529908, 0.0 ], [ 663312.170432881452143, 9191920.282244063913822, 0.0 ], [ 663316.664407419739291, 9191920.62223688326776, 0.0 ], [ 663332.925161760882474, 9191920.982178632169962, 0.0 ], [ 663345.533068964490667, 9191921.671939991414547, 0.0 ], [ 663349.606511196354404, 9191922.391844652593136, 0.0 ], [ 663354.521082754945382, 9191924.52137822471559, 0.0 ], [ 663360.194157544290647, 9191924.521424349397421, 0.0 ], [ 663378.359798828954808, 9191922.501823909580708, 0.0 ], [ 663387.083869511727244, 9191922.04186843149364, 0.0 ], [ 663392.757091678446159, 9191919.80233988724649, 0.0 ], [ 663396.352218181476928, 9191911.753968331962824, 0.0 ], [ 663396.639771669637412, 9191910.028400547802448, 0.0 ], [ 663402.528403443051502, 9191874.691510895267129, 0.0 ], [ 663402.577867872081697, 9191836.099451515823603, 0.0 ], [ 663402.157287669251673, 9191825.851470164954662, 0.0 ], [ 663395.020459140883759, 9191807.239844139665365, 0.0 ], [ 663394.447460940340534, 9191805.74556253105402, 0.0 ], [ 663390.811047840397805, 9191803.616035340353847, 0.0 ], [ 663384.66790707828477, 9191802.896193822845817, 0.0 ], [ 663379.415260297362693, 9191801.50648538582027, 0.0 ], [ 663378.565949545241892, 9191797.977187598124146, 0.0 ], [ 663378.565941610024311, 9191794.447862671688199, 0.0 ], [ 663381.443750556791201, 9191779.260922951623797, 0.0 ], [ 663383.480426029185764, 9191772.202433979138732, 0.0 ], [ 663388.345517859328538, 9191765.833655312657356, 0.0 ], [ 663388.345474622678012, 9191764.074024500325322, 0.0 ], [ 663385.896517891902477, 9191761.594572903588414, 0.0 ], [ 663379.794538458343595, 9191759.824922300875187, 0.0 ], [ 663364.762378323473968, 9191758.415164468809962, 0.0 ], [ 663361.934057730133645, 9191757.015495842322707, 0.0 ], [ 663361.505263059865683, 9191754.176083590835333, 0.0 ], [ 663361.50532242259942, 9191742.168527603149414, 0.0 ], [ 663356.846341462340206, 9191703.616389213129878, 0.0 ], [ 663354.133531957166269, 9191658.655527099967003, 0.0 ], [ 663355.576574699138291, 9191656.755907066166401, 0.0 ], [ 663358.116287782089785, 9191656.145975161343813, 0.0 ], [ 663360.039407718577422, 9191655.482311118394136, 0.0 ], [ 663363.533761850558221, 9191654.276417713612318, 0.0 ], [ 663365.694156837183982, 9191650.797163084149361, 0.0 ], [ 663367.178409924963489, 9191635.740207301452756, 0.0 ], [ 663371.837341822683811, 9191600.287436300888658, 0.0 ], [ 663372.934086580527946, 9191599.047598982229829, 0.0 ], [ 663374.756369780749083, 9191597.777951031923294, 0.0 ], [ 663377.254856543149799, 9191596.518133461475372, 0.0 ], [ 663380.899499850114807, 9191595.278433583676815, 0.0 ], [ 663383.43922904052306, 9191594.338624078780413, 0.0 ], [ 663384.8739875680767, 9191592.439029783010483, 0.0 ], [ 663385.212077138479799, 9191589.619544737040997, 0.0 ], [ 663385.599661374581046, 9191584.290609085932374, 0.0 ], [ 663385.599606554373167, 9191576.752240102738142, 0.0 ], [ 663385.212119177449495, 9191573.312878143042326, 0.0 ], [ 663387.37249377858825, 9191571.743206065148115, 0.0 ], [ 663389.194806874496862, 9191571.423262553289533, 0.0 ], [ 663392.072619194164872, 9191571.423309756442904, 0.0 ], [ 663395.337982037803158, 9191571.423298820853233, 0.0 ], [ 663399.312529520364478, 9191571.423277804628015, 0.0 ], [ 663401.860453346511349, 9191570.793410301208496, 0.0 ], [ 663404.738209999748506, 9191567.654054591432214, 0.0 ], [ 663406.560637575923465, 9191562.635014390572906, 0.0 ], [ 663406.766704434412532, 9191540.789563262835145, 0.0 ], [ 663405.158766876440495, 9191524.912719706073403, 0.0 ], [ 663398.10597304336261, 9191507.735601069405675, 0.0 ], [ 663396.607894733315334, 9191504.087021786719561, 0.0 ], [ 663394.999862177297473, 9191494.928891345858574, 0.0 ], [ 663395.799778214655817, 9191484.680876549333334, 0.0 ], [ 663397.40765314316377, 9191473.043245181441307, 0.0 ], [ 663397.898274641367607, 9191468.628853749483824, 0.0 ], [ 663399.444455194869079, 9191454.717006923630834, 0.0 ], [ 663397.82828569598496, 9191430.361957313492894, 0.0 ], [ 663397.770496113109402, 9191429.778013424947858, 0.0 ], [ 663394.026850510272197, 9191391.949762472882867, 0.0 ], [ 663385.805758651113138, 9191339.590505899861455, 0.0 ], [ 663386.275774121750146, 9191325.723238220438361, 0.0 ], [ 663388.089936657459475, 9191313.025853054597974, 0.0 ], [ 663387.628178522689268, 9191304.697543757036328, 0.0 ], [ 663387.166338286129758, 9191295.169496189802885, 0.0 ], [ 663378.821612916653976, 9191274.303756423294544, 0.0 ], [ 663375.894238540902734, 9191265.205590754747391, 0.0 ], [ 663375.176858514081687, 9191252.03825194761157, 0.0 ], [ 663373.016462584142573, 9191201.568536009639502, 0.0 ], [ 663370.856094175367616, 9191176.483645970001817, 0.0 ], [ 663373.527763805817813, 9191164.77605190500617, 0.0 ], [ 663373.82461068185512, 9191161.806637577712536, 0.0 ], [ 663373.527742332196794, 9191159.567158555611968, 0.0 ], [ 663372.678456951747648, 9191158.327306818217039, 0.0 ], [ 663367.813319373643026, 9191157.107632432132959, 0.0 ], [ 663362.098950992105529, 9191156.107829809188843, 0.0 ], [ 663358.413156561902724, 9191154.628159957006574, 0.0 ], [ 663357.266879189061001, 9191153.628370093181729, 0.0 ], [ 663356.978353255428374, 9191151.138830624520779, 0.0 ], [ 663357.522561943158507, 9191148.919255003333092, 0.0 ], [ 663359.262432900839485, 9191145.92983347736299, 0.0 ], [ 663360.40037818136625, 9191143.960328336805105, 0.0 ], [ 663360.961103542242199, 9191142.230590600520372, 0.0 ], [ 663360.400394894997589, 9191139.501202533021569, 0.0 ], [ 663355.83211135014426, 9191136.521804431453347, 0.0 ], [ 663352.698734850506298, 9191134.042286241427064, 0.0 ], [ 663351.799894673516974, 9191131.062871512025595, 0.0 ], [ 663349.944671113393269, 9191125.903983250260353, 0.0 ], [ 663350.579554447671399, 9191121.174932049587369, 0.0 ], [ 663350.579550019465387, 9191119.495253993198276, 0.0 ], [ 663353.795476873405278, 9191116.99573521129787, 0.0 ], [ 663358.916090292390436, 9191113.64640698954463, 0.0 ], [ 663360.532291158800945, 9191111.426954116672277, 0.0 ], [ 663360.532241593929939, 9191108.357552306726575, 0.0 ], [ 663358.289381004753523, 9191104.178397044539452, 0.0 ], [ 663356.038291402976029, 9191102.498714802786708, 0.0 ], [ 663350.282739194226451, 9191098.039611857384443, 0.0 ], [ 663344.18907443806529, 9191087.461837692186236, 0.0 ], [ 663335.50617397739552, 9191065.986118476837873, 0.0 ], [ 663336.775993185699917, 9191058.457727303728461, 0.0 ], [ 663338.721979694673792, 9191052.608890973031521, 0.0 ], [ 663338.722076299483888, 9191050.389335857704282, 0.0 ], [ 663329.198027527192608, 9191028.533759305253625, 0.0 ], [ 663315.477018409990706, 9190995.000592621043324, 0.0 ], [ 663314.042243186151609, 9190988.731926599517465, 0.0 ], [ 663314.421536725247279, 9190981.523402178660035, 0.0 ], [ 663323.772268892615102, 9190945.490650855004787, 0.0 ], [ 663325.256584358867258, 9190931.643491690978408, 0.0 ], [ 663321.661332453601062, 9190923.615113876760006, 0.0 ], [ 663321.455176896415651, 9190919.615926781669259, 0.0 ], [ 663321.455237832618877, 9190915.606772160157561, 0.0 ], [ 663322.255037052556872, 9190911.437624, 0.0 ], [ 663322.255108181852847, 9190899.410049805417657, 0.0 ], [ 663322.040727918501943, 9190894.891028888523579, 0.0 ], [ 663320.853236765484326, 9190890.691814547404647, 0.0 ], [ 663315.815073141013272, 9190884.963046936318278, 0.0 ], [ 663312.219925678567961, 9190879.21416081674397, 0.0 ], [ 663312.005470757139847, 9190876.954616237431765, 0.0 ], [ 663313.399027324980125, 9190862.537578759714961, 0.0 ], [ 663313.399056443944573, 9190802.839727619662881, 0.0 ], [ 663317.719852891401388, 9190793.461603002622724, 0.0 ], [ 663322.420043604332022, 9190789.392418518662453, 0.0 ], [ 663323.137390055111609, 9190782.513872614130378, 0.0 ], [ 663317.71985008532647, 9190733.693748794496059, 0.0 ], [ 663315.732652775011957, 9190710.468555247411132, 0.0 ], [ 663311.45304446760565, 9190690.95252195186913, 0.0 ], [ 663314.339115370530635, 9190684.753795048221946, 0.0 ], [ 663316.021232750616036, 9190676.36546198092401, 0.0 ], [ 663315.691421573166735, 9190668.107162080705166, 0.0 ], [ 663309.803885836270638, 9190653.890021443367004, 0.0 ], [ 663301.590944763389416, 9190571.276861174032092, 0.0 ], [ 663301.673480376368389, 9190550.86101933196187, 0.0 ], [ 663305.952989553450607, 9190543.842471811920404, 0.0 ], [ 663306.711651241988875, 9190540.093238987028599, 0.0 ], [ 663306.208675439003855, 9190535.044248262420297, 0.0 ], [ 663300.914865710423328, 9190521.207006243988872, 0.0 ], [ 663300.147967397933826, 9190513.528615839779377, 0.0 ], [ 663301.920806449488737, 9190511.339056327939034, 0.0 ], [ 663305.697464116965421, 9190510.449244923889637, 0.0 ], [ 663308.955247183330357, 9190510.257186705246568, 0.0 ], [ 663309.259622371639125, 9190510.239242669194937, 0.0 ], [ 663312.054980688379146, 9190509.359405899420381, 0.0 ], [ 663314.28963776875753, 9190504.510411202907562, 0.0 ], [ 663314.800796163966879, 9190482.724886586889625, 0.0 ], [ 663313.508513905107975, 9190475.113465208560228, 0.0 ], [ 663312.772312092129141, 9190470.777305142953992, 0.0 ], [ 663306.711708786664531, 9190447.95190280303359, 0.0 ], [ 663287.070085486280732, 9190389.443893326446414, 0.0 ], [ 663284.192269245279022, 9190379.725850608199835, 0.0 ], [ 663279.698239540448412, 9190371.107588309794664, 0.0 ], [ 663271.097887698560953, 9190362.509363945573568, 0.0 ], [ 663261.491479450138286, 9190353.341175841167569, 0.0 ], [ 663258.951709068962373, 9190349.751977056264877, 0.0 ], [ 663258.951770979212597, 9190342.523467361927032, 0.0 ], [ 663261.491467919200659, 9190327.536460524424911, 0.0 ], [ 663266.27404255408328, 9190321.977640429511666, 0.0 ], [ 663273.307689161039889, 9190320.317942779511213, 0.0 ], [ 663289.947825515992008, 9190314.76908328384161, 0.0 ], [ 663292.487599608488381, 9190310.040063733235002, 0.0 ], [ 663298.037047988735139, 9190294.073313489556313, 0.0 ], [ 663301.150002945680171, 9190281.120390558615327, 0.0 ], [ 663305.103680770494975, 9190264.669227562844753, 0.0 ], [ 663309.638942967518233, 9190253.481544418260455, 0.0 ], [ 663322.040716293267906, 9190232.635769998654723, 0.0 ], [ 663322.040696370066144, 9190228.236691100522876, 0.0 ], [ 663319.410255568567663, 9190214.47948575951159, 0.0 ], [ 663317.761103149969131, 9190200.442365489900112, 0.0 ], [ 663317.761126739438623, 9190196.593116048723459, 0.0 ], [ 663320.605928874691017, 9190193.063822781667113, 0.0 ], [ 663328.686850271071307, 9190186.055308178067207, 0.0 ], [ 663329.915517067303881, 9190182.205993946641684, 0.0 ], [ 663329.915473906323314, 9190178.336839158087969, 0.0 ], [ 663329.91544816759415, 9190174.137698084115982, 0.0 ], [ 663329.494927462888882, 9190168.178872326388955, 0.0 ], [ 663328.686881048139185, 9190156.591208985075355, 0.0 ], [ 663329.494943105266429, 9190152.022153494879603, 0.0 ], [ 663338.004687483888119, 9190134.485728563740849, 0.0 ], [ 663348.081062126671895, 9190116.589383902028203, 0.0 ], [ 663348.081055532675236, 9190109.580825081095099, 0.0 ], [ 663346.044332473771647, 9190089.234988598152995, 0.0 ], [ 663345.009956816094927, 9190083.683271516114473, 0.0 ], [ 663344.865177576895803, 9190082.906210098415613, 0.0 ], [ 663349.689045409322716, 9190051.412684001028538, 0.0 ], [ 663351.526379628106952, 9190041.691858010366559, 0.0 ], [ 663354.521059567807242, 9190025.847823590040207, 0.0 ], [ 663357.349417787860148, 9190022.358611445873976, 0.0 ], [ 663360.144780929083936, 9190020.249058363959193, 0.0 ], [ 663363.789433258585632, 9190017.809485729783773, 0.0 ], [ 663364.218158759409562, 9190014.660154517740011, 0.0 ], [ 663363.789438560022973, 9190006.951675726100802, 0.0 ], [ 663355.598061814205721, 9189956.403185868635774, 0.0 ], [ 663350.158959160093218, 9189922.838791867718101, 0.0 ], [ 663347.149279207456857, 9189844.57471844740212, 0.0 ], [ 663345.376472095493227, 9189793.245240101590753, 0.0 ], [ 663342.366724216379225, 9189756.352756822481751, 0.0 ], [ 663343.380880526732653, 9189683.117667201906443, 0.0 ], [ 663342.65529954910744, 9189680.948053618893027, 0.0 ], [ 663337.666576264542527, 9189680.948125140741467, 0.0 ], [ 663316.87055871472694, 9189681.877881491556764, 0.0 ], [ 663275.171340918634087, 9189683.207575164735317, 0.0 ], [ 663224.442902867798693, 9189684.947267189621925, 0.0 ], [ 663201.486389714642428, 9189683.557597577571869, 0.0 ], [ 663161.057051420444623, 9189679.468322655186057, 0.0 ], [ 663103.088799461373128, 9189667.15091634914279, 0.0 ], [ 663063.789075477048755, 9189657.652781678363681, 0.0 ], [ 663052.871538202627562, 9189665.481184020638466, 0.0 ], [ 663032.883620939916, 9189677.788695950061083, 0.0 ], [ 662998.119165594573133, 9189677.788674764335155, 0.0 ], [ 662967.931144550675526, 9189670.730200638994575, 0.0 ], [ 662964.542067755945027, 9189655.023335440084338, 0.0 ], [ 662963.148530782898888, 9189649.3944928701967, 0.0 ], [ 662966.232522300328128, 9189642.525868587195873, 0.0 ], [ 662967.93111231806688, 9189634.417495695874095, 0.0 ], [ 662966.826235530897975, 9189625.849237985908985, 0.0 ], [ 662963.764519919524901, 9189605.842854630202055, 0.0 ], [ 662963.099029888166115, 9189601.494295630604029, 0.0 ], [ 662960.180010756012052, 9189596.245351990684867, 0.0 ], [ 662958.398940880550072, 9189592.766009019687772, 0.0 ], [ 662958.398908603121527, 9189589.666641734540462, 0.0 ], [ 662959.759493811172433, 9189585.407518954947591, 0.0 ], [ 662956.626124515663832, 9189580.748477267101407, 0.0 ], [ 662959.586316599277779, 9189570.950419008731842, 0.0 ], [ 662957.04661450535059, 9189565.451633218675852, 0.0 ], [ 662955.77673371869605, 9189559.922685002908111, 0.0 ], [ 662957.046632646932267, 9189546.685459420084953, 0.0 ], [ 662965.308989081648178, 9189522.420369621366262, 0.0 ], [ 662968.780507391551509, 9189519.380914386361837, 0.0 ], [ 662978.007620106567629, 9189511.942478841170669, 0.0 ], [ 662983.721913334564306, 9189510.562716871500015, 0.0 ], [ 662992.916084173484705, 9189511.942440062761307, 0.0 ], [ 663006.925778035540134, 9189515.251846851781011, 0.0 ], [ 663011.032160949660465, 9189514.701892461627722, 0.0 ], [ 663013.275088063674048, 9189511.942494764924049, 0.0 ], [ 663014.841807905468158, 9189505.873740095645189, 0.0 ], [ 663017.727830881485716, 9189503.104264633730054, 0.0 ], [ 663020.564364724443294, 9189502.844348566606641, 0.0 ], [ 663025.346933383727446, 9189502.274474928155541, 0.0 ], [ 663036.775672657648101, 9189500.904771341010928, 0.0 ], [ 663043.759895388036966, 9189500.90468611009419, 0.0 ], [ 663049.144461574032903, 9189501.994481360539794, 0.0 ], [ 663061.554495701566339, 9189506.693550610914826, 0.0 ], [ 663067.260631994111463, 9189499.814960636198521, 0.0 ], [ 663100.079026616644114, 9189503.104253070428967, 0.0 ], [ 663116.389334274455905, 9189505.513747258111835, 0.0 ], [ 663134.464250167598948, 9189506.363596212118864, 0.0 ], [ 663146.527844413998537, 9189505.933741483837366, 0.0 ], [ 663150.551866098307073, 9189503.104222781956196, 0.0 ], [ 663154.320173387764953, 9189475.21993619762361, 0.0 ], [ 663152.885482271434739, 9189469.841042505577207, 0.0 ], [ 663152.036063357139938, 9189468.351381737738848, 0.0 ], [ 663146.107315337983891, 9189466.161740139126778, 0.0 ], [ 663146.107312584295869, 9189464.182155421003699, 0.0 ], [ 663146.701081598526798, 9189462.972389718517661, 0.0 ], [ 663149.240784724242985, 9189461.992648864164948, 0.0 ], [ 663154.575802995241247, 9189460.27295846119523, 0.0 ], [ 663153.174062089761719, 9189453.634391494095325, 0.0 ], [ 663153.174041509861127, 9189439.677218370139599, 0.0 ], [ 663157.412394037819467, 9189411.472896696999669, 0.0 ], [ 663150.090057324618101, 9189390.397247113287449, 0.0 ], [ 663147.500937782227993, 9189376.400051403790712, 0.0 ], [ 663141.489724329207093, 9189350.635255916044116, 0.0 ], [ 663141.951399487676099, 9189348.87565315887332, 0.0 ], [ 663145.307505244971253, 9189345.966277042403817, 0.0 ], [ 663145.513691965141334, 9189343.83672340027988, 0.0 ], [ 663144.161355881253257, 9189341.707103688269854, 0.0 ], [ 663138.81804248446133, 9189337.24798820540309, 0.0 ], [ 663138.323299709125422, 9189326.650141028687358, 0.0 ], [ 663133.656145730987191, 9189306.804193222895265, 0.0 ], [ 663128.329334604670294, 9189280.15965199843049, 0.0 ], [ 663129.76412786997389, 9189273.331050232052803, 0.0 ], [ 663146.87425385590177, 9189251.325549146160483, 0.0 ], [ 663159.952067794743925, 9189232.00947954505682, 0.0 ], [ 663189.851555432076566, 9189228.090285573154688, 0.0 ], [ 663209.625057525699958, 9189229.090085290372372, 0.0 ], [ 663248.537263568607159, 9189232.509345004335046, 0.0 ], [ 663306.159136356785893, 9189235.028893096372485, 0.0 ], [ 663311.543764791917056, 9189225.390781557187438, 0.0 ], [ 663355.955876237829216, 9189227.040489301085472, 0.0 ], [ 663356.260915072169155, 9189236.678536588326097, 0.0 ], [ 663368.698031802196056, 9189238.360845847055316, 0.0 ], [ 663399.056852670502849, 9189242.467325020581484, 0.0 ], [ 663431.545532314805314, 9189242.897277848795056, 0.0 ], [ 663462.401420593960211, 9189243.537068853154778, 0.0 ], [ 663481.457537873997353, 9189243.537115952000022, 0.0 ], [ 663493.479993661516346, 9189243.537144040688872, 0.0 ], [ 663504.496520790969953, 9189243.537060806527734, 0.0 ], [ 663509.279038850218058, 9189240.917656598612666, 0.0 ], [ 663513.047459571040235, 9189236.358614573255181, 0.0 ], [ 663518.003149231779389, 9189223.251278199255466, 0.0 ], [ 663513.873544098809361, 9189185.359669174998999, 0.0 ], [ 663509.155385262100026, 9189142.067722355946898, 0.0 ], [ 663509.889295575907454, 9189137.928634582087398, 0.0 ], [ 663508.001017608330585, 9189127.400730082765222, 0.0 ], [ 663500.868269426864572, 9189109.384378153830767, 0.0 ], [ 663497.495720276609063, 9189096.597027745097876, 0.0 ], [ 663495.978536562644877, 9189090.58829490095377, 0.0 ], [ 663500.86833960399963, 9189086.459044611081481, 0.0 ], [ 663508.00098478468135, 9189080.830262443050742, 0.0 ], [ 663527.164328789222054, 9189069.182635052129626, 0.0 ], [ 663539.227920389967039, 9189065.803240656852722, 0.0 ], [ 663550.104199829977006, 9189063.163819395005703, 0.0 ], [ 663561.755677035776898, 9189057.155064621940255, 0.0 ], [ 663571.526894079288468, 9189053.415755737572908, 0.0 ], [ 663581.331294468604028, 9189051.166251657530665, 0.0 ], [ 663585.066670313361101, 9189049.646526260301471, 0.0 ], [ 663591.836487224558368, 9189045.51746954023838, 0.0 ], [ 663598.23519691103138, 9189039.508690785616636, 0.0 ], [ 663603.858890239149332, 9189034.249696185812354, 0.0 ], [ 663606.893344483454712, 9189034.619644522666931, 0.0 ], [ 663610.999788000830449, 9189035.369451239705086, 0.0 ], [ 663616.656474137562327, 9189034.249667230993509, 0.0 ], [ 663621.175135670928285, 9189031.610217645764351, 0.0 ], [ 663624.539523570914753, 9189027.111216921359301, 0.0 ], [ 663626.501961066504009, 9189009.914677990600467, 0.0 ], [ 663628.167705678148195, 9188979.810818074271083, 0.0 ], [ 663629.495207269210368, 9188961.084546942263842, 0.0 ], [ 663630.492999861948192, 9188953.076195059344172, 0.0 ], [ 663630.163187332917005, 9188949.726879125460982, 0.0 ], [ 663628.497479395475239, 9188942.378453966230154, 0.0 ], [ 663625.834095876663923, 9188935.019944217056036, 0.0 ], [ 663621.801838353974745, 9188921.332731803879142, 0.0 ], [ 663619.806417541461997, 9188915.643845118582249, 0.0 ], [ 663618.470495831454173, 9188914.644032882526517, 0.0 ], [ 663614.108516675652936, 9188914.644067807123065, 0.0 ], [ 663608.781691142241471, 9188915.313898550346494, 0.0 ], [ 663606.415101821068674, 9188914.644049594178796, 0.0 ], [ 663603.083752959268168, 9188913.634241221472621, 0.0 ], [ 663599.051556463702582, 9188912.964365027844906, 0.0 ], [ 663595.390444511780515, 9188912.964405350387096, 0.0 ], [ 663592.726974308141507, 9188912.964356867596507, 0.0 ], [ 663590.022327004815452, 9188913.6342598721385, 0.0 ], [ 663587.358995186863467, 9188915.313891876488924, 0.0 ], [ 663581.990925611462444, 9188918.973199630156159, 0.0 ], [ 663574.998395369388163, 9188921.652667086571455, 0.0 ], [ 663573.629673663526773, 9188921.652653843164444, 0.0 ], [ 663571.634101419243962, 9188920.66287081129849, 0.0 ], [ 663569.638597778743133, 9188918.323282523080707, 0.0 ], [ 663567.97293477866333, 9188917.303546976298094, 0.0 ], [ 663560.609422828536481, 9188923.322256684303284, 0.0 ], [ 663553.583987677935511, 9188928.34126266464591, 0.0 ], [ 663549.551780615816824, 9188920.312922205775976, 0.0 ], [ 663543.557016558013856, 9188914.304158464074135, 0.0 ], [ 663538.188945754314773, 9188911.6446138843894, 0.0 ], [ 663533.159046922344714, 9188908.615260597318411, 0.0 ], [ 663526.166512871976011, 9188907.615435902029276, 0.0 ], [ 663514.440912192687392, 9188907.615447476506233, 0.0 ], [ 663507.2671203216305, 9188907.8954698741436, 0.0 ], [ 663500.42301064718049, 9188906.705718951299787, 0.0 ], [ 663494.535465581342578, 9188906.015861870720983, 0.0 ], [ 663491.468010626966134, 9188905.545937629416585, 0.0 ], [ 663486.76791166421026, 9188903.656289806589484, 0.0 ], [ 663481.144291000440717, 9188900.606885561719537, 0.0 ], [ 663476.18850075895898, 9188896.847640808671713, 0.0 ], [ 663474.564035909599625, 9188894.728106193244457, 0.0 ], [ 663473.85487291845493, 9188893.318383159115911, 0.0 ], [ 663474.077523638145067, 9188891.198833392933011, 0.0 ], [ 663477.375850099953823, 9188889.799104390665889, 0.0 ], [ 663479.000326465815306, 9188889.079250050708652, 0.0 ], [ 663481.58957513445057, 9188885.559950210154057, 0.0 ], [ 663483.032541466760449, 9188882.030721712857485, 0.0 ], [ 663483.255208038841374, 9188881.320802941918373, 0.0 ], [ 663485.844390272861347, 9188881.560740604996681, 0.0 ], [ 663490.544526042183861, 9188882.96049495972693, 0.0 ], [ 663491.946258020587265, 9188882.96051188185811, 0.0 ], [ 663493.133684947621077, 9188878.511393098160625, 0.0 ], [ 663499.499526004306972, 9188862.284758787602186, 0.0 ], [ 663507.003247052081861, 9188854.526308503001928, 0.0 ], [ 663516.180861190659925, 9188848.877495212480426, 0.0 ], [ 663534.156753751332872, 9188837.889648091048002, 0.0 ], [ 663558.721113784471527, 9188826.042126324027777, 0.0 ], [ 663573.563722305581905, 9188818.423641098663211, 0.0 ], [ 663587.952705888310447, 9188814.594419475644827, 0.0 ], [ 663604.040277320309542, 9188812.494887046515942, 0.0 ], [ 663620.581493620760739, 9188812.494862027466297, 0.0 ], [ 663634.525236955727451, 9188813.754578307271004, 0.0 ], [ 663643.034924888052046, 9188812.064911069348454, 0.0 ], [ 663645.549842662643641, 9188808.675672268494964, 0.0 ], [ 663651.915684688836336, 9188801.487040746957064, 0.0 ], [ 663651.915707655367441, 9188793.008789164945483, 0.0 ], [ 663651.915638503967784, 9188784.970446620136499, 0.0 ], [ 663653.169054183992557, 9188779.881476305425167, 0.0 ], [ 663660.384156344807707, 9188770.993323724716902, 0.0 ], [ 663668.860924054402858, 9188760.415456229820848, 0.0 ], [ 663676.925344560062513, 9188746.038349788635969, 0.0 ], [ 663682.84586182795465, 9188735.03056781180203, 0.0 ], [ 663683.769353384501301, 9188728.431978901848197, 0.0 ], [ 663683.431293443194591, 9188722.723128609359264, 0.0 ], [ 663681.773922336520627, 9188715.694600567221642, 0.0 ], [ 663681.435811580624431, 9188709.335839910432696, 0.0 ], [ 663685.138138577807695, 9188699.297925220802426, 0.0 ], [ 663693.829352960572578, 9188688.570050232112408, 0.0 ], [ 663694.159176196437329, 9188681.201537042856216, 0.0 ], [ 663696.195814578561112, 9188680.521669700741768, 0.0 ], [ 663706.222797504160553, 9188677.862222300842404, 0.0 ], [ 663708.452666918863542, 9188677.442751619964838, 0.0 ], [ 663711.590869795763865, 9188676.852410094812512, 0.0 ], [ 663715.285013793269172, 9188672.823288973420858, 0.0 ], [ 663715.285024128505029, 9188667.484334325417876, 0.0 ], [ 663720.653025866718963, 9188661.445537375286222, 0.0 ], [ 663727.348653444205411, 9188656.436654703691602, 0.0 ], [ 663738.076511250576004, 9188648.708187874406576, 0.0 ], [ 663755.499988929601386, 9188637.940357467159629, 0.0 ], [ 663767.596602620673366, 9188631.561695165932178, 0.0 ], [ 663773.962422038428485, 9188629.552088662981987, 0.0 ], [ 663777.656556060770527, 9188630.561898767948151, 0.0 ], [ 663785.061363823944703, 9188634.910946568474174, 0.0 ], [ 663799.491536719142459, 9188648.988177651539445, 0.0 ], [ 663802.154995469376445, 9188654.027150301262736, 0.0 ], [ 663802.814640763332136, 9188657.386434737592936, 0.0 ], [ 663802.814627991989255, 9188660.385844839736819, 0.0 ], [ 663801.816913232207298, 9188665.434829691424966, 0.0 ], [ 663800.819167806650512, 9188669.773855768144131, 0.0 ], [ 663800.819151825504377, 9188673.473161363974214, 0.0 ], [ 663801.816908265580423, 9188674.142994115129113, 0.0 ], [ 663805.519322241656482, 9188671.113640708848834, 0.0 ], [ 663813.253927182755433, 9188664.085002169013023, 0.0 ], [ 663825.309285270865075, 9188660.385838072746992, 0.0 ], [ 663836.375206062337384, 9188660.065899115055799, 0.0 ], [ 663848.323438293416984, 9188658.426185466349125, 0.0 ], [ 663854.893361818278208, 9188658.975278349593282, 0.0 ], [ 663857.055848282296211, 9188659.156011763960123, 0.0 ], [ 663865.259631838882342, 9188661.664832694455981, 0.0 ], [ 663869.15247435355559, 9188662.855312708765268, 0.0 ], [ 663872.846592989983037, 9188663.525176774710417, 0.0 ], [ 663872.846569725894369, 9188657.762984337285161, 0.0 ], [ 663872.846567232511006, 9188657.146493757143617, 0.0 ], [ 663873.184704760322347, 9188639.690003741532564, 0.0 ], [ 663874.215425887377933, 9188633.641213484108448, 0.0 ], [ 663875.55124271416571, 9188632.64141146838665, 0.0 ], [ 663876.219091900158674, 9188633.641216147691011, 0.0 ], [ 663877.369718421832658, 9188635.210689792409539, 0.0 ], [ 663879.913318601669744, 9188638.680202204734087, 0.0 ], [ 663881.950027317972854, 9188639.690072860568762, 0.0 ], [ 663895.044426009990275, 9188632.291571071371436, 0.0 ], [ 663906.811222032411024, 9188624.573113154619932, 0.0 ], [ 663916.011911842506379, 9188619.828626908361912, 0.0 ], [ 663917.242218730738387, 9188619.194198818877339, 0.0 ], [ 663921.942325948504731, 9188616.184753883630037, 0.0 ], [ 663921.942297753179446, 9188613.475408256053925, 0.0 ], [ 663920.903344750404358, 9188607.766552366316319, 0.0 ], [ 663920.151395024964586, 9188606.11004475876689, 0.0 ], [ 663919.237740769516677, 9188604.097310021519661, 0.0 ], [ 663918.9078508769162, 9188600.397989047691226, 0.0 ], [ 663919.23770850431174, 9188597.018729768693447, 0.0 ], [ 663919.237658926285803, 9188593.669425697997212, 0.0 ], [ 663921.274396036402322, 9188590.320123022422194, 0.0 ], [ 663923.607973516569473, 9188586.290842050686479, 0.0 ], [ 663931.334312439197674, 9188580.242104593664408, 0.0 ], [ 663932.291290525114164, 9188579.55677511356771, 0.0 ], [ 663934.33589233935345, 9188578.092555547133088, 0.0 ], [ 663935.36660901713185, 9188576.412886494770646, 0.0 ], [ 663935.589168484322727, 9188575.373087657615542, 0.0 ], [ 663934.962501548696309, 9188573.273484611883759, 0.0 ], [ 663932.628956218482926, 9188570.744048176333308, 0.0 ], [ 663930.113934998866171, 9188568.424551079049706, 0.0 ], [ 663928.233930156566203, 9188565.925018912181258, 0.0 ], [ 663928.637961700325832, 9188559.40632183663547, 0.0 ], [ 663930.55926266440656, 9188549.938259962946177, 0.0 ], [ 663931.375585901783779, 9188543.229649018496275, 0.0 ], [ 663932.002323203603737, 9188541.549990706145763, 0.0 ], [ 663934.962562371976674, 9188540.920134039595723, 0.0 ], [ 663939.811044136877172, 9188541.110097706317902, 0.0 ], [ 663949.244334250455722, 9188541.54994959756732, 0.0 ], [ 663953.680633630370721, 9188543.229648109525442, 0.0 ], [ 663958.710580404149368, 9188543.639516547322273, 0.0 ], [ 663962.305770731763914, 9188541.110128043219447, 0.0 ], [ 663967.929468375397846, 9188529.782356983050704, 0.0 ], [ 663970.328974671778269, 9188524.393536183983088, 0.0 ], [ 663971.813239901210181, 9188521.713996954262257, 0.0 ], [ 663972.398650950402953, 9188518.12477251701057, 0.0 ], [ 663972.398684998042881, 9188515.135423358529806, 0.0 ], [ 663972.398718823678792, 9188511.246128831058741, 0.0 ], [ 663972.695526354713365, 9188507.956883762031794, 0.0 ], [ 663973.289183519897051, 9188507.356981011107564, 0.0 ], [ 663976.876188327441923, 9188507.356930984184146, 0.0 ], [ 663979.877595987985842, 9188507.356940710917115, 0.0 ], [ 663981.980325942742638, 9188506.467170113697648, 0.0 ], [ 663981.980358999688178, 9188505.277379833161831, 0.0 ], [ 663980.463083135196939, 9188503.757652461528778, 0.0 ], [ 663979.283928444143385, 9188501.988097982481122, 0.0 ], [ 663979.580812187748961, 9188499.288605352863669, 0.0 ], [ 663978.987044909386896, 9188497.788930922746658, 0.0 ], [ 663977.173017958528362, 9188496.909039439633489, 0.0 ], [ 663976.175294701941311, 9188494.849481450393796, 0.0 ], [ 663975.99389670882374, 9188492.150025106966496, 0.0 ], [ 663975.13623559079133, 9188488.21082254126668, 0.0 ], [ 663975.136302481754683, 9188483.431866912171245, 0.0 ], [ 663975.655821412568912, 9188479.582652686163783, 0.0 ], [ 663975.02912006538827, 9188476.573262585327029, 0.0 ], [ 663970.807169136125594, 9188469.074728991836309, 0.0 ], [ 663968.960110374027863, 9188465.655459892004728, 0.0 ], [ 663968.036614091834053, 9188463.405891174450517, 0.0 ], [ 663967.929409556556493, 9188461.306336972862482, 0.0 ], [ 663968.589056443888694, 9188459.596710558980703, 0.0 ], [ 663970.032126417616382, 9188456.847196158021688, 0.0 ], [ 663971.739002115326002, 9188453.177952222526073, 0.0 ], [ 663969.628016744274646, 9188448.309006666764617, 0.0 ], [ 663964.631113617797382, 9188436.741279846057296, 0.0 ], [ 663962.264549410901964, 9188430.442646021023393, 0.0 ], [ 663961.563667042879388, 9188424.603838251903653, 0.0 ], [ 663961.563579381792806, 9188415.545664189383388, 0.0 ], [ 663961.819236932089552, 9188409.966770648956299, 0.0 ], [ 663962.594323842902668, 9188405.177727770060301, 0.0 ], [ 663964.746566014830023, 9188397.739247379824519, 0.0 ], [ 663969.001343941548839, 9188388.421144872903824, 0.0 ], [ 663974.0643400545232, 9188380.182886034250259, 0.0 ], [ 663977.766707461210899, 9188373.284234184771776, 0.0 ], [ 663977.766662892070599, 9188372.204476764425635, 0.0 ], [ 663977.76672774949111, 9188369.025141227990389, 0.0 ], [ 663976.76898538437672, 9188347.79944452829659, 0.0 ], [ 663974.179762093699537, 9188317.28563035838306, 0.0 ], [ 663973.915882652043365, 9188303.788429135456681, 0.0 ], [ 663974.179728648276068, 9188299.549252018332481, 0.0 ], [ 663973.693255074322224, 9188297.409706007689238, 0.0 ], [ 663971.549360802164301, 9188292.670698050409555, 0.0 ], [ 663969.661014529061504, 9188290.551057955250144, 0.0 ], [ 663966.816253229859285, 9188289.841235376894474, 0.0 ], [ 663962.561394592747092, 9188289.601318337023258, 0.0 ], [ 663958.784727665130049, 9188289.601335439831018, 0.0 ], [ 663955.46175289619714, 9188288.911453910171986, 0.0 ], [ 663951.907731207786128, 9188289.131351036950946, 0.0 ], [ 663948.832001044414937, 9188290.321157496422529, 0.0 ], [ 663943.398015405749902, 9188295.050215991213918, 0.0 ], [ 663937.254889263771474, 9188299.079404599964619, 0.0 ], [ 663932.266137301921844, 9188301.198936652392149, 0.0 ], [ 663925.90039754123427, 9188305.2181341573596, 0.0 ], [ 663923.04733315075282, 9188306.167893948033452, 0.0 ], [ 663919.237676155404188, 9188306.407877121120691, 0.0 ], [ 663916.425904767005704, 9188305.458082288503647, 0.0 ], [ 663912.616338607040234, 9188300.958920910954475, 0.0 ], [ 663906.588584564509802, 9188288.721473578363657, 0.0 ], [ 663901.888454750063829, 9188278.613487437367439, 0.0 ], [ 663900.519685493782163, 9188274.894273936748505, 0.0 ], [ 663898.52419586724136, 9188270.525123851373792, 0.0 ], [ 663895.159869259921834, 9188265.816144092008471, 0.0 ], [ 663888.051880894112401, 9188259.737354554235935, 0.0 ], [ 663873.918504120083526, 9188247.949740272015333, 0.0 ], [ 663866.489078160608187, 9188238.521713903173804, 0.0 ], [ 663864.782124395365827, 9188236.831979885697365, 0.0 ], [ 663863.784439442446455, 9188237.181969439610839, 0.0 ], [ 663859.75222841813229, 9188239.861428741365671, 0.0 ], [ 663854.351187951280735, 9188244.570462469011545, 0.0 ], [ 663850.986891882959753, 9188245.270329359918833, 0.0 ], [ 663848.950119934277609, 9188245.270327920094132, 0.0 ], [ 663847.614307656651363, 9188243.900615390390158, 0.0 ], [ 663845.915669873123989, 9188241.221112847328186, 0.0 ], [ 663841.883395821903832, 9188228.743719169870019, 0.0 ], [ 663839.187061391188763, 9188220.675259562209249, 0.0 ], [ 663837.48011449247133, 9188216.286242932081223, 0.0 ], [ 663835.484615860041231, 9188214.94647154584527, 0.0 ], [ 663823.346745938179083, 9188207.527998525649309, 0.0 ], [ 663809.510264634271152, 9188198.769763462245464, 0.0 ], [ 663797.710496913292445, 9188192.361028453335166, 0.0 ], [ 663792.977362521458417, 9188191.35123754106462, 0.0 ], [ 663789.274990598438308, 9188190.011585745960474, 0.0 ], [ 663788.27718821214512, 9188188.991751695051789, 0.0 ], [ 663787.947386940242723, 9188187.651994246989489, 0.0 ], [ 663801.223132531391457, 9188162.067218305543065, 0.0 ], [ 663814.878344258992001, 9188133.253077624365687, 0.0 ], [ 663815.653458043816499, 9188128.104193162173033, 0.0 ], [ 663814.581424609059468, 9188124.104989469051361, 0.0 ], [ 663797.529040374327451, 9188106.268602242693305, 0.0 ], [ 663793.232933981809765, 9188099.599922277033329, 0.0 ], [ 663793.529799393727444, 9188096.660571992397308, 0.0 ], [ 663794.601761992555112, 9188075.094950450584292, 0.0 ], [ 663793.793635845999233, 9187985.043312702327967, 0.0 ], [ 663794.379102448234335, 9187973.035768708214164, 0.0 ], [ 663794.379119516699575, 9187961.937959667295218, 0.0 ], [ 663792.573332369676791, 9187959.23857519775629, 0.0 ], [ 663790.792228133766912, 9187958.658590864390135, 0.0 ], [ 663784.467588280094787, 9187957.438874086365104, 0.0 ], [ 663768.858289291616529, 9187952.949804676696658, 0.0 ], [ 663758.715841745608486, 9187947.230947179719806, 0.0 ], [ 663757.685109037905931, 9187946.801085578277707, 0.0 ], [ 663755.978241549106315, 9187946.801096484065056, 0.0 ], [ 663754.947562419227324, 9187947.02103503420949, 0.0 ], [ 663753.875541211571544, 9187949.960407707840204, 0.0 ], [ 663752.391339935478754, 9187954.389514992013574, 0.0 ], [ 663750.502953025279567, 9187955.019358024001122, 0.0 ], [ 663749.249598699621856, 9187954.609475083649158, 0.0 ], [ 663747.138709021150135, 9187951.860009046271443, 0.0 ], [ 663744.178448609658517, 9187944.701435981318355, 0.0 ], [ 663739.51951666502282, 9187936.483105435967445, 0.0 ], [ 663736.559309629024938, 9187930.774307835847139, 0.0 ], [ 663736.155252404161729, 9187929.114651372656226, 0.0 ], [ 663737.408636171137914, 9187926.365217598155141, 0.0 ], [ 663739.964770094724372, 9187923.405782215297222, 0.0 ], [ 663742.0675479543861, 9187919.836530838161707, 0.0 ], [ 663741.853079726686701, 9187917.71698522567749, 0.0 ], [ 663739.519504003110342, 9187914.96748230420053, 0.0 ], [ 663735.520334992324933, 9187911.178349558264017, 0.0 ], [ 663717.36293989024125, 9187889.622641175985336, 0.0 ], [ 663707.484438474406488, 9187875.515547797083855, 0.0 ], [ 663694.868287306046113, 9187862.628204140812159, 0.0 ], [ 663687.059467410319485, 9187853.929960852488875, 0.0 ], [ 663680.76786378363613, 9187847.341310948133469, 0.0 ], [ 663679.250682381796651, 9187845.541687808930874, 0.0 ], [ 663676.851144154672511, 9187843.442091155797243, 0.0 ], [ 663674.591767749865539, 9187834.253944754600525, 0.0 ], [ 663670.600744636263698, 9187821.446537651121616, 0.0 ], [ 663666.857207945198752, 9187808.359193842858076, 0.0 ], [ 663664.193716891342774, 9187799.560982218012214, 0.0 ], [ 663663.641301789088175, 9187797.441449476405978, 0.0 ], [ 663662.86621825711336, 9187796.361714592203498, 0.0 ], [ 663660.722288791323081, 9187795.301881009712815, 0.0 ], [ 663658.866912139696069, 9187794.761949956417084, 0.0 ], [ 663656.467418730841018, 9187793.442312031984329, 0.0 ], [ 663655.65106659848243, 9187792.102506063878536, 0.0 ], [ 663655.13157539779786, 9187786.753658454865217, 0.0 ], [ 663653.243219795404002, 9187783.55425620265305, 0.0 ], [ 663651.915651897783391, 9187781.434745106846094, 0.0 ], [ 663650.027334529906511, 9187773.976254494860768, 0.0 ], [ 663646.844469262403436, 9187765.168039448559284, 0.0 ], [ 663646.036384045262821, 9187761.68870934471488, 0.0 ], [ 663644.444908985868096, 9187758.489430474117398, 0.0 ], [ 663643.554429974872619, 9187754.70018082857132, 0.0 ], [ 663648.064868858433329, 9187726.695855233818293, 0.0 ], [ 663647.809302763896994, 9187723.86648740619421, 0.0 ], [ 663647.33100230328273, 9187721.956821825355291, 0.0 ], [ 663645.665382809937, 9187721.006986118853092, 0.0 ], [ 663643.554442179156467, 9187721.007004914805293, 0.0 ], [ 663639.744838663260452, 9187722.916594525799155, 0.0 ], [ 663632.158693020814098, 9187727.885641386732459, 0.0 ], [ 663627.384312059148215, 9187730.745033692568541, 0.0 ], [ 663624.316853592405096, 9187731.454857559874654, 0.0 ], [ 663623.352084803744219, 9187730.505135018378496, 0.0 ], [ 663623.12948312330991, 9187728.595508011057973, 0.0 ], [ 663623.615987145341933, 9187724.576329061761498, 0.0 ], [ 663623.838629861129448, 9187721.726911313831806, 0.0 ], [ 663623.352071315748617, 9187720.057243430987, 0.0 ], [ 663621.686452472698875, 9187719.10740702226758, 0.0 ], [ 663612.220161325181834, 9187714.848234407603741, 0.0 ], [ 663600.346118789166212, 9187708.439614962786436, 0.0 ], [ 663596.5365551461, 9187703.920538004487753, 0.0 ], [ 663596.759210367687047, 9187698.471588833257556, 0.0 ], [ 663598.71348940639291, 9187669.407473124563694, 0.0 ], [ 663597.905446756747551, 9187662.069043006747961, 0.0 ], [ 663596.75919720903039, 9187658.289818277582526, 0.0 ], [ 663594.829714600229636, 9187657.140031332150102, 0.0 ], [ 663589.131788048776798, 9187653.720671067014337, 0.0 ], [ 663585.734534551622346, 9187651.821104846894741, 0.0 ], [ 663585.734508089954033, 9187650.311392625793815, 0.0 ], [ 663585.043560338905081, 9187644.168838674202561, 0.0 ], [ 663581.512668526382186, 9187612.77906296774745, 0.0 ], [ 663572.227827606489882, 9187566.648437170311809, 0.0 ], [ 663568.525480781798251, 9187551.45154046267271, 0.0 ], [ 663550.623705159756355, 9187552.811248501762748, 0.0 ], [ 663546.550280354102142, 9187552.461339790374041, 0.0 ], [ 663543.515799061860889, 9187551.121572116389871, 0.0 ], [ 663543.18596002808772, 9187550.101849216967821, 0.0 ], [ 663540.489581579226069, 9187526.146687854081392, 0.0 ], [ 663539.821643711416982, 9187522.077474109828472, 0.0 ], [ 663538.782715502427891, 9187520.067924523726106, 0.0 ], [ 663536.416091093560681, 9187519.368006506934762, 0.0 ], [ 663528.318757034721784, 9187515.678789544850588, 0.0 ], [ 663509.039983712369576, 9187507.910344278439879, 0.0 ], [ 663496.316647547879256, 9187502.331478729844093, 0.0 ], [ 663480.443299267673865, 9187493.893225818872452, 0.0 ], [ 663471.78516619943548, 9187490.083990674465895, 0.0 ], [ 663469.89693596737925, 9187489.654085738584399, 0.0 ], [ 663464.833922538207844, 9187489.024234559386969, 0.0 ], [ 663461.024407334858552, 9187488.184438791126013, 0.0 ], [ 663457.429167529568076, 9187486.904689140617847, 0.0 ], [ 663456.175876110093668, 9187485.87485976330936, 0.0 ], [ 663454.468924424611032, 9187482.905535783618689, 0.0 ], [ 663453.619640598422848, 9187479.316199008375406, 0.0 ], [ 663452.143650070414878, 9187473.607353886589408, 0.0 ], [ 663450.255261008394882, 9187455.031162478029728, 0.0 ], [ 663448.993666126276366, 9187435.195211164653301, 0.0 ], [ 663449.25751878763549, 9187405.441231826320291, 0.0 ], [ 663449.643259401549585, 9187384.007573949173093, 0.0 ], [ 663449.661646985914558, 9187382.985865719616413, 0.0 ], [ 663414.913669727393426, 9187379.386524619534612, 0.0 ], [ 663366.403343327576295, 9187372.827933117747307, 0.0 ], [ 663316.252112052636221, 9187364.299664543941617, 0.0 ], [ 663248.521758844843134, 9187353.93062050268054, 0.0 ], [ 663247.745646963012405, 9187353.811802644282579, 0.0 ], [ 663232.474329558666795, 9187350.992328407242894, 0.0 ], [ 663232.012573440675624, 9187326.607254670932889, 0.0 ], [ 663231.946578909642994, 9187316.4193608853966, 0.0 ], [ 663229.324424708727747, 9187315.229607988148928, 0.0 ], [ 663223.849171760026366, 9187315.229664532467723, 0.0 ], [ 663209.163322941982187, 9187312.940056875348091, 0.0 ], [ 663205.757763406843878, 9187312.090285457670689, 0.0 ], [ 663205.131127222557552, 9187311.660297995433211, 0.0 ], [ 663202.682085846317932, 9187264.030018405988812, 0.0 ], [ 663201.313243097858503, 9187254.951838282868266, 0.0 ], [ 663202.393460183404386, 9187236.505633046850562, 0.0 ], [ 663202.945989517960697, 9187228.73718330077827, 0.0 ], [ 663199.721839797799475, 9187221.538665851578116, 0.0 ], [ 663195.178372117923573, 9187212.970372503623366, 0.0 ], [ 663194.106395778246224, 9187211.110771771520376, 0.0 ], [ 663190.88228287093807, 9187208.971198501065373, 0.0 ], [ 663185.819290104787797, 9187206.831725662574172, 0.0 ], [ 663176.715885960613377, 9187204.432116372510791, 0.0 ], [ 663166.540527154458687, 9187201.48278684169054, 0.0 ], [ 663150.485839722678065, 9187196.923724019899964, 0.0 ], [ 663124.882542276289314, 9187189.375209169462323, 0.0 ], [ 663113.709392431075685, 9187185.096058622002602, 0.0 ], [ 663110.864637124235742, 9187183.426432693377137, 0.0 ], [ 663108.234188862028532, 9187181.526856085285544, 0.0 ], [ 663104.424641807214357, 9187177.957574162632227, 0.0 ], [ 663102.280701749259606, 9187169.389318455010653, 0.0 ], [ 663098.471150758559816, 9187165.350159697234631, 0.0 ], [ 663093.474145227926783, 9187158.68144323118031, 0.0 ], [ 663090.62932693422772, 9187151.572903463616967, 0.0 ], [ 663086.671270722290501, 9187143.414602898061275, 0.0 ], [ 663085.335531078861095, 9187141.01510963961482, 0.0 ], [ 663084.007846094784327, 9187140.755082160234451, 0.0 ], [ 663077.312312710331753, 9187140.21518499776721, 0.0 ], [ 663075.160121098160744, 9187139.415347216650844, 0.0 ], [ 663071.127841725363396, 9187137.535766927525401, 0.0 ], [ 663070.352723136311397, 9187124.428446974605322, 0.0 ], [ 663070.055874086450785, 9187120.689213264733553, 0.0 ], [ 663069.280779768712819, 9187119.599410351365805, 0.0 ], [ 663047.305635099299252, 9187094.994393590837717, 0.0 ], [ 663033.914377033826895, 9187077.857951555401087, 0.0 ], [ 663022.114618670195341, 9187064.210749085992575, 0.0 ], [ 663011.683633251697756, 9187053.772856175899506, 0.0 ], [ 663002.72862809302751, 9187041.895249675959349, 0.0 ], [ 662995.810336645459756, 9187031.187439175322652, 0.0 ], [ 662992.223369968822226, 9187025.238620068877935, 0.0 ], [ 662991.035953546175733, 9187021.179416228085756, 0.0 ], [ 662990.813412757473998, 9187015.700543640181422, 0.0 ], [ 662990.335082484758459, 9187009.991723595187068, 0.0 ], [ 662990.33511630166322, 9187005.952599421143532, 0.0 ], [ 662990.335104747326113, 9187003.573027338832617, 0.0 ], [ 662990.335112372296862, 9187001.433535639196634, 0.0 ], [ 662988.413831373210996, 9186998.574058713391423, 0.0 ], [ 662985.305113326641731, 9186996.434538118541241, 0.0 ], [ 662970.545072834938765, 9186984.536932002753019, 0.0 ], [ 662961.260272339917719, 9186976.428600056096911, 0.0 ], [ 662954.119353326503187, 9186970.719750205054879, 0.0 ], [ 662951.010693044052459, 9186967.860318411141634, 0.0 ], [ 662950.771210260572843, 9186967.4654127266258, 0.0 ], [ 662950.598414522828534, 9186967.180473575368524, 0.0 ], [ 662922.405843565356918, 9186971.769514864310622, 0.0 ], [ 662864.79208765050862, 9186972.159414509311318, 0.0 ], [ 662828.658845190540887, 9186968.490202842280269, 0.0 ], [ 662756.334533030283637, 9186968.220271587371826, 0.0 ], [ 662730.426143564749509, 9186962.301400706171989, 0.0 ], [ 662713.241725968196988, 9186960.051860444247723, 0.0 ], [ 662685.634672333719209, 9186957.512402066960931, 0.0 ], [ 662681.26125906559173, 9186957.387637929990888, 0.0 ], [ 662656.897905312944204, 9186956.692596472799778, 0.0 ], [ 662652.42040497250855, 9186959.841981660574675, 0.0 ], [ 662587.789465120527893, 9186937.366552028805017, 0.0 ], [ 662582.165784428711049, 9186858.772498458623886, 0.0 ], [ 662579.354030651738867, 9186822.26989951916039, 0.0 ], [ 662576.550347240408882, 9186715.571666907519102, 0.0 ], [ 662570.926675574155524, 9186662.24252986907959, 0.0 ], [ 662582.165840207715519, 9186625.72994564473629, 0.0 ], [ 662593.413164818892255, 9186586.437994543462992, 0.0 ], [ 662691.744879259145819, 9186563.982511300593615, 0.0 ], [ 662743.961198118980974, 9186564.468458788469434, 0.0 ], [ 662841.093591540120542, 9186565.372267980128527, 0.0 ], [ 662881.234282981255092, 9186561.153091972693801, 0.0 ], [ 662898.10528073029127, 9186558.253740929067135, 0.0 ], [ 662920.303128650761209, 9186553.434632895514369, 0.0 ], [ 662974.948358009685762, 9186547.155973693355918, 0.0 ], [ 662986.970812141313218, 9186546.726036356762052, 0.0 ], [ 663001.39282051497139, 9186547.155937161296606, 0.0 ], [ 663011.345489892875776, 9186548.975605189800262, 0.0 ], [ 663016.787737342296168, 9186547.465843871235847, 0.0 ], [ 663021.636283023050055, 9186545.366300443187356, 0.0 ], [ 663031.283985277405009, 9186536.608056537806988, 0.0 ], [ 663033.691778667853214, 9186534.178621780127287, 0.0 ], [ 663033.691804647445679, 9186531.779032755643129, 0.0 ], [ 663034.912150522577576, 9186526.050227111205459, 0.0 ], [ 663050.307088598608971, 9186510.35346151329577, 0.0 ], [ 663082.181636129273102, 9186482.840123703703284, 0.0 ], [ 663085.970429612440057, 9186479.569725051522255, 0.0 ], [ 663122.590247794752941, 9186455.134700957685709, 0.0 ], [ 663137.094662902643904, 9186442.787150653079152, 0.0 ], [ 663140.310466113965958, 9186439.01795207336545, 0.0 ], [ 663146.231034944648854, 9186404.155065150931478, 0.0 ], [ 663150.964097588672303, 9186372.361524134874344, 0.0 ], [ 663158.072068052832037, 9186347.236608453094959, 0.0 ], [ 663168.280415779910982, 9186323.141496952623129, 0.0 ], [ 663178.11773867579177, 9186303.435521991923451, 0.0 ], [ 663184.928833534708247, 9186292.577747015282512, 0.0 ], [ 663185.07724871346727, 9186282.569838607683778, 0.0 ], [ 663181.490254992735572, 9186259.444485073909163, 0.0 ], [ 663176.897329281666316, 9186244.547571452334523, 0.0 ], [ 663176.897293074522167, 9186236.889096517115831, 0.0 ], [ 663176.897344458615407, 9186227.721021208912134, 0.0 ], [ 663177.680666614789516, 9186222.352058194577694, 0.0 ], [ 663180.748158743721433, 9186218.542869189754128, 0.0 ], [ 663187.625158866401762, 9186217.773018520325422, 0.0 ], [ 663203.316998132504523, 9186220.062558636069298, 0.0 ], [ 663223.214197643101215, 9186221.202254962176085, 0.0 ], [ 663236.201441215816885, 9186221.592247189953923, 0.0 ], [ 663238.535053059342317, 9186220.842391265556216, 0.0 ], [ 663239.277121710823849, 9186219.692614182829857, 0.0 ], [ 663240.423313582781702, 9186216.623176638036966, 0.0 ], [ 663248.190910895471461, 9186160.1747424621135, 0.0 ], [ 663251.109891381813213, 9186134.199979424476624, 0.0 ], [ 663252.478688830859028, 9186125.001828057691455, 0.0 ], [ 663259.289798402111046, 9186119.902876505628228, 0.0 ], [ 663263.396234297775663, 9186112.41438552737236, 0.0 ], [ 663265.762783823534846, 9186101.866555608808994, 0.0 ], [ 663266.463685131398961, 9186087.23954451829195, 0.0 ], [ 663266.092600997537374, 9186083.160393662750721, 0.0 ], [ 663265.432916216785088, 9186079.411189038306475, 0.0 ], [ 663265.762776001123711, 9186076.001857034862041, 0.0 ], [ 663271.196765840169974, 9186050.157110391184688, 0.0 ], [ 663280.077602981938981, 9186013.644508376717567, 0.0 ], [ 663306.126212813775055, 9185939.379625976085663, 0.0 ], [ 663311.857060341280885, 9185919.083832278847694, 0.0 ], [ 663312.632161472109146, 9185914.874598624184728, 0.0 ], [ 663311.857094073202461, 9185910.655456375330687, 0.0 ], [ 663308.789642599294893, 9185899.557749893516302, 0.0 ], [ 663299.983004970243201, 9185877.082331202924252, 0.0 ], [ 663299.504817916546017, 9185864.494873989373446, 0.0 ], [ 663300.94782043073792, 9185826.692566279321909, 0.0 ], [ 663301.904278825270012, 9185816.504707418382168, 0.0 ], [ 663302.390854872995988, 9185813.115313457325101, 0.0 ], [ 663303.388609563931823, 9185808.766226138919592, 0.0 ], [ 663304.34510968439281, 9185803.427314944565296, 0.0 ], [ 663302.90213134617079, 9185794.709116209298372, 0.0 ], [ 663301.904346489347517, 9185779.672142922878265, 0.0 ], [ 663300.947833433747292, 9185767.564661139622331, 0.0 ], [ 663299.983050763257779, 9185760.296091556549072, 0.0 ], [ 663298.020514269708656, 9185757.876566004008055, 0.0 ], [ 663294.177979686181061, 9185752.057786770164967, 0.0 ], [ 663291.250722914352082, 9185744.789299642667174, 0.0 ], [ 663289.807628826703876, 9185738.970429122447968, 0.0 ], [ 663290.772474992321804, 9185733.151660436764359, 0.0 ], [ 663298.020534206880257, 9185720.064325394108891, 0.0 ], [ 663299.018326902762055, 9185711.825949428603053, 0.0 ], [ 663293.658502001781017, 9185684.211611591279507, 0.0 ], [ 663318.033149648807012, 9185672.793918181210756, 0.0 ], [ 663333.205512418760918, 9185667.215071998536587, 0.0 ], [ 663339.975418640766293, 9185662.366042735055089, 0.0 ], [ 663343.38091055827681, 9185649.758644264191389, 0.0 ], [ 663346.778222904773429, 9185632.782042490318418, 0.0 ], [ 663346.778225225396454, 9185629.882603488862514, 0.0 ], [ 663341.451427052496001, 9185625.983419984579086, 0.0 ], [ 663333.205585418501869, 9185623.56391472555697, 0.0 ], [ 663322.98895096743945, 9185620.664579758420587, 0.0 ], [ 663310.859340582508594, 9185617.275269854813814, 0.0 ], [ 663307.494957912596874, 9185615.825466092675924, 0.0 ], [ 663296.470282422145829, 9185541.830576287582517, 0.0 ], [ 663292.87514163448941, 9185514.866057839244604, 0.0 ], [ 663292.174266763380729, 9185508.747366340830922, 0.0 ], [ 663292.174250918324105, 9185504.308247432112694, 0.0 ], [ 663293.881098724203184, 9185502.928461447358131, 0.0 ], [ 663300.725219827145338, 9185502.928468080237508, 0.0 ], [ 663312.673373322468251, 9185504.638141060248017, 0.0 ], [ 663317.777595228631981, 9185504.638156874105334, 0.0 ], [ 663319.47625071729999, 9185503.618352508172393, 0.0 ], [ 663319.146372747723944, 9185494.750163465738297, 0.0 ], [ 663307.198196332668886, 9185462.696742346510291, 0.0 ], [ 663301.681733889388852, 9185430.623237673193216, 0.0 ], [ 663300.906562124378979, 9185419.50544723123312, 0.0 ], [ 663300.164459025138058, 9185416.80608232691884, 0.0 ], [ 663299.018325847573578, 9185414.516447367146611, 0.0 ], [ 663294.763396946364082, 9185412.976813603192568, 0.0 ], [ 663278.634577998076566, 9185412.976811738684773, 0.0 ], [ 663259.067140428116545, 9185409.907391604036093, 0.0 ], [ 663230.247933740611188, 9185401.07922668941319, 0.0 ], [ 663199.540456998394802, 9185388.411801630631089, 0.0 ], [ 663168.428818873362616, 9185374.974586445838213, 0.0 ], [ 663151.153769713593647, 9185365.006526924669743, 0.0 ], [ 663137.317243937868625, 9185356.178389605134726, 0.0 ], [ 663121.295655640540645, 9185344.800635240972042, 0.0 ], [ 663119.013483779737726, 9185341.931390676647425, 0.0 ], [ 663116.158495064708404, 9185338.341975608840585, 0.0 ], [ 663116.158445418346673, 9185331.853271305561066, 0.0 ], [ 663125.740123281022534, 9185308.968006303533912, 0.0 ], [ 663137.02041029650718, 9185287.122479921206832, 0.0 ], [ 663151.706303576822393, 9185260.847793929278851, 0.0 ], [ 663155.779717539204285, 9185255.348948270082474, 0.0 ], [ 663160.100538773695007, 9185248.450268032029271, 0.0 ], [ 663160.100595899741165, 9185244.131135910749435, 0.0 ], [ 663159.251197074889205, 9185240.231943115592003, 0.0 ], [ 663159.2512172088027, 9185237.202568029984832, 0.0 ], [ 663159.663492037332617, 9185233.313354441896081, 0.0 ], [ 663161.840439443360083, 9185229.874133070930839, 0.0 ], [ 663162.285714524216019, 9185225.115056401118636, 0.0 ], [ 663161.082705804728903, 9185220.692733500152826, 0.0 ], [ 663160.991100592538714, 9185220.35598791949451, 0.0 ], [ 663160.679193465970457, 9185220.080439506098628, 0.0 ], [ 663153.182266516960226, 9185213.457420634105802, 0.0 ], [ 663142.825494573451579, 9185202.209669470787048, 0.0 ], [ 663137.201837171334773, 9185195.291151504963636, 0.0 ], [ 663131.990514616132714, 9185183.633461030200124, 0.0 ], [ 663129.846500887535512, 9185173.705458914861083, 0.0 ], [ 663123.365328906220384, 9185158.998488336801529, 0.0 ], [ 663116.859321612631902, 9185153.399628980085254, 0.0 ], [ 663109.091704547405243, 9185149.510390684008598, 0.0 ], [ 663103.905078419717029, 9185146.481037775054574, 0.0 ], [ 663103.022788452799432, 9185144.751416873186827, 0.0 ], [ 663103.614855255698785, 9185142.500630686059594, 0.0 ], [ 663108.869160341448151, 9185122.525984304025769, 0.0 ], [ 663115.812103483942337, 9185103.899680474773049, 0.0 ], [ 663126.399780407431535, 9185084.183768367394805, 0.0 ], [ 663131.875029198825359, 9185075.785489795729518, 0.0 ], [ 663151.227996109286323, 9185049.860715804621577, 0.0 ], [ 663140.162134496145882, 9185040.372629433870316, 0.0 ], [ 663138.199629959068261, 9185037.453258313238621, 0.0 ], [ 663136.756609705276787, 9185037.45327959023416, 0.0 ], [ 663130.432049928233027, 9185041.342488942667842, 0.0 ], [ 663125.550494574359618, 9185042.792163833975792, 0.0 ], [ 663118.26109264860861, 9185043.292027676478028, 0.0 ], [ 663102.684730742243119, 9185043.292044324800372, 0.0 ], [ 663079.786077314405702, 9185038.922951254993677, 0.0 ], [ 663072.018419899861328, 9185036.483484830707312, 0.0 ], [ 663068.612905048881657, 9185035.033699380233884, 0.0 ], [ 663066.65868527686689, 9185032.114298896864057, 0.0 ], [ 663065.693922958686016, 9185026.745477477088571, 0.0 ], [ 663065.215620928560384, 9185018.48711103759706, 0.0 ], [ 663061.331822597654536, 9185010.218779776245356, 0.0 ], [ 663055.96380494069308, 9185004.879898205399513, 0.0 ], [ 663053.044710995745845, 9185002.930316045880318, 0.0 ], [ 663048.674471095670015, 9185001.460609203204513, 0.0 ], [ 663043.79287041304633, 9185001.460613707080483, 0.0 ], [ 663036.503589128958993, 9185001.46062058582902, 0.0 ], [ 663034.541026231949218, 9185000.990711487829685, 0.0 ], [ 663033.584597588866018, 9184999.041049586609006, 0.0 ], [ 663034.062837324803695, 9184998.071293203160167, 0.0 ], [ 663036.503590867505409, 9184996.121672719717026, 0.0 ], [ 663040.865599853103049, 9184993.702122503891587, 0.0 ], [ 663041.352191722369753, 9184991.252596404403448, 0.0 ], [ 663041.352136042434722, 9184988.83310067653656, 0.0 ], [ 663036.025359255843796, 9184985.413842234760523, 0.0 ], [ 663032.10034962464124, 9184983.474222080782056, 0.0 ], [ 663020.448982320609502, 9184979.595059510320425, 0.0 ], [ 663013.604931488516741, 9184977.155516901984811, 0.0 ], [ 663004.872520314529538, 9184976.185705192387104, 0.0 ], [ 663000.469279256183654, 9184976.185671877115965, 0.0 ], [ 662993.666376816225238, 9184975.705783121287823, 0.0 ], [ 662988.817899312940426, 9184975.705783734098077, 0.0 ], [ 662984.414551074965857, 9184975.205903897061944, 0.0 ], [ 662982.971596786752343, 9184973.756258387118578, 0.0 ], [ 662982.971593489404768, 9184972.286469435319304, 0.0 ], [ 662984.414560751989484, 9184969.367111613973975, 0.0 ], [ 662995.142392699490301, 9184958.679282378405333, 0.0 ], [ 663008.203822095762007, 9184945.422022549435496, 0.0 ], [ 663012.681347985984758, 9184938.243385614827275, 0.0 ], [ 663017.455662848660722, 9184927.305635441094637, 0.0 ], [ 663018.156531092361547, 9184923.886341791599989, 0.0 ], [ 663017.785513984039426, 9184921.826812107115984, 0.0 ], [ 663015.419006424606778, 9184919.087370108813047, 0.0 ], [ 662999.99093778245151, 9184913.608476413413882, 0.0 ], [ 662987.341880547814071, 9184906.779872180894017, 0.0 ], [ 662975.02261448209174, 9184900.961034715175629, 0.0 ], [ 662970.545051621505991, 9184898.581561302766204, 0.0 ], [ 662969.176307009300217, 9184893.432592924684286, 0.0 ], [ 662968.508353658835404, 9184891.383002744987607, 0.0 ], [ 662963.701063401764259, 9184891.382976936176419, 0.0 ], [ 662950.383948385482654, 9184891.383003365248442, 0.0 ], [ 662930.849631644319743, 9184892.41278450936079, 0.0 ], [ 662915.454583507496864, 9184892.072876613587141, 0.0 ], [ 662914.423835465684533, 9184875.656143646687269, 0.0 ], [ 662880.203629246912897, 9184888.653555825352669, 0.0 ], [ 662865.476536696776748, 9184894.472349131479859, 0.0 ], [ 662863.406791714834981, 9184894.472333528101444, 0.0 ], [ 662862.037983036716469, 9184892.072845209389925, 0.0 ], [ 662862.038014657096937, 9184889.343380477279425, 0.0 ], [ 662861.040234134299681, 9184885.234234698116779, 0.0 ], [ 662860.001257032854483, 9184883.524592781439424, 0.0 ], [ 662857.26364222750999, 9184882.834741992875934, 0.0 ], [ 662852.118257887195796, 9184883.184608675539494, 0.0 ], [ 662839.139325896278024, 9184884.19445794261992, 0.0 ], [ 662776.982083614449948, 9184899.231399549171329, 0.0 ], [ 662747.016717442544177, 9184899.231401016935706, 0.0 ], [ 662745.627215382875875, 9184898.483598869293928, 0.0 ], [ 662726.525846319971606, 9184888.203619390726089, 0.0 ], [ 662709.176501141046174, 9184872.436836335808039, 0.0 ], [ 662701.293559938319959, 9184851.950977381318808, 0.0 ], [ 662698.11063107883092, 9184809.409645471721888, 0.0 ], [ 662702.843771480140276, 9184774.756752971559763, 0.0 ], [ 662706.026677511632442, 9184752.701200019568205, 0.0 ], [ 662734.400578056345694, 9184721.187585167586803, 0.0 ], [ 662745.406221257522702, 9184716.298892598599195, 0.0 ], [ 662762.782809646334499, 9184708.580226846039295, 0.0 ], [ 662815.572651789523661, 9184693.873125484213233, 0.0 ], [ 662834.249494734685868, 9184686.084806831553578, 0.0 ], [ 662849.867123538628221, 9184673.627289181575179, 0.0 ], [ 662869.986959917121567, 9184659.460161287337542, 0.0 ], [ 662880.013934749527834, 9184645.602968752384186, 0.0 ], [ 662883.864752009161748, 9184632.125707805156708, 0.0 ], [ 662885.192390099633485, 9184619.838282197713852, 0.0 ], [ 662885.19237266597338, 9184611.619918052107096, 0.0 ], [ 662884.310073222382925, 9184606.41095257177949, 0.0 ], [ 662882.570134605863132, 9184602.08187466301024, 0.0 ], [ 662880.830341377761215, 9184595.593176880851388, 0.0 ], [ 662876.723905778606422, 9184590.324208427220583, 0.0 ], [ 662867.587511408491991, 9184584.545485438778996, 0.0 ], [ 662863.926278746104799, 9184582.705840948969126, 0.0 ], [ 662859.968355429708026, 9184578.746594583615661, 0.0 ], [ 662856.595734989270568, 9184573.577711442485452, 0.0 ], [ 662855.713400897220708, 9184570.828272577375174, 0.0 ], [ 662854.773456487804651, 9184568.518468223512173, 0.0 ], [ 662853.85811238817405, 9184566.269116086885333, 0.0 ], [ 662852.975782528636046, 9184562.919862864539027, 0.0 ], [ 662852.975792117067613, 9184556.21120923012495, 0.0 ], [ 662853.561255015432835, 9184550.442363811656833, 0.0 ], [ 662854.781648011412472, 9184546.153261309489608, 0.0 ], [ 662856.933842597994953, 9184539.474648313596845, 0.0 ], [ 662859.968287830241024, 9184534.585594177246094, 0.0 ], [ 662864.553001934662461, 9184529.116702130064368, 0.0 ], [ 662870.951747703715228, 9184522.708029083907604, 0.0 ], [ 662879.16466942592524, 9184516.939173430204391, 0.0 ], [ 662883.419479580130428, 9184515.399468692019582, 0.0 ], [ 662889.224585101474077, 9184514.489727636799216, 0.0 ], [ 662893.817448358400725, 9184513.889763299375772, 0.0 ], [ 662900.810015940456651, 9184513.889859609305859, 0.0 ], [ 662908.429143570479937, 9184516.009350331500173, 0.0 ], [ 662915.421584259252995, 9184517.239153252914548, 0.0 ], [ 662922.743907988420688, 9184517.539058359339833, 0.0 ], [ 662929.777655061567202, 9184517.539125025272369, 0.0 ], [ 662940.431207209941931, 9184515.699462352320552, 0.0 ], [ 662949.641829299507663, 9184511.980197709053755, 0.0 ], [ 662956.964216474443674, 9184507.661060439422727, 0.0 ], [ 662958.852508794050664, 9184501.972277140244842, 0.0 ], [ 662960.740795790683478, 9184488.974911712110043, 0.0 ], [ 662963.733965723193251, 9184468.379113243892789, 0.0 ], [ 662965.622348368400708, 9184452.142371522262692, 0.0 ], [ 662966.587062732549384, 9184446.823454681783915, 0.0 ], [ 662966.84270894038491, 9184443.944073460996151, 0.0 ], [ 662967.065287435543723, 9184442.014397598803043, 0.0 ], [ 662973.093077856465243, 9184441.044634006917477, 0.0 ], [ 662976.498628557892516, 9184439.115041183307767, 0.0 ], [ 662977.941650036838837, 9184436.485523710027337, 0.0 ], [ 662981.05033032677602, 9184428.047308962792158, 0.0 ], [ 662984.604190043988638, 9184418.159284697845578, 0.0 ], [ 662987.152209909982048, 9184404.232142807915807, 0.0 ], [ 662988.892038874560967, 9184391.814621293917298, 0.0 ], [ 662991.0360266166972, 9184376.827749703079462, 0.0 ], [ 662993.592180877574719, 9184369.329235522076488, 0.0 ], [ 662996.18141680280678, 9184363.120478644967079, 0.0 ], [ 662999.586911809863523, 9184358.841387456282973, 0.0 ], [ 663001.953553742030635, 9184356.69184791110456, 0.0 ], [ 663002.802788714878261, 9184354.342305842787027, 0.0 ], [ 663004.056176487822086, 9184338.115622483193874, 0.0 ], [ 663004.056180785293691, 9184331.646934226155281, 0.0 ], [ 663005.392061440972611, 9184326.86788035929203, 0.0 ], [ 663008.055421140277758, 9184322.108871346339583, 0.0 ], [ 663011.49392934970092, 9184318.699533350765705, 0.0 ], [ 663015.864222207223065, 9184314.500406317412853, 0.0 ], [ 663017.595912480028346, 9184312.600789157673717, 0.0 ], [ 663017.96692684921436, 9184310.891128178685904, 0.0 ], [ 663017.96691201464273, 9184307.251875713467598, 0.0 ], [ 663016.449736360926181, 9184296.98396398127079, 0.0 ], [ 663012.532922086305916, 9184279.697515556588769, 0.0 ], [ 663011.219747586874291, 9184267.452091883867979, 0.0 ], [ 663010.826041315449402, 9184263.780759461224079, 0.0 ], [ 663010.125084918458015, 9184253.662753419950604, 0.0 ], [ 663010.347749121952802, 9184245.22446646168828, 0.0 ], [ 663011.0898677239893, 9184240.165495458990335, 0.0 ], [ 663010.611629359307699, 9184233.896780163049698, 0.0 ], [ 663009.168563789688051, 9184229.807689009234309, 0.0 ], [ 663006.983485278906301, 9184227.408144187182188, 0.0 ], [ 663004.575659092282876, 9184225.218564165756106, 0.0 ], [ 663001.474866230040789, 9184223.574215929955244, 0.0 ], [ 663000.955797984730452, 9184223.298954378813505, 0.0 ], [ 662998.547918163589202, 9184220.659513253718615, 0.0 ], [ 662998.547977221896872, 9184218.709893835708499, 0.0 ], [ 662998.803639347781427, 9184216.070481654256582, 0.0 ], [ 662999.403795938706025, 9184214.247570311650634, 0.0 ], [ 663000.469226248329505, 9184211.011439440771937, 0.0 ], [ 663001.689668062259443, 9184201.843303758651018, 0.0 ], [ 663002.176152808358893, 9184196.064494609832764, 0.0 ], [ 663000.46926281764172, 9184191.715406179428101, 0.0 ], [ 662998.803549816017039, 9184187.86613766849041, 0.0 ], [ 662994.367305858060718, 9184181.577461237087846, 0.0 ], [ 662991.926594915916212, 9184179.457879930734634, 0.0 ], [ 662990.409364316612482, 9184176.708443695679307, 0.0 ], [ 662989.782656930619851, 9184175.178801191970706, 0.0 ], [ 662987.968537422013469, 9184172.11938188970089, 0.0 ], [ 662987.341864863527007, 9184169.699859194457531, 0.0 ], [ 662988.562250365968794, 9184166.650520496070385, 0.0 ], [ 662992.850127999321558, 9184162.671288190409541, 0.0 ], [ 662997.08509408601094, 9184158.700499840080738, 0.0 ], [ 663007.799770039971918, 9184148.654201688244939, 0.0 ], [ 663016.342485639965162, 9184142.555444270372391, 0.0 ], [ 663022.155398797476664, 9184138.505697600543499, 0.0 ], [ 663026.402457237825729, 9184135.546851353719831, 0.0 ], [ 663032.21575743786525, 9184129.758031342178583, 0.0 ], [ 663038.614534262917005, 9184122.449487537145615, 0.0 ], [ 663045.310144311399199, 9184113.601274875923991, 0.0 ], [ 663048.374303438700736, 9184109.886063417419791, 0.0 ], [ 663052.704414009582251, 9184104.635918010026217, 0.0 ], [ 663052.929362259805202, 9184104.363174103200436, 0.0 ], [ 663053.14027373760473, 9184103.868876088410616, 0.0 ], [ 663056.738938147784211, 9184095.434943649917841, 0.0 ], [ 663058.445757430279627, 9184089.596133882179856, 0.0 ], [ 663064.28383214189671, 9184083.057457339018583, 0.0 ], [ 663064.999960812972859, 9184082.666636381298304, 0.0 ], [ 663075.60538506670855, 9184076.87881675735116, 0.0 ], [ 663086.259048256091774, 9184072.069773785769939, 0.0 ], [ 663095.214040430029854, 9184067.960611037909985, 0.0 ], [ 663105.166748809861019, 9184062.47168436460197, 0.0 ], [ 663111.013051812420599, 9184057.652686292305589, 0.0 ], [ 663116.521219203365035, 9184051.803820224478841, 0.0 ], [ 663118.929090157616884, 9184045.645082220435143, 0.0 ], [ 663120.817316062981263, 9184041.316042391583323, 0.0 ], [ 663120.817388034658507, 9184037.206799805164337, 0.0 ], [ 663120.594668766250834, 9184032.627754673361778, 0.0 ], [ 663120.330830059479922, 9184030.69813990034163, 0.0 ], [ 663117.708703323965892, 9184027.568858211860061, 0.0 ], [ 663113.346605557599105, 9184021.769950048997998, 0.0 ], [ 663106.576731629436836, 9184015.261321045458317, 0.0 ], [ 663101.027292577782646, 9184011.152110137045383, 0.0 ], [ 663094.735771061852574, 9184007.043035322800279, 0.0 ], [ 663088.221504674758762, 9184004.14361722394824, 0.0 ], [ 663084.60164250805974, 9184002.45392300747335, 0.0 ], [ 663080.495176449650899, 9184001.504108687862754, 0.0 ], [ 663067.911987778381445, 9183998.604668514803052, 0.0 ], [ 663059.220909966854379, 9183997.864892061799765, 0.0 ], [ 663057.035770474001765, 9183995.945291463285685, 0.0 ], [ 663048.600216266117059, 9183966.03136526979506, 0.0 ], [ 663046.753221223363653, 9183953.513913255184889, 0.0 ], [ 663045.532746562035754, 9183943.435889353975654, 0.0 ], [ 663045.532779151573777, 9183938.846818126738071, 0.0 ], [ 663046.159474701853469, 9183931.208380851894617, 0.0 ], [ 663049.523792985244654, 9183919.010950319468975, 0.0 ], [ 663054.999069314682856, 9183908.003169799223542, 0.0 ], [ 663062.626408857177012, 9183888.8670898322016, 0.0 ], [ 663067.244044062797911, 9183877.469348894432187, 0.0 ], [ 663068.612916225916706, 9183871.760488163679838, 0.0 ], [ 663068.612946894136257, 9183868.771144350990653, 0.0 ], [ 663068.612922598607838, 9183866.331631161272526, 0.0 ], [ 663068.060466300928965, 9183864.42199357226491, 0.0 ], [ 663066.691598358214833, 9183861.702590398490429, 0.0 ], [ 663063.434551823767833, 9183859.792956778779626, 0.0 ], [ 663059.072431814740412, 9183858.713167689740658, 0.0 ], [ 663056.928520283312537, 9183858.173315806314349, 0.0 ], [ 663052.558276185533032, 9183858.173308603465557, 0.0 ], [ 663047.676678312709555, 9183858.173336377367377, 0.0 ], [ 663044.122724024113268, 9183858.713155785575509, 0.0 ], [ 663041.978879501461051, 9183859.792936228215694, 0.0 ], [ 663032.99082968197763, 9183864.142065552994609, 0.0 ], [ 663027.812509350827895, 9183864.681956613436341, 0.0 ], [ 663023.483354717493057, 9183864.42204562202096, 0.0 ], [ 663019.409987480612472, 9183863.062289776280522, 0.0 ], [ 663018.041166449314915, 9183860.622777162119746, 0.0 ], [ 663016.161036595120095, 9183853.564260063692927, 0.0 ], [ 663012.343261306872591, 9183838.347313428297639, 0.0 ], [ 663009.902497756062075, 9183832.108542637899518, 0.0 ], [ 663008.797523933695629, 9183829.669040719047189, 0.0 ], [ 663007.428792493185028, 9183827.489513909444213, 0.0 ], [ 663003.652183688944206, 9183827.19957235455513, 0.0 ], [ 662999.026266758562997, 9183827.199633721262217, 0.0 ], [ 662992.479020506725647, 9183827.199644299224019, 0.0 ], [ 662986.228650997625664, 9183826.939679926261306, 0.0 ], [ 662981.643945638206787, 9183825.949864445254207, 0.0 ], [ 662970.24827492563054, 9183820.131004869937897, 0.0 ], [ 662958.003102504997514, 9183812.842512683942914, 0.0 ], [ 662947.456703937845305, 9183805.753971258178353, 0.0 ], [ 662943.795540306717157, 9183804.454220479354262, 0.0 ], [ 662941.206362281925976, 9183804.234213760122657, 0.0 ], [ 662932.845125737134367, 9183807.243609795346856, 0.0 ], [ 662922.933551155612804, 9183813.27247123606503, 0.0 ], [ 662909.83090507495217, 9183819.911045214161277, 0.0 ], [ 662907.545099435839802, 9183819.911040211096406, 0.0 ], [ 662906.392407491803169, 9183819.911037646234035, 0.0 ], [ 662904.652492993976921, 9183819.72106135264039, 0.0 ], [ 662902.731278402265161, 9183818.421408765017986, 0.0 ], [ 662902.063312739948742, 9183815.631894085556269, 0.0 ], [ 662902.50863353384193, 9183802.95446964725852, 0.0 ], [ 662903.410047350684181, 9183792.477428952232003, 0.0 ], [ 662903.803221943322569, 9183787.907597685232759, 0.0 ], [ 662906.615078452508897, 9183776.959854770451784, 0.0 ], [ 662909.830915831495076, 9183771.36100148037076, 0.0 ], [ 662913.492041811463423, 9183767.081836234778166, 0.0 ], [ 662918.637471443624236, 9183761.912852704524994, 0.0 ], [ 662922.076037705643103, 9183758.033636324107647, 0.0 ], [ 662923.073743925895542, 9183754.684353303164244, 0.0 ], [ 662923.073803936131299, 9183751.634963201358914, 0.0 ], [ 662921.92754912248347, 9183748.395623032003641, 0.0 ], [ 662920.631914533325471, 9183745.989106787368655, 0.0 ], [ 662920.377334285178222, 9183745.516248503699899, 0.0 ], [ 662918.489097040263005, 9183743.806548066437244, 0.0 ], [ 662916.378149355645292, 9183741.317073853686452, 0.0 ], [ 662912.164506624569185, 9183739.397440429776907, 0.0 ], [ 662910.27624682453461, 9183738.447682065889239, 0.0 ], [ 662908.907398695242591, 9183737.097875747829676, 0.0 ], [ 662907.76124126825016, 9183735.588199898600578, 0.0 ], [ 662907.761221589171328, 9183734.248459011316299, 0.0 ], [ 662910.465806976542808, 9183732.148889632895589, 0.0 ], [ 662912.164531578542665, 9183731.369057776406407, 0.0 ], [ 662919.041484178509563, 9183729.659420635551214, 0.0 ], [ 662925.926760222995654, 9183728.129787769168615, 0.0 ], [ 662932.070023184758611, 9183726.420145072042942, 0.0 ], [ 662934.362323689972982, 9183724.300485694780946, 0.0 ], [ 662935.801484799943864, 9183723.280524650588632, 0.0 ], [ 662938.947001160820946, 9183721.051236616447568, 0.0 ], [ 662943.976991965086199, 9183717.161992667242885, 0.0 ], [ 662945.906500178505667, 9183713.63268643245101, 0.0 ], [ 662946.978421262349002, 9183711.193163188174367, 0.0 ], [ 662949.419216695008799, 9183705.744282254949212, 0.0 ], [ 662950.235533514991403, 9183696.226264663040638, 0.0 ], [ 662949.716042875079438, 9183685.068488243967295, 0.0 ], [ 662946.714551648474298, 9183675.55050753057003, 0.0 ], [ 662941.536218209075741, 9183664.412694048136473, 0.0 ], [ 662936.357774381525815, 9183655.974489655345678, 0.0 ], [ 662931.476273967302404, 9183646.996308857575059, 0.0 ], [ 662926.033974040066823, 9183641.28744930960238, 0.0 ], [ 662921.11946378427092, 9183636.408443244174123, 0.0 ], [ 662915.603064711089246, 9183633.958888091146946, 0.0 ], [ 662911.760402755113319, 9183632.319246413186193, 0.0 ], [ 662906.87069701065775, 9183630.129702515900135, 0.0 ], [ 662905.246275760699064, 9183628.510030064731836, 0.0 ], [ 662904.133029466727749, 9183626.870418470352888, 0.0 ], [ 662903.324996768496931, 9183622.52123037353158, 0.0 ], [ 662904.133078086655587, 9183615.982631340622902, 0.0 ], [ 662904.133039272390306, 9183611.903360653668642, 0.0 ], [ 662903.580614783917554, 9183608.634076431393623, 0.0 ], [ 662901.692229946260341, 9183605.644683752208948, 0.0 ], [ 662900.58730728388764, 9183604.284936044365168, 0.0 ], [ 662898.699062344385311, 9183604.004993414506316, 0.0 ], [ 662895.441892817383632, 9183604.284942645579576, 0.0 ], [ 662895.127975643146783, 9183604.461373111233115, 0.0 ], [ 662893.520615643006749, 9183605.364755496382713, 0.0 ], [ 662891.591156472684816, 9183607.274316875264049, 0.0 ], [ 662887.781497590010986, 9183610.533714575693011, 0.0 ], [ 662886.157081282464787, 9183612.983138402923942, 0.0 ], [ 662882.9000182520831, 9183615.162720566615462, 0.0 ], [ 662880.16234583244659, 9183615.702593529596925, 0.0 ], [ 662878.793601678102277, 9183614.08295869268477, 0.0 ], [ 662879.090393777587451, 9183611.363568380475044, 0.0 ], [ 662881.275611690361984, 9183606.444577300921082, 0.0 ], [ 662884.532631929614581, 9183603.185240428894758, 0.0 ], [ 662887.781517377821729, 9183598.836112042888999, 0.0 ], [ 662892.151848816662095, 9183596.936494601890445, 0.0 ], [ 662897.066306459135376, 9183595.566769205033779, 0.0 ], [ 662898.234176300116815, 9183594.840053843334317, 0.0 ], [ 662901.436682511121035, 9183592.847271194681525, 0.0 ], [ 662907.686970140552148, 9183588.758141471073031, 0.0 ], [ 662911.240940131479874, 9183585.228875439614058, 0.0 ], [ 662913.426063304883428, 9183581.949530743062496, 0.0 ], [ 662913.681709416559897, 9183578.140236582607031, 0.0 ], [ 662912.057258254033513, 9183574.610977552831173, 0.0 ], [ 662908.758932685130276, 9183567.262447256594896, 0.0 ], [ 662908.321140309562907, 9183566.479927558451891, 0.0 ], [ 662905.24623047967907, 9183560.983765577897429, 0.0 ], [ 662900.884203808614984, 9183554.455098185688257, 0.0 ], [ 662897.585877089062706, 9183550.105972982943058, 0.0 ], [ 662895.96143839485012, 9183546.846652485430241, 0.0 ], [ 662894.889494494884275, 9183543.577319229021668, 0.0 ], [ 662894.328723208978772, 9183541.387817645445466, 0.0 ], [ 662895.697557802777737, 9183540.567939633503556, 0.0 ], [ 662897.585866746725515, 9183540.567879665642977, 0.0 ], [ 662902.50861391169019, 9183544.937060318887234, 0.0 ], [ 662908.758996755350381, 9183548.746263595297933, 0.0 ], [ 662914.234154477249831, 9183550.645902829244733, 0.0 ], [ 662914.76477443438489, 9183550.7844407428056, 0.0 ], [ 662915.306135432212614, 9183550.92578299716115, 0.0 ], [ 662918.043825703090988, 9183550.925784723833203, 0.0 ], [ 662919.412638149457052, 9183550.365892166271806, 0.0 ], [ 662922.669673903496005, 9183547.646539492532611, 0.0 ], [ 662925.671200190903619, 9183543.577343635261059, 0.0 ], [ 662929.21687674918212, 9183535.678876703605056, 0.0 ], [ 662931.773161361925304, 9183520.372036630287766, 0.0 ], [ 662931.402084101457149, 9183508.994367562234402, 0.0 ], [ 662932.441070034983568, 9183502.445712668821216, 0.0 ], [ 662937.619462609407492, 9183494.507333647459745, 0.0 ], [ 662944.166652512387373, 9183486.238967003300786, 0.0 ], [ 662944.537646390032023, 9183481.75991684384644, 0.0 ], [ 662944.166575423674658, 9183478.65049122273922, 0.0 ], [ 662941.758793752407655, 9183473.131633311510086, 0.0 ], [ 662935.211619175155647, 9183467.272834878414869, 0.0 ], [ 662929.439572688075714, 9183465.093296261504292, 0.0 ], [ 662922.892333766329102, 9183461.214084755629301, 0.0 ], [ 662919.0085510405479, 9183458.554653972387314, 0.0 ], [ 662916.122552007669583, 9183454.905386652797461, 0.0 ], [ 662914.902115160715766, 9183451.766041066497564, 0.0 ], [ 662911.983098769444041, 9183445.947199039161205, 0.0 ], [ 662910.276174890808761, 9183440.848234049975872, 0.0 ], [ 662908.577507888549007, 9183437.708924118429422, 0.0 ], [ 662906.647982601774856, 9183435.029418412595987, 0.0 ], [ 662904.471072665881366, 9183433.819636724889278, 0.0 ], [ 662901.065566638368182, 9183433.339805871248245, 0.0 ], [ 662898.146614423836581, 9183433.339741323143244, 0.0 ], [ 662891.855031130136922, 9183433.819616746157408, 0.0 ], [ 662888.226801984943449, 9183434.78941130451858, 0.0 ], [ 662883.864799623610452, 9183435.999172681942582, 0.0 ], [ 662879.717152377241291, 9183435.999194694682956, 0.0 ], [ 662876.097160721779801, 9183435.289391431957483, 0.0 ], [ 662873.912039797985926, 9183433.099849954247475, 0.0 ], [ 662872.691614887095056, 9183431.630120787769556, 0.0 ], [ 662871.652706332621165, 9183426.40121734328568, 0.0 ], [ 662871.652692423202097, 9183419.862529683858156, 0.0 ], [ 662871.397037467453629, 9183412.833910962566733, 0.0 ], [ 662871.397065442171879, 9183407.974903296679258, 0.0 ], [ 662871.652700435603037, 9183404.095719680190086, 0.0 ], [ 662871.652703641797416, 9183403.266864040866494, 0.0 ], [ 662871.652716368553229, 9183399.966575019061565, 0.0 ], [ 662874.316041997051798, 9183394.147714465856552, 0.0 ], [ 662880.1624087668024, 9183393.437859592959285, 0.0 ], [ 662885.711867785081267, 9183393.677809216082096, 0.0 ], [ 662894.477217072620988, 9183393.17790824174881, 0.0 ], [ 662900.290498142014258, 9183393.177897037938237, 0.0 ], [ 662905.617335878545418, 9183392.698007810860872, 0.0 ], [ 662909.979345281375572, 9183390.758380467072129, 0.0 ], [ 662912.68404164724052, 9183387.599067326635122, 0.0 ], [ 662914.646520385169424, 9183383.229976113885641, 0.0 ], [ 662915.7514737714082, 9183378.600863851606846, 0.0 ], [ 662915.751419306034222, 9183375.051628077402711, 0.0 ], [ 662915.751419537235051, 9183373.151993388310075, 0.0 ], [ 662917.384147817036137, 9183370.682522978633642, 0.0 ], [ 662922.859331847401336, 9183369.062889927998185, 0.0 ], [ 662941.94846436730586, 9183361.964324537664652, 0.0 ], [ 662969.687492915079929, 9183350.376629579812288, 0.0 ], [ 662974.536106943385676, 9183349.166904920712113, 0.0 ], [ 662975.756486489553936, 9183347.957148902118206, 0.0 ], [ 662978.93931345641613, 9183341.138525202870369, 0.0 ], [ 662984.266122091677971, 9183331.190529223531485, 0.0 ], [ 662989.114763893769123, 9183320.762628206983209, 0.0 ], [ 662995.43932167685125, 9183314.713880855590105, 0.0 ], [ 663000.287836847594008, 9183309.844883415848017, 0.0 ], [ 663011.028850412811153, 9183307.294243734329939, 0.0 ], [ 663014.602598634664901, 9183306.445594722405076, 0.0 ], [ 663031.399412845610641, 9183300.996667426079512, 0.0 ], [ 663035.72845641290769, 9183298.407225217670202, 0.0 ], [ 663037.023080729413778, 9183295.617840537801385, 0.0 ], [ 663038.095005395123735, 9183288.689209096133709, 0.0 ], [ 663038.944329345133156, 9183281.580619011074305, 0.0 ], [ 663039.450377705972642, 9183277.649187263101339, 0.0 ], [ 663039.612235925160348, 9183276.391729053109884, 0.0 ], [ 663040.461610601749271, 9183271.862653337419033, 0.0 ], [ 663041.352176306769252, 9183268.403354605659842, 0.0 ], [ 663043.7186735549476, 9183264.964044250547886, 0.0 ], [ 663052.780915283598006, 9183262.58450117893517, 0.0 ], [ 663054.571128647774458, 9183262.180855425074697, 0.0 ], [ 663066.172146349330433, 9183259.565131016075611, 0.0 ], [ 663074.384943867917173, 9183256.965681198984385, 0.0 ], [ 663076.751578746479936, 9183255.66597456485033, 0.0 ], [ 663078.26881698158104, 9183251.796757474541664, 0.0 ], [ 663079.637603988172486, 9183247.03770948946476, 0.0 ], [ 663079.901502028340474, 9183241.028950523585081, 0.0 ], [ 663081.975112165790051, 9183234.146894345059991, 0.0 ], [ 663084.263533188030124, 9183226.55190415866673, 0.0 ], [ 663089.738771379110403, 9183212.904647020623088, 0.0 ], [ 663093.292667985777371, 9183207.435691300779581, 0.0 ], [ 663099.023564525297843, 9183201.706937458366156, 0.0 ], [ 663104.092933778185397, 9183194.450970014557242, 0.0 ], [ 663109.16592629684601, 9183187.189813327044249, 0.0 ], [ 663121.040031234035268, 9183175.532209414988756, 0.0 ], [ 663124.923724337480962, 9183169.913418617099524, 0.0 ], [ 663126.441057250602171, 9183166.673982311040163, 0.0 ], [ 663128.180836475919932, 9183161.50508744828403, 0.0 ], [ 663130.324849572847597, 9183154.796497419476509, 0.0 ], [ 663130.992680213064887, 9183150.487311007454991, 0.0 ], [ 663130.209351798752323, 9183147.767849434167147, 0.0 ], [ 663128.692090397235006, 9183141.079257607460022, 0.0 ], [ 663125.369031546753831, 9183134.400637837126851, 0.0 ], [ 663122.144904707442038, 9183126.962078470736742, 0.0 ], [ 663120.965786531218328, 9183123.302847957238555, 0.0 ], [ 663120.965780841070227, 9183119.973563071340322, 0.0 ], [ 663121.411072321003303, 9183118.763829389587045, 0.0 ], [ 663123.216922459658235, 9183114.044797871261835, 0.0 ], [ 663134.208542527863756, 9183099.967629445716739, 0.0 ], [ 663141.497916262829676, 9183091.229421328753233, 0.0 ], [ 663143.46038280276116, 9183087.100284401327372, 0.0 ], [ 663143.460386758903041, 9183083.940858367830515, 0.0 ], [ 663143.674776469124481, 9183080.781495053321123, 0.0 ], [ 663143.674827698851004, 9183078.102120239287615, 0.0 ], [ 663141.97613908816129, 9183072.76316249743104, 0.0 ], [ 663139.791023720288649, 9183067.914164109155536, 0.0 ], [ 663135.428941591759212, 9183064.26483191922307, 0.0 ], [ 663132.023438416072167, 9183062.815187389031053, 0.0 ], [ 663128.617885118350387, 9183062.315250551328063, 0.0 ], [ 663125.22057486185804, 9183061.105548825114965, 0.0 ], [ 663115.96881715208292, 9183059.655837232246995, 0.0 ], [ 663104.795686318189837, 9183058.915932089090347, 0.0 ], [ 663085.038576279883273, 9183056.826383667066693, 0.0 ], [ 663079.489144879742526, 9183055.586661148816347, 0.0 ], [ 663076.421737104188651, 9183054.056933768093586, 0.0 ], [ 663072.092608868028037, 9183051.587434161454439, 0.0 ], [ 663071.46266040194314, 9183050.854218797758222, 0.0 ], [ 663064.473488380201161, 9183042.719316186383367, 0.0 ], [ 663059.072407671948895, 9183031.021701578050852, 0.0 ], [ 663055.592751471558586, 9183019.99394391477108, 0.0 ], [ 663054.298134883982129, 9183016.524639604613185, 0.0 ], [ 663054.520758425816894, 9183011.985476305708289, 0.0 ], [ 663055.592763194348663, 9183007.016525590792298, 0.0 ], [ 663063.624210449168459, 9182998.148362455889583, 0.0 ], [ 663069.874499442754313, 9182988.630223574116826, 0.0 ], [ 663076.603165443520993, 9182976.36278067715466, 0.0 ], [ 663080.676558695035055, 9182967.134627554565668, 0.0 ], [ 663082.597885788884014, 9182953.267477411776781, 0.0 ], [ 663082.193854384822771, 9182931.142002461478114, 0.0 ], [ 663081.822719019604847, 9182924.22335109859705, 0.0 ], [ 663082.968923743581399, 9182921.323979809880257, 0.0 ], [ 663085.854983480181545, 9182919.204435054212809, 0.0 ], [ 663091.849720647209324, 9182916.7149523422122, 0.0 ], [ 663100.137905125273392, 9182915.156360004097223, 0.0 ], [ 663102.058093921979889, 9182914.795268459245563, 0.0 ], [ 663108.498060701065697, 9182912.475824156776071, 0.0 ], [ 663112.38183038122952, 9182909.316449636593461, 0.0 ], [ 663113.346639013383538, 9182907.376786587759852, 0.0 ], [ 663113.602205411414616, 9182900.558235896751285, 0.0 ], [ 663111.903581811115146, 9182880.832223899662495, 0.0 ], [ 663111.269966738065705, 9182867.746733862906694, 0.0 ], [ 663111.161435412243009, 9182865.505333567038178, 0.0 ], [ 663111.903602266218513, 9182858.2168386913836, 0.0 ], [ 663112.86012350639794, 9182853.347794692963362, 0.0 ], [ 663113.602196796331555, 9182848.958739569410682, 0.0 ], [ 663115.787396454834379, 9182847.249025035649538, 0.0 ], [ 663121.8892574965721, 9182846.039318088442087, 0.0 ], [ 663128.955979616148397, 9182844.569628685712814, 0.0 ], [ 663153.782938989577815, 9182840.648537872359157, 0.0 ], [ 663167.76088147982955, 9182838.440900234505534, 0.0 ], [ 663187.188089999137446, 9182832.892028387635946, 0.0 ], [ 663197.948978130472824, 9182828.282927021384239, 0.0 ], [ 663202.278074353002012, 9182826.423323480412364, 0.0 ], [ 663207.200828207889572, 9182822.42413087002933, 0.0 ], [ 663215.224032678175718, 9182813.185939041897655, 0.0 ], [ 663218.971000768244267, 9182809.244367759674788, 0.0 ], [ 663234.280180401867256, 9182793.140076972544193, 0.0 ], [ 663250.664689266355708, 9182773.264090996235609, 0.0 ], [ 663267.428506881929934, 9182746.379585675895214, 0.0 ], [ 663276.012328487820923, 9182732.342427279800177, 0.0 ], [ 663279.929179444909096, 9182725.723809318616986, 0.0 ], [ 663284.18405359017197, 9182724.554053945466876, 0.0 ], [ 663288.48009804089088, 9182724.943970158696175, 0.0 ], [ 663293.955365928006358, 9182725.333838310092688, 0.0 ], [ 663300.947856980608776, 9182726.413694417104125, 0.0 ], [ 663308.492782284272835, 9182725.673798307776451, 0.0 ], [ 663312.895986733026803, 9182723.994190437719226, 0.0 ], [ 663322.881715522147715, 9182722.524389091879129, 0.0 ], [ 663325.586408695206046, 9182724.234120938926935, 0.0 ], [ 663328.983638240024447, 9182727.383475949987769, 0.0 ], [ 663338.309762804303318, 9182734.482041159644723, 0.0 ], [ 663347.413157172733918, 9182738.371268099173903, 0.0 ], [ 663363.24521553714294, 9182740.120856612920761, 0.0 ], [ 663375.193424809374847, 9182739.451022068038583, 0.0 ], [ 663386.440691394614987, 9182737.071429116651416, 0.0 ], [ 663396.871677606017329, 9182734.052045162767172, 0.0 ], [ 663407.067126738722436, 9182728.425091367214918, 0.0 ], [ 663407.269775874214247, 9182728.313247574493289, 0.0 ], [ 663411.895635080523789, 9182724.274099489673972, 0.0 ], [ 663416.92560255411081, 9182718.695251034572721, 0.0 ], [ 663420.397117084590718, 9182711.9466124009341, 0.0 ], [ 663421.180475240224041, 9182708.097398517653346, 0.0 ], [ 663421.551566826179624, 9182703.268329659476876, 0.0 ], [ 663421.732967137591913, 9182699.988974444568157, 0.0 ], [ 663421.732886040816084, 9182697.109657850116491, 0.0 ], [ 663421.551500076428056, 9182693.8203398976475, 0.0 ], [ 663421.180514785228297, 9182691.510777207091451, 0.0 ], [ 663419.440645282971673, 9182688.801355168223381, 0.0 ], [ 663417.88212671643123, 9182686.68174646794796, 0.0 ], [ 663416.331913849688135, 9182685.73188441619277, 0.0 ], [ 663413.074759174487554, 9182684.372228421270847, 0.0 ], [ 663410.559815476415679, 9182683.22242852859199, 0.0 ], [ 663409.226640701061115, 9182681.751538889482617, 0.0 ], [ 663408.819923647679389, 9182681.302808571606874, 0.0 ], [ 663407.673723113257438, 9182678.983327504247427, 0.0 ], [ 663408.226287675090134, 9182676.473851507529616, 0.0 ], [ 663409.315422037383541, 9182674.837242715060711, 0.0 ], [ 663410.155817620456219, 9182673.574405955150723, 0.0 ], [ 663414.814627335756086, 9182666.465843996033072, 0.0 ], [ 663419.621967651648447, 9182660.037109885364771, 0.0 ], [ 663422.879106676671654, 9182654.388293052092195, 0.0 ], [ 663425.91352809406817, 9182647.229728000238538, 0.0 ], [ 663425.913544584065676, 9182640.961073255166411, 0.0 ], [ 663426.13626008760184, 9182630.75317207723856, 0.0 ], [ 663426.358855386031792, 9182623.164712108671665, 0.0 ], [ 663426.804149559698999, 9182615.786176983267069, 0.0 ], [ 663428.948104604380205, 9182605.598205097019672, 0.0 ], [ 663433.499737444915809, 9182590.631341084837914, 0.0 ], [ 663440.896310307085514, 9182575.6643020901829, 0.0 ], [ 663449.735869559226558, 9182561.307206204161048, 0.0 ], [ 663454.765788330230862, 9182553.198924850672483, 0.0 ], [ 663458.245517201139592, 9182548.759832769632339, 0.0 ], [ 663460.356510724057443, 9182544.130773797631264, 0.0 ], [ 663460.871890421025455, 9182541.186128873378038, 0.0 ], [ 663461.502683802274987, 9182537.582061912864447, 0.0 ], [ 663461.502668620320037, 9182528.883840207010508, 0.0 ], [ 663457.693084762431681, 9182513.246991811320186, 0.0 ], [ 663452.324994256719947, 9182499.839757977053523, 0.0 ], [ 663448.663909109542146, 9182492.27129446528852, 0.0 ], [ 663448.144344029598869, 9182487.642250696197152, 0.0 ], [ 663448.408218397991732, 9182468.606161756440997, 0.0 ], [ 663448.408297033281997, 9182466.406613770872355, 0.0 ], [ 663450.585130987688899, 9182462.987252628430724, 0.0 ], [ 663453.545456197112799, 9182461.037621419876814, 0.0 ], [ 663461.354183579212986, 9182456.648596005514264, 0.0 ], [ 663467.942676584934816, 9182453.46923365816474, 0.0 ], [ 663468.899214246310294, 9182450.079919287934899, 0.0 ], [ 663468.124006162863225, 9182441.511671040207148, 0.0 ], [ 663465.493629482458346, 9182434.133193578571081, 0.0 ], [ 663465.493673686985858, 9182430.46385208517313, 0.0 ], [ 663466.38414901914075, 9182427.624478602781892, 0.0 ], [ 663468.305427505983971, 9182427.624499585479498, 0.0 ], [ 663472.453096623299643, 9182431.103766093030572, 0.0 ], [ 663477.227520025102422, 9182433.703228674829006, 0.0 ], [ 663485.47326735581737, 9182437.402524685487151, 0.0 ], [ 663495.681700037443079, 9182438.052303031086922, 0.0 ], [ 663504.191347397631034, 9182437.722415182739496, 0.0 ], [ 663512.997893922962248, 9182436.512713596224785, 0.0 ], [ 663524.245242803357542, 9182431.393756244331598, 0.0 ], [ 663532.128353264648467, 9182428.294340703636408, 0.0 ], [ 663534.08255262253806, 9182426.344735141843557, 0.0 ], [ 663534.527869643876329, 9182421.13577458076179, 0.0 ], [ 663534.527795513044111, 9182415.276947153732181, 0.0 ], [ 663533.868199388030916, 9182405.958873797208071, 0.0 ], [ 663532.565377245657146, 9182394.661136295646429, 0.0 ], [ 663531.270757654681802, 9182383.373434806242585, 0.0 ], [ 663529.539071603212506, 9182370.786037586629391, 0.0 ], [ 663526.908631787868217, 9182362.097785890102386, 0.0 ], [ 663526.87570918968413, 9182357.87861068174243, 0.0 ], [ 663531.493370854528621, 9182353.049666255712509, 0.0 ], [ 663549.848607591120526, 9182349.570354141294956, 0.0 ], [ 663576.301285371300764, 9182344.141428224742413, 0.0 ], [ 663584.365746217081323, 9182342.431790499016643, 0.0 ], [ 663592.685764122521505, 9182339.992319438606501, 0.0 ], [ 663596.091282115899958, 9182337.542784592136741, 0.0 ], [ 663602.193214161321521, 9182332.893787646666169, 0.0 ], [ 663605.112220016424544, 9182330.474292865023017, 0.0 ], [ 663609.037245288025588, 9182328.024795912206173, 0.0 ], [ 663614.916543144150637, 9182328.024786718189716, 0.0 ], [ 663621.760673926095478, 9182328.024769933894277, 0.0 ], [ 663622.981020220089704, 9182329.734340831637383, 0.0 ], [ 663627.351259571965784, 9182335.603163361549377, 0.0 ], [ 663630.789800141821615, 9182345.851075917482376, 0.0 ], [ 663632.752360408543609, 9182355.129202842712402, 0.0 ], [ 663636.413470778148621, 9182362.697656666859984, 0.0 ], [ 663638.854219500091858, 9182366.596850546076894, 0.0 ], [ 663642.144324610708281, 9182370.725997859612107, 0.0 ], [ 663645.375976017559879, 9182370.910260567441583, 0.0 ], [ 663647.405213283607736, 9182371.025963766500354, 0.0 ], [ 663653.284545109374449, 9182366.097035458311439, 0.0 ], [ 663670.600721126538701, 9182348.190588228404522, 0.0 ], [ 663692.864544075913727, 9182333.453619400039315, 0.0 ], [ 663699.453018781379797, 9182330.144281333312392, 0.0 ], [ 663699.197399203432724, 9182327.144942408427596, 0.0 ], [ 663696.715305120334961, 9182320.546269899234176, 0.0 ], [ 663692.57591783546377, 9182317.236963484436274, 0.0 ], [ 663692.864512101048604, 9182313.667621549218893, 0.0 ], [ 663694.79412276763469, 9182309.278568111360073, 0.0 ], [ 663698.636668384773657, 9182305.16944582015276, 0.0 ], [ 663709.075905426288955, 9182293.361807510256767, 0.0 ], [ 663716.208550475537777, 9182282.913890982046723, 0.0 ], [ 663737.408618907560594, 9182265.007622800767422, 0.0 ], [ 663742.108702051686123, 9182256.399330848827958, 0.0 ], [ 663749.134149136953056, 9182236.483411930501461, 0.0 ], [ 663810.582208634121343, 9182116.967723648995161, 0.0 ], [ 663818.910531335510314, 9182099.161285219714046, 0.0 ], [ 663827.824231281527318, 9182083.034569308161736, 0.0 ], [ 663837.298766791354865, 9182060.239203540608287, 0.0 ], [ 663840.630072550615296, 9182054.680330438539386, 0.0 ], [ 663842.848166012903675, 9182047.991777438670397, 0.0 ], [ 663844.513898281380534, 9182045.782244281843305, 0.0 ], [ 663833.414927040110342, 9182042.432918662205338, 0.0 ], [ 663832.385435009142384, 9182041.825255811214447, 0.0 ], [ 663830.603108816314489, 9182040.773228729143739, 0.0 ], [ 663828.376786271575838, 9182038.543616533279419, 0.0 ], [ 663828.376743949251249, 9182036.314096359536052, 0.0 ], [ 663828.376743861357681, 9182035.627921666949987, 0.0 ], [ 663828.376743223518133, 9182030.755279937759042, 0.0 ], [ 663832.268742783926427, 9182012.958880826830864, 0.0 ], [ 663838.964433920220472, 9181995.182541219517589, 0.0 ], [ 663845.066377873066813, 9181985.164559096097946, 0.0 ], [ 663851.761957714566961, 9181976.256313789635897, 0.0 ], [ 663855.645744826178998, 9181966.258338399231434, 0.0 ], [ 663866.777683421503752, 9181954.020916743203998, 0.0 ], [ 663872.294070699601434, 9181930.335701171308756, 0.0 ], [ 663872.294132148730569, 9181923.17714873328805, 0.0 ], [ 663871.477815501508303, 9181919.217915052548051, 0.0 ], [ 663865.928370977169834, 9181917.618235239759088, 0.0 ], [ 663859.570834562764503, 9181916.838481130078435, 0.0 ], [ 663850.02204060589429, 9181916.838390490040183, 0.0 ], [ 663830.932911635492928, 9181923.177175020799041, 0.0 ], [ 663810.293591695604846, 9181928.735964197665453, 0.0 ], [ 663796.753945819335058, 9181930.335641797631979, 0.0 ], [ 663793.571014536079019, 9181930.335644405335188, 0.0 ], [ 663787.238251072238199, 9181929.535892762243748, 0.0 ], [ 663784.838700243737549, 9181925.576632609590888, 0.0 ], [ 663785.655002131010406, 9181920.797598741948605, 0.0 ], [ 663788.021595408208668, 9181912.859265092760324, 0.0 ], [ 663792.787737908423878, 9181903.321153877303004, 0.0 ], [ 663795.86338266544044, 9181892.90333203971386, 0.0 ], [ 663786.355910934740677, 9181886.194626454263926, 0.0 ], [ 663784.096549614914693, 9181879.486068032681942, 0.0 ], [ 663783.544082649052143, 9181873.907199392095208, 0.0 ], [ 663783.544117702287622, 9181868.888152733445168, 0.0 ], [ 663785.242751702899113, 9181866.648652788251638, 0.0 ], [ 663787.460922661237419, 9181864.41914152726531, 0.0 ], [ 663799.747224539867602, 9181859.960025534033775, 0.0 ], [ 663808.14140922005754, 9181858.270354826003313, 0.0 ], [ 663816.428563797613606, 9181807.900615777820349, 0.0 ], [ 663782.175285067176446, 9181801.561898587271571, 0.0 ], [ 663784.096543647814542, 9181768.70863301306963, 0.0 ], [ 663721.980600979644805, 9181759.330498404800892, 0.0 ], [ 663695.462009378359653, 9181756.581089731305838, 0.0 ], [ 663705.076655906159431, 9181722.947874465957284, 0.0 ], [ 663705.744506491930224, 9181705.73142540641129, 0.0 ], [ 663707.517453141510487, 9181669.938743298873305, 0.0 ], [ 663707.517356901662424, 9181662.430191529914737, 0.0 ], [ 663708.408009065664373, 9181660.680629212409258, 0.0 ], [ 663708.853191515780054, 9181650.512663301080465, 0.0 ], [ 663710.62609504989814, 9181645.653582746163011, 0.0 ], [ 663722.978325868723914, 9181639.464915674179792, 0.0 ], [ 663726.532273751217872, 9181631.526492895558476, 0.0 ], [ 663729.014367747004144, 9181617.149471148848534, 0.0 ], [ 663729.789399472414516, 9181612.840343706309795, 0.0 ], [ 663731.380932088941336, 9181604.971943067386746, 0.0 ], [ 663734.118530943989754, 9181597.893392754718661, 0.0 ], [ 663738.035316706052981, 9181590.844747101888061, 0.0 ], [ 663742.36433924024459, 9181588.075390489771962, 0.0 ], [ 663752.209865105804056, 9181584.556101623922586, 0.0 ], [ 663765.197065225685947, 9181581.416694635525346, 0.0 ], [ 663780.105539183481596, 9181576.697678403928876, 0.0 ], [ 663794.675939574604854, 9181571.598706750199199, 0.0 ], [ 663817.170688890852034, 9181562.640484426170588, 0.0 ], [ 663827.00798145274166, 9181558.211416359990835, 0.0 ], [ 663834.635316955391318, 9181554.532197248190641, 0.0 ], [ 663837.851278963731602, 9181552.562543202191591, 0.0 ], [ 663838.32945916231256, 9181550.832932610064745, 0.0 ], [ 663840.292014844482765, 9181544.954162258654833, 0.0 ], [ 663844.513903550803661, 9181522.498662665486336, 0.0 ], [ 663846.245451674098149, 9181516.170025670900941, 0.0 ], [ 663851.061070459196344, 9181502.392755694687366, 0.0 ], [ 663857.32359011657536, 9181492.526795703917742, 0.0 ], [ 663858.80789071356412, 9181490.188430901616812, 0.0 ], [ 663859.381077281548642, 9181489.285433610901237, 0.0 ], [ 663865.268604746786878, 9181480.307324461638927, 0.0 ], [ 663866.849989528418519, 9181478.81747217848897, 0.0 ], [ 663877.324115300318226, 9181468.949597669765353, 0.0 ], [ 663888.241628430667333, 9181460.211354903876781, 0.0 ], [ 663892.306796140735969, 9181455.392379213124514, 0.0 ], [ 663894.153812288073823, 9181449.793551361188293, 0.0 ], [ 663893.527196527342312, 9181444.494600720703602, 0.0 ], [ 663893.52719844551757, 9181437.026074234396219, 0.0 ], [ 663893.527193654677831, 9181436.26083854585886, 0.0 ], [ 663893.527143788058311, 9181428.31788045912981, 0.0 ], [ 663893.865213174489327, 9181424.268645288422704, 0.0 ], [ 663895.415475094807334, 9181417.110110057517886, 0.0 ], [ 663896.96571606642101, 9181411.201305547729135, 0.0 ], [ 663903.075871506123804, 9181399.44375360943377, 0.0 ], [ 663910.737014499725774, 9181392.231652200222015, 0.0 ], [ 663914.471663028467447, 9181388.715900788083673, 0.0 ], [ 663922.123797770356759, 9181378.657985156401992, 0.0 ], [ 663928.712200396577828, 9181370.779620142653584, 0.0 ], [ 663930.897283045342192, 9181366.850391110405326, 0.0 ], [ 663931.334336884552613, 9181362.46132548712194, 0.0 ], [ 663931.556974014500156, 9181356.772486329078674, 0.0 ], [ 663930.0067751952447, 9181351.293601749464869, 0.0 ], [ 663923.344132417230867, 9181342.105386909097433, 0.0 ], [ 663918.866640355670825, 9181338.986011579632759, 0.0 ], [ 663917.134996436070651, 9181336.656555330380797, 0.0 ], [ 663916.945321446633898, 9181333.147193448618054, 0.0 ], [ 663919.650014147511683, 9181331.597584836184978, 0.0 ], [ 663922.016612858162262, 9181330.817677523940802, 0.0 ], [ 663928.41529789858032, 9181330.817751236259937, 0.0 ], [ 663937.955829506390728, 9181332.177484605461359, 0.0 ], [ 663953.161060081329197, 9181333.537196092307568, 0.0 ], [ 663974.699245188036002, 9181332.437428344041109, 0.0 ], [ 663993.565734888194129, 9181331.397561781108379, 0.0 ], [ 664007.583666314720176, 9181331.057649433612823, 0.0 ], [ 664015.021449289517477, 9181331.747501280158758, 0.0 ], [ 664046.578336951322854, 9181333.147288024425507, 0.0 ], [ 664122.159658772870898, 9181337.496317205950618, 0.0 ], [ 664156.825172767043114, 9181344.504951246082783, 0.0 ], [ 664234.402083500055596, 9181349.54393851198256, 0.0 ], [ 664235.952293512993492, 9181354.322921426966786, 0.0 ], [ 664237.288143338169903, 9181399.933633569628, 0.0 ], [ 664238.137458556913771, 9181406.882227579131722, 0.0 ], [ 664248.015981617965735, 9181407.762047149240971, 0.0 ], [ 664251.08346052467823, 9181431.617237232625484, 0.0 ], [ 664253.045936634065583, 9181438.195844188332558, 0.0 ], [ 664264.961199362878688, 9181437.69591804407537, 0.0 ], [ 664265.769311044015922, 9181514.280338931828737, 0.0 ], [ 664272.951441768906079, 9181517.699724046513438, 0.0 ], [ 664279.160595794208348, 9181521.748835444450378, 0.0 ], [ 664280.422158632660285, 9181524.258343117311597, 0.0 ], [ 664280.422234693192877, 9181529.227304954081774, 0.0 ], [ 664281.345723320962861, 9181533.896362563595176, 0.0 ], [ 664282.310499102459289, 9181538.89538125321269, 0.0 ], [ 664282.607362363720313, 9181544.804215498268604, 0.0 ], [ 664291.331458082422614, 9181594.194137897342443, 0.0 ], [ 664294.069105979287997, 9181598.13333679549396, 0.0 ], [ 664299.618554218439385, 9181601.682595778256655, 0.0 ], [ 664303.543573762639426, 9181605.621800361201167, 0.0 ], [ 664305.506020788452588, 9181609.550987381488085, 0.0 ], [ 664308.688976327190176, 9181624.927825439721346, 0.0 ], [ 664310.239163741935045, 9181644.633822854608297, 0.0 ], [ 664315.788557001622394, 9181659.21083196811378, 0.0 ], [ 664356.036531729623675, 9181762.719753868877888, 0.0 ], [ 664370.507987476186827, 9181801.611855579540133, 0.0 ], [ 664373.501233856310137, 9181818.21849413216114, 0.0 ], [ 664375.274094628402963, 9181823.087523095309734, 0.0 ], [ 664395.773293172940612, 9181814.669187931343913, 0.0 ], [ 664408.199821984162554, 9181812.009777709841728, 0.0 ], [ 664414.86242403741926, 9181812.439649639651179, 0.0 ], [ 664423.743162011611275, 9181809.780278226360679, 0.0 ], [ 664433.061051227152348, 9181808.900429636240005, 0.0 ], [ 664441.496510631754063, 9181809.780195266008377, 0.0 ], [ 664458.590116371982731, 9181812.469668935984373, 0.0 ], [ 664471.577385310083628, 9181811.969768697395921, 0.0 ], [ 664475.568314427160658, 9181814.979157768189907, 0.0 ], [ 664482.082565693999641, 9181820.948001945391297, 0.0 ], [ 664488.077293724054471, 9181828.426427969709039, 0.0 ], [ 664497.543513250537217, 9181835.934912158176303, 0.0 ], [ 664520.03822142793797, 9181834.915124550461769, 0.0 ], [ 664550.003575278329663, 9181833.42539774812758, 0.0 ], [ 664591.438925415510312, 9181834.415243826806545, 0.0 ], [ 664618.8480768998852, 9181835.305012414231896, 0.0 ], [ 664654.000168052501976, 9181832.945540660992265, 0.0 ], [ 664657.281717510777526, 9181855.525709062814713, 0.0 ], [ 664657.958109806058928, 9181860.179927939549088, 0.0 ], [ 664682.448365439428017, 9181854.641125708818436, 0.0 ], [ 664814.884772960329428, 9181829.506197163835168, 0.0 ], [ 664836.414670773316175, 9181825.986934706568718, 0.0 ], [ 664845.262501953286119, 9181823.457421775907278, 0.0 ], [ 664845.797617645468563, 9181811.675622642040253, 0.0 ], [ 664847.43943115696311, 9181775.527216607704759, 0.0 ], [ 664838.047436617314816, 9181758.350647382438183, 0.0 ], [ 664822.512189965462312, 9181618.049262726679444, 0.0 ], [ 664820.866669101174921, 9181573.575229972600937, 0.0 ], [ 664820.805375203723088, 9181571.918622331693769, 0.0 ], [ 664821.094752515316941, 9181569.333351280540228, 0.0 ], [ 664824.656197156757116, 9181537.515678826719522, 0.0 ], [ 664826.057963966508396, 9181512.64066912420094, 0.0 ], [ 664826.725832685711794, 9181499.593336313962936, 0.0 ], [ 664831.648613369325176, 9181459.561485197395086, 0.0 ], [ 664845.147045910474844, 9181300.733792228624225, 0.0 ], [ 664856.394459120696411, 9181167.240994730964303, 0.0 ], [ 664877.297671554493718, 9180990.497028563171625, 0.0 ], [ 664879.496877450728789, 9180979.25424487516284, 0.0 ], [ 664882.36882555950433, 9180964.572255153208971, 0.0 ], [ 664884.323099186876789, 9180934.378379821777344, 0.0 ], [ 664886.062983499024995, 9180929.789389366284013, 0.0 ], [ 664905.786987866507843, 9180896.416114201769233, 0.0 ], [ 664946.406050932593644, 9180821.241444926708937, 0.0 ], [ 664946.925482227699831, 9180818.302081156522036, 0.0 ], [ 664950.212574958568439, 9180814.212248329073191, 0.0 ], [ 664950.327260970370844, 9180814.069554857909679, 0.0 ], [ 664883.687444420298561, 9180762.031156668439507, 0.0 ], [ 664858.952905672602355, 9180740.681289739906788, 0.0 ], [ 664849.058322506956756, 9180732.140672652050853, 0.0 ], [ 664787.256351494695991, 9180676.020528741180897, 0.0 ], [ 664770.491045491304249, 9180660.796526892110705, 0.0 ], [ 664709.732793225790374, 9180625.196532199159265, 0.0 ], [ 664640.849949656403624, 9180618.277217665687203, 0.0 ], [ 664640.649746105191298, 9180618.257099902257323, 0.0 ], [ 664640.488223179476336, 9180618.302081247791648, 0.0 ], [ 664575.862519356422126, 9180636.29917268268764, 0.0 ], [ 664463.159417076734826, 9180681.816272001713514, 0.0 ], [ 664322.636806949740276, 9180719.832268055528402, 0.0 ], [ 664240.377785181626678, 9180738.45220896974206, 0.0 ], [ 664187.144960508914664, 9180750.501769876107574, 0.0 ], [ 664186.911399726988748, 9180750.518681228160858, 0.0 ], [ 664031.374389819102362, 9180761.780342165380716, 0.0 ], [ 663897.534973906469531, 9180738.416369089856744, 0.0 ], [ 663897.38589282927569, 9180738.390344215556979, 0.0 ], [ 663798.652427284279838, 9180679.928579051047564, 0.0 ], [ 663726.014929788070731, 9180617.26150862313807, 0.0 ], [ 663679.491729819099419, 9180556.670554894953966, 0.0 ], [ 663665.825648123165593, 9180490.378185708075762, 0.0 ], [ 663665.79323403397575, 9180490.220949111506343, 0.0 ], [ 663666.007812857511453, 9180489.521772630512714, 0.0 ], [ 663680.858781315851957, 9180441.12701116129756, 0.0 ], [ 663690.787492027040571, 9180408.77230560220778, 0.0 ], [ 663691.264793862123042, 9180368.336921863257885, 0.0 ], [ 663692.100273109623231, 9180297.556409850716591, 0.0 ], [ 663692.647208653506823, 9180255.118894893676043, 0.0 ], [ 663693.437740812310949, 9180193.779201837256551, 0.0 ], [ 663734.232715208199807, 9180052.320138428360224, 0.0 ], [ 663735.173686262220144, 9180043.505973715335131, 0.0 ], [ 663747.297284558764659, 9179929.942519333213568, 0.0 ], [ 663734.530220989952795, 9179895.062772555276752, 0.0 ], [ 663726.900374502758496, 9179874.21793675608933, 0.0 ], [ 663666.235005547176115, 9179805.82000027410686, 0.0 ], [ 663648.281173252267763, 9179785.577681299299002, 0.0 ], [ 663620.064361701952294, 9179736.44809952378273, 0.0 ], [ 663579.664380429196171, 9179666.105682134628296, 0.0 ], [ 663527.312374388915487, 9179625.361399244517088, 0.0 ], [ 663434.57646370283328, 9179596.562692910432816, 0.0 ], [ 663344.42295345547609, 9179584.103541499003768, 0.0 ], [ 663279.548196424730122, 9179577.094959350302815, 0.0 ], [ 663209.529501506476663, 9179527.31885982118547, 0.0 ], [ 663209.483359908685088, 9179527.286057824268937, 0.0 ], [ 663133.497345929266885, 9179440.857305373996496, 0.0 ], [ 663133.397655689157546, 9179440.743914488703012, 0.0 ], [ 663064.127407282823697, 9179377.749758813530207, 0.0 ], [ 663001.700913400622085, 9179345.210122412070632, 0.0 ], [ 662971.338362839538604, 9179326.712152807042003, 0.0 ], [ 662919.841921392362565, 9179295.338580308482051, 0.0 ], [ 662831.225186334457248, 9179229.81068685092032, 0.0 ], [ 662763.657564242836088, 9179179.847416575998068, 0.0 ], [ 662697.765970105072483, 9179121.238360319286585, 0.0 ], [ 662657.22805302659981, 9179085.180715607479215, 0.0 ], [ 662625.883051512530074, 9179029.96944061294198, 0.0 ], [ 662624.147952851839364, 9179008.909308617934585, 0.0 ], [ 662619.741923175868578, 9178955.430197609588504, 0.0 ], [ 662629.5776085651014, 9178884.407936576753855, 0.0 ], [ 662634.544231968000531, 9178848.544428104534745, 0.0 ], [ 662642.785473855910823, 9178818.535330479964614, 0.0 ], [ 662642.864385563880205, 9178818.247986514121294, 0.0 ], [ 662642.930728500126861, 9178818.016200043261051, 0.0 ], [ 662657.850448947050609, 9178765.890803141519427, 0.0 ], [ 662674.060654658824205, 9178694.370919607579708, 0.0 ], [ 662676.939745424548164, 9178681.668257230892777, 0.0 ], [ 662666.62091309519019, 9178617.424139665439725, 0.0 ], [ 662634.075059560127556, 9178574.218939550220966, 0.0 ], [ 662610.791459538158961, 9178543.30949505418539, 0.0 ], [ 662454.049477118300274, 9178458.456170342862606, 0.0 ], [ 662453.86546287080273, 9178458.356552565470338, 0.0 ], [ 662405.973865454085171, 9178442.590726744383574, 0.0 ], [ 662405.810208600130863, 9178442.536862455308437, 0.0 ], [ 662275.135353052988648, 9178399.519648553803563, 0.0 ], [ 662122.589530435972847, 9178365.805000752210617, 0.0 ], [ 662061.102269454742782, 9178326.370376722887158, 0.0 ], [ 662050.979959199088626, 9178319.878458773717284, 0.0 ], [ 662050.853529872139916, 9178319.797373628243804, 0.0 ], [ 661978.473182355053723, 9178290.065324943512678, 0.0 ], [ 661930.482443914748728, 9178270.351848082616925, 0.0 ], [ 661930.262888198834844, 9178270.261659579351544, 0.0 ], [ 661795.531376815168187, 9178273.764096681028605, 0.0 ], [ 661645.691224124282598, 9178292.768722843378782, 0.0 ], [ 661540.424271376337856, 9178294.172947565093637, 0.0 ], [ 661482.619049146771431, 9178285.239865344017744, 0.0 ], [ 661482.28459561849013, 9178285.188179481774569, 0.0 ], [ 661397.162553131580353, 9178231.930775813758373, 0.0 ], [ 661366.679672776837833, 9178212.858817610889673, 0.0 ], [ 661366.674699319992214, 9178212.855705911293626, 0.0 ], [ 661366.04911307815928, 9178211.64329719170928, 0.0 ], [ 661333.618237644201145, 9178148.791015775874257, 0.0 ], [ 661298.608822467504069, 9178003.261374512687325, 0.0 ], [ 661296.026905006496236, 9177962.098072722554207, 0.0 ], [ 661292.385431064409204, 9177904.042418481782079, 0.0 ], [ 661269.520714180660434, 9177865.415753899142146, 0.0 ], [ 661241.650504622142762, 9177840.985346991568804, 0.0 ], [ 661219.366221043048427, 9177830.00586829520762, 0.0 ], [ 661138.742966402787715, 9177790.282630212605, 0.0 ], [ 661103.266774201532826, 9177758.708488559350371, 0.0 ], [ 661060.010371286654845, 9177658.559028506278992, 0.0 ], [ 661059.986969795776531, 9177658.504848085343838, 0.0 ], [ 661059.7088406116236, 9177657.239044684916735, 0.0 ], [ 661048.872006121557206, 9177607.919121896848083, 0.0 ], [ 661058.825003466336057, 9177561.1142548173666, 0.0 ], [ 661070.084214720642194, 9177496.109937056899071, 0.0 ], [ 661072.871248711715452, 9177480.019135758280754, 0.0 ], [ 661086.203710000496358, 9177436.631119318306446, 0.0 ], [ 661086.363566758111119, 9177436.137052062898874, 0.0 ], [ 661096.8717993022874, 9177403.672735210508108, 0.0 ], [ 661097.87361777597107, 9177400.577696595340967, 0.0 ], [ 661093.280808780225925, 9177383.070752810686827, 0.0 ], [ 661080.81791505345609, 9177335.564452340826392, 0.0 ], [ 661047.045076019829139, 9177268.55192038975656, 0.0 ], [ 661046.993513218592852, 9177268.449620090425014, 0.0 ], [ 661046.910969351301901, 9177268.285853551700711, 0.0 ], [ 661031.766148839844391, 9177246.75799311324954, 0.0 ], [ 660997.836221400415525, 9177198.52765360288322, 0.0 ], [ 660948.826826320029795, 9177129.998264372348785, 0.0 ], [ 660930.154405317036435, 9177103.888735258951783, 0.0 ], [ 660866.823321590200067, 9177052.207646263763309, 0.0 ], [ 660846.331310506211594, 9176986.228697065263987, 0.0 ], [ 660832.777263612137176, 9176942.588120076805353, 0.0 ], [ 660815.296777041861787, 9176856.725829496979713, 0.0 ], [ 660812.232776019489393, 9176841.675766285508871, 0.0 ], [ 660780.693115294212475, 9176725.611846551299095, 0.0 ], [ 660766.095107734086923, 9176645.292102621868253, 0.0 ], [ 660765.253602304495871, 9176640.662049248814583, 0.0 ], [ 660751.610275904880837, 9176575.068718673661351, 0.0 ], [ 660751.563981741899624, 9176574.84614902921021, 0.0 ], [ 660797.06559907598421, 9176583.504008373245597, 0.0 ], [ 660918.374598357593641, 9176596.8131173979491, 0.0 ], [ 661096.123624275205657, 9176615.788703778758645, 0.0 ], [ 661215.791979959816672, 9176641.33553309738636, 0.0 ], [ 661359.082139553502202, 9176680.253851545974612, 0.0 ], [ 661549.630447575938888, 9176748.701087217777967, 0.0 ], [ 661661.702269794535823, 9176770.582197079434991, 0.0 ], [ 661824.333736233995296, 9176800.204770520329475, 0.0 ], [ 661927.901440832880326, 9176795.959906790405512, 0.0 ], [ 662071.77193233394064, 9176756.090050453320146, 0.0 ], [ 662163.342232699156739, 9176689.082138728350401, 0.0 ], [ 662269.901783830020577, 9176571.77039828710258, 0.0 ], [ 662372.280420697759837, 9176463.80431891605258, 0.0 ], [ 662502.473702263901941, 9176362.919361725449562, 0.0 ], [ 662605.826685998821631, 9176294.499369198456407, 0.0 ], [ 662736.956278924597427, 9176221.710706695914268, 0.0 ], [ 662838.72548559831921, 9176183.510798895731568, 0.0 ], [ 663246.073602615506388, 9175860.276487885043025, 0.0 ], [ 663268.741949546616524, 9175839.953495254740119, 0.0 ], [ 663269.093341719824821, 9175839.641682300716639, 0.0 ], [ 663347.664333181455731, 9175769.923361958935857, 0.0 ], [ 663513.103495346265845, 9175632.848004464060068, 0.0 ], [ 663573.867767165997066, 9175583.335794122889638, 0.0 ], [ 663634.036700925324112, 9175534.308484949171543, 0.0 ], [ 663700.824118992430158, 9175491.52755181491375, 0.0 ], [ 663786.971301771351136, 9175436.345376931130886, 0.0 ], [ 663932.286674546659924, 9175326.807927742600441, 0.0 ], [ 664060.606790897552855, 9175238.255169978365302, 0.0 ], [ 664061.562424960313365, 9175237.595691280439496, 0.0 ], [ 664061.672506802715361, 9175237.519724301993847, 0.0 ], [ 664061.869474472245201, 9175237.40504627302289, 0.0 ], [ 664209.593195970053785, 9175151.385415183380246, 0.0 ], [ 664268.460894832387567, 9175127.720311746001244, 0.0 ], [ 664405.630151635734364, 9175099.889507994055748, 0.0 ], [ 664590.819261517608538, 9175078.013939827680588, 0.0 ], [ 664725.838408326730132, 9175062.793870260939002, 0.0 ], [ 664726.346720666624606, 9175062.736525304615498, 0.0 ], [ 664726.40315562998876, 9175062.727042919024825, 0.0 ], [ 664914.030479174223728, 9175031.20088829472661, 0.0 ], [ 665028.613012698828243, 9174998.896447077393532, 0.0 ], [ 665056.21272669127211, 9174991.115165375173092, 0.0 ], [ 665224.472755450755358, 9174943.247391268610954, 0.0 ], [ 665260.738720911322162, 9174935.707245759665966, 0.0 ], [ 665393.616349704097956, 9174908.080072484910488, 0.0 ], [ 665526.557998415315524, 9174905.992962650954723, 0.0 ], [ 665526.588834968861192, 9174905.972679438069463, 0.0 ], [ 665526.588902295916341, 9174905.992477430030704, 0.0 ], [ 665526.661084952764213, 9174905.991344099864364, 0.0 ], [ 665558.651884092367254, 9174902.561506336554885, 0.0 ], [ 665716.005520888604224, 9174867.748486844822764, 0.0 ], [ 665859.14839970075991, 9174863.044114608317614, 0.0 ], [ 665927.359826457686722, 9174863.073602635413408, 0.0 ], [ 666023.343549377052113, 9174858.371792959049344, 0.0 ], [ 666087.08354159607552, 9174850.123394135385752, 0.0 ], [ 666095.73438504897058, 9174849.003907937556505, 0.0 ], [ 666131.920998169109225, 9174841.708823516964912, 0.0 ], [ 666132.404223255347461, 9174841.480802098289132, 0.0 ], [ 666210.950124026043341, 9174804.417935252189636, 0.0 ], [ 666276.497806082246825, 9174764.539100425317883, 0.0 ], [ 666356.283910170546733, 9174701.254338789731264, 0.0 ], [ 666375.952825914719142, 9174686.882542075589299, 0.0 ], [ 666410.883470196044073, 9174661.359172467142344, 0.0 ], [ 666450.277511328458786, 9174626.205791022628546, 0.0 ], [ 666471.330556047847494, 9174607.419010076671839, 0.0 ], [ 666539.373219936387613, 9174558.196391467005014, 0.0 ], [ 666642.711228913045488, 9174487.813835050910711, 0.0 ], [ 666710.777620947686955, 9174445.607267515733838, 0.0 ], [ 666755.297233729972504, 9174412.971261002123356, 0.0 ], [ 666755.461529205320403, 9174412.851922880858183, 0.0 ], [ 666755.705052370205522, 9174412.67503672093153, 0.0 ], [ 666773.546282954979688, 9174399.717175485566258, 0.0 ], [ 666781.339270186843351, 9174394.057222237810493, 0.0 ], [ 666786.866855261730962, 9174389.45885493606329, 0.0 ], [ 666820.803336815675721, 9174361.22724762186408, 0.0 ], [ 666870.438562134280801, 9174347.133578972890973, 0.0 ], [ 666870.476685722009279, 9174347.131402771919966, 0.0 ], [ 666893.468258595676161, 9174345.818971808999777, 0.0 ], [ 666893.70733830682002, 9174345.805347802117467, 0.0 ], [ 666894.013410892221145, 9174345.787906197831035, 0.0 ], [ 666907.774592014029622, 9174344.926432866603136, 0.0 ], [ 666910.009901629062369, 9174344.786498310044408, 0.0 ], [ 666910.216554451850243, 9174344.782909026369452, 0.0 ], [ 666967.064109205035493, 9174343.795510090887547, 0.0 ], [ 667046.423595772706904, 9174342.416984435170889, 0.0 ], [ 667120.857843867037445, 9174332.306663271039724, 0.0 ], [ 667149.954011704772711, 9174328.354530187323689, 0.0 ], [ 667203.77628805290442, 9174321.3201810028404, 0.0 ], [ 667203.825074149761349, 9174321.314402267336845, 0.0 ], [ 667341.874574411078356, 9174304.91232293099165, 0.0 ], [ 667368.645691397832707, 9174303.932294895872474, 0.0 ], [ 667469.014195119962096, 9174300.257906081154943, 0.0 ], [ 667621.403730174526572, 9174290.871337274089456, 0.0 ], [ 667684.562591311405413, 9174290.864964237436652, 0.0 ], [ 667684.73546130117029, 9174290.840216739103198, 0.0 ], [ 667717.386942947981879, 9174286.16592606715858, 0.0 ], [ 667717.697378486976959, 9174286.086338132619858, 0.0 ], [ 667769.465690218727104, 9174272.817896736785769, 0.0 ], [ 667790.588082980597392, 9174267.404117662459612, 0.0 ], [ 667894.059274836792611, 9174236.93524687550962, 0.0 ], [ 667967.158592982217669, 9174214.10227962769568, 0.0 ], [ 667999.208727205870673, 9174204.091203087940812, 0.0 ], [ 668079.127035085111856, 9174180.610246038064361, 0.0 ], [ 668165.768100522342138, 9174152.469153568148613, 0.0 ], [ 668254.942020777612925, 9174126.690907629206777, 0.0 ], [ 668292.78038711193949, 9174110.264684328809381, 0.0 ], [ 668292.791599233984016, 9174110.265799762681127, 0.0 ], [ 668316.286293196026236, 9174112.601781778037548, 0.0 ], [ 668316.36535470339004, 9174112.611018707975745, 0.0 ], [ 668393.831964829238132, 9174110.283884877339005, 0.0 ], [ 668448.931836446397938, 9174110.259551556780934, 0.0 ], [ 668463.72953307791613, 9174110.253005933016539, 0.0 ], [ 668481.851862610550597, 9174108.788296442478895, 0.0 ], [ 668492.350534947356209, 9174107.939754167571664, 0.0 ], [ 668511.472290431614965, 9174106.097473319619894, 0.0 ], [ 668541.177275830763392, 9174103.235538300126791, 0.0 ], [ 668626.925107941497117, 9174092.849695479497313, 0.0 ], [ 668679.225400457624346, 9174086.514965936541557, 0.0 ], [ 668737.541512720636092, 9174074.458573788404465, 0.0 ], [ 668845.000970647903159, 9174052.241979202255607, 0.0 ], [ 668921.54090819042176, 9174025.926011934876442, 0.0 ], [ 669024.148258541710675, 9173989.026538334786892, 0.0 ], [ 669024.420238542836159, 9173988.892114881426096, 0.0 ], [ 669024.593304522684775, 9173988.80657871440053, 0.0 ], [ 669056.628364455420524, 9173972.97240755520761, 0.0 ], [ 669072.065548592596315, 9173965.342160986736417, 0.0 ], [ 669124.973621261538938, 9173923.23509943112731, 0.0 ], [ 669152.167219981667586, 9173908.810330621898174, 0.0 ], [ 669179.608538532746024, 9173894.25413322634995, 0.0 ], [ 669220.23108811408747, 9173878.606864497065544, 0.0 ], [ 669227.546500146854669, 9173875.789059542119503, 0.0 ], [ 669282.986616529291496, 9173865.276889629662037, 0.0 ], [ 669283.086416413774714, 9173865.25796621106565, 0.0 ], [ 669314.924118219874799, 9173866.501094037666917, 0.0 ], [ 669351.30662662058603, 9173867.921651974320412, 0.0 ], [ 669433.008315555052832, 9173873.172150932252407, 0.0 ], [ 669454.405142301227897, 9173877.738103147596121, 0.0 ], [ 669507.170020768418908, 9173888.997764000669122, 0.0 ], [ 669529.592544810613617, 9173893.513318434357643, 0.0 ], [ 669559.417899629799649, 9173899.519673455506563, 0.0 ], [ 669593.187869966845028, 9173906.703568490222096, 0.0 ], [ 669596.494702831027098, 9173907.40702798590064, 0.0 ], [ 669643.674727885983884, 9173912.675989635288715, 0.0 ], [ 669688.324803334544413, 9173917.948419054970145, 0.0 ], [ 669759.904013961087912, 9173917.96327698789537, 0.0 ], [ 669782.15343603817746, 9173917.935987245291471, 0.0 ], [ 669783.480815608054399, 9173917.934358840808272, 0.0 ], [ 669783.851575132226571, 9173917.9364706389606, 0.0 ], [ 669791.060468693845905, 9173917.958758406341076, 0.0 ], [ 669791.137982031446882, 9173917.938128873705864, 0.0 ], [ 669830.603137304075062, 9173907.434787446632981, 0.0 ], [ 669881.06583467964083, 9173888.960201533511281, 0.0 ], [ 669940.538891272502951, 9173858.245741823688149, 0.0 ], [ 669957.556526815984398, 9173849.457076137885451, 0.0 ], [ 669983.618353264057077, 9173836.554763911291957, 0.0 ], [ 670016.769093676819466, 9173819.861911304295063, 0.0 ], [ 670041.622851172462106, 9173807.346929399296641, 0.0 ], [ 670061.989605029113591, 9173796.431208778172731, 0.0 ], [ 670105.502693699207157, 9173773.109980262815952, 0.0 ], [ 670166.482369744451717, 9173755.057573162019253, 0.0 ], [ 670181.214822212816216, 9173750.696167601272464, 0.0 ], [ 670181.279313781531528, 9173750.67724752984941, 0.0 ], [ 670181.710786309093237, 9173750.5506652276963, 0.0 ], [ 670194.67079408839345, 9173746.747689306735992, 0.0 ], [ 670281.326291420031339, 9173723.083988711237907, 0.0 ], [ 670315.21359189983923, 9173711.895412586629391, 0.0 ], [ 670329.270468651549891, 9173707.254242075607181, 0.0 ], [ 670361.63602475146763, 9173702.258378667756915, 0.0 ], [ 670397.444595040171407, 9173696.731033395975828, 0.0 ], [ 670444.074788430822082, 9173691.70871265232563, 0.0 ], [ 670495.091026226407848, 9173686.213937949389219, 0.0 ], [ 670569.179109717719257, 9173680.94295914657414, 0.0 ], [ 670621.399474450037815, 9173683.554034564644098, 0.0 ], [ 670621.61153225088492, 9173683.546725634485483, 0.0 ], [ 670698.021572225377895, 9173680.913065046072006, 0.0 ], [ 670756.10984540253412, 9173675.647115943953395, 0.0 ], [ 670863.805164801073261, 9173649.322673879563808, 0.0 ], [ 671004.974985046428628, 9173622.629631623625755, 0.0 ], [ 671016.968729514628649, 9173620.36177796497941, 0.0 ], [ 671017.022647356265225, 9173620.345773924142122, 0.0 ], [ 671109.50467545480933, 9173594.039210105314851, 0.0 ], [ 671186.036827581236139, 9173565.082731407135725, 0.0 ], [ 671249.10267219285015, 9173538.703199459239841, 0.0 ], [ 671328.150118036195636, 9173507.101027378812432, 0.0 ], [ 671347.889413212775253, 9173499.176048813387752, 0.0 ], [ 671393.738111638464034, 9173480.768561817705631, 0.0 ], [ 671418.955500803072937, 9173472.881125269457698, 0.0 ], [ 671444.209568561287597, 9173464.982199858874083, 0.0 ], [ 671502.260339908069, 9173449.166372243314981, 0.0 ], [ 671567.888203056994826, 9173433.379781287163496, 0.0 ], [ 671599.860030094045214, 9173425.461444156244397, 0.0 ], [ 671644.473087653983384, 9173420.241939904168248, 0.0 ], [ 671696.681508609908633, 9173420.215173330157995, 0.0 ], [ 671696.8600425721379, 9173420.21007389947772, 0.0 ], [ 671789.305973674403504, 9173417.56946930848062, 0.0 ], [ 671821.403650167281739, 9173415.00517188757658, 0.0 ], [ 671854.971065105753951, 9173412.323433076962829, 0.0 ], [ 671855.14628023840487, 9173412.305671876296401, 0.0 ], [ 671952.61732043302618, 9173401.80322602763772, 0.0 ], [ 672047.710722351679578, 9173383.379468290135264, 0.0 ], [ 672102.159055761294439, 9173370.500730587169528, 0.0 ], [ 672136.899188913288526, 9173362.283562967553735, 0.0 ], [ 672137.067667573224753, 9173362.292654233053327, 0.0 ], [ 672167.10642586229369, 9173363.913563895970583, 0.0 ], [ 672167.220687321620062, 9173363.919683799147606, 0.0 ], [ 672176.79132935940288, 9173364.39053913205862, 0.0 ], [ 672178.170298942830414, 9173364.458381365984678, 0.0 ], [ 672203.67318655969575, 9173364.776668971404433, 0.0 ], [ 672286.29881110007409, 9173365.807782558724284, 0.0 ], [ 672286.670895791379735, 9173365.812462698668242, 0.0 ], [ 672286.80634559574537, 9173365.814166411757469, 0.0 ], [ 672323.843508481630124, 9173359.032879056409001, 0.0 ], [ 672343.192398514598608, 9173355.490198325365782, 0.0 ], [ 672354.97639163932763, 9173354.234445659443736, 0.0 ], [ 672380.794548521982506, 9173348.527116382494569, 0.0 ], [ 672385.268465993111022, 9173347.538116220384836, 0.0 ], [ 672386.386010932503268, 9173347.270421013236046, 0.0 ], [ 672388.633639112929814, 9173346.732027113437653, 0.0 ], [ 672402.098217742168345, 9173343.732041906565428, 0.0 ], [ 672413.401249030372128, 9173341.507806135341525, 0.0 ], [ 672543.471207234309986, 9173315.912137106060982, 0.0 ], [ 672568.13548416167032, 9173305.152535928413272, 0.0 ], [ 672577.102957750321366, 9173301.240539900958538, 0.0 ], [ 672600.934745986480266, 9173290.720256743952632, 0.0 ], [ 672623.34876616904512, 9173280.825815822929144, 0.0 ], [ 672623.343792133498937, 9173279.426060421392322, 0.0 ], [ 672623.333591292146593, 9173276.555424310266972, 0.0 ], [ 672620.379716611583717, 9173262.566586311906576, 0.0 ], [ 672619.049974776920862, 9173256.269248396158218, 0.0 ], [ 672608.002748199156485, 9173227.514433739706874, 0.0 ], [ 672609.7516247369349, 9173224.697833312675357, 0.0 ], [ 672611.349086959147826, 9173222.125088242813945, 0.0 ], [ 672621.484250921057537, 9173220.207605885341763, 0.0 ], [ 672633.148427929845639, 9173218.000845024362206, 0.0 ], [ 672633.229759404668584, 9173217.985457805916667, 0.0 ], [ 672642.512061817687936, 9173223.225636316463351, 0.0 ], [ 672647.423037976492196, 9173233.025849806144834, 0.0 ], [ 672648.447048422996886, 9173235.069337405264378, 0.0 ], [ 672658.61029759910889, 9173250.906246127560735, 0.0 ], [ 672667.030299242585897, 9173250.822902571409941, 0.0 ], [ 672667.082744184532203, 9173250.80422942340374, 0.0 ], [ 672673.859910778934136, 9173248.391202319413424, 0.0 ], [ 672711.605526501778513, 9173234.951758366078138, 0.0 ], [ 672750.270328021841124, 9173214.932771801948547, 0.0 ], [ 672760.466291185235605, 9173208.644281836226583, 0.0 ], [ 672760.944445758243091, 9173208.349401421844959, 0.0 ], [ 672761.194062997587025, 9173208.195461167022586, 0.0 ], [ 672802.366986881825142, 9173182.736407991498709, 0.0 ], [ 672811.613132611499168, 9173177.063954396173358, 0.0 ], [ 672829.779556688852608, 9173163.996684929355979, 0.0 ], [ 672845.210945966537111, 9173152.896738052368164, 0.0 ], [ 672890.70306915580295, 9173124.297261467203498, 0.0 ], [ 672908.225999072194099, 9173113.28112037666142, 0.0 ], [ 672913.268447239533998, 9173109.781559268012643, 0.0 ], [ 672931.757877178955823, 9173099.910003174096346, 0.0 ], [ 672956.140973298810422, 9173089.485288925468922, 0.0 ], [ 672960.303318329504691, 9173087.898099359124899, 0.0 ], [ 672991.463433095486835, 9173076.016077555716038, 0.0 ], [ 673088.166808791225776, 9173037.705345449969172, 0.0 ], [ 673089.577608046820387, 9173037.01612558029592, 0.0 ], [ 673122.633926722221076, 9173020.867054048925638, 0.0 ], [ 673125.995619410648942, 9173019.060737650841475, 0.0 ], [ 673123.985879858955741, 9173009.205558631569147, 0.0 ], [ 673119.139501379337162, 9172985.440318312495947, 0.0 ], [ 673125.86119415180292, 9172981.354473611339927, 0.0 ], [ 673127.596402030438185, 9172980.807782538235188, 0.0 ], [ 673181.37787021137774, 9172963.863463345915079, 0.0 ], [ 673220.06462474912405, 9172950.066428365185857, 0.0 ], [ 673242.211003663484007, 9172941.2050388045609, 0.0 ], [ 673248.655388069688343, 9172938.626456521451473, 0.0 ], [ 673265.637202390702441, 9172930.60350345261395, 0.0 ], [ 673315.912055291002616, 9172906.85140573605895, 0.0 ], [ 673294.637244598241523, 9172845.175500586628914, 0.0 ], [ 673300.667264101677574, 9172842.798476340249181, 0.0 ], [ 673305.569502417230979, 9172840.866020884364843, 0.0 ], [ 673315.191981155890971, 9172836.351451009511948, 0.0 ], [ 673327.428281696047634, 9172830.610552359372377, 0.0 ], [ 673340.860586475813761, 9172818.644349444657564, 0.0 ], [ 673342.104130385676399, 9172816.640471436083317, 0.0 ], [ 673344.206806817324832, 9172813.252165088430047, 0.0 ], [ 673350.972111978800967, 9172800.995435751974583, 0.0 ], [ 673355.084077840321697, 9172793.545767154544592, 0.0 ], [ 673366.829411420971155, 9172770.830347549170256, 0.0 ], [ 673376.829154101083986, 9172751.490868967026472, 0.0 ], [ 673384.795466776005924, 9172737.869927495718002, 0.0 ], [ 673396.917713762726635, 9172717.143075585365295, 0.0 ], [ 673409.482035386841744, 9172698.2728884909302, 0.0 ], [ 673410.450990851852112, 9172693.261166010051966, 0.0 ], [ 673411.135486699640751, 9172689.720751320943236, 0.0 ], [ 673411.264737864723429, 9172689.768370285630226, 0.0 ], [ 673454.950209916802123, 9172705.863033356145024, 0.0 ], [ 673491.896872083190829, 9172719.474938174709678, 0.0 ], [ 673491.946941224043258, 9172719.493369743227959, 0.0 ], [ 673492.084316015709192, 9172719.543940465897322, 0.0 ], [ 673525.530351860914379, 9172653.086514173075557, 0.0 ], [ 673526.135871977196075, 9172651.107732534408569, 0.0 ], [ 673527.194907233701088, 9172647.646906346082687, 0.0 ], [ 673530.507177561754361, 9172632.026612568646669, 0.0 ], [ 673537.136603626073338, 9172602.155119268223643, 0.0 ], [ 673548.833156869397499, 9172575.74712472781539, 0.0 ], [ 673551.264329252066091, 9172571.082360295578837, 0.0 ], [ 673564.721191951772198, 9172545.26224553771317, 0.0 ], [ 673578.978631608886644, 9172528.233686530962586, 0.0 ], [ 673579.825116392225027, 9172527.297734906896949, 0.0 ], [ 673593.237926396774128, 9172512.467287601903081, 0.0 ], [ 673595.804486203123815, 9172509.714161043986678, 0.0 ], [ 673599.108232153113931, 9172506.170260511338711, 0.0 ], [ 673608.671892710844986, 9172502.067466091364622, 0.0 ], [ 673610.88112201099284, 9172501.119710016995668, 0.0 ], [ 673634.439888154156506, 9172495.390429882332683, 0.0 ], [ 673634.834431201801635, 9172495.395404851064086, 0.0 ], [ 673660.544944940134883, 9172495.71959350258112, 0.0 ], [ 673724.33902994019445, 9172512.346294203773141, 0.0 ], [ 673762.533914899453521, 9172522.301012685522437, 0.0 ], [ 673772.444232704816386, 9172523.795321295037866, 0.0 ], [ 673787.808200638974085, 9172526.11194422096014, 0.0 ], [ 673787.957313423976302, 9172526.097567744553089, 0.0 ], [ 673813.905862123705447, 9172523.595772061496973, 0.0 ], [ 673824.639607191318646, 9172520.584271749481559, 0.0 ], [ 673844.190939625026658, 9172515.098868176341057, 0.0 ], [ 673859.315339136053808, 9172506.188124360516667, 0.0 ], [ 673877.433378740446642, 9172488.864813705906272, 0.0 ], [ 673885.332879733294249, 9172481.311809254810214, 0.0 ], [ 673914.737647481262684, 9172462.589263858273625, 0.0 ], [ 673915.970686913002282, 9172462.085378170013428, 0.0 ], [ 673927.353749933303334, 9172457.428957555443048, 0.0 ], [ 673933.035671825287864, 9172455.270810415968299, 0.0 ], [ 673940.807744496152736, 9172452.318766171112657, 0.0 ], [ 673955.27712533948943, 9172448.184903239831328, 0.0 ], [ 673967.727443992858753, 9172444.627876659855247, 0.0 ], [ 673977.683399302419275, 9172441.950820736587048, 0.0 ], [ 673989.598876049625687, 9172438.746866034343839, 0.0 ], [ 673996.740238246973604, 9172437.231225542724133, 0.0 ], [ 673999.698154426412657, 9172436.603454554453492, 0.0 ], [ 674000.073711374192499, 9172436.562523446977139, 0.0 ], [ 674018.128622075193562, 9172434.594755712896585, 0.0 ], [ 674018.218087391112931, 9172434.58500505425036, 0.0 ], [ 674062.023184362216853, 9172439.439116906374693, 0.0 ], [ 674071.449171846266836, 9172438.696268793195486, 0.0 ], [ 674083.069139314466156, 9172437.780513783916831, 0.0 ], [ 674086.779362937086262, 9172436.53998501226306, 0.0 ], [ 674107.459782875026576, 9172429.625393388792872, 0.0 ], [ 674116.69642888312228, 9172423.770972872152925, 0.0 ], [ 674126.786274318117648, 9172417.375768918544054, 0.0 ], [ 674147.731356197502464, 9172387.610436640679836, 0.0 ], [ 674194.542537213535979, 9172290.884751677513123, 0.0 ], [ 674204.453818489913829, 9172272.913823194801807, 0.0 ], [ 674214.620296766515821, 9172254.48015727289021, 0.0 ], [ 674222.802241033525206, 9172244.759984539821744, 0.0 ], [ 674234.745546890189871, 9172230.571292649954557, 0.0 ], [ 674261.43562502716668, 9172216.415603237226605, 0.0 ], [ 674283.49241277622059, 9172204.717265728861094, 0.0 ], [ 674286.486433731741272, 9172203.307696592062712, 0.0 ], [ 674291.059065937530249, 9172201.154925126582384, 0.0 ], [ 674327.199786718934774, 9172181.67294136621058, 0.0 ], [ 674335.674970807973295, 9172174.337503518909216, 0.0 ], [ 674342.311790261999704, 9172168.593203341588378, 0.0 ], [ 674344.626397274201736, 9172166.168492686003447, 0.0 ], [ 674346.504821651382372, 9172164.200713163241744, 0.0 ], [ 674351.346757384133525, 9172147.845825791358948, 0.0 ], [ 674353.162717002327554, 9172141.711949471384287, 0.0 ], [ 674357.052321619470604, 9172125.57986100576818, 0.0 ], [ 674358.137980743660592, 9172121.077099898830056, 0.0 ], [ 674358.07915329746902, 9172119.612164275720716, 0.0 ], [ 674357.214728891034611, 9172098.086071046069264, 0.0 ], [ 674347.957282761228271, 9172061.970345690846443, 0.0 ], [ 674343.548100905492902, 9172044.768959620967507, 0.0 ], [ 674334.149095205124468, 9172006.306936517357826, 0.0 ], [ 674328.10570344410371, 9171965.142721837386489, 0.0 ], [ 674332.978950246470049, 9171914.660222452133894, 0.0 ], [ 674339.613585967803374, 9171886.422340730205178, 0.0 ], [ 674388.13966046157293, 9171798.551996437832713, 0.0 ], [ 674393.992331745917909, 9171787.404141064733267, 0.0 ], [ 674413.106104570673779, 9171763.588421737775207, 0.0 ], [ 674420.819049793179147, 9171753.978098535910249, 0.0 ], [ 674426.436660810373724, 9171745.53415909036994, 0.0 ], [ 674448.459876273758709, 9171712.430597811937332, 0.0 ], [ 674450.967267750529572, 9171707.621693449094892, 0.0 ], [ 674451.288783016614616, 9171706.86307156085968, 0.0 ], [ 674453.473443995346315, 9171701.708318065851927, 0.0 ], [ 674461.445688346400857, 9171693.128554785624146, 0.0 ], [ 674467.733719045063481, 9171686.361345851793885, 0.0 ], [ 674476.121073401533067, 9171677.263451486825943, 0.0 ], [ 674497.280197233660147, 9171638.044433955103159, 0.0 ], [ 674524.639115258236416, 9171587.333794752135873, 0.0 ], [ 674524.728331065387465, 9171587.22055983915925, 0.0 ], [ 674524.751930213533342, 9171587.190626043826342, 0.0 ], [ 674572.41941383597441, 9171526.727789551019669, 0.0 ], [ 674635.384208828560077, 9171474.08399536088109, 0.0 ], [ 674725.314623151905835, 9171426.669523695483804, 0.0 ], [ 674825.344867390580475, 9171376.635330876335502, 0.0 ], [ 674825.746975676040165, 9171376.487346690148115, 0.0 ], [ 674846.820635926676914, 9171368.731285406276584, 0.0 ], [ 674896.827074910048395, 9171350.326601468026638, 0.0 ], [ 674970.864884770940989, 9171331.865057706832886, 0.0 ], [ 675023.062477096915245, 9171329.248427348211408, 0.0 ], [ 675091.280973631539382, 9171331.849965078756213, 0.0 ], [ 675149.421439523925073, 9171342.400332171469927, 0.0 ], [ 675226.107800228171982, 9171358.205035021528602, 0.0 ], [ 675284.232048249570653, 9171363.482078490778804, 0.0 ], [ 675370.968153666704893, 9171363.483819695189595, 0.0 ], [ 675399.932573673897423, 9171361.856117894873023, 0.0 ], [ 675418.113601245800965, 9171360.834397047758102, 0.0 ], [ 675462.131877286126837, 9171348.624107334762812, 0.0 ], [ 675484.572141570155509, 9171342.399353057146072, 0.0 ], [ 675544.684387783054262, 9171318.88574386946857, 0.0 ], [ 675592.207193149835803, 9171300.296567926183343, 0.0 ], [ 675634.765852406620979, 9171274.727868732064962, 0.0 ], [ 675732.528613415197469, 9171215.992981025949121, 0.0 ], [ 675813.999754294520244, 9171158.060230672359467, 0.0 ], [ 675847.384753126301803, 9171127.691880390048027, 0.0 ], [ 675897.931076396838762, 9171081.712760344147682, 0.0 ], [ 675992.758799380273558, 9170992.139498284086585, 0.0 ], [ 676116.881272665341385, 9170852.577216874808073, 0.0 ], [ 676188.08161712391302, 9170749.85528464242816, 0.0 ], [ 676245.849240186624229, 9170656.514616407454014, 0.0 ], [ 676273.492732224753127, 9170617.022040620446205, 0.0 ], [ 676298.130819989251904, 9170576.69088975712657, 0.0 ], [ 676306.975716159795411, 9170562.212273314595222, 0.0 ], [ 676347.958177752327174, 9170485.493253089487553, 0.0 ], [ 676373.001156412647106, 9170425.232305681332946, 0.0 ], [ 676392.168645543046296, 9170370.426472162827849, 0.0 ], [ 676409.368233907269314, 9170323.621910059824586, 0.0 ], [ 676416.348060266347602, 9170304.627947151660919, 0.0 ], [ 676427.065635873004794, 9170241.627461303025484, 0.0 ], [ 676443.726744628045708, 9170203.320469634607434, 0.0 ], [ 676443.7681185916299, 9170203.225430579856038, 0.0 ], [ 676443.898628295166418, 9170203.044482231140137, 0.0 ], [ 676461.848065001075156, 9170178.158455204218626, 0.0 ], [ 676461.896882727742195, 9170178.090344838798046, 0.0 ], [ 676471.415365904918872, 9170164.893186300992966, 0.0 ], [ 676499.075026643578894, 9170129.251030035316944, 0.0 ], [ 676536.963464522268623, 9170072.731720134615898, 0.0 ], [ 676556.025732880691066, 9170044.295894123613834, 0.0 ], [ 676586.856283355737105, 9170019.137553190812469, 0.0 ], [ 676619.832220391719602, 9169992.228477025404572, 0.0 ], [ 676685.392561004729941, 9169959.343769347295165, 0.0 ], [ 676704.729943444370292, 9169953.783088209107518, 0.0 ], [ 676742.592995444196276, 9169942.895115504041314, 0.0 ], [ 676802.336143529391848, 9169930.740412291139364, 0.0 ], [ 676863.759768468909897, 9169918.243730496615171, 0.0 ], [ 677000.72855080163572, 9169896.366293136030436, 0.0 ], [ 677000.935681079863571, 9169896.333208786323667, 0.0 ], [ 677001.13366101263091, 9169896.295988880097866, 0.0 ], [ 677088.450168077950366, 9169879.874821243807673, 0.0 ], [ 677203.724087044131011, 9169855.195976693183184, 0.0 ], [ 677208.349003782845102, 9169854.037122704088688, 0.0 ], [ 677258.40713687252719, 9169841.494146255776286, 0.0 ], [ 677284.774382811388932, 9169838.291152669116855, 0.0 ], [ 677371.193936831317842, 9169827.793124897405505, 0.0 ], [ 677436.874453649739735, 9169827.817014753818512, 0.0 ], [ 677494.124953676247969, 9169825.074632609263062, 0.0 ], [ 677511.269356330740266, 9169823.842978537082672, 0.0 ], [ 677516.032143528573215, 9169823.502205047756433, 0.0 ], [ 677522.747699439409189, 9169823.020182032138109, 0.0 ], [ 677538.3767751326086, 9169820.299206413328648, 0.0 ], [ 677570.509423209237866, 9169814.704343445599079, 0.0 ], [ 677570.71438912965823, 9169814.669325910508633, 0.0 ], [ 677577.722867729142308, 9169797.685247927904129, 0.0 ], [ 677584.903300654375926, 9169780.284445069730282, 0.0 ], [ 677598.140823136782274, 9169750.985429171472788, 0.0 ], [ 677613.302760568447411, 9169717.426985275000334, 0.0 ], [ 677629.691606511129066, 9169684.120691290125251, 0.0 ], [ 677635.034851884818636, 9169673.261846780776978, 0.0 ], [ 677663.416133337188512, 9169605.497384361922741, 0.0 ], [ 677689.452810852089897, 9169587.471842752769589, 0.0 ], [ 677704.574411541922018, 9169577.449861718341708, 0.0 ], [ 677722.081453468417749, 9169565.992582574486732, 0.0 ], [ 677754.977573906537145, 9169544.464065326377749, 0.0 ], [ 677771.716043262043968, 9169516.928797487169504, 0.0 ], [ 677800.193775589694269, 9169475.479667313396931, 0.0 ], [ 677827.343090241542086, 9169454.16876826621592, 0.0 ], [ 677834.619731254759245, 9169448.456950465217233, 0.0 ], [ 677861.519378054654226, 9169435.805696692317724, 0.0 ], [ 677938.868002557079308, 9169402.723175697028637, 0.0 ], [ 677961.529194274218753, 9169382.704256989061832, 0.0 ], [ 677966.629632993252017, 9169375.860907355323434, 0.0 ], [ 677980.801033173571341, 9169356.846871465444565, 0.0 ], [ 677999.647043346078135, 9169330.147792750969529, 0.0 ], [ 678010.957718348363414, 9169314.123976757749915, 0.0 ], [ 678064.583426825352944, 9169241.787007505074143, 0.0 ], [ 678066.755391099490225, 9169227.89073240943253, 0.0 ], [ 678067.873822553548962, 9169220.73497799038887, 0.0 ], [ 678061.836306875455193, 9169182.10025941580534, 0.0 ], [ 678060.08062062098179, 9169162.647194566205144, 0.0 ], [ 678065.865770374657586, 9169132.777447789907455, 0.0 ], [ 678084.256608857074752, 9169096.745560465380549, 0.0 ], [ 678097.632978693582118, 9169079.64503881521523, 0.0 ], [ 678103.535247816937044, 9169072.099496845155954, 0.0 ], [ 678112.862361268838868, 9169064.432964315637946, 0.0 ], [ 678133.757517492049374, 9169047.257923228666186, 0.0 ], [ 678162.26557166269049, 9169022.685086701065302, 0.0 ], [ 678175.725786140421405, 9169011.082887621596456, 0.0 ], [ 678198.356637737480924, 9168982.945365579798818, 0.0 ], [ 678213.784827019670047, 9168964.756599348038435, 0.0 ], [ 678243.631929936935194, 9168929.568871224299073, 0.0 ], [ 678271.806928863748908, 9168900.612773733213544, 0.0 ], [ 678275.508732233894989, 9168896.808340482413769, 0.0 ], [ 678291.235705960076302, 9168880.885998487472534, 0.0 ], [ 678311.582973411073908, 9168860.28594053350389, 0.0 ], [ 678341.456430114572868, 9168832.014870472252369, 0.0 ], [ 678369.480915514519438, 9168805.493540870025754, 0.0 ], [ 678374.952868672786281, 9168798.494853273034096, 0.0 ], [ 678403.843575206352398, 9168761.543273763731122, 0.0 ], [ 678414.733721672790125, 9168746.156348081305623, 0.0 ], [ 678418.921939763240516, 9168739.920888291671872, 0.0 ], [ 678423.116147584049031, 9168736.054647607728839, 0.0 ], [ 678431.524278670083731, 9168732.913597177714109, 0.0 ], [ 678477.63898599660024, 9168715.437160301953554, 0.0 ], [ 678639.220671855262481, 9168654.200855951756239, 0.0 ], [ 678703.124009390943684, 9168629.338524358347058, 0.0 ], [ 678733.451492661610246, 9168613.279402837157249, 0.0 ], [ 678738.422943714540452, 9168610.64689851179719, 0.0 ], [ 678749.345822016010061, 9168604.857052471488714, 0.0 ], [ 678761.137677390594035, 9168595.043620517477393, 0.0 ], [ 678776.20890476682689, 9168582.501014379784465, 0.0 ], [ 678785.305239719804376, 9168570.223378950729966, 0.0 ], [ 678791.291736025130376, 9168562.143194312229753, 0.0 ], [ 678813.022386437049136, 9168518.766138926148415, 0.0 ], [ 678813.613848957931623, 9168517.559509783983231, 0.0 ], [ 678822.215981169138104, 9168500.010487137362361, 0.0 ], [ 678840.61164455418475, 9168464.557792622596025, 0.0 ], [ 678862.429417791427113, 9168444.282650651410222, 0.0 ], [ 678873.467771177180111, 9168437.398019269108772, 0.0 ], [ 678889.313058691914193, 9168427.515289863571525, 0.0 ], [ 678919.547454662504606, 9168406.154707152396441, 0.0 ], [ 678931.263453845749609, 9168393.863588867709041, 0.0 ], [ 678945.877068764180876, 9168378.532600935548544, 0.0 ], [ 678946.252911462681368, 9168378.138276491314173, 0.0 ], [ 678946.386206305818632, 9168377.998426986858249, 0.0 ], [ 678961.074013819452375, 9168355.549214782193303, 0.0 ], [ 678982.390864875749685, 9168322.967952450737357, 0.0 ], [ 679035.168750403914601, 9168249.415712939575315, 0.0 ], [ 679074.120229817694053, 9168207.968492988497019, 0.0 ], [ 679115.685140164219774, 9168163.740260727703571, 0.0 ], [ 679158.296023331698962, 9168124.184746971353889, 0.0 ], [ 679165.194506992120296, 9168117.780900962650776, 0.0 ], [ 679171.577571459813043, 9168062.474353363737464, 0.0 ], [ 679178.248832454206422, 9168004.670435721054673, 0.0 ], [ 679204.090876989066601, 9167934.595277056097984, 0.0 ], [ 679205.515776379266754, 9167930.804260572418571, 0.0 ], [ 679209.093210348393768, 9167921.286313876509666, 0.0 ], [ 679210.643137317849323, 9167910.325202308595181, 0.0 ], [ 679213.196533329901285, 9167892.267519772052765, 0.0 ], [ 679217.519946723710746, 9167873.545268844813108, 0.0 ], [ 679226.457389341667295, 9167834.842203745618463, 0.0 ], [ 679240.554053381085396, 9167806.347551899030805, 0.0 ], [ 679262.395795779884793, 9167762.197094559669495, 0.0 ], [ 679297.464617944322526, 9167682.487442504614592, 0.0 ], [ 679340.776039761956781, 9167568.283642875030637, 0.0 ], [ 679340.82406015181914, 9167568.157022021710873, 0.0 ], [ 679382.822472658706829, 9167539.997390808537602, 0.0 ], [ 679414.725207297829911, 9167515.3569799028337, 0.0 ], [ 679428.974041406530887, 9167504.353545311838388, 0.0 ], [ 679446.633208697778173, 9167490.716520972549915, 0.0 ], [ 679463.69771356228739, 9167478.571611376479268, 0.0 ], [ 679474.345671274582855, 9167470.99338966421783, 0.0 ], [ 679480.758869947632775, 9167467.495377819985151, 0.0 ], [ 679499.555809020996094, 9167457.242776297032833, 0.0 ], [ 679522.980051754275337, 9167433.627560405060649, 0.0 ], [ 679538.143571689608507, 9167418.340394150465727, 0.0 ], [ 679544.927591859712265, 9167404.690984765067697, 0.0 ], [ 679557.365972090628929, 9167379.665007347241044, 0.0 ], [ 679581.158180347993039, 9167348.65311518125236, 0.0 ], [ 679581.668630846776068, 9167347.987769136205316, 0.0 ], [ 679581.6810742871603, 9167347.977342179045081, 0.0 ], [ 679611.887283665360883, 9167322.666105054318905, 0.0 ], [ 679670.682735890732147, 9167284.003830384463072, 0.0 ], [ 679726.115019283257425, 9167245.934284623712301, 0.0 ], [ 679730.321188258589245, 9167244.600216034799814, 0.0 ], [ 679788.337140845134854, 9167221.707291189581156, 0.0 ], [ 679814.379547571996227, 9167205.049269488081336, 0.0 ], [ 679851.275862067821436, 9167164.941392680630088, 0.0 ], [ 679879.734301970340312, 9167119.217129940167069, 0.0 ], [ 679886.020146336173639, 9167107.132628006860614, 0.0 ], [ 679911.505848652916029, 9167058.13641488365829, 0.0 ], [ 679919.152974672848359, 9167046.025634426623583, 0.0 ], [ 679932.432174515910447, 9167024.995297787711024, 0.0 ], [ 679945.671790025895461, 9167017.264793217182159, 0.0 ], [ 679956.797001522267237, 9167010.76886685192585, 0.0 ], [ 679981.749580524628982, 9167001.455925311893225, 0.0 ], [ 680003.043677122797817, 9166993.508409090340137, 0.0 ], [ 680094.310547161148861, 9166970.831862898543477, 0.0 ], [ 680143.530802521854639, 9166958.602308876812458, 0.0 ], [ 680149.136399373761378, 9166957.41771550104022, 0.0 ], [ 680170.454508866067044, 9166952.912694923579693, 0.0 ], [ 680170.381389102665707, 9166933.349052228033543, 0.0 ], [ 680173.618001864757389, 9166931.632692962884903, 0.0 ], [ 680200.634304085397162, 9166917.306070988997817, 0.0 ], [ 680243.915727243409492, 9166912.670682782307267, 0.0 ], [ 680301.638269433518872, 9166906.488604929298162, 0.0 ], [ 680395.879277522675693, 9166889.048285083845258, 0.0 ], [ 680470.673255403875373, 9166850.009260136634111, 0.0 ], [ 680538.418360787676647, 9166821.493102442473173, 0.0 ], [ 680540.451566129457206, 9166820.637256851419806, 0.0 ], [ 680540.478357723681256, 9166820.629967853426933, 0.0 ], [ 680540.878738777129911, 9166820.513338414952159, 0.0 ], [ 680590.919007976539433, 9166805.997133530676365, 0.0 ], [ 680595.736081291921437, 9166804.426444936543703, 0.0 ], [ 680602.69180753082037, 9166802.158411111682653, 0.0 ], [ 680622.023179065319709, 9166792.857406480237842, 0.0 ], [ 680632.150991147267632, 9166787.449861992150545, 0.0 ], [ 680646.394835411454551, 9166779.844637516885996, 0.0 ], [ 680665.72608253674116, 9166770.543722542002797, 0.0 ], [ 680685.06621574703604, 9166763.61468717455864, 0.0 ], [ 680695.289423125563189, 9166760.03867625258863, 0.0 ], [ 680707.770360018126667, 9166755.672922443598509, 0.0 ], [ 680735.531216882402077, 9166748.34334577806294, 0.0 ], [ 680768.992111283820122, 9166730.196432016789913, 0.0 ], [ 680771.662776698707603, 9166728.748042963445187, 0.0 ], [ 680785.613234496791847, 9166724.374811548739672, 0.0 ], [ 680785.960403820383362, 9166724.265979804098606, 0.0 ], [ 680788.748675517970696, 9166733.492971811443567, 0.0 ], [ 680791.929471076000482, 9166744.018907077610493, 0.0 ], [ 680792.322257535881363, 9166743.885284753516316, 0.0 ], [ 680826.409324219450355, 9166732.289163999259472, 0.0 ], [ 680859.786853437661193, 9166722.025569589808583, 0.0 ], [ 680864.145428926218301, 9166720.685304926708341, 0.0 ], [ 680864.200479742721654, 9166720.668377229943871, 0.0 ], [ 680864.257210848852992, 9166720.650932854041457, 0.0 ], [ 680907.990294719231315, 9166707.089342199265957, 0.0 ], [ 680930.701212016283534, 9166700.257251136004925, 0.0 ], [ 680976.867914187954739, 9166661.7954455409199, 0.0 ], [ 681007.939438661327586, 9166640.004714820533991, 0.0 ], [ 681070.195432036416605, 9166625.795733174309134, 0.0 ], [ 681085.264666894101538, 9166624.120360888540745, 0.0 ], [ 681105.545030294219032, 9166621.865616263821721, 0.0 ], [ 681105.740884287282825, 9166621.89903954975307, 0.0 ], [ 681140.93221374694258, 9166627.904570460319519, 0.0 ], [ 681179.689502319903113, 9166633.874647412449121, 0.0 ], [ 681179.882148190168664, 9166633.838052298873663, 0.0 ], [ 681208.297946078702807, 9166628.440162476152182, 0.0 ], [ 681214.102706950856373, 9166626.112237818539143, 0.0 ], [ 681241.085837884573266, 9166615.2909872867167, 0.0 ], [ 681280.893488083733246, 9166598.032357409596443, 0.0 ], [ 681292.367628417327069, 9166593.057728102430701, 0.0 ], [ 681304.162073133280501, 9166590.285647083073854, 0.0 ], [ 681354.62196497968398, 9166578.425880977883935, 0.0 ], [ 681416.914599941694178, 9166573.971524795517325, 0.0 ], [ 681450.587308899383061, 9166571.892620906233788, 0.0 ], [ 681462.910131282405928, 9166565.749787576496601, 0.0 ], [ 681486.727149529033341, 9166553.877170354127884, 0.0 ], [ 681486.824623281601816, 9166553.794297898188233, 0.0 ], [ 681487.064120652386919, 9166553.590676583349705, 0.0 ], [ 681515.264637658838183, 9166529.619368167594075, 0.0 ], [ 681539.422608883935027, 9166503.312854101881385, 0.0 ], [ 681554.675756659125909, 9166486.703109325841069, 0.0 ], [ 681580.719496040139347, 9166470.624195663258433, 0.0 ], [ 681605.961085819988512, 9166465.466897301375866, 0.0 ], [ 681638.810506701585837, 9166467.979758435860276, 0.0 ], [ 681656.516372903017327, 9166474.98080257512629, 0.0 ], [ 681675.148338362690993, 9166491.552964946255088, 0.0 ], [ 681694.538175655994564, 9166508.799197599291801, 0.0 ], [ 681738.36241143650841, 9166542.358970161527395, 0.0 ], [ 681751.961806980194524, 9166552.773115018382668, 0.0 ], [ 681842.109564317390323, 9166566.726416518911719, 0.0 ], [ 681847.162555312621407, 9166567.076402850449085, 0.0 ], [ 681853.052270102780312, 9166565.682241164147854, 0.0 ], [ 681862.340183433378115, 9166562.794589471071959, 0.0 ], [ 681952.293716476648115, 9166534.827536622062325, 0.0 ], [ 681957.934401012142189, 9166533.12177275121212, 0.0 ], [ 681966.594604533864185, 9166530.502893548458815, 0.0 ], [ 681976.117789045791142, 9166521.701477276161313, 0.0 ], [ 681990.087088461034, 9166508.790909441187978, 0.0 ], [ 682009.403325777035207, 9166495.585196251049638, 0.0 ], [ 682022.860474368091673, 9166491.705199429765344, 0.0 ], [ 682031.272891546250321, 9166489.279709113761783, 0.0 ], [ 682060.658663254464045, 9166484.278195368126035, 0.0 ], [ 682060.726051386911422, 9166484.26672575995326, 0.0 ], [ 682060.725884908926673, 9166484.222670339047909, 0.0 ], [ 682060.709992712363601, 9166480.017094017937779, 0.0 ], [ 682060.615045409882441, 9166454.89148342050612, 0.0 ], [ 682059.636740923626348, 9166419.138943202793598, 0.0 ], [ 682059.62180320720654, 9166415.18624035269022, 0.0 ], [ 682059.594690324505791, 9166408.011886900290847, 0.0 ], [ 682028.304431295022368, 9166318.400188386440277, 0.0 ], [ 682021.288529176847078, 9166298.30742010474205, 0.0 ], [ 682009.227272551041096, 9166263.395142672583461, 0.0 ], [ 681993.195789168239571, 9166216.990669179707766, 0.0 ], [ 681977.845853877486661, 9166166.105940079316497, 0.0 ], [ 681974.510643032030202, 9166150.913148252293468, 0.0 ], [ 681967.562841759761795, 9166119.264009900391102, 0.0 ], [ 681966.607693325728178, 9166114.178033044561744, 0.0 ], [ 681964.989333125762641, 9166105.560583457350731, 0.0 ], [ 681962.14916456094943, 9166098.659482667222619, 0.0 ], [ 681957.340235187672079, 9166086.97464233264327, 0.0 ], [ 681929.356568214367144, 9166035.185646362602711, 0.0 ], [ 681925.130011254223064, 9166031.088687717914581, 0.0 ], [ 681917.485834909719415, 9166013.770369913429022, 0.0 ], [ 681909.802051397971809, 9165985.266044750809669, 0.0 ], [ 681915.590486892149784, 9165957.085296219214797, 0.0 ], [ 681904.711277410620824, 9165939.766572391614318, 0.0 ], [ 681899.49545911361929, 9165931.463454149663448, 0.0 ], [ 681897.444120899541304, 9165909.30704096890986, 0.0 ], [ 681895.102595077594742, 9165884.016329389065504, 0.0 ], [ 681893.264321030699648, 9165842.466777360066772, 0.0 ], [ 681893.787123858113773, 9165834.235279986634851, 0.0 ], [ 681895.649647364160046, 9165804.909901982173324, 0.0 ], [ 681896.823901444906369, 9165784.284412698820233, 0.0 ], [ 681897.226189804496244, 9165777.218302702531219, 0.0 ], [ 681903.056477503851056, 9165759.423834441229701, 0.0 ], [ 681910.853084138943814, 9165753.094168495386839, 0.0 ], [ 681927.396548429387622, 9165739.663365472108126, 0.0 ], [ 681956.322026825975627, 9165725.596916154026985, 0.0 ], [ 681976.144479837617837, 9165715.957248559221625, 0.0 ], [ 682025.703098373254761, 9165684.340439900755882, 0.0 ], [ 682054.243232330540195, 9165661.026057528331876, 0.0 ], [ 682054.319984553963877, 9165660.962641641497612, 0.0 ], [ 682054.608719256473705, 9165660.724076949059963, 0.0 ], [ 682081.103860229253769, 9165638.830484446138144, 0.0 ], [ 682136.482369161443785, 9165587.466932883486152, 0.0 ], [ 682174.795252165407874, 9165535.107339587062597, 0.0 ], [ 682184.232245759456418, 9165522.210420370101929, 0.0 ], [ 682221.913469591876492, 9165466.851543199270964, 0.0 ], [ 682234.794420323218219, 9165451.666548207402229, 0.0 ], [ 682268.854729987215251, 9165411.513721810653806, 0.0 ], [ 682323.686520190443844, 9165355.746042987331748, 0.0 ], [ 682348.537644432159141, 9165330.470677997916937, 0.0 ], [ 682435.791238044272177, 9165247.398499496281147, 0.0 ], [ 682480.062353455228731, 9165200.797774968668818, 0.0 ], [ 682522.174087387276813, 9165156.469920873641968, 0.0 ], [ 682562.595260344678536, 9165126.412442870438099, 0.0 ], [ 682601.93864711758215, 9165097.15633730776608, 0.0 ], [ 682650.523997680051252, 9165051.368016781285405, 0.0 ], [ 682664.864557466236874, 9165037.853004736825824, 0.0 ], [ 682679.28053626162, 9165025.990519078448415, 0.0 ], [ 682734.530508262920193, 9164980.52683268673718, 0.0 ], [ 682766.863841666374356, 9164948.957078227773309, 0.0 ], [ 682793.2527022191789, 9164923.191359017044306, 0.0 ], [ 682826.529619056149386, 9164890.228565728291869, 0.0 ], [ 682851.131378107937053, 9164865.858988991007209, 0.0 ], [ 682894.766462468425743, 9164826.350571047514677, 0.0 ], [ 682945.972334599588066, 9164784.810400055721402, 0.0 ], [ 682966.584752802271396, 9164762.057453816756606, 0.0 ], [ 682985.378451147233136, 9164741.312064375728369, 0.0 ], [ 683005.697117455303669, 9164724.762166744098067, 0.0 ], [ 683029.028373252484016, 9164705.758436068892479, 0.0 ], [ 683082.705786165315658, 9164650.393896738067269, 0.0 ], [ 683130.572042610729113, 9164604.773182034492493, 0.0 ], [ 683157.372128889663145, 9164579.230296475812793, 0.0 ], [ 683179.367169079254381, 9164561.509772466495633, 0.0 ], [ 683221.167462163139135, 9164527.832876333966851, 0.0 ], [ 683292.51857888372615, 9164470.499149456620216, 0.0 ], [ 683359.24383972864598, 9164421.037950398400426, 0.0 ], [ 683367.244523268425837, 9164415.107297215610743, 0.0 ], [ 683373.5808981024893, 9164410.444138834252954, 0.0 ], [ 683391.512263396172784, 9164397.247813520953059, 0.0 ], [ 683391.593142826808617, 9164397.188291452825069, 0.0 ], [ 683391.855279656592757, 9164396.993084400892258, 0.0 ], [ 683420.420590714085847, 9164375.722192486748099, 0.0 ], [ 683428.535162368323654, 9164369.679745193570852, 0.0 ], [ 683441.00836876151152, 9164362.977903643622994, 0.0 ], [ 683505.840787696884945, 9164328.143418278545141, 0.0 ], [ 683505.838351595797576, 9164328.089402671903372, 0.0 ], [ 683489.795041523058899, 9163972.365356184542179, 0.0 ], [ 683488.547509567812085, 9163968.201863456517458, 0.0 ], [ 683490.798637706669979, 9163951.645203784108162, 0.0 ], [ 683491.713940852787346, 9163925.840398225933313, 0.0 ], [ 683488.97632349585183, 9163872.541297663003206, 0.0 ], [ 683487.384820872335695, 9163840.797765001654625, 0.0 ], [ 683484.07822389039211, 9163827.430475179105997, 0.0 ], [ 683476.467367367236875, 9163783.44947231374681, 0.0 ], [ 683472.245501451776363, 9163746.267028560861945, 0.0 ], [ 683462.845229218248278, 9163700.426333269104362, 0.0 ], [ 683456.83401440596208, 9163683.989717878401279, 0.0 ], [ 683451.680384777253494, 9163671.012370174750686, 0.0 ], [ 683430.166970989201218, 9163627.731142792850733, 0.0 ], [ 683419.82661596336402, 9163612.144297368824482, 0.0 ], [ 683412.067323449533433, 9163601.746383331716061, 0.0 ], [ 683403.442188436165452, 9163591.358522672206163, 0.0 ], [ 683394.825283909915015, 9163580.090837651863694, 0.0 ], [ 683390.512645370326936, 9163574.891930103302002, 0.0 ], [ 683374.77961314888671, 9163545.647815521806479, 0.0 ], [ 683363.581715074717067, 9163526.601697942242026, 0.0 ], [ 683355.838848797720857, 9163512.754556702449918, 0.0 ], [ 683348.079599291668274, 9163500.627025900408626, 0.0 ], [ 683340.320155162597075, 9163490.239172048866749, 0.0 ], [ 683332.569090179633349, 9163478.981447342783213, 0.0 ], [ 683322.228875609696843, 9163464.254367535933852, 0.0 ], [ 683309.29933387262281, 9163446.068107446655631, 0.0 ], [ 683295.495819695293903, 9163430.471251353621483, 0.0 ], [ 683284.281423778389581, 9163418.333795260637999, 0.0 ], [ 683273.941135278786533, 9163404.476549241691828, 0.0 ], [ 683265.324263399699703, 9163390.629422083497047, 0.0 ], [ 683258.43892377614975, 9163375.912370555102825, 0.0 ], [ 683247.257609975291416, 9163352.547182885929942, 0.0 ], [ 683242.726663216133602, 9163338.287194024771452, 0.0 ], [ 683241.179351763450541, 9163328.699778309091926, 0.0 ], [ 683240.560370357008651, 9163321.277164658531547, 0.0 ], [ 683235.152710376074538, 9163282.441434742882848, 0.0 ], [ 683230.163931114133447, 9163272.123510755598545, 0.0 ], [ 683223.773497206275351, 9163264.03513515368104, 0.0 ], [ 683216.550083428854123, 9163257.33648188225925, 0.0 ], [ 683210.439933626796119, 9163250.078054027631879, 0.0 ], [ 683204.601831168518402, 9163244.499094098806381, 0.0 ], [ 683198.483463804819621, 9163240.57992303930223, 0.0 ], [ 683191.251857914379798, 9163234.711100779473782, 0.0 ], [ 683184.580923436093144, 9163230.242052951827645, 0.0 ], [ 683177.910087808035314, 9163223.543388139456511, 0.0 ], [ 683174.018040393479168, 9163220.474052701145411, 0.0 ], [ 683160.577284549828619, 9163207.686593655496836, 0.0 ], [ 683155.019542607828043, 9163202.377741388976574, 0.0 ], [ 683149.734026484540664, 9163198.188519194722176, 0.0 ], [ 683141.380944690899923, 9163195.379187120124698, 0.0 ], [ 683129.688328788033687, 9163192.289739990606904, 0.0 ], [ 683119.941789592499845, 9163190.590134026482701, 0.0 ], [ 683108.521252947975881, 9163188.610470220446587, 0.0 ], [ 683097.389415729558095, 9163186.081035660579801, 0.0 ], [ 683089.308489283896051, 9163184.111407926306129, 0.0 ], [ 683083.181838426622562, 9163183.251563547179103, 0.0 ], [ 683065.890279423212633, 9163188.78053099475801, 0.0 ], [ 683058.92248566634953, 9163191.539938189089298, 0.0 ], [ 683051.707410407019779, 9163180.942064218223095, 0.0 ], [ 683048.10395011305809, 9163173.413607442751527, 0.0 ], [ 683043.09875997598283, 9163169.224412867799401, 0.0 ], [ 683034.745695276767947, 9163166.704936664551497, 0.0 ], [ 683014.757748337346129, 9163163.23568818718195, 0.0 ], [ 683006.957256684894674, 9163162.655833225697279, 0.0 ], [ 682999.156649836571887, 9163159.846363306045532, 0.0 ], [ 682991.925051172845997, 9163155.097302779555321, 0.0 ], [ 682981.914617733564228, 9163148.668600458651781, 0.0 ], [ 682966.882463939953595, 9163144.449507750570774, 0.0 ], [ 682958.809683190775104, 9163141.370110228657722, 0.0 ], [ 682951.297781261848286, 9163137.171001348644495, 0.0 ], [ 682940.990497007616796, 9163134.91145247220993, 0.0 ], [ 682931.243875291431323, 9163133.501684440299869, 0.0 ], [ 682920.936594950733706, 9163132.081996904686093, 0.0 ], [ 682911.750742488540709, 9163130.10239870660007, 0.0 ], [ 682902.004122399957851, 9163127.013005306944251, 0.0 ], [ 682893.65931712591555, 9163123.933639923110604, 0.0 ], [ 682880.853522272547707, 9163118.604723822325468, 0.0 ], [ 682874.454710365040228, 9163116.085295656695962, 0.0 ], [ 682869.721614005393349, 9163113.005875572562218, 0.0 ], [ 682862.786869142437354, 9163102.688051039353013, 0.0 ], [ 682855.546979812905192, 9163100.998309344053268, 0.0 ], [ 682838.271967098582536, 9163100.958409925922751, 0.0 ], [ 682832.978176757576875, 9163101.218353657051921, 0.0 ], [ 682824.748799267108552, 9163100.248486137017608, 0.0 ], [ 682826.991623488022014, 9163093.849822331219912, 0.0 ], [ 682829.234518778277561, 9163088.280958734452724, 0.0 ], [ 682830.644575848244131, 9163082.72201476059854, 0.0 ], [ 682828.987108217435889, 9163076.033410161733627, 0.0 ], [ 682824.542645041365176, 9163072.124192517250776, 0.0 ], [ 682820.089903998887166, 9163069.604753652587533, 0.0 ], [ 682816.206067124730907, 9163062.91611629165709, 0.0 ], [ 682810.961708599119447, 9163045.359652807936072, 0.0 ], [ 682805.148379224119708, 9163030.592704543843865, 0.0 ], [ 682801.281143355532549, 9163018.325217444449663, 0.0 ], [ 682797.405521749751642, 9163007.187388328835368, 0.0 ], [ 682794.92357619269751, 9162997.42946214787662, 0.0 ], [ 682793.266186551423743, 9162991.860529866069555, 0.0 ], [ 682788.409334236872382, 9162962.696552116423845, 0.0 ], [ 682786.90036536147818, 9162944.380219954997301, 0.0 ], [ 682786.174789192387834, 9162922.954597448930144, 0.0 ], [ 682785.424346385523677, 9162911.656884102150798, 0.0 ], [ 682782.4641536436975, 9162884.242495413869619, 0.0 ], [ 682780.361403131741099, 9162853.168762313202024, 0.0 ], [ 682778.778166042640805, 9162835.172446057200432, 0.0 ], [ 682773.90496784565039, 9162819.905563876032829, 0.0 ], [ 682770.144786513410509, 9162799.179743144661188, 0.0 ], [ 682767.456715469481423, 9162783.373011214658618, 0.0 ], [ 682767.473185030044988, 9162776.284418601542711, 0.0 ], [ 682766.483692087698728, 9162736.022676136344671, 0.0 ], [ 682766.541412037564442, 9162714.21704788506031, 0.0 ], [ 682766.590880112489685, 9162695.690838856622577, 0.0 ], [ 682767.192766834748909, 9162674.985113387927413, 0.0 ], [ 682767.770049521117471, 9162662.997530831024051, 0.0 ], [ 682768.347221996518783, 9162650.460065998136997, 0.0 ], [ 682772.173323853639886, 9162647.740641266107559, 0.0 ], [ 682784.72344442573376, 9162644.511296970769763, 0.0 ], [ 682783.667944546672516, 9162632.513678880408406, 0.0 ], [ 682778.250468965386972, 9162616.69689067080617, 0.0 ], [ 682778.819460051716305, 9162607.428780008107424, 0.0 ], [ 682787.568282510619611, 9162599.820390183478594, 0.0 ], [ 682786.50457318034023, 9162590.012380121275783, 0.0 ], [ 682770.25199022598099, 9162549.09071340970695, 0.0 ], [ 682765.386940349708311, 9162530.544416222721338, 0.0 ], [ 682758.336773501709104, 9162516.357399353757501, 0.0 ], [ 682752.375046271365136, 9162497.881087008863688, 0.0 ], [ 682750.247608562000096, 9162474.985791273415089, 0.0 ], [ 682748.120162018109113, 9162454.809826388955116, 0.0 ], [ 682747.625373820075765, 9162435.193889159709215, 0.0 ], [ 682747.6748959380202, 9162417.207497606053948, 0.0 ], [ 682747.1718520517461, 9162402.490545388311148, 0.0 ], [ 682746.806480346713215, 9162396.594898704439402, 0.0 ], [ 682746.124716427759267, 9162385.59394284337759, 0.0 ], [ 682746.710119994473644, 9162370.876933490857482, 0.0 ], [ 682748.367590461857617, 9162361.618829840794206, 0.0 ], [ 682743.477731694583781, 9162355.060224322602153, 0.0 ], [ 682735.322575954720378, 9162344.142432959750295, 0.0 ], [ 682728.264188033528626, 9162332.13485156558454, 0.0 ], [ 682723.423863957286812, 9162304.870413593947887, 0.0 ], [ 682717.486841244157404, 9162283.054789634421468, 0.0 ], [ 682717.536331073381007, 9162262.339004764333367, 0.0 ], [ 682717.008582922630012, 9162256.890189880505204, 0.0 ], [ 682708.960651382454671, 9162198.072158146649599, 0.0 ], [ 682699.766527495346963, 9162167.528341546654701, 0.0 ], [ 682689.500427509425208, 9162129.895990286022425, 0.0 ], [ 682677.601650818716735, 9162093.893299465999007, 0.0 ], [ 682668.927084245719016, 9162073.707457201555371, 0.0 ], [ 682660.252452592598274, 9162052.431803815066814, 0.0 ], [ 682654.834886231692508, 9162039.874390905722976, 0.0 ], [ 682646.688006638083607, 9162024.597433647140861, 0.0 ], [ 682638.565902804723009, 9162003.861704083159566, 0.0 ], [ 682635.325222167186439, 9161992.953935775905848, 0.0 ], [ 682615.147647281293757, 9161945.523524776101112, 0.0 ], [ 682607.536739550065249, 9161934.055876307189465, 0.0 ], [ 682596.13274313067086, 9161917.129296764731407, 0.0 ], [ 682586.353187631350011, 9161900.752601379528642, 0.0 ], [ 682580.399704559356906, 9161884.385988116264343, 0.0 ], [ 682565.202597302151844, 9161854.372131006792188, 0.0 ], [ 682555.991967426147312, 9161832.006606051698327, 0.0 ], [ 682548.941816317848861, 9161817.269597603008151, 0.0 ], [ 682542.43580166308675, 9161800.902988240122795, 0.0 ], [ 682535.393876330228522, 9161782.356698047369719, 0.0 ], [ 682529.984609118662775, 9161767.619741071015596, 0.0 ], [ 682521.8541486953618, 9161748.523624245077372, 0.0 ], [ 682513.163032342796214, 9161734.336556231603026, 0.0 ], [ 682509.369950231048279, 9161722.878909697756171, 0.0 ], [ 682508.85051006032154, 9161713.610752135515213, 0.0 ], [ 682506.063387716072612, 9161687.516016183421016, 0.0 ], [ 682502.921703548287041, 9161638.456094507128, 0.0 ], [ 682502.987717642216012, 9161613.931011565029621, 0.0 ], [ 682510.738809386035427, 9161568.170347547158599, 0.0 ], [ 682514.606107061496004, 9161550.743854213505983, 0.0 ], [ 682519.025847215903923, 9161530.048144645988941, 0.0 ], [ 682523.965142790344544, 9161517.520605951547623, 0.0 ], [ 682532.186280931113288, 9161502.823607921600342, 0.0 ], [ 682541.48752306739334, 9161490.866039903834462, 0.0 ], [ 682550.805322179337963, 9161474.539429649710655, 0.0 ], [ 682553.01523431239184, 9161463.091750498861074, 0.0 ], [ 682553.048179593984969, 9161452.193957598879933, 0.0 ], [ 682560.255061686038971, 9161440.806303773075342, 0.0 ], [ 682567.923736903816462, 9161426.109298702329397, 0.0 ], [ 682575.064585298066959, 9161408.692762117832899, 0.0 ], [ 682585.470850383047946, 9161392.906009078025818, 0.0 ], [ 682590.954376777051948, 9161381.47835729084909, 0.0 ], [ 682593.172549901879393, 9161367.311200637370348, 0.0 ], [ 682600.296857104869559, 9161355.343664655461907, 0.0 ], [ 682609.589953663293272, 9161347.195355836302042, 0.0 ], [ 682619.435554123017937, 9161336.317533303052187, 0.0 ], [ 682630.377741324482486, 9161322.72028643079102, 0.0 ], [ 682636.949635079829022, 9161312.932259421795607, 0.0 ], [ 682648.972183061763644, 9161303.154293885454535, 0.0 ], [ 682655.544106620713137, 9161294.446120634675026, 0.0 ], [ 682660.466821958310902, 9161287.917446603998542, 0.0 ], [ 682669.759894812130369, 9161279.769010232761502, 0.0 ], [ 682680.133158195530996, 9161277.619482873007655, 0.0 ], [ 682685.03943726059515, 9161278.179399639368057, 0.0 ], [ 682680.702165987808257, 9161266.721738485619426, 0.0 ], [ 682678.02226071478799, 9161249.815109480172396, 0.0 ], [ 682681.328855673316866, 9161235.658054599538445, 0.0 ], [ 682685.196112751727924, 9161218.221571955829859, 0.0 ], [ 682686.325779541977681, 9161202.424833735451102, 0.0 ], [ 682687.455481851939112, 9161187.707842625677586, 0.0 ], [ 682686.400070851668715, 9161176.809992346912622, 0.0 ], [ 682676.323593482724391, 9161127.260131616145372, 0.0 ], [ 682670.939078276162036, 9161101.085384154692292, 0.0 ], [ 682665.529792924644426, 9161084.178886767476797, 0.0 ], [ 682661.200771104777232, 9161071.091566190123558, 0.0 ], [ 682655.766712350072339, 9161062.353331871330738, 0.0 ], [ 682649.788501106784679, 9161053.615072526037693, 0.0 ], [ 682644.370921162189916, 9161041.617514811456203, 0.0 ], [ 682639.48940324713476, 9161029.609948545694351, 0.0 ], [ 682638.969915460096672, 9161020.341896498575807, 0.0 ], [ 682639.002922795130871, 9161006.17477261275053, 0.0 ], [ 682638.499863022356294, 9160989.818126734346151, 0.0 ], [ 682635.853047681390308, 9160959.834187369793653, 0.0 ], [ 682634.797564873704687, 9160947.296755215153098, 0.0 ], [ 682632.109361631912179, 9160932.579737322404981, 0.0 ], [ 682629.41299784660805, 9160920.582192311063409, 0.0 ], [ 682624.514903469011188, 9160888.468695404008031, 0.0 ], [ 682615.840318632428534, 9160868.822704484686255, 0.0 ], [ 682593.065301388502121, 9160818.622898301109672, 0.0 ], [ 682587.639512770576403, 9160808.255003022029996, 0.0 ], [ 682582.749751421390101, 9160800.066675810143352, 0.0 ], [ 682578.940206187893637, 9160795.687571180984378, 0.0 ], [ 682572.953652897849679, 9160790.768549552187324, 0.0 ], [ 682567.519638991681859, 9160785.849631104618311, 0.0 ], [ 682561.021986867301166, 9160765.673651659861207, 0.0 ], [ 682553.468796317349188, 9160734.040100865066051, 0.0 ], [ 682550.788851859746501, 9160716.593659220263362, 0.0 ], [ 682544.843600211082958, 9160696.957713583484292, 0.0 ], [ 682538.873604991706088, 9160684.950098982080817, 0.0 ], [ 682529.102247648173943, 9160669.113340435549617, 0.0 ], [ 682520.94716443226207, 9160657.105767199769616, 0.0 ], [ 682516.057316448888741, 9160649.467321284115314, 0.0 ], [ 682501.223065546131693, 9160626.042100511491299, 0.0 ], [ 682494.156404351815581, 9160616.754016272723675, 0.0 ], [ 682482.727689540130086, 9160604.736477505415678, 0.0 ], [ 682474.028331107227132, 9160595.98824454843998, 0.0 ], [ 682463.696311214589514, 9160585.070487139746547, 0.0 ], [ 682452.83651404408738, 9160564.32465616799891, 0.0 ], [ 682441.976725294371136, 9160547.398139344528317, 0.0 ], [ 682436.567435051198117, 9160531.041415277868509, 0.0 ], [ 682424.652142343111336, 9160497.218340095132589, 0.0 ], [ 682420.331410754239187, 9160482.491296026855707, 0.0 ], [ 682419.267690185923129, 9160472.673342181369662, 0.0 ], [ 682419.284098730538972, 9160464.505007470026612, 0.0 ], [ 682423.11847259500064, 9160459.606031393632293, 0.0 ], [ 682434.027713626855984, 9160458.546166602522135, 0.0 ], [ 682472.766690740478225, 9160452.107479803264141, 0.0 ], [ 682488.606904312851839, 9160445.058938222005963, 0.0 ], [ 682521.375903823063709, 9160427.712468607351184, 0.0 ], [ 682538.857112131314352, 9160419.034208195284009, 0.0 ], [ 682547.597693087649532, 9160413.605319019407034, 0.0 ], [ 682549.24688879516907, 9160407.066680768504739, 0.0 ], [ 682536.779154071118683, 9160379.792229123413563, 0.0 ], [ 682519.446397792897187, 9160343.829577390104532, 0.0 ], [ 682518.91864044952672, 9160337.280889926478267, 0.0 ], [ 682519.495901634800248, 9160326.383117141202092, 0.0 ], [ 682503.72163582756184, 9160310.536322019994259, 0.0 ], [ 682491.204426619457081, 9160299.058679562062025, 0.0 ], [ 682482.513230005279183, 9160285.411475485190749, 0.0 ], [ 682474.382911163265817, 9160266.865279762074351, 0.0 ], [ 682447.806535520707257, 9160209.01703187264502, 0.0 ], [ 682442.39729241724126, 9160193.740060653537512, 0.0 ], [ 682434.811066705617122, 9160174.104078536853194, 0.0 ], [ 682429.393555124523118, 9160159.377131842076778, 0.0 ], [ 682421.246646991698071, 9160145.179956926032901, 0.0 ], [ 682417.478305411175825, 9160128.823282284662127, 0.0 ], [ 682414.781958799925633, 9160114.646231519058347, 0.0 ], [ 682411.442382440320216, 9160103.768384935334325, 0.0 ], [ 682404.936375732766464, 9160089.041388835757971, 0.0 ], [ 682391.330773039604537, 9160078.643544314429164, 0.0 ], [ 682384.264046784723178, 9160068.275607211515307, 0.0 ], [ 682371.268641641829163, 9160032.262999096885324, 0.0 ], [ 682364.754379314254038, 9160020.805354949086905, 0.0 ], [ 682358.784407244180329, 9160008.257814256474376, 0.0 ], [ 682350.093251867569052, 9159995.700414814054966, 0.0 ], [ 682345.755894725909457, 9159986.962199678644538, 0.0 ], [ 682341.98754212341737, 9159967.876133682206273, 0.0 ], [ 682334.393137469422072, 9159950.419692434370518, 0.0 ], [ 682327.251360005815513, 9159933.645394168794155, 0.0 ], [ 682326.262797856936231, 9159931.323501402512193, 0.0 ], [ 682320.309283791808411, 9159914.956804847344756, 0.0 ], [ 682313.250793458195403, 9159902.949251834303141, 0.0 ], [ 682303.47123617248144, 9159887.112524684518576, 0.0 ], [ 682293.147435542428866, 9159872.375535320490599, 0.0 ], [ 682287.177419215789996, 9159860.907850028946996, 0.0 ], [ 682281.759971207706258, 9159846.730784144252539, 0.0 ], [ 682275.806440674234182, 9159831.453897520899773, 0.0 ], [ 682262.654341566259973, 9159812.947641177102923, 0.0 ], [ 682249.040419965051115, 9159804.739274201914668, 0.0 ], [ 682232.152915019658394, 9159796.520935988053679, 0.0 ], [ 682214.721201826119795, 9159790.482186794281006, 0.0 ], [ 682200.546672716853209, 9159786.083092888817191, 0.0 ], [ 682184.195145562291145, 9159784.403437128290534, 0.0 ], [ 682173.285854158573784, 9159782.743730207905173, 0.0 ], [ 682116.01024958700873, 9159709.298683507367969, 0.0 ], [ 681972.755155222024769, 9159620.256798723712564, 0.0 ], [ 681872.098147761891596, 9159507.979682477191091, 0.0 ], [ 681759.822775119566359, 9159465.388310523703694, 0.0 ], [ 681628.186049981391989, 9159380.215672409161925, 0.0 ], [ 681546.882101991446689, 9159302.781501831486821, 0.0 ], [ 681333.941347802756354, 9159082.096371833235025, 0.0 ], [ 681254.030845227884129, 9158955.532194128260016, 0.0 ], [ 681124.867977736634202, 9158880.767329733818769, 0.0 ], [ 680865.470257074572146, 9158605.883346507325768, 0.0 ], [ 680776.423385489964858, 9158481.988566661253572, 0.0 ], [ 680648.662284825579263, 9158311.633164025843143, 0.0 ], [ 680486.054162818705663, 9158176.130753753706813, 0.0 ], [ 680362.160432766424492, 9158121.921859622001648, 0.0 ], [ 680253.752272823126987, 9158040.618394933640957, 0.0 ], [ 680149.21972958825063, 9157924.472063781693578, 0.0 ], [ 680057.088884010678157, 9157886.949655082076788, 0.0 ], [ 679986.611612630076706, 9157823.812481503933668, 0.0 ], [ 679920.793321660719812, 9157816.064027309417725, 0.0 ], [ 679878.203511356143281, 9157754.116671362891793, 0.0 ], [ 679804.642371079069562, 9157730.891381662338972, 0.0 ], [ 679734.956761239329353, 9157699.917726095765829, 0.0 ], [ 679669.94733679597266, 9157685.076252980157733, 0.0 ], [ 679641.589024161687121, 9157678.602098770439625, 0.0 ], [ 679605.505179154570214, 9157680.851638102903962, 0.0 ], [ 679560.392155982437544, 9157686.490486642345786, 0.0 ], [ 679540.099180841003545, 9157692.119315661489964, 0.0 ], [ 679511.898336883750744, 9157701.137441581115127, 0.0 ], [ 679490.475709316669963, 9157707.896130867302418, 0.0 ], [ 679447.622041224502027, 9157707.896106643602252, 0.0 ], [ 679408.149151611491106, 9157721.423391692340374, 0.0 ], [ 679358.533941766479984, 9157724.802615480497479, 0.0 ], [ 679331.462825827416964, 9157732.691075196489692, 0.0 ], [ 679297.630174065823667, 9157749.597594603896141, 0.0 ], [ 679264.927139098872431, 9157750.727428844198585, 0.0 ], [ 679237.864294657367282, 9157761.995117293670774, 0.0 ], [ 679215.303587641217746, 9157769.883465476334095, 0.0 ], [ 679193.880886260303669, 9157772.143030745908618, 0.0 ], [ 679166.818025831598788, 9157781.151231778785586, 0.0 ], [ 679137.495775838848203, 9157786.790024584159255, 0.0 ], [ 679113.81373064708896, 9157794.678439937531948, 0.0 ], [ 679085.621242717374116, 9157802.566863605752587, 0.0 ], [ 679044.177616174099967, 9157808.725572649389505, 0.0 ], [ 678996.096135369502008, 9157828.381526285782456, 0.0 ], [ 678954.569981033564545, 9157850.217181714251637, 0.0 ], [ 678891.192428482463583, 9157865.504000345245004, 0.0 ], [ 678859.957876899163239, 9157879.810755452141166, 0.0 ], [ 678838.740610309061594, 9157889.529149368405342, 0.0 ], [ 678793.990501536987722, 9157904.735997572541237, 0.0 ], [ 678793.166224164306186, 9157886.61138011328876, 0.0 ], [ 678791.805254876147956, 9157856.685757953673601, 0.0 ], [ 678791.805271297460422, 9157840.247170371934772, 0.0 ], [ 678791.805311338976026, 9157793.348751312121749, 0.0 ], [ 678793.557346731191501, 9157739.164535261690617, 0.0 ], [ 678796.18381183675956, 9157657.936307856813073, 0.0 ], [ 678793.990419763838872, 9157491.950105680152774, 0.0 ], [ 678796.183841660502367, 9157328.143390566110611, 0.0 ], [ 678776.509266506298445, 9157242.960777657106519, 0.0 ], [ 678752.489086424000561, 9157182.653039358556271, 0.0 ], [ 678743.748525956645608, 9157069.086132334545255, 0.0 ], [ 678754.674268589122221, 9157012.297643825411797, 0.0 ], [ 678763.423123633605428, 9156953.329654494300485, 0.0 ], [ 678778.719116798602045, 9156883.433938343077898, 0.0 ], [ 678796.200345174991526, 9156789.523001663386822, 0.0 ], [ 678815.874922951101325, 9156689.053532773628831, 0.0 ], [ 678824.615463774185628, 9156641.003270070999861, 0.0 ], [ 678835.541273174108937, 9156584.224774569272995, 0.0 ], [ 678855.364257295266725, 9156552.661269754171371, 0.0 ], [ 678866.290051761083305, 9156511.169632969424129, 0.0 ], [ 678885.964605015702546, 9156474.037248568609357, 0.0 ], [ 678912.186398586840369, 9156428.176586356014013, 0.0 ], [ 678923.705785380327143, 9156356.791061324998736, 0.0 ], [ 678921.297996289096773, 9156311.170378753915429, 0.0 ], [ 678950.133724444778636, 9156277.547264246270061, 0.0 ], [ 678981.368971875519492, 9156234.326024046167731, 0.0 ], [ 679005.397435194579884, 9156183.906296381726861, 0.0 ], [ 679005.397455472266302, 9156126.278058934956789, 0.0 ], [ 678983.76859296229668, 9156020.619482707232237, 0.0 ], [ 678987.033892610692419, 9155937.126556783914566, 0.0 ], [ 679026.531541966600344, 9155897.664532795548439, 0.0 ], [ 679071.174529240000993, 9155851.324031587690115, 0.0 ], [ 679114.102315270109102, 9155810.142407655715942, 0.0 ], [ 679160.468709368957207, 9155775.829398509114981, 0.0 ], [ 679199.95813817018643, 9155726.059471253305674, 0.0 ], [ 679229.473261270904914, 9155690.354205466806889, 0.0 ], [ 679232.586871525738388, 9155686.587579593062401, 0.0 ], [ 679275.514784544240683, 9155647.125598667189479, 0.0 ], [ 679328.064093288383447, 9155609.022446401417255, 0.0 ], [ 679363.085669851745479, 9155583.628461508080363, 0.0 ], [ 679412.882333934539929, 9155539.017552625387907, 0.0 ], [ 679460.963756237877533, 9155494.396677080541849, 0.0 ], [ 679472.986273052403703, 9155461.793261613696814, 0.0 ], [ 679472.986222015344538, 9155436.05857814848423, 0.0 ], [ 679465.965162145672366, 9155397.650376193225384, 0.0 ], [ 679459.306348026613705, 9155361.22379007562995, 0.0 ], [ 679459.306343120289966, 9155313.173563936725259, 0.0 ], [ 679479.912750568124466, 9155215.363475928083062, 0.0 ], [ 679519.402161837089807, 9155134.709898533299565, 0.0 ], [ 679550.315768847824074, 9155084.940016260370612, 0.0 ], [ 679586.374864330748096, 9155011.155051451176405, 0.0 ], [ 679627.579294226365164, 9154930.501455089077353, 0.0 ], [ 679642.883386209025048, 9154896.858443919569254, 0.0 ], [ 679653.339396198745817, 9154873.872941199690104, 0.0 ], [ 679657.336183482781053, 9154820.643615186214447, 0.0 ], [ 679658.493012318387628, 9154805.236880850046873, 0.0 ], [ 679651.62426964531187, 9154740.030149647966027, 0.0 ], [ 679637.886590473237447, 9154700.558230742812157, 0.0 ], [ 679617.280255137244239, 9154649.078705728054047, 0.0 ], [ 679535.506248191231862, 9154524.264131700620055, 0.0 ], [ 679509.738020483055152, 9154446.999849068000913, 0.0 ], [ 679502.374433055054396, 9154408.987568801268935, 0.0 ], [ 679482.741087238187902, 9154380.783303245902061, 0.0 ], [ 679460.658712553558871, 9154357.478119613602757, 0.0 ], [ 679428.747287180623971, 9154334.182759761810303, 0.0 ], [ 679384.574295807396993, 9154286.352529576048255, 0.0 ], [ 679362.483646181062795, 9154249.56001540273428, 0.0 ], [ 679344.078953156480566, 9154216.456719713285565, 0.0 ], [ 679334.258199416333809, 9154166.176962861791253, 0.0 ], [ 679339.17270194273442, 9154114.667464615777135, 0.0 ], [ 679346.536208757082932, 9154060.70844018086791, 0.0 ], [ 679364.940993408788927, 9154004.299929024651647, 0.0 ], [ 679395.640227879863232, 9153959.049150729551911, 0.0 ], [ 679426.314775014529005, 9153916.127886161208153, 0.0 ], [ 679493.807052037678659, 9153856.040078600868583, 0.0 ], [ 679504.85133621271234, 9153845.23767220787704, 0.0 ], [ 679551.478455404052511, 9153799.631625957787037, 0.0 ], [ 679566.205489361193031, 9153766.518377156928182, 0.0 ], [ 679556.392955984105356, 9153733.405097097158432, 0.0 ], [ 679523.261144563904963, 9153702.751323176547885, 0.0 ], [ 679481.537186110974289, 9153662.279600350186229, 0.0 ], [ 679453.311638384126127, 9153611.999806214123964, 0.0 ], [ 679431.22105645085685, 9153551.912054032087326, 0.0 ], [ 679401.046653139870614, 9153416.245094982907176, 0.0 ], [ 679400.224894526880234, 9153412.550385233014822, 0.0 ], [ 679369.542113988078199, 9153347.553660476580262, 0.0 ], [ 679345.00244955974631, 9153283.776560127735138, 0.0 ], [ 679327.818176479544491, 9153253.122804502025247, 0.0 ], [ 679309.413472705520689, 9153207.752089144662023, 0.0 ], [ 679293.465924505377188, 9153173.409085735678673, 0.0 ], [ 679275.053010973148048, 9153137.846366632729769, 0.0 ], [ 679260.325887334067374, 9153125.588788500055671, 0.0 ], [ 679246.83569286938291, 9153117.000591611489654, 0.0 ], [ 679239.043734437087551, 9153115.273229861631989, 0.0 ], [ 679235.786341354483739, 9153114.551113678142428, 0.0 ], [ 679213.695655748480931, 9153099.834092544391751, 0.0 ], [ 679213.143565683974884, 9153098.067919688299298, 0.0 ], [ 679207.560734830796719, 9153080.208067148923874, 0.0 ], [ 679203.883079320192337, 9153053.233590714633465, 0.0 ], [ 679191.613314563990571, 9153028.70852642133832, 0.0 ], [ 679178.114871111116372, 9153018.890538565814495, 0.0 ], [ 679172.696132122538984, 9153018.506192298606038, 0.0 ], [ 679142.311374000622891, 9153016.351017411798239, 0.0 ], [ 679127.373546037822962, 9153011.452279809862375, 0.0 ], [ 679102.434507353696972, 9153003.273715594783425, 0.0 ], [ 679080.738276669988409, 9152992.009583152830601, 0.0 ], [ 679071.48789094213862, 9152987.207013364881277, 0.0 ], [ 679047.071691280114464, 9152971.010700242593884, 0.0 ], [ 679000.664239286794327, 9152940.226587116718292, 0.0 ], [ 678972.68609904369805, 9152910.482585957273841, 0.0 ], [ 678952.727617715252563, 9152881.145506519824266, 0.0 ], [ 678952.450826255953871, 9152880.738648995757103, 0.0 ], [ 678929.477936681127176, 9152800.275067642331123, 0.0 ], [ 678922.881258563604206, 9152745.366194203495979, 0.0 ], [ 678929.47786297800485, 9152670.691400449723005, 0.0 ], [ 678931.671337267500348, 9152617.972169926390052, 0.0 ], [ 678932.809809443890117, 9152610.01256987825036, 0.0 ], [ 678938.268026839243248, 9152571.851511333137751, 0.0 ], [ 678937.183560484903865, 9152553.458261847496033, 0.0 ], [ 678936.066317441873252, 9152534.50911115296185, 0.0 ], [ 678934.653647424653172, 9152510.465006142854691, 0.0 ], [ 678933.872917918255553, 9152497.17674370855093, 0.0 ], [ 678942.663071691058576, 9152451.056087354198098, 0.0 ], [ 678949.288071497809142, 9152430.087487880140543, 0.0 ], [ 678955.848077692906372, 9152409.324571553617716, 0.0 ], [ 678977.143314860295504, 9152368.884417502209544, 0.0 ], [ 678977.823292695218697, 9152367.593122063204646, 0.0 ], [ 678985.148652323172428, 9152342.706481633707881, 0.0 ], [ 678988.814984538592398, 9152330.250738773494959, 0.0 ], [ 678989.010866543394513, 9152330.076793499290943, 0.0 ], [ 679008.596817342797294, 9152312.684251872822642, 0.0 ], [ 679038.837281432352029, 9152301.548297027125955, 0.0 ], [ 679050.353713126154616, 9152297.307400727644563, 0.0 ], [ 679056.609042253578082, 9152297.307402372360229, 0.0 ], [ 679065.740448866505176, 9152297.307403296232224, 0.0 ], [ 679067.549048670334741, 9152294.6967728510499, 0.0 ], [ 679083.404967268579639, 9152271.809467101469636, 0.0 ], [ 679085.522291793487966, 9152268.753201849758625, 0.0 ], [ 679085.89168325974606, 9152262.834635723382235, 0.0 ], [ 679087.715634143678471, 9152233.610365308821201, 0.0 ], [ 679084.71627905103378, 9152209.627232395112514, 0.0 ], [ 679083.320638922508806, 9152198.467558035627007, 0.0 ], [ 679056.950380954192951, 9152167.723796991631389, 0.0 ], [ 679037.168588318745606, 9152139.169551951810718, 0.0 ], [ 679032.77357688092161, 9152117.204079737886786, 0.0 ], [ 679026.741110831964761, 9152090.073952754959464, 0.0 ], [ 679023.98353172861971, 9152077.672141743823886, 0.0 ], [ 679015.185189773561433, 9152062.295283697545528, 0.0 ], [ 678997.605110505828634, 9152033.741005871444941, 0.0 ], [ 678989.23320054449141, 9152025.374313853681087, 0.0 ], [ 678969.033225923310965, 9152005.186913423240185, 0.0 ], [ 678920.679650789941661, 9151967.854488076642156, 0.0 ], [ 678897.423748245462775, 9151950.080970041453838, 0.0 ], [ 678883.317697010934353, 9151939.300291681662202, 0.0 ], [ 678832.770633963984437, 9151901.957844637334347, 0.0 ], [ 678825.998712308122776, 9151895.190765896812081, 0.0 ], [ 678806.110863034497015, 9151875.317124823108315, 0.0 ], [ 678799.803778453031555, 9151869.014541598036885, 0.0 ], [ 678796.160429013427347, 9151865.373525906354189, 0.0 ], [ 678786.456146958749741, 9151855.675456378608942, 0.0 ], [ 678784.417049700859934, 9151853.6376638635993, 0.0 ], [ 678769.862633501645178, 9151825.139317102730274, 0.0 ], [ 678768.086433698656037, 9151821.661418221890926, 0.0 ], [ 678753.453908970113844, 9151793.010096726939082, 0.0 ], [ 678712.655235977144912, 9151746.11313627101481, 0.0 ], [ 678709.50353540724609, 9151742.490338001400232, 0.0 ], [ 678523.62418893200811, 9151404.564344584941864, 0.0 ], [ 678482.979182000039145, 9151330.671719964593649, 0.0 ], [ 678444.985043558292091, 9151261.598185021430254, 0.0 ], [ 678417.336720673833042, 9151200.810630206018686, 0.0 ], [ 678415.128236039192416, 9151196.02872097119689, 0.0 ], [ 678413.866567542310804, 9151193.296899823471904, 0.0 ], [ 678400.746143499505706, 9151164.887954272329807, 0.0 ], [ 678395.681866656872444, 9151152.08582947589457, 0.0 ], [ 678377.245509076630697, 9151105.480008544400334, 0.0 ], [ 678345.449491321924143, 9151061.269015112891793, 0.0 ], [ 678327.473562561324798, 9151010.149393379688263, 0.0 ], [ 678284.619895882671699, 9150938.314066462218761, 0.0 ], [ 678243.151595014380291, 9150880.285826744511724, 0.0 ], [ 678205.82260940305423, 9150830.555992903187871, 0.0 ], [ 678157.435962716466747, 9150780.816057510674, 0.0 ], [ 678133.935399522189982, 9150742.133971776813269, 0.0 ], [ 678118.441427973448299, 9150681.95617713779211, 0.0 ], [ 678103.236109237186611, 9150628.077177785336971, 0.0 ], [ 678089.485919419210404, 9150588.241713967174292, 0.0 ], [ 678089.40779152198229, 9150588.015370713546872, 0.0 ], [ 678064.521868613781407, 9150557.621552407741547, 0.0 ], [ 678061.581047710264102, 9150555.049428371712565, 0.0 ], [ 678060.147842295351438, 9150553.795906763523817, 0.0 ], [ 678031.34877759963274, 9150528.607417577877641, 0.0 ], [ 678012.969534193631262, 9150516.364950083196163, 0.0 ], [ 677985.265014092205092, 9150497.910865759477019, 0.0 ], [ 677981.576907510869205, 9150495.454202115535736, 0.0 ], [ 677963.302601929288357, 9150484.494484812021255, 0.0 ], [ 677927.535847664810717, 9150463.043924326077104, 0.0 ], [ 677926.280242069158703, 9150462.29089342430234, 0.0 ], [ 677897.468909664079547, 9150439.666806597262621, 0.0 ], [ 677887.574309697840363, 9150431.897068055346608, 0.0 ], [ 677836.425294829532504, 9150382.16724138520658, 0.0 ], [ 677794.948720758548006, 9150336.576462024822831, 0.0 ], [ 677764.538040172425099, 9150313.09123944863677, 0.0 ], [ 677745.185023977421224, 9150299.274111475795507, 0.0 ], [ 677726.510290624457411, 9150287.032432321459055, 0.0 ], [ 677705.926597732584924, 9150273.539375863969326, 0.0 ], [ 677663.064642358454876, 9150252.823535269126296, 0.0 ], [ 677618.833988409140147, 9150232.097768355160952, 0.0 ], [ 677599.472668562317267, 9150215.521200368180871, 0.0 ], [ 677584.421653133700602, 9150192.274148128926754, 0.0 ], [ 677584.267410419997759, 9150192.035912359133363, 0.0 ], [ 677584.231275319471024, 9150191.602108532562852, 0.0 ], [ 677582.432513945619576, 9150170.007882693782449, 0.0 ], [ 677581.504970541456714, 9150158.8726771697402, 0.0 ], [ 677589.536613228498027, 9150112.059534410014749, 0.0 ], [ 677589.800320801092312, 9150110.522488746792078, 0.0 ], [ 677592.044195779250003, 9150091.088541461154819, 0.0 ], [ 677592.826289215125144, 9150084.314911335706711, 0.0 ], [ 677593.948005474638194, 9150074.599836537614465, 0.0 ], [ 677591.614817304071039, 9150067.609595743939281, 0.0 ], [ 677588.415075585711747, 9150058.023154770955443, 0.0 ], [ 677578.006223042379133, 9150052.81878618337214, 0.0 ], [ 677577.357313176849857, 9150052.494334744289517, 0.0 ], [ 677552.471423314185813, 9150058.023237848654389, 0.0 ], [ 677534.887856774847023, 9150062.41914908029139, 0.0 ], [ 677530.35602749302052, 9150063.552110198885202, 0.0 ], [ 677526.508754107402638, 9150062.398792194202542, 0.0 ], [ 677505.402975025586784, 9150056.071792129427195, 0.0 ], [ 677502.707730136928149, 9150055.263822404667735, 0.0 ], [ 677501.718562273774296, 9150054.391452625393867, 0.0 ], [ 677479.418772250646725, 9150034.724745161831379, 0.0 ], [ 677479.207071533659473, 9150034.538041232153773, 0.0 ], [ 677479.136257496429607, 9150033.831736473366618, 0.0 ], [ 677476.968556454172358, 9150012.210916057229042, 0.0 ], [ 677476.436450639739633, 9150006.90365113504231, 0.0 ], [ 677468.899443854345009, 9149975.527245800942183, 0.0 ], [ 677468.141180128091946, 9149972.370608096942306, 0.0 ], [ 677458.468781915609725, 9149958.553418563678861, 0.0 ], [ 677456.378523723222315, 9149957.210089657455683, 0.0 ], [ 677440.254923162865452, 9149946.848063794896007, 0.0 ], [ 677439.115782246575691, 9149946.11598083935678, 0.0 ], [ 677429.140239364118315, 9149944.694214293733239, 0.0 ], [ 677419.754577761748806, 9149943.356518767774105, 0.0 ], [ 677401.979077952448279, 9149940.815521694719791, 0.0 ], [ 677390.729179451824166, 9149939.207351926714182, 0.0 ], [ 677374.265785833355039, 9149940.971828699111938, 0.0 ], [ 677352.014965761685744, 9149943.356567788869143, 0.0 ], [ 677332.661901589133777, 9149940.587087366729975, 0.0 ], [ 677310.199953533243388, 9149932.318316461518407, 0.0 ], [ 677306.398869563359767, 9149930.919046876952052, 0.0 ], [ 677302.42818599473685, 9149929.762118371203542, 0.0 ], [ 677273.217580232187174, 9149921.251083206385374, 0.0 ], [ 677231.497782292659394, 9149903.557417653501034, 0.0 ], [ 677227.601653013611212, 9149901.905038906261325, 0.0 ], [ 677218.696306920726784, 9149900.287250755354762, 0.0 ], [ 677183.145782287232578, 9149893.82895365357399, 0.0 ], [ 677181.977389199193567, 9149893.616696689277887, 0.0 ], [ 677150.181389473611489, 9149886.708080112934113, 0.0 ], [ 677123.918344258330762, 9149875.660296743735671, 0.0 ], [ 677089.351825474994257, 9149859.083655403926969, 0.0 ], [ 677086.209949893062003, 9149856.426292775198817, 0.0 ], [ 677071.384143436560407, 9149843.886788273230195, 0.0 ], [ 677058.941174121922813, 9149832.829070558771491, 0.0 ], [ 677053.957934086909518, 9149828.85061165317893, 0.0 ], [ 677045.879663945292123, 9149822.401177788153291, 0.0 ], [ 677003.026045946171507, 9149785.098800791427493, 0.0 ], [ 676979.525341304717585, 9149762.99329948425293, 0.0 ], [ 676951.868805166217498, 9149747.796329451724887, 0.0 ], [ 676924.582155542680994, 9149736.718757245689631, 0.0 ], [ 676907.638153467676602, 9149729.839984051883221, 0.0 ], [ 676872.751879918039776, 9149719.45311913266778, 0.0 ], [ 676842.660895579494536, 9149710.493956658989191, 0.0 ], [ 676783.216625163215213, 9149688.388398261740804, 0.0 ], [ 676734.829984521958977, 9149670.432104263454676, 0.0 ], [ 676732.62672616657801, 9149668.846845844760537, 0.0 ], [ 676700.271612162934616, 9149645.567113731056452, 0.0 ], [ 676689.819687956711277, 9149632.335013860836625, 0.0 ], [ 676679.533352018916048, 9149619.312540167942643, 0.0 ], [ 676668.475693411426619, 9149597.207034206017852, 0.0 ], [ 676649.114393162191845, 9149575.101522343233228, 0.0 ], [ 676641.762980375206098, 9149565.752948729321361, 0.0 ], [ 676633.909117163158953, 9149555.76541930064559, 0.0 ], [ 676621.466138723655604, 9149543.327969940379262, 0.0 ], [ 676619.599838522030041, 9149542.734646463766694, 0.0 ], [ 676614.718942147213966, 9149541.182939441874623, 0.0 ], [ 676591.055470952647738, 9149533.659974167123437, 0.0 ], [ 676576.074256347375922, 9149527.839828588068485, 0.0 ], [ 676566.169508413644508, 9149523.991868071258068, 0.0 ], [ 676550.964101362391375, 9149500.506728218868375, 0.0 ], [ 676534.373499179142527, 9149465.963670553639531, 0.0 ], [ 676529.407785257673822, 9149450.451423037797213, 0.0 ], [ 676523.31575894728303, 9149431.420711725950241, 0.0 ], [ 676515.020544484723359, 9149398.267533913254738, 0.0 ], [ 676508.110489406739362, 9149378.931465495377779, 0.0 ], [ 676501.200421015615575, 9149366.493989115580916, 0.0 ], [ 676493.591282989364117, 9149350.534821575507522, 0.0 ], [ 676489.634140216978267, 9149342.235230756923556, 0.0 ], [ 676487.009307424654253, 9149336.729984978213906, 0.0 ], [ 676459.361014063702896, 9149307.715911636129022, 0.0 ], [ 676423.41738286963664, 9149275.942350039258599, 0.0 ], [ 676391.621379827149212, 9149252.457165859639645, 0.0 ], [ 676348.280681357719004, 9149228.730944104492664, 0.0 ], [ 676333.562438835971989, 9149220.673647603020072, 0.0 ], [ 676300.381202942808159, 9149190.279857385903597, 0.0 ], [ 676269.970438744989224, 9149159.88598819449544, 0.0 ], [ 676253.881240613409318, 9149133.470881149172783, 0.0 ], [ 676250.617511132266372, 9149128.112514702603221, 0.0 ], [ 676234.611991981975734, 9149093.456817377358675, 0.0 ], [ 676234.026814060751349, 9149092.189769316464663, 0.0 ], [ 676234.34273739065975, 9149089.820629416033626, 0.0 ], [ 676235.364539162721485, 9149082.158035228028893, 0.0 ], [ 676236.789251748006791, 9149071.473964663222432, 0.0 ], [ 676246.964621232706122, 9149056.997012466192245, 0.0 ], [ 676258.836036257212982, 9149020.60602192953229, 0.0 ], [ 676259.094249284127727, 9149019.814487123861909, 0.0 ], [ 676259.161815895698965, 9149019.313047025352716, 0.0 ], [ 676262.107319828821346, 9148997.45321137830615, 0.0 ], [ 676264.759114524698816, 9148977.773085042834282, 0.0 ], [ 676265.376739911618643, 9148964.18130779825151, 0.0 ], [ 676266.673364573973231, 9148935.647042725235224, 0.0 ], [ 676267.183353375759907, 9148924.423905052244663, 0.0 ], [ 676264.187961231800728, 9148912.232069587334991, 0.0 ], [ 676259.926320775528438, 9148894.88634798116982, 0.0 ], [ 676255.861887589562684, 9148878.343292171135545, 0.0 ], [ 676240.621754465508275, 9148853.173081560060382, 0.0 ], [ 676237.259186737239361, 9148847.619548002257943, 0.0 ], [ 676223.864615022786893, 9148818.693676106631756, 0.0 ], [ 676212.175421569147147, 9148793.450581720098853, 0.0 ], [ 676196.805109861074015, 9148766.776071706786752, 0.0 ], [ 676171.72952848020941, 9148732.822957653552294, 0.0 ], [ 676158.791778937331401, 9148715.846454512327909, 0.0 ], [ 676132.091780489310622, 9148673.804970853030682, 0.0 ], [ 676124.412679105182178, 9148663.05882740393281, 0.0 ], [ 676111.872927437536418, 9148645.510673280805349, 0.0 ], [ 676109.487038829596713, 9148643.860703883692622, 0.0 ], [ 676090.837753593223169, 9148630.963719861581922, 0.0 ], [ 676088.846439476707019, 9148630.466556949540973, 0.0 ], [ 676083.071129916817881, 9148629.024659529328346, 0.0 ], [ 676074.659459386602975, 9148626.924551516771317, 0.0 ], [ 676067.081293106428348, 9148625.662553651258349, 0.0 ], [ 676040.678273699129932, 9148621.265628773719072, 0.0 ], [ 676036.157147141522728, 9148619.005292885005474, 0.0 ], [ 676024.892362487851642, 9148613.373464522883296, 0.0 ], [ 676024.499989696079865, 9148613.177297707647085, 0.0 ], [ 676024.387659348081797, 9148612.934616966173053, 0.0 ], [ 676017.238662543240935, 9148597.489776149392128, 0.0 ], [ 676014.522477578837425, 9148591.62167164683342, 0.0 ], [ 676012.393504424137063, 9148578.842355804517865, 0.0 ], [ 676009.673879902460612, 9148562.517608495429158, 0.0 ], [ 676004.765460361842997, 9148546.166400225833058, 0.0 ], [ 676002.392817405750975, 9148538.262513386085629, 0.0 ], [ 676001.193919004173949, 9148529.536419034004211, 0.0 ], [ 675996.727921805810183, 9148497.030978487804532, 0.0 ], [ 675990.271997913951054, 9148484.712600326165557, 0.0 ], [ 675978.933471675729379, 9148463.077843498438597, 0.0 ], [ 675966.15030287578702, 9148436.738852459937334, 0.0 ], [ 675965.987460106145591, 9148436.403324058279395, 0.0 ], [ 675965.872787400498055, 9148436.349020756781101, 0.0 ], [ 675961.804778038407676, 9148434.422613009810448, 0.0 ], [ 675950.617175153107382, 9148429.124716013669968, 0.0 ], [ 675917.452444408554584, 9148421.046451639384031, 0.0 ], [ 675913.261591753573157, 9148420.347256628796458, 0.0 ], [ 675906.670687213540077, 9148419.24764010310173, 0.0 ], [ 675888.328109866357408, 9148416.187387367710471, 0.0 ], [ 675884.104422946227714, 9148415.585234683007002, 0.0 ], [ 675865.676767990458757, 9148412.958079572767019, 0.0 ], [ 675850.306438872707076, 9148411.338380912318826, 0.0 ], [ 675817.141752539668232, 9148416.187385454773903, 0.0 ], [ 675793.682323387241922, 9148420.236532056704164, 0.0 ], [ 675789.43609303352423, 9148419.528213493525982, 0.0 ], [ 675774.26336116832681, 9148416.997229466214776, 0.0 ], [ 675757.059930082410574, 9148409.119766408577561, 0.0 ], [ 675754.852578933932818, 9148408.109018187969923, 0.0 ], [ 675737.058059223694727, 9148385.473703093826771, 0.0 ], [ 675728.968886878690682, 9148365.257814306765795, 0.0 ], [ 675729.053148650564253, 9148364.58364867977798, 0.0 ], [ 675730.495291668339632, 9148353.045276263728738, 0.0 ], [ 675731.393141169799492, 9148345.861710205674171, 0.0 ], [ 675735.661257800995372, 9148332.357539055868983, 0.0 ], [ 675736.249980257241987, 9148330.494841009378433, 0.0 ], [ 675736.004347161040641, 9148324.902616994455457, 0.0 ], [ 675735.782551863230765, 9148319.853099474683404, 0.0 ], [ 675735.433598592644557, 9148311.908634770661592, 0.0 ], [ 675733.817449648398906, 9148298.161421921104193, 0.0 ], [ 675727.154843442956917, 9148275.785975469276309, 0.0 ], [ 675715.02512281993404, 9148255.580064442008734, 0.0 ], [ 675698.030537782236934, 9148226.476057209074497, 0.0 ], [ 675689.133236936759204, 9148199.791500255465508, 0.0 ], [ 675690.757650992949493, 9148160.179544745013118, 0.0 ], [ 675690.75764192850329, 9148123.806941075250506, 0.0 ], [ 675688.889523953548633, 9148110.209875129163265, 0.0 ], [ 675685.092778186779469, 9148082.575317919254303, 0.0 ], [ 675678.306191093870439, 9148061.477335646748543, 0.0 ], [ 675677.811664790729992, 9148059.939963407814503, 0.0 ], [ 675662.441454654326662, 9148037.304571863263845, 0.0 ], [ 675651.111586754210293, 9148017.088601227849722, 0.0 ], [ 675642.747833153931424, 9148004.227493137121201, 0.0 ], [ 675640.598184368922375, 9148000.921934863552451, 0.0 ], [ 675634.125233533210121, 9147989.604197781533003, 0.0 ], [ 675621.838912947336212, 9147966.368951641023159, 0.0 ], [ 675600.803709603613243, 9147927.566839959472418, 0.0 ], [ 675600.618865233846009, 9147927.197533220052719, 0.0 ], [ 675593.522674214094877, 9147913.019811872392893, 0.0 ], [ 675584.9143885767553, 9147902.50359745323658, 0.0 ], [ 675571.679456226876937, 9147886.335282228887081, 0.0 ], [ 675564.944319278700277, 9147870.356566647067666, 0.0 ], [ 675558.733408460742794, 9147855.621538951992989, 0.0 ], [ 675556.974808792234398, 9147839.201167238876224, 0.0 ], [ 675556.309184640529566, 9147832.98611087910831, 0.0 ], [ 675554.693004037952051, 9147807.111389985308051, 0.0 ], [ 675552.269475889275782, 9147789.5327751878649, 0.0 ], [ 675551.460651437751949, 9147783.666115393862128, 0.0 ], [ 675536.090304047102109, 9147756.991525448858738, 0.0 ], [ 675535.991695406497456, 9147756.818349648267031, 0.0 ], [ 675512.195834974874742, 9147715.028193343430758, 0.0 ], [ 675509.390328865498304, 9147710.101174756884575, 0.0 ], [ 675494.828110298723914, 9147683.426555328071117, 0.0 ], [ 675488.355201924801804, 9147660.791174281388521, 0.0 ], [ 675478.649848576518707, 9147641.385095335543156, 0.0 ], [ 675475.667762550641783, 9147639.249902309849858, 0.0 ], [ 675464.858958606724627, 9147631.510725392028689, 0.0 ], [ 675450.960295969503932, 9147621.559182085096836, 0.0 ], [ 675428.308913210406899, 9147611.861170046031475, 0.0 ], [ 675410.49375466874335, 9147604.029570266604424, 0.0 ], [ 675408.090108882053755, 9147602.972919346764684, 0.0 ], [ 675407.482376977335662, 9147602.458963047713041, 0.0 ], [ 675399.223379112780094, 9147595.474361812695861, 0.0 ], [ 675397.568409402389079, 9147594.074760220944881, 0.0 ], [ 675375.725174048915505, 9147568.210015160962939, 0.0 ], [ 675374.883224669611081, 9147564.629174061119556, 0.0 ], [ 675373.304298626957461, 9147557.913943711668253, 0.0 ], [ 675372.492832561489195, 9147554.462748382240534, 0.0 ], [ 675374.917120880098082, 9147546.384421652182937, 0.0 ], [ 675389.479250895790756, 9147531.827372534200549, 0.0 ], [ 675402.117364475503564, 9147519.939712170511484, 0.0 ], [ 675403.233253315556794, 9147518.8900844771415, 0.0 ], [ 675403.104306363151409, 9147517.213279452174902, 0.0 ], [ 675402.425195556483231, 9147508.382234241813421, 0.0 ], [ 675391.095402515958995, 9147509.192056711763144, 0.0 ], [ 675375.48435526737012, 9147505.008245326578617, 0.0 ], [ 675357.930654580006376, 9147500.303789796307683, 0.0 ], [ 675343.905212158570066, 9147495.874516105279326, 0.0 ], [ 675327.190100181498565, 9147490.59583112411201, 0.0 ], [ 675324.876743040513247, 9147489.440154330804944, 0.0 ], [ 675296.596525688073598, 9147475.312279423698783, 0.0 ], [ 675296.449604984256439, 9147475.238882564008236, 0.0 ], [ 675296.051829875330441, 9147474.696691220626235, 0.0 ], [ 675285.435704537783749, 9147460.226270584389567, 0.0 ], [ 675278.655085840728134, 9147450.983872439712286, 0.0 ], [ 675276.963015514542349, 9147445.911745769903064, 0.0 ], [ 675271.834675190621056, 9147430.539098827168345, 0.0 ], [ 675271.374028708552942, 9147429.158270509913564, 0.0 ], [ 675272.99015461280942, 9147401.673915112391114, 0.0 ], [ 675277.772785288165323, 9147379.358493577688932, 0.0 ], [ 675273.732321022544056, 9147365.62120315618813, 0.0 ], [ 675261.594400721718557, 9147347.025076732039452, 0.0 ], [ 675260.271670109010302, 9147341.739823633804917, 0.0 ], [ 675257.739006260060705, 9147331.620021507143974, 0.0 ], [ 675256.737668382003903, 9147327.618960339576006, 0.0 ], [ 675256.737663526087999, 9147318.454392671585083, 0.0 ], [ 675256.737660772632807, 9147313.558786377310753, 0.0 ], [ 675256.737656674580649, 9147306.603224374353886, 0.0 ], [ 675258.313761973753572, 9147299.181663541123271, 0.0 ], [ 675262.402478225994855, 9147279.928709393367171, 0.0 ], [ 675262.65702698729001, 9147278.548172438517213, 0.0 ], [ 675264.128964913659729, 9147270.565162297338247, 0.0 ], [ 675268.067439445410855, 9147249.204945048317313, 0.0 ], [ 675272.915936222649179, 9147190.186935309320688, 0.0 ], [ 675276.156636497820728, 9147153.004500016570091, 0.0 ], [ 675276.646745286765508, 9147147.36059395968914, 0.0 ], [ 675280.980388921685517, 9147097.455873005092144, 0.0 ], [ 675283.921380760380998, 9147066.272370502352715, 0.0 ], [ 675285.020859331940301, 9147054.614514296874404, 0.0 ], [ 675284.610259402776137, 9147049.478614762425423, 0.0 ], [ 675283.404659016057849, 9147034.398627715185285, 0.0 ], [ 675284.043160039349459, 9147031.853095792233944, 0.0 ], [ 675284.86544204573147, 9147028.574877904728055, 0.0 ], [ 675285.837225246126764, 9147024.700637951493263, 0.0 ], [ 675288.261515974765643, 9147015.002568049356341, 0.0 ], [ 675284.212746454169974, 9147001.255359783768654, 0.0 ], [ 675273.604090849636123, 9146970.851295992732048, 0.0 ], [ 675272.083184112678282, 9146966.492424130439758, 0.0 ], [ 675258.04535293020308, 9146946.983146676793694, 0.0 ], [ 675253.47232110449113, 9146940.627706373110414, 0.0 ], [ 675247.508666335372254, 9146932.926932854577899, 0.0 ], [ 675234.061567560071126, 9146915.562895778566599, 0.0 ], [ 675218.691342377802357, 9146891.307727709412575, 0.0 ], [ 675199.272392346989363, 9146854.935155434533954, 0.0 ], [ 675187.142758711939678, 9146833.909505048766732, 0.0 ], [ 675182.710923922597431, 9146828.550364580005407, 0.0 ], [ 675171.772501543513499, 9146815.323208957910538, 0.0 ], [ 675165.299522739369422, 9146803.19569849781692, 0.0 ], [ 675152.219064529170282, 9146786.437962975353003, 0.0 ], [ 675149.714876721496694, 9146783.229777455329895, 0.0 ], [ 675138.648143218713813, 9146770.895118154585361, 0.0 ], [ 675128.679671375779435, 9146759.784542698413134, 0.0 ], [ 675109.432255305699073, 9146702.722165705636144, 0.0 ], [ 675104.412181345745921, 9146687.839250173419714, 0.0 ], [ 675101.984018044080585, 9146684.100088076665998, 0.0 ], [ 675074.488001799560152, 9146641.75855303928256, 0.0 ], [ 675038.890680871205404, 9146594.058313818648458, 0.0 ], [ 675025.944680881686509, 9146573.852413589134812, 0.0 ], [ 675007.342097093351185, 9146523.722577886655927, 0.0 ], [ 674992.779868518700823, 9146497.048035528510809, 0.0 ], [ 674960.983950339839794, 9146430.951459087431431, 0.0 ], [ 674931.051513939048164, 9146374.363012766465545, 0.0 ], [ 674897.878471370902844, 9146300.798024240881205, 0.0 ], [ 674876.043454440310597, 9146254.717390671372414, 0.0 ], [ 674838.829950049403124, 9146205.397392839193344, 0.0 ], [ 674806.473290483816527, 9146156.087414350360632, 0.0 ], [ 674745.256138190627098, 9146078.953092696145177, 0.0 ], [ 674655.31048732646741, 9145979.763379823416471, 0.0 ], [ 674599.48609494289849, 9145936.372175915166736, 0.0 ], [ 674559.163962398306467, 9145892.980975674465299, 0.0 ], [ 674463.017350583104417, 9145784.503067323938012, 0.0 ], [ 674354.469130286364816, 9145691.511987205594778, 0.0 ], [ 674276.933470790507272, 9145607.829085158184171, 0.0 ], [ 674242.812126422068104, 9145555.139782069250941, 0.0 ], [ 674193.188616195460781, 9145517.947312658652663, 0.0 ], [ 674131.163395723211579, 9145455.949892789125443, 0.0 ], [ 674081.539886063779704, 9145397.061887688934803, 0.0 ], [ 674022.606804298236966, 9145319.577739475294948, 0.0 ], [ 673945.071233057766221, 9145242.093444529920816, 0.0 ], [ 673895.447681101155467, 9145176.996681680902839, 0.0 ], [ 673858.225947476923466, 9145142.903642473742366, 0.0 ], [ 673832.853544849902391, 9145123.377617951482534, 0.0 ], [ 673790.73371315409895, 9145106.871024813503027, 0.0 ], [ 673759.350081165088341, 9145087.065079113468528, 0.0 ], [ 673732.097519298316911, 9145060.660390285775065, 0.0 ], [ 673702.371232043369673, 9145023.517935764044523, 0.0 ], [ 673674.938720070756972, 9144950.951499057933688, 0.0 ], [ 673675.780996909132227, 9144949.351684473454952, 0.0 ], [ 673676.173807301092893, 9144948.605583183467388, 0.0 ], [ 673678.288078016717918, 9144944.589458964765072, 0.0 ], [ 673664.267586706322618, 9144937.046699289232492, 0.0 ], [ 673560.287145352573134, 9144881.106995822861791, 0.0 ], [ 673475.239489967585541, 9144827.69779927842319, 0.0 ], [ 673370.772862932062708, 9144771.83915695361793, 0.0 ], [ 673212.337220032815821, 9144711.891430348157883, 0.0 ], [ 673155.111098187509924, 9144702.353343633934855, 0.0 ], [ 673092.434338063700125, 9144685.996620966121554, 0.0 ], [ 673040.650485185906291, 9144680.557772757485509, 0.0 ], [ 672957.532341185375117, 9144676.468553148210049, 0.0 ], [ 672829.416743518901058, 9144688.73609652929008, 0.0 ], [ 672780.362125135725364, 9144690.085877856239676, 0.0 ], [ 672659.074022073065862, 9144681.907489998266101, 0.0 ], [ 672573.234841111465357, 9144671.019694272428751, 0.0 ], [ 672535.10607036575675, 9144650.603871416300535, 0.0 ], [ 672506.492932941997424, 9144577.068842018023133, 0.0 ], [ 672480.600985876866616, 9144507.612934671342373, 0.0 ], [ 672453.332000540569425, 9144462.682129789143801, 0.0 ], [ 672383.827786531066522, 9144410.922648217529058, 0.0 ], [ 672285.710486382944509, 9144368.711252609267831, 0.0 ], [ 672231.205463803838938, 9144364.622074145823717, 0.0 ], [ 672184.905057742842473, 9144367.35154533572495, 0.0 ], [ 672152.333955626818351, 9144381.248664028942585, 0.0 ], [ 672091.39714867179282, 9144402.124500535428524, 0.0 ], [ 671997.345054693287238, 9144433.458073580637574, 0.0 ], [ 671917.277924365829676, 9144442.146270632743835, 0.0 ], [ 671828.461920292815194, 9144452.584178928285837, 0.0 ], [ 671777.947848858777434, 9144461.302355904132128, 0.0 ], [ 671668.245132939657196, 9144449.124851129949093, 0.0 ], [ 671588.177990592084825, 9144443.895893441513181, 0.0 ], [ 671466.271395871648565, 9144419.5309600494802, 0.0 ], [ 671391.399146428680979, 9144417.79131087847054, 0.0 ], [ 671361.804818207514472, 9144436.917312040925026, 0.0 ], [ 671332.21046707755886, 9144442.146303543820977, 0.0 ], [ 671295.640128007275052, 9144431.718376196920872, 0.0 ], [ 671233.680937865632586, 9144429.248982921242714, 0.0 ], [ 671136.70150138461031, 9144440.376682069152594, 0.0 ], [ 671041.313570813392289, 9144462.632113581523299, 0.0 ], [ 670887.16578287538141, 9144496.605242036283016, 0.0 ], [ 670810.792820879258215, 9144508.73278352804482, 0.0 ], [ 670704.248186311917379, 9144529.208528889343143, 0.0 ], [ 670609.544719356112182, 9144544.815449783578515, 0.0 ], [ 670524.249732186668552, 9144556.992956651374698, 0.0 ], [ 670438.51767581619788, 9144574.209401804953814, 0.0 ], [ 670333.465599049581215, 9144584.107356349006295, 0.0 ], [ 670299.764785757521167, 9144588.086619783192873, 0.0 ], [ 670268.026559563120827, 9144574.209419507533312, 0.0 ], [ 670238.325021827826276, 9144552.433845214545727, 0.0 ], [ 670170.923481176840141, 9144514.801492914557457, 0.0 ], [ 670069.829437381937169, 9144498.934743821620941, 0.0 ], [ 670014.343157244147733, 9144492.995937760919333, 0.0 ], [ 669909.291137811378576, 9144443.486008912324905, 0.0 ], [ 669776.500040420447476, 9144395.945689510554075, 0.0 ], [ 669667.489930933807045, 9144380.108897224068642, 0.0 ], [ 669584.223428092664108, 9144388.027279853820801, 0.0 ], [ 669483.780816743616015, 9144407.523314904421568, 0.0 ], [ 669362.674117147922516, 9144438.946983778849244, 0.0 ], [ 669228.976024803239852, 9144486.117300044745207, 0.0 ], [ 669175.518191784969531, 9144495.535484090447426, 0.0 ], [ 669098.469038016628474, 9144504.96353124640882, 0.0 ], [ 669044.978219307726249, 9144525.409378482028842, 0.0 ], [ 669007.245189486886375, 9144547.39488392136991, 0.0 ], [ 668960.037819324643351, 9144586.686844645068049, 0.0 ], [ 668933.312944857287221, 9144619.700148846954107, 0.0 ], [ 668912.871487930417061, 9144668.420242613181472, 0.0 ], [ 668877.719462830689736, 9144697.994177062064409, 0.0 ], [ 668827.69197771162726, 9144705.812594804912806, 0.0 ], [ 668771.141945527400821, 9144703.973041778430343, 0.0 ], [ 668723.225371207576245, 9144702.413365976884961, 0.0 ], [ 668685.071572987828404, 9144701.17500676587224, 0.0 ], [ 668622.189086427213624, 9144699.13396024517715, 0.0 ], [ 668553.649593224865384, 9144696.904482875019312, 0.0 ], [ 668500.364982153638266, 9144688.206271333619952, 0.0 ], [ 668480.789328117622063, 9144669.720031963661313, 0.0 ], [ 668462.48348732246086, 9144618.730340598151088, 0.0 ], [ 668449.990491372649558, 9144592.934415832161903, 0.0 ], [ 668443.63348900177516, 9144579.808271070942283, 0.0 ], [ 668422.252089892630465, 9144542.125927038490772, 0.0 ], [ 668380.775439621182159, 9144506.963151544332504, 0.0 ], [ 668343.083652160363272, 9144479.338719915598631, 0.0 ], [ 668272.713651644648053, 9144431.608495084568858, 0.0 ], [ 668232.515120562282391, 9144391.426579732447863, 0.0 ], [ 668213.665168433682993, 9144301.004988443106413, 0.0 ], [ 668202.335365691920742, 9144233.198884928599, 0.0 ], [ 668182.256795093649998, 9144203.054919987916946, 0.0 ], [ 668160.86700666253455, 9144184.228746389970183, 0.0 ], [ 668133.235224590171129, 9144182.959029754623771, 0.0 ], [ 668121.938355710706674, 9144190.507557567209005, 0.0 ], [ 668111.886744179646485, 9144204.304685244336724, 0.0 ], [ 668091.766895240172744, 9144206.824244624003768, 0.0 ], [ 668069.140231175813824, 9144210.583417188376188, 0.0 ], [ 668058.107349500525743, 9144200.715449260547757, 0.0 ], [ 667970.775540224974975, 9144157.09435823187232, 0.0 ], [ 667850.064621765515767, 9144085.218995314091444, 0.0 ], [ 667760.19323397660628, 9144067.252586731687188, 0.0 ], [ 667649.764889088342898, 9144036.458926850929856, 0.0 ], [ 667516.206873030983843, 9144021.072019465267658, 0.0 ], [ 667380.109277023817413, 9144015.933049852028489, 0.0 ], [ 667256.825600601732731, 9144028.750474456697702, 0.0 ], [ 667141.276661770534702, 9144018.49255983158946, 0.0 ], [ 667066.800190556095913, 9143985.139287676662207, 0.0 ], [ 667050.166220366954803, 9143977.910767080262303, 0.0 ], [ 667007.718717938754708, 9143959.464586649090052, 0.0 ], [ 666961.492442417307757, 9143900.436513900756836, 0.0 ], [ 666930.702477455837652, 9143843.978073071688414, 0.0 ], [ 666928.121521479682997, 9143797.777411276474595, 0.0 ], [ 666943.516534422291443, 9143749.007348461076617, 0.0 ], [ 666892.177920149755664, 9143651.48726817779243, 0.0 ], [ 666843.370718711055815, 9143515.464888861402869, 0.0 ], [ 666843.370762956212275, 9143466.704865463078022, 0.0 ], [ 666838.217064195778221, 9143351.218404155224562, 0.0 ], [ 666820.216404422651976, 9143233.162363624200225, 0.0 ], [ 666819.128001406323165, 9143154.86833006516099, 0.0 ], [ 666820.216385776759125, 9143074.394685097038746, 0.0 ], [ 666814.774224783992395, 9142997.180460710078478, 0.0 ], [ 666808.240180082852021, 9142946.072811238467693, 0.0 ], [ 666802.817687007947825, 9142903.659419447183609, 0.0 ], [ 666779.976672013057396, 9142872.125904539600015, 0.0 ], [ 666701.540742525248788, 9142871.118093306198716, 0.0 ], [ 666695.159967980463989, 9142871.036101946607232, 0.0 ], [ 666582.059948879992589, 9142837.322938976809382, 0.0 ], [ 666518.26183894847054, 9142786.67329153418541, 0.0 ], [ 666457.110708783264272, 9142732.704249141737819, 0.0 ], [ 666418.907717485213652, 9142713.0982661601156, 0.0 ], [ 666353.872726089437492, 9142697.631382977589965, 0.0 ], [ 666270.284550237236544, 9142656.3598258998245, 0.0 ], [ 666205.24965740647167, 9142638.823313454166055, 0.0 ], [ 666131.426317807054147, 9142599.763867793604732, 0.0 ], [ 666117.513872539857402, 9142592.402865374460816, 0.0 ], [ 666072.087470944854431, 9142582.094919521361589, 0.0 ], [ 666035.954141090158373, 9142586.204047540202737, 0.0 ], [ 666026.598480229149573, 9142588.745704915374517, 0.0 ], [ 665981.119319577235729, 9142601.101020662114024, 0.0 ], [ 665942.88334943796508, 9142614.378357592970133, 0.0 ], [ 665884.708951869164594, 9142611.059052417054772, 0.0 ], [ 665829.841040509869345, 9142594.452358670532703, 0.0 ], [ 665766.661411208682694, 9142561.22913727723062, 0.0 ], [ 665675.223258852143772, 9142503.081005683168769, 0.0 ], [ 665608.737018842250109, 9142488.124049721285701, 0.0 ], [ 665537.270213072304614, 9142483.135037822648883, 0.0 ], [ 665500.708143088966608, 9142486.464410241693258, 0.0 ], [ 665465.770560022909194, 9142483.135011618956923, 0.0 ], [ 665414.230213775997981, 9142478.852646732702851, 0.0 ], [ 665414.224592504324391, 9142478.852179668843746, 0.0 ], [ 665385.991958474041894, 9142476.506373208016157, 0.0 ], [ 665314.49224571720697, 9142488.124088628217578, 0.0 ], [ 665284.568098540999927, 9142488.124029938131571, 0.0 ], [ 665241.35992769873701, 9142463.209069345146418, 0.0 ], [ 665199.784297846024856, 9142386.794641124084592, 0.0 ], [ 665111.685702958377078, 9142250.562373401597142, 0.0 ], [ 665036.678011576645076, 9142126.861483916640282, 0.0 ], [ 664978.713269314263016, 9142031.266982402652502, 0.0 ], [ 664824.779785385821015, 9141739.366427920758724, 0.0 ], [ 664743.871653887443244, 9141653.433987950906157, 0.0 ], [ 664689.952086535282433, 9141626.499398613348603, 0.0 ], [ 664620.843595733633265, 9141594.495900969952345, 0.0 ], [ 664523.056159470463172, 9141579.329069869592786, 0.0 ], [ 664462.704781823325902, 9141554.194148018956184, 0.0 ], [ 664414.55737110087648, 9141530.139051323756576, 0.0 ], [ 664353.043349763029255, 9141496.715882211923599, 0.0 ], [ 664274.130559992860071, 9141467.321786327287555, 0.0 ], [ 664199.217147846939042, 9141447.265949094668031, 0.0 ], [ 664186.250886446796358, 9141435.393106911331415, 0.0 ], [ 664183.329001760226674, 9141432.717617824673653, 0.0 ], [ 664179.254771875101142, 9141436.757070742547512, 0.0 ], [ 664169.936141595244408, 9141445.996154217049479, 0.0 ], [ 664071.497235707007349, 9141472.000946749001741, 0.0 ], [ 664028.630840969737619, 9141469.259364899247885, 0.0 ], [ 663981.652754447073676, 9141458.629340348765254, 0.0 ], [ 663899.219546812353656, 9141440.912587184458971, 0.0 ], [ 663830.968338575097732, 9141455.971762279048562, 0.0 ], [ 663759.17171629355289, 9141474.57442226819694, 0.0 ], [ 663691.806874898378737, 9141471.03108617849648, 0.0 ], [ 663625.688593239057809, 9141473.772521864622831, 0.0 ], [ 663594.111572420573793, 9141450.500369431450963, 0.0 ], [ 663576.867176063009538, 9141410.692653277888894, 0.0 ], [ 663498.6194483328145, 9141335.652233390137553, 0.0 ], [ 663457.5197133498732, 9141312.745084445923567, 0.0 ], [ 663368.206741793663241, 9141277.989542596042156, 0.0 ], [ 663335.010697155725211, 9141266.140971373766661, 0.0 ], [ 663293.910746475798078, 9141224.276245491579175, 0.0 ], [ 663212.252873059595004, 9141170.409594967961311, 0.0 ], [ 663207.589348656474613, 9141167.333234705030918, 0.0 ], [ 663120.53825201455038, 9141113.936424277722836, 0.0 ], [ 663045.250266683055088, 9141077.487251695245504, 0.0 ], [ 663044.246422604075633, 9141077.001259544864297, 0.0 ], [ 663007.543988653691486, 9141091.695856893435121, 0.0 ], [ 662960.530201619490981, 9141100.238681856542826, 0.0 ], [ 662895.707977415062487, 9141110.205301214009523, 0.0 ], [ 662851.543388982536271, 9141113.052896307781339, 0.0 ], [ 662843.417553566163406, 9141116.755068093538284, 0.0 ], [ 662803.104886527988128, 9141135.121691679582, 0.0 ], [ 662758.130228164955042, 9141131.416662653908134, 0.0 ], [ 662740.93954687542282, 9141130.00047655031085, 0.0 ], [ 662584.878667158773169, 9141101.996203660964966, 0.0 ], [ 662400.071721561951563, 9141100.302034141495824, 0.0 ], [ 662386.024249730515294, 9141095.576536184176803, 0.0 ], [ 662297.901210598647594, 9141065.932283138856292, 0.0 ], [ 662226.753427213989198, 9141041.998353032395244, 0.0 ], [ 662208.018820952624083, 9141037.523676570504904, 0.0 ], [ 662152.069918262539431, 9141024.160318668931723, 0.0 ], [ 662111.132944877492264, 9141021.136992027983069, 0.0 ], [ 662001.591235998086631, 9141013.046810049563646, 0.0 ], [ 661874.44338118378073, 9141052.660265915095806, 0.0 ], [ 661858.133712171344087, 9141057.583519091829658, 0.0 ], [ 661760.818803274072707, 9141086.958948636427522, 0.0 ], [ 661717.03060512279626, 9141074.970544941723347, 0.0 ], [ 661646.678192325169221, 9141055.709253378212452, 0.0 ], [ 661546.621572393109091, 9140990.031759010627866, 0.0 ], [ 661452.7269651372917, 9140977.567022705450654, 0.0 ], [ 661330.872806733008474, 9140957.270360128954053, 0.0 ], [ 661173.002084441948682, 9140882.840677000582218, 0.0 ], [ 661123.500717012910172, 9140838.999735686928034, 0.0 ], [ 661094.294495643116534, 9140803.357115391641855, 0.0 ], [ 661069.119029970024712, 9140768.307155041024089, 0.0 ], [ 661058.428646203596145, 9140710.160138677805662, 0.0 ], [ 661047.738465384813026, 9140648.453232610598207, 0.0 ], [ 661045.4438487974694, 9140637.696764223277569, 0.0 ], [ 661032.296673451317474, 9140576.066009605303407, 0.0 ], [ 661014.259458777494729, 9140537.180404428392649, 0.0 ], [ 661009.728601580369286, 9140527.412547862157226, 0.0 ], [ 660994.6307755416492, 9140499.050170436501503, 0.0 ], [ 660982.17465020599775, 9140445.699852768331766, 0.0 ], [ 660930.214847355266102, 9140377.020949855446815, 0.0 ], [ 660904.32080756907817, 9140332.65799755230546, 0.0 ], [ 660895.016427615075372, 9140316.717252882197499, 0.0 ], [ 660868.641376292682253, 9140280.419676922261715, 0.0 ], [ 660824.987092875177041, 9140220.34213762357831, 0.0 ], [ 660803.712523479713127, 9140197.231639022007585, 0.0 ], [ 660789.837766644079238, 9140172.272300316020846, 0.0 ], [ 660759.313285585492849, 9140142.690834492444992, 0.0 ], [ 660707.514298141235486, 9140113.109392510727048, 0.0 ], [ 660687.758203885168768, 9140089.931640230119228, 0.0 ], [ 660686.239648106507957, 9140088.150076957419515, 0.0 ], [ 660670.686659397091717, 9140063.838229428976774, 0.0 ], [ 660649.999612836400047, 9140046.001076309010386, 0.0 ], [ 660637.731679054326378, 9140006.41047615557909, 0.0 ], [ 660637.731684975791723, 9140002.764972649514675, 0.0 ], [ 660637.731721502845176, 9139979.471198491752148, 0.0 ], [ 660640.25953421369195, 9139954.215523378923535, 0.0 ], [ 660626.777224347926676, 9139913.806342285126448, 0.0 ], [ 660623.404626466333866, 9139891.747789587825537, 0.0 ], [ 660622.82139024627395, 9139887.933351419866085, 0.0 ], [ 660604.871862582862377, 9139869.983817175030708, 0.0 ], [ 660583.332550638238899, 9139860.410717932507396, 0.0 ], [ 660558.75105934496969, 9139847.001553051173687, 0.0 ], [ 660512.534361616475508, 9139834.603575490415096, 0.0 ], [ 660510.28196531208232, 9139833.999338133260608, 0.0 ], [ 660508.41365894745104, 9139835.685791283845901, 0.0 ], [ 660508.298804446589202, 9139835.789470825344324, 0.0 ], [ 660507.587148972321302, 9139836.431884566321969, 0.0 ], [ 660487.895376410218887, 9139854.207018317654729, 0.0 ], [ 660394.812755977851339, 9139938.229653939604759, 0.0 ], [ 660330.423685387359001, 9139992.342097571119666, 0.0 ], [ 660225.223203407134861, 9140079.004458080977201, 0.0 ], [ 660114.333081217715517, 9140208.288100617006421, 0.0 ], [ 660049.759785564383492, 9140287.172042718157172, 0.0 ], [ 660023.702975637512282, 9140340.661151293665171, 0.0 ], [ 660011.35065993189346, 9140403.748258899897337, 0.0 ], [ 660027.809349646558985, 9140450.378860168159008, 0.0 ], [ 660052.497467329143547, 9140532.662073777988553, 0.0 ], [ 660052.914229771820828, 9140535.580240469425917, 0.0 ], [ 660059.607777892029844, 9140582.448384882882237, 0.0 ], [ 660069.30743759428151, 9140650.365231001749635, 0.0 ], [ 660069.310707433382049, 9140650.388126339763403, 0.0 ], [ 660069.308480176492594, 9140650.392486499622464, 0.0 ], [ 660036.921036296640523, 9140713.795244848355651, 0.0 ], [ 659957.480620099813677, 9140774.71280668489635, 0.0 ], [ 659896.782880006241612, 9140798.058052737265825, 0.0 ], [ 659896.834757033968344, 9140798.191991085186601, 0.0 ], [ 659943.627559316344559, 9140919.003416622057557, 0.0 ], [ 659952.041129251709208, 9140937.160596024245024, 0.0 ], [ 659992.091909436741844, 9141023.593322478234768, 0.0 ], [ 659992.401737763429992, 9141024.261955238878727, 0.0 ], [ 659996.336078671738505, 9141133.800914026796818, 0.0 ], [ 659996.384512101532891, 9141135.149391032755375, 0.0 ], [ 659994.211232811911032, 9141154.130385044962168, 0.0 ], [ 659993.869505347218364, 9141157.114962931722403, 0.0 ], [ 659993.861511301249266, 9141157.124168582260609, 0.0 ], [ 659980.679677821695805, 9141172.303882652893662, 0.0 ], [ 659965.314146512886509, 9141189.998243128880858, 0.0 ], [ 659952.935474612517282, 9141198.343440059572458, 0.0 ], [ 659913.348830873379484, 9141225.031098403036594, 0.0 ], [ 659865.663112409645692, 9141264.433092853054404, 0.0 ], [ 659811.009649563580751, 9141303.865036379545927, 0.0 ], [ 659808.256762178731151, 9141305.950900243595243, 0.0 ], [ 659718.096892519621179, 9141374.264855870977044, 0.0 ], [ 659716.677144513698295, 9141375.340592825785279, 0.0 ], [ 659716.304520842269994, 9141375.67876367084682, 0.0 ], [ 659685.860819794004783, 9141403.307606702670455, 0.0 ], [ 659654.89031694480218, 9141431.414482448250055, 0.0 ], [ 659650.94127792364452, 9141434.998376907780766, 0.0 ], [ 659661.15335506410338, 9141458.51489919424057, 0.0 ], [ 659674.813029669341631, 9141489.970568682998419, 0.0 ], [ 659675.167586123337969, 9141490.787045255303383, 0.0 ], [ 659679.062871737754904, 9141514.022576062008739, 0.0 ], [ 659679.587441271869466, 9141517.15165301784873, 0.0 ], [ 659677.654006704222411, 9141565.118563499301672, 0.0 ], [ 659677.196067136246711, 9141576.479616029188037, 0.0 ], [ 659677.183723594294861, 9141576.522612154483795, 0.0 ], [ 659664.81084418669343, 9141619.620856741443276, 0.0 ], [ 659641.895942383096553, 9141683.590493181720376, 0.0 ], [ 659638.250994556583464, 9141693.76577047072351, 0.0 ], [ 659632.391519703553058, 9141716.264721726998687, 0.0 ], [ 659631.926372555317357, 9141718.050771756097674, 0.0 ], [ 659631.925519906217232, 9141718.061844818294048, 0.0 ], [ 659628.562071669846773, 9141761.741882465779781, 0.0 ], [ 659629.561381052946672, 9141766.33935920894146, 0.0 ], [ 659644.49026642809622, 9141835.021934438496828, 0.0 ], [ 659645.086811248213053, 9141837.766425929963589, 0.0 ], [ 659645.080737759824842, 9141837.855549555271864, 0.0 ], [ 659643.217478490201756, 9141865.197354631498456, 0.0 ], [ 659642.274956039618701, 9141879.028070844709873, 0.0 ], [ 659642.265470048412681, 9141879.041144574061036, 0.0 ], [ 659582.368911332217976, 9141961.59123913757503, 0.0 ], [ 659563.139593178755604, 9141987.185996910557151, 0.0 ], [ 659563.109986385097727, 9141987.253154203295708, 0.0 ], [ 659562.823624598560855, 9141987.90271058306098, 0.0 ], [ 659546.482936527463607, 9142024.968363082036376, 0.0 ], [ 659546.470497220056131, 9142025.128575772047043, 0.0 ], [ 659543.753582163713872, 9142060.121162528172135, 0.0 ], [ 659551.250484741525725, 9142128.380842721089721, 0.0 ], [ 659552.543613167479634, 9142140.154840255156159, 0.0 ], [ 659553.254849659395404, 9142143.317135816439986, 0.0 ], [ 659568.120085477945395, 9142209.410803254693747, 0.0 ], [ 659570.146943980711512, 9142221.680306479334831, 0.0 ], [ 659580.348621617304161, 9142283.435693830251694, 0.0 ], [ 659583.729845685185865, 9142292.746936259791255, 0.0 ], [ 659591.810414072591811, 9142314.999259697273374, 0.0 ], [ 659644.336411533877254, 9142419.837921233847737, 0.0 ], [ 659659.22845243033953, 9142488.523941185325384, 0.0 ], [ 659660.303551697870716, 9142493.97603259049356, 0.0 ], [ 659671.854890443151817, 9142552.555655540898442, 0.0 ], [ 659686.835438440088183, 9142628.525510655716062, 0.0 ], [ 659685.648099208949134, 9142639.823134886100888, 0.0 ], [ 659712.554145930684172, 9142691.915607467293739, 0.0 ], [ 659714.442622322123498, 9142695.571859875693917, 0.0 ], [ 659730.858703429228626, 9142705.855203431099653, 0.0 ], [ 659731.536252988036722, 9142706.279633084312081, 0.0 ], [ 659731.526170661440119, 9142706.363504095003009, 0.0 ], [ 659724.702525695087388, 9142763.126655207946897, 0.0 ], [ 659721.286595703684725, 9142791.542305070906878, 0.0 ], [ 659721.194267767830752, 9142795.589437747374177, 0.0 ], [ 659718.518923591822386, 9142912.859754817560315, 0.0 ], [ 659718.392381813144311, 9142918.406477075070143, 0.0 ], [ 659717.872751081478782, 9142922.471958829089999, 0.0 ], [ 659699.319728914066218, 9143067.626084599643946, 0.0 ], [ 659670.44271428999491, 9143180.423141073435545, 0.0 ], [ 659667.338541368255392, 9143185.297585500404239, 0.0 ], [ 659628.24879132444039, 9143246.679614204913378, 0.0 ], [ 659604.870286953402683, 9143278.167428500950336, 0.0 ], [ 659575.500105743529275, 9143317.725165795534849, 0.0 ], [ 659560.353199844830669, 9143343.797394491732121, 0.0 ], [ 659548.421564201824367, 9143364.335179779678583, 0.0 ], [ 659542.665136374533176, 9143374.243642883375287, 0.0 ], [ 659517.762665124610066, 9143417.744801342487335, 0.0 ], [ 659495.284522103262134, 9143476.302883481606841, 0.0 ], [ 659489.388777467422187, 9143506.086858987808228, 0.0 ], [ 659489.635931303258985, 9143512.48963039368391, 0.0 ], [ 659490.468997969990596, 9143534.071088805794716, 0.0 ], [ 659487.187569283181801, 9143626.45437522418797, 0.0 ], [ 659487.170595246949233, 9143626.93224797770381, 0.0 ], [ 659487.177129385294393, 9143626.940318232402205, 0.0 ], [ 659503.975682591088116, 9143647.68806491792202, 0.0 ], [ 659530.857094340608455, 9143662.964902548119426, 0.0 ], [ 659533.843624608591199, 9143663.787716249004006, 0.0 ], [ 659547.513654645648785, 9143667.553919484838843, 0.0 ], [ 659580.389412906370126, 9143673.980286113917828, 0.0 ], [ 659616.102681875578128, 9143680.961286060512066, 0.0 ], [ 659655.732167237205431, 9143697.127999167889357, 0.0 ], [ 659676.594116505468264, 9143714.274482037872076, 0.0 ], [ 659692.450860992074013, 9143743.068642869591713, 0.0 ], [ 659692.799839659244753, 9143746.02306773327291, 0.0 ], [ 659696.808961248607375, 9143779.963957926258445, 0.0 ], [ 659697.134574334020726, 9143782.720570845529437, 0.0 ], [ 659696.054340889910236, 9143839.768912164494395, 0.0 ], [ 659672.284320693695918, 9143894.329172307625413, 0.0 ], [ 659671.374574528075755, 9143896.417344952002168, 0.0 ], [ 659654.89111673203297, 9143967.352947788313031, 0.0 ], [ 659625.238986181211658, 9144044.357291722670197, 0.0 ], [ 659624.601408347836696, 9144045.302877191454172, 0.0 ], [ 659601.334317759377882, 9144079.810034731402993, 0.0 ], [ 659578.275069255963899, 9144092.175864934921265, 0.0 ], [ 659525.043820891180076, 9144120.721759397536516, 0.0 ], [ 659499.78672939282842, 9144163.702942842617631, 0.0 ], [ 659442.024603937170468, 9144184.218769369646907, 0.0 ], [ 659385.532383529935032, 9144216.882118757814169, 0.0 ], [ 659352.664414828876033, 9144249.055640961974859, 0.0 ], [ 659330.128489672206342, 9144281.998882420361042, 0.0 ], [ 659274.056726829032414, 9144383.688231440261006, 0.0 ], [ 659219.691918422235176, 9144464.751677259802818, 0.0 ], [ 659150.877933005103841, 9144583.331551844254136, 0.0 ], [ 659143.871421494404785, 9144595.405086353421211, 0.0 ], [ 659115.392175062326714, 9144629.3060182929039, 0.0 ], [ 659098.659447575453669, 9144649.2241733353585, 0.0 ], [ 659034.688193483510986, 9144713.021188028156757, 0.0 ], [ 658979.647100802278146, 9144755.382597850635648, 0.0 ], [ 658813.909470466664061, 9144868.69293137639761, 0.0 ], [ 658804.686839616158977, 9144874.998157979920506, 0.0 ], [ 658796.489450076129287, 9144879.431442754343152, 0.0 ], [ 658790.057626344147138, 9144882.909878417849541, 0.0 ], [ 658675.967776573495939, 9144944.611286927014589, 0.0 ], [ 658670.675381372333504, 9144947.473477741703391, 0.0 ], [ 658648.89810915698763, 9144965.839749107137322, 0.0 ], [ 658648.753829694353044, 9144966.338514061644673, 0.0 ], [ 658637.894814612925984, 9145003.877398727461696, 0.0 ], [ 658631.507622578530572, 9145025.957452453672886, 0.0 ], [ 658631.37796559673734, 9145043.22540945187211, 0.0 ], [ 658630.944875297602266, 9145100.903913412243128, 0.0 ], [ 658630.922140718554147, 9145103.931626658886671, 0.0 ], [ 658630.932262415182777, 9145104.038295878097415, 0.0 ], [ 658630.942838946240954, 9145104.149758504703641, 0.0 ], [ 658639.290218378184363, 9145192.120051693171263, 0.0 ], [ 658639.563785317586735, 9145195.003083925694227, 0.0 ], [ 658639.196266382932663, 9145199.828563692048192, 0.0 ], [ 658631.565303529729135, 9145300.021686028689146, 0.0 ], [ 658616.566078382194974, 9145340.00355033017695, 0.0 ], [ 658598.163798090768978, 9145393.886027907952666, 0.0 ], [ 658588.563199488678947, 9145421.996826475486159, 0.0 ], [ 658573.29720341169741, 9145442.003904262557626, 0.0 ], [ 658554.004938389407471, 9145467.287632146850228, 0.0 ], [ 658533.078841192065738, 9145514.541119994595647, 0.0 ], [ 658532.433765611960553, 9145515.997771354392171, 0.0 ], [ 658493.373043210245669, 9145585.592034501954913, 0.0 ], [ 658456.712143781944178, 9145650.910286603495479, 0.0 ], [ 658405.643242650316097, 9145772.64446983858943, 0.0 ], [ 658391.559919357066974, 9145806.21507927775383, 0.0 ], [ 658387.87585214804858, 9145814.996829653158784, 0.0 ], [ 658384.3072054234799, 9145824.586305974051356, 0.0 ], [ 658330.938289762008935, 9145967.995758248493075, 0.0 ], [ 658325.730648284195922, 9146024.979087961837649, 0.0 ], [ 658324.902367397444323, 9146034.042320528998971, 0.0 ], [ 658329.750901107676327, 9146109.826832184568048, 0.0 ], [ 658320.68878731422592, 9146171.004344370216131, 0.0 ], [ 658287.161088731721975, 9146274.093435710296035, 0.0 ], [ 658253.081079368246719, 9146393.169167602434754, 0.0 ], [ 658210.614972426439635, 9146540.53922338411212, 0.0 ], [ 658196.813756067655049, 9146635.125637717545033, 0.0 ], [ 658193.818177261622623, 9146655.655704110860825, 0.0 ], [ 658178.373705804115161, 9146782.999852817505598, 0.0 ], [ 658178.308168532676063, 9146783.14799926802516, 0.0 ], [ 658147.616691193543375, 9146852.525689138099551, 0.0 ], [ 658092.278869000962004, 9146919.332071715965867, 0.0 ], [ 658060.746789367054589, 9146961.0036392621696, 0.0 ], [ 658060.155398885719478, 9146963.036519357934594, 0.0 ], [ 658039.177085123490542, 9147035.148437142372131, 0.0 ], [ 658039.150894581456669, 9147035.238465659320354, 0.0 ], [ 658039.148732932982966, 9147035.262317515909672, 0.0 ], [ 658034.96200020366814, 9147081.459085691720247, 0.0 ], [ 658033.810773092322052, 9147126.492227347567677, 0.0 ], [ 658033.329300859710202, 9147145.326102573424578, 0.0 ], [ 658034.56420113495551, 9147154.592698965221643, 0.0 ], [ 658043.15016034943983, 9147219.021045489236712, 0.0 ], [ 658042.426016123499721, 9147243.715267511084676, 0.0 ], [ 658041.517410570057109, 9147274.699694652110338, 0.0 ], [ 658034.962045240914449, 9147359.85245519131422, 0.0 ], [ 658034.972213244764134, 9147362.036958254873753, 0.0 ], [ 658035.481175753520802, 9147471.387938844040036, 0.0 ], [ 658035.497982256230898, 9147474.998997908085585, 0.0 ], [ 658036.24837142159231, 9147582.996944108977914, 0.0 ], [ 658033.461203746963292, 9147658.821595069020987, 0.0 ], [ 658031.421840494382195, 9147733.73207370378077, 0.0 ], [ 658031.251335539156571, 9147739.995061969384551, 0.0 ], [ 658030.047437508241273, 9147777.457385884597898, 0.0 ], [ 658020.061795334913768, 9147846.003482973203063, 0.0 ], [ 658012.099488937179558, 9147887.526246093213558, 0.0 ], [ 658000.50262427132111, 9147948.002725014463067, 0.0 ], [ 657984.219168473850004, 9148008.500856323167682, 0.0 ], [ 657977.645121026784182, 9148032.925436062738299, 0.0 ], [ 657951.43979475996457, 9148104.000966176390648, 0.0 ], [ 657913.772788700181991, 9148172.127092164009809, 0.0 ], [ 657873.272526683984324, 9148249.932673327624798, 0.0 ], [ 657863.852718512760475, 9148268.029138939455152, 0.0 ], [ 657859.185288181528449, 9148276.995767995715141, 0.0 ], [ 657854.563574093626812, 9148284.295886155217886, 0.0 ], [ 657818.788952170289122, 9148340.802727736532688, 0.0 ], [ 657801.703511095023714, 9148368.59711080417037, 0.0 ], [ 657801.691425483673811, 9148368.674481255933642, 0.0 ], [ 657791.298435023752972, 9148435.208836149424314, 0.0 ], [ 657790.951003880705684, 9148437.433032520115376, 0.0 ], [ 657790.764161604922265, 9148438.901333099231124, 0.0 ], [ 657779.489271133905277, 9148527.504790704697371, 0.0 ], [ 657773.861935071181506, 9148546.116233639419079, 0.0 ], [ 657758.215799945173785, 9148597.863017644733191, 0.0 ], [ 657758.198457483900711, 9148597.920374624431133, 0.0 ], [ 657758.181458879262209, 9148597.952537421137094, 0.0 ], [ 657710.149977391469292, 9148688.831945737823844, 0.0 ], [ 657657.063199212541804, 9148751.999002179130912, 0.0 ], [ 657621.375136959017254, 9148782.002893656492233, 0.0 ], [ 657558.467617425485514, 9148829.523270817473531, 0.0 ], [ 657437.212437275447883, 9148910.706729104742408, 0.0 ], [ 657371.707538487622514, 9148990.950434632599354, 0.0 ], [ 657353.991896944469772, 9149048.696441508829594, 0.0 ], [ 657327.493278997950256, 9149135.071120707318187, 0.0 ], [ 657326.350502234767191, 9149138.435715509578586, 0.0 ], [ 657303.956053968518972, 9149204.369932770729065, 0.0 ], [ 657298.014412977965549, 9149221.863397594541311, 0.0 ], [ 657272.808824286679737, 9149247.069703517481685, 0.0 ], [ 657232.121576398145407, 9149287.758012901991606, 0.0 ], [ 657207.945087230065838, 9149311.935076493769884, 0.0 ], [ 657113.429531838162802, 9149407.925342954695225, 0.0 ], [ 657103.132132549886592, 9149418.38337130472064, 0.0 ], [ 657095.128480622894131, 9149431.81930966116488, 0.0 ], [ 657086.549995129578747, 9149446.220224164426327, 0.0 ], [ 657057.285174286458641, 9149495.347705837339163, 0.0 ], [ 657052.116073736222461, 9149516.670545049011707, 0.0 ], [ 657044.182560551562347, 9149549.396692093461752, 0.0 ], [ 657025.599514475325122, 9149607.317243022844195, 0.0 ], [ 657016.336347973672673, 9149636.189061840996146, 0.0 ], [ 656995.441393535700627, 9149789.997780648991466, 0.0 ], [ 656991.417147367144935, 9149801.050053380429745, 0.0 ], [ 656959.019479282083921, 9149890.027419345453382, 0.0 ], [ 656943.933762543601915, 9149958.460652954876423, 0.0 ], [ 656943.81412988959346, 9149959.003340557217598, 0.0 ], [ 656923.372693709447049, 9150005.003971111029387, 0.0 ], [ 656898.313583069713786, 9150041.99647293612361, 0.0 ], [ 656817.663544299197383, 9150219.861804008483887, 0.0 ], [ 656811.253961315494962, 9150233.99739901162684, 0.0 ], [ 656809.196766426321119, 9150236.136895358562469, 0.0 ], [ 656779.46802479994949, 9150267.05494824424386, 0.0 ], [ 656762.504554056329653, 9150284.69701999053359, 0.0 ], [ 656721.597375344950706, 9150298.801874626427889, 0.0 ], [ 656715.00846042286139, 9150301.073737729340792, 0.0 ], [ 656650.160679656779394, 9150325.369108285754919, 0.0 ], [ 656616.007863918901421, 9150338.164490759372711, 0.0 ], [ 656594.734526010230184, 9150346.134548550471663, 0.0 ], [ 656582.048068779404275, 9150357.155065523460507, 0.0 ], [ 656416.979540839209221, 9150500.546513337641954, 0.0 ], [ 656415.774982972885482, 9150501.592880669981241, 0.0 ], [ 656414.211684482055716, 9150503.264809956774116, 0.0 ], [ 656332.022002758458257, 9150591.165432402864099, 0.0 ], [ 656326.563197224400938, 9150597.003523519262671, 0.0 ], [ 656317.87126023916062, 9150604.655474554747343, 0.0 ], [ 656286.210957479779609, 9150632.527599276974797, 0.0 ], [ 656278.580668102018535, 9150639.244909979403019, 0.0 ], [ 656273.010324343456887, 9150644.80119082890451, 0.0 ], [ 656128.814111789339222, 9150788.632594246417284, 0.0 ], [ 656126.436616894323379, 9150791.004061758518219, 0.0 ], [ 656103.27737899904605, 9150826.661460252478719, 0.0 ], [ 656103.065558080328628, 9150826.987592520192266, 0.0 ], [ 656103.059659454389475, 9150826.99667439982295, 0.0 ], [ 656061.706344255129807, 9150920.235314650461078, 0.0 ], [ 656056.676753477077, 9150931.575416188687086, 0.0 ], [ 656026.373222914873622, 9150994.002657201141119, 0.0 ], [ 655975.772580058779567, 9151073.85260497033596, 0.0 ], [ 655943.420087910140865, 9151124.906001420691609, 0.0 ], [ 655940.558595313224941, 9151128.973749557510018, 0.0 ], [ 655857.947828472242691, 9151246.408453909680247, 0.0 ], [ 655850.497609253274277, 9151256.999214420095086, 0.0 ], [ 655845.638353557093069, 9151268.960438812151551, 0.0 ], [ 655822.874087966047227, 9151324.995348980650306, 0.0 ], [ 655788.157309666508809, 9151393.515420315787196, 0.0 ], [ 655782.223650009022094, 9151405.226583000272512, 0.0 ], [ 655779.09691067552194, 9151411.397771798074245, 0.0 ], [ 655712.754414365394041, 9151519.703441146761179, 0.0 ], [ 655702.262145232292823, 9151536.832250867038965, 0.0 ], [ 655702.074967061518691, 9151538.145334828644991, 0.0 ], [ 655675.676033642957918, 9151723.336714163422585, 0.0 ], [ 655675.438380211009644, 9151725.003867585211992, 0.0 ], [ 655673.063526747864671, 9151769.004930432885885, 0.0 ], [ 655673.075841099838726, 9151769.19502772949636, 0.0 ], [ 655678.382109387777746, 9151851.108253184705973, 0.0 ], [ 655679.516322642099112, 9151899.904473196715117, 0.0 ], [ 655681.304720388259739, 9151976.845700275152922, 0.0 ], [ 655681.655788086471148, 9151991.949577517807484, 0.0 ], [ 655676.836382653098553, 9152052.86694704182446, 0.0 ], [ 655673.51097290427424, 9152094.899982370436192, 0.0 ], [ 655672.651284805848263, 9152105.7663758918643, 0.0 ], [ 655671.91087135206908, 9152111.626546865329146, 0.0 ], [ 655662.82222404005006, 9152183.560506492853165, 0.0 ], [ 655658.740540907136165, 9152227.711586020886898, 0.0 ], [ 655669.02147255546879, 9152280.164703095331788, 0.0 ], [ 655670.878450219752267, 9152289.638961179181933, 0.0 ], [ 655670.900361924665049, 9152289.67359271645546, 0.0 ], [ 655688.211159743950702, 9152317.033363293856382, 0.0 ], [ 655698.168516290839761, 9152330.226883942261338, 0.0 ], [ 655744.397531220922247, 9152391.480330497026443, 0.0 ], [ 655746.946366526186466, 9152394.857532301917672, 0.0 ], [ 655746.908768149092793, 9152394.959307409822941, 0.0 ], [ 655731.378216055454686, 9152436.998936327174306, 0.0 ], [ 655730.915445370250382, 9152437.925599940121174, 0.0 ], [ 655718.5064216342289, 9152462.773721139878035, 0.0 ], [ 655695.592059865128249, 9152487.282685099169612, 0.0 ], [ 655666.870942428126, 9152518.002436334267259, 0.0 ], [ 655665.991649459698237, 9152519.498359112069011, 0.0 ], [ 655664.903011824586429, 9152521.350435441359878, 0.0 ], [ 655635.800577365444042, 9152570.861720386892557, 0.0 ], [ 655617.898936652694829, 9152644.906659889966249, 0.0 ], [ 655618.671049082418904, 9152653.794978594407439, 0.0 ], [ 655622.186744339065626, 9152694.266574904322624, 0.0 ], [ 655636.600484850117937, 9152755.874087022617459, 0.0 ], [ 655658.732257549418136, 9152805.863887619227171, 0.0 ], [ 655687.642245483701117, 9152883.258129578083754, 0.0 ], [ 655687.636964645469561, 9152883.391694512218237, 0.0 ], [ 655685.58906850987114, 9152935.187609443441033, 0.0 ], [ 655684.376861316151917, 9152975.99924136325717, 0.0 ], [ 655685.457399585982785, 9152979.192678431048989, 0.0 ], [ 655692.029062195913866, 9152998.614649938419461, 0.0 ], [ 655727.873742470401339, 9153044.925185417756438, 0.0 ], [ 655727.897831872105598, 9153045.079632854089141, 0.0 ], [ 655733.851928976248018, 9153083.757310003042221, 0.0 ], [ 655737.801659010117874, 9153128.478259490802884, 0.0 ], [ 655749.810357472393662, 9153198.22264120541513, 0.0 ], [ 655756.140424928511493, 9153234.986507641151547, 0.0 ], [ 655749.488519536796957, 9153279.845901299268007, 0.0 ], [ 655747.688498892821372, 9153291.984930271282792, 0.0 ], [ 655732.812995784101076, 9153390.004950869828463, 0.0 ], [ 655731.497394407750107, 9153393.984381079673767, 0.0 ], [ 655714.911265462404117, 9153444.154014110565186, 0.0 ], [ 655633.434026244329289, 9153626.846744013950229, 0.0 ], [ 655610.954230411560275, 9153656.798117591068149, 0.0 ], [ 655595.404209716711193, 9153677.516443690285087, 0.0 ], [ 655593.920398938003927, 9153681.95084697380662, 0.0 ], [ 655571.020095277577639, 9153750.388796038925648, 0.0 ], [ 655570.815074135549366, 9153751.001503987237811, 0.0 ], [ 655570.815898416098207, 9153751.269775182008743, 0.0 ], [ 655571.12845323048532, 9153853.000775221735239, 0.0 ], [ 655595.404195390525274, 9153924.53624065220356, 0.0 ], [ 655590.68288932822179, 9154067.639352891594172, 0.0 ], [ 655590.44018801767379, 9154074.995555890724063, 0.0 ], [ 655590.569475496886298, 9154075.66420665755868, 0.0 ], [ 655608.486056591267698, 9154168.325333654880524, 0.0 ], [ 655614.419179490301758, 9154199.010267753154039, 0.0 ], [ 655610.864904030226171, 9154216.54929543659091, 0.0 ], [ 655601.186942962463945, 9154264.306334808468819, 0.0 ], [ 655599.898207995458506, 9154270.665738394483924, 0.0 ], [ 655590.360103271668777, 9154356.605628089979291, 0.0 ], [ 655590.316542336950079, 9154356.998117888346314, 0.0 ], [ 655590.333652619970962, 9154357.148795124143362, 0.0 ], [ 655590.808211795752868, 9154361.32787773385644, 0.0 ], [ 655602.108059165650047, 9154460.83702246658504, 0.0 ], [ 655586.88628960470669, 9154521.194791516289115, 0.0 ], [ 655527.672838591970503, 9154694.819362184032798, 0.0 ], [ 655525.814404988777824, 9154697.809877740219235, 0.0 ], [ 655465.391943376860581, 9154795.038948906585574, 0.0 ], [ 655461.300465165404603, 9154797.008379699662328, 0.0 ], [ 655412.758749751723371, 9154820.373865475878119, 0.0 ], [ 655301.670747438678518, 9154831.561619989573956, 0.0 ], [ 655225.611083505442366, 9154844.228938050568104, 0.0 ], [ 654995.321168291615322, 9154996.248012008145452, 0.0 ], [ 654829.934289245167747, 9155043.208470154553652, 0.0 ], [ 654729.483351733186282, 9155032.750630669295788, 0.0 ], [ 654472.072810993064195, 9154800.61781121045351, 0.0 ], [ 654319.302123102010228, 9154725.323186747729778, 0.0 ], [ 653839.775900690932758, 9154478.820118803530931, 0.0 ], [ 653810.76443431712687, 9154463.906396396458149, 0.0 ], [ 653576.376209141686559, 9154288.232132405042648, 0.0 ], [ 653394.316230651456863, 9154110.46832536906004, 0.0 ], [ 653365.950613483553752, 9154064.837669868022203, 0.0 ], [ 653282.246982680168003, 9154064.837598083540797, 0.0 ], [ 653240.391057562548667, 9154102.480003528296947, 0.0 ], [ 653185.976751634269021, 9154301.159489659592509, 0.0 ], [ 653194.585473601240665, 9154417.995750244706869, 0.0 ], [ 653202.955004585674033, 9154482.822561394423246, 0.0 ], [ 653198.774358914699405, 9154560.206795480102301, 0.0 ], [ 653196.679830050328746, 9154602.028295269235969, 0.0 ], [ 653167.382420735666528, 9154648.038922283798456, 0.0 ], [ 653123.432040755054913, 9154712.87574827671051, 0.0 ], [ 653096.229013466043398, 9154763.065536117181182, 0.0 ], [ 653066.931507694884203, 9154786.070845946669579, 0.0 ], [ 653018.80049649393186, 9154783.981208669021726, 0.0 ], [ 652956.016694890451618, 9154790.260025793686509, 0.0 ], [ 652920.435831993003376, 9154800.707834163680673, 0.0 ], [ 652897.421730765607208, 9154838.360200975090265, 0.0 ], [ 652853.471363742602989, 9154838.360206048935652, 0.0 ], [ 652811.615455302991904, 9154802.80744157359004, 0.0 ], [ 652773.940151959308423, 9154760.97594908438623, 0.0 ], [ 652732.092473210417666, 9154750.518079839646816, 0.0 ], [ 652683.961569031584077, 9154754.707189299166203, 0.0 ], [ 652619.083212360390462, 9154798.618309168145061, 0.0 ], [ 652596.060848889639601, 9154852.997165933251381, 0.0 ], [ 652623.263884120504372, 9154963.83460639230907, 0.0 ], [ 652604.430390234687366, 9155030.761017419397831, 0.0 ], [ 652545.835405751597136, 9155118.603176571428776, 0.0 ], [ 652525.642700896714814, 9155167.219071961939335, 0.0 ], [ 652499.798785917460918, 9155229.440607050433755, 0.0 ], [ 652522.812943717930466, 9155311.003972744569182, 0.0 ], [ 652457.942928452277556, 9155384.199117271229625, 0.0 ], [ 652418.181412606849335, 9155426.030537305399776, 0.0 ], [ 652350.837680132011883, 9155578.039660766720772, 0.0 ], [ 652256.6618122367654, 9155711.892367053776979, 0.0 ], [ 652225.26998682145495, 9155791.356189480051398, 0.0 ], [ 652212.711517827701755, 9155875.009143266826868, 0.0 ], [ 652229.458855954813771, 9155996.314447645097971, 0.0 ], [ 652346.648709709756076, 9156056.962168619036674, 0.0 ], [ 652507.789028178085573, 9156084.14655414223671, 0.0 ], [ 652549.644902586005628, 9156171.988673038780689, 0.0 ], [ 652520.347463699290529, 9156287.01536675170064, 0.0 ], [ 652535.000288540730253, 9156347.66300742700696, 0.0 ], [ 652671.452596636139788, 9156441.553853930905461, 0.0 ], [ 652717.497376126470044, 9156686.244077026844025, 0.0 ], [ 652713.308438448351808, 9156826.36557131074369, 0.0 ], [ 652790.736911767628044, 9157079.414026629179716, 0.0 ], [ 653004.205332159530371, 9157288.551422670483589, 0.0 ], [ 652949.79101026756689, 9157491.420138603076339, 0.0 ], [ 652907.935095831053331, 9157810.705204032361507, 0.0 ], [ 653029.313987116212957, 9158095.137244995683432, 0.0 ], [ 652905.84065621602349, 9158360.733163198456168, 0.0 ], [ 652763.220532668987289, 9158548.524993982166052, 0.0 ], [ 652704.617399750975892, 9158824.57881910726428, 0.0 ], [ 652648.116781117045321, 9158979.347260747104883, 0.0 ], [ 652656.486326704733074, 9159326.506683701649308, 0.0 ], [ 652543.534822883084416, 9159859.518158530816436, 0.0 ], [ 652368.92372551211156, 9160297.652556208893657, 0.0 ], [ 652351.002525832969695, 9160342.619836928322911, 0.0 ], [ 652202.412408450385556, 9160549.66769465431571, 0.0 ], [ 651837.888367711682804, 9161072.491280980408192, 0.0 ], [ 651760.459900240995921, 9161195.876078130677342, 0.0 ], [ 651737.437575362040661, 9161455.203308153897524, 0.0 ], [ 651735.573487984482199, 9161457.727523382753134, 0.0 ], [ 651672.567536657676101, 9161543.045493844896555, 0.0 ], [ 651699.053154414985329, 9161691.895209960639477, 0.0 ], [ 651707.488661692244932, 9161845.633841667324305, 0.0 ], [ 651709.253270491142757, 9161846.609790632501245, 0.0 ], [ 651751.109137744177133, 9161869.758910331875086, 0.0 ], [ 651763.345977501827292, 9161858.551200151443481, 0.0 ], [ 651799.281367626157589, 9161949.542753826826811, 0.0 ], [ 651824.62086386536248, 9162021.198095949366689, 0.0 ] ], [ [ 661663.21721158339642, 9174889.384052626788616, 0.0 ], [ 661664.165258063003421, 9175004.049520187079906, 0.0 ], [ 661908.745114492252469, 9175008.787707166746259, 0.0 ], [ 662048.098905041115358, 9175052.37955036573112, 0.0 ], [ 662067.825097945518792, 9175273.875998357310891, 0.0 ], [ 662008.522758749895729, 9175273.876046629622579, 0.0 ], [ 662008.522755956160836, 9175655.460176896303892, 0.0 ], [ 661899.084983662352897, 9175646.357330489903688, 0.0 ], [ 661899.084995630662888, 9175665.714030124247074, 0.0 ], [ 661899.085025156615302, 9175877.207951970398426, 0.0 ], [ 661688.19400788214989, 9175877.208014221861959, 0.0 ], [ 661687.425642410875298, 9175645.62931115925312, 0.0 ], [ 661687.369620135053992, 9175628.747212452813983, 0.0 ], [ 661660.386971907340921, 9175626.502859380096197, 0.0 ], [ 661107.720649561146274, 9175524.240029845386744, 0.0 ], [ 660843.272815873497166, 9175473.937878970056772, 0.0 ], [ 660839.055975144845434, 9175491.542962905019522, 0.0 ], [ 660839.036814622348174, 9175491.638592014089227, 0.0 ], [ 660816.805000157328323, 9175602.595960594713688, 0.0 ], [ 660787.060096198460087, 9175709.590928910300136, 0.0 ], [ 660776.054999920772389, 9175749.177032262086868, 0.0 ], [ 660766.261108097387478, 9175802.265182573348284, 0.0 ], [ 660746.382016099407338, 9175910.019966043531895, 0.0 ], [ 660704.651819153223187, 9176107.449835408478975, 0.0 ], [ 660704.602959264069796, 9176107.680995175614953, 0.0 ], [ 660701.92484230583068, 9176119.499836917966604, 0.0 ], [ 660680.153050749795511, 9176215.580967368558049, 0.0 ], [ 660647.552999672945589, 9176333.659976504743099, 0.0 ], [ 660619.028010342386551, 9176419.165967490524054, 0.0 ], [ 660574.54302883206401, 9176529.53102645277977, 0.0 ], [ 660486.377982201753184, 9176502.915009561926126, 0.0 ], [ 660356.309994687093422, 9176449.677972258999944, 0.0 ], [ 660241.658029660466127, 9176404.226995008066297, 0.0 ], [ 660082.201963423751295, 9176356.169021299108863, 0.0 ], [ 659966.762958508217707, 9176318.699949596077204, 0.0 ], [ 659823.847997748292983, 9176263.304989838972688, 0.0 ], [ 659727.39002558379434, 9176220.55805179476738, 0.0 ], [ 659648.59595762740355, 9176167.347028542309999, 0.0 ], [ 659525.511038051452488, 9176062.572950027883053, 0.0 ], [ 659420.686002321075648, 9175952.730026829987764, 0.0 ], [ 659273.84694658103399, 9175820.020948024466634, 0.0 ], [ 659079.552986487513408, 9175671.065227460116148, 0.0 ], [ 659079.510980899212882, 9175671.033023653551936, 0.0 ], [ 658942.375973418587819, 9175574.284988926723599, 0.0 ], [ 658793.084013646002859, 9175500.409989414736629, 0.0 ], [ 658707.597952813492157, 9175442.976020231842995, 0.0 ], [ 658628.175007675075904, 9175401.369951874017715, 0.0 ], [ 658564.813054710975848, 9175361.014055037871003, 0.0 ], [ 658446.389999322360381, 9175286.309949040412903, 0.0 ], [ 658408.947946801781654, 9175252.405052905902267, 0.0 ], [ 658277.709034620551392, 9175176.18298570252955, 0.0 ], [ 658235.532002101652324, 9175160.845004264265299, 0.0 ], [ 658117.611050968174823, 9175132.437005925923586, 0.0 ], [ 658017.453994645737112, 9175125.333924638107419, 0.0 ], [ 657995.923947233124636, 9175123.806999152526259, 0.0 ], [ 657883.51594752096571, 9175128.273968936875463, 0.0 ], [ 657883.396265021641739, 9175128.312377519905567, 0.0 ], [ 657674.181951480451971, 9175195.452994041144848, 0.0 ], [ 657554.98701442417223, 9175260.946972453966737, 0.0 ], [ 657414.377028445480391, 9175331.640001194551587, 0.0 ], [ 657238.722951165749691, 9175402.121025107800961, 0.0 ], [ 657018.233020445914008, 9175467.512974373996258, 0.0 ], [ 656811.260969982948154, 9175493.64005371183157, 0.0 ], [ 656553.336954295402393, 9175483.067975830286741, 0.0 ], [ 656401.33196861599572, 9175468.77802106551826, 0.0 ], [ 656236.402988786110654, 9175449.173989184200764, 0.0 ], [ 656223.886985542834736, 9175435.25903932005167, 0.0 ], [ 656190.689785211230628, 9175341.02794567681849, 0.0 ], [ 656190.692822883138433, 9175340.400572128593922, 0.0 ], [ 656191.73982474359218, 9174971.092249564826488, 0.0 ], [ 656192.539955431944691, 9174688.729025179520249, 0.0 ], [ 656228.365429237834178, 9174644.277303364127874, 0.0 ], [ 656322.175953803700395, 9174527.877993522211909, 0.0 ], [ 656341.342482382198796, 9174483.815674876794219, 0.0 ], [ 656341.381044664420187, 9174483.727023163810372, 0.0 ], [ 656333.286017716047354, 9174468.503004521131516, 0.0 ], [ 656264.802966311457567, 9174451.34495116584003, 0.0 ], [ 656177.980037145665847, 9174443.763994891196489, 0.0 ], [ 656108.85905426600948, 9174438.710955053567886, 0.0 ], [ 656034.680031045922078, 9174421.866025386378169, 0.0 ], [ 655961.345018333406188, 9174357.013028930872679, 0.0 ], [ 655892.223998214351013, 9174283.736973645165563, 0.0 ], [ 655834.904015529435128, 9174215.515041220933199, 0.0 ], [ 655824.007963072624989, 9174197.926986975595355, 0.0 ], [ 655823.946000674040988, 9174197.826969254761934, 0.0 ], [ 655846.948646713979542, 9174185.568886244669557, 0.0 ], [ 655846.969015713548288, 9174185.558031624183059, 0.0 ], [ 655893.68005701364018, 9174106.849412057548761, 0.0 ], [ 655881.346244790009223, 9174086.814113415777683, 0.0 ], [ 655912.180684357881546, 9173908.037685416638851, 0.0 ], [ 655987.72509572468698, 9173826.35539329238236, 0.0 ], [ 656030.916406088741496, 9173796.543399440124631, 0.0 ], [ 656052.477490401244722, 9173781.661233492195606, 0.0 ], [ 656077.145115991355851, 9173692.272980805486441, 0.0 ], [ 655967.682701346697286, 9173568.978892952203751, 0.0 ], [ 655896.763476608553901, 9173589.014255030080676, 0.0 ], [ 655878.364627698902041, 9173601.075387746095657, 0.0 ], [ 655720.928540186956525, 9173704.280042134225368, 0.0 ], [ 655612.859385474584997, 9173419.713735988363624, 0.0 ], [ 655606.919568221783265, 9173404.07300921343267, 0.0 ], [ 655394.161834150669165, 9173336.261307554319501, 0.0 ], [ 655179.089869026094675, 9173228.994197336956859, 0.0 ], [ 655151.338857867638581, 9173173.511894322931767, 0.0 ], [ 655126.671307525597513, 9173065.629578161984682, 0.0 ], [ 655122.756651073577814, 9173027.992297653108835, 0.0 ], [ 655122.696394146420062, 9173027.412960212677717, 0.0 ], [ 655213.288592468830757, 9173004.853964572772384, 0.0 ], [ 655318.059501092415303, 9173031.045951053500175, 0.0 ], [ 655338.164179931511171, 9173036.071950800716877, 0.0 ], [ 655323.014808112522587, 9172713.456637196242809, 0.0 ], [ 655326.47701765364036, 9172460.804661370813847, 0.0 ], [ 655342.056991152931005, 9172446.960732499137521, 0.0 ], [ 655347.201181718381122, 9172147.075858447700739, 0.0 ], [ 655347.201184892328456, 9172001.345932371914387, 0.0 ], [ 655353.032447194564156, 9171820.640747176483274, 0.0 ], [ 655351.088677015970461, 9171739.031994387507439, 0.0 ], [ 655323.826965072657913, 9171652.397993905469775, 0.0 ], [ 655369.637521710712463, 9171641.951364414766431, 0.0 ], [ 655372.484957747394219, 9171641.302034074440598, 0.0 ], [ 655533.092985453782603, 9171641.302010675892234, 0.0 ], [ 655726.931003871606663, 9171643.145955229178071, 0.0 ], [ 655815.039032723987475, 9171639.247016407549381, 0.0 ], [ 655978.851996041717939, 9171625.07597372867167, 0.0 ], [ 655978.91837504832074, 9171625.219121104106307, 0.0 ], [ 655986.770346302073449, 9171642.152014149352908, 0.0 ], [ 656086.422599833691493, 9171621.682855391874909, 0.0 ], [ 656142.39176217734348, 9171598.484351396560669, 0.0 ], [ 656149.217255180934444, 9171371.958014165982604, 0.0 ], [ 656128.740782660082914, 9171320.102563994005322, 0.0 ], [ 656172.424051855807193, 9171320.102577341720462, 0.0 ], [ 656177.060870234039612, 9171330.918016415089369, 0.0 ], [ 656179.140315526630729, 9171335.76834824308753, 0.0 ], [ 656201.09110775438603, 9171386.968792825937271, 0.0 ], [ 656284.362288514152169, 9171385.604126771911979, 0.0 ], [ 656460.460269775008783, 9171423.81341434456408, 0.0 ], [ 656553.947777610854246, 9171441.558899082243443, 0.0 ], [ 656676.806809918605722, 9171464.757455680519342, 0.0 ], [ 656697.28324757667724, 9171482.497463501989841, 0.0 ], [ 656721.85513905598782, 9171556.186690751463175, 0.0 ], [ 656771.976666491245851, 9171541.06105587258935, 0.0 ], [ 656794.205466582789086, 9171534.352845529094338, 0.0 ], [ 656903.400664646411315, 9171399.508026083931327, 0.0 ], [ 656918.572030029958114, 9171380.772861940786242, 0.0 ], [ 656984.777814495610073, 9171467.257363086566329, 0.0 ], [ 657012.685771035961807, 9171503.713376080617309, 0.0 ], [ 657012.971049373736605, 9171504.086033318191767, 0.0 ], [ 657034.572042130865157, 9171540.899995096027851, 0.0 ], [ 657042.855586194782518, 9171601.420785484835505, 0.0 ], [ 657044.501237524091266, 9171613.434825347736478, 0.0 ], [ 657054.162030586623587, 9171652.027000384405255, 0.0 ], [ 657100.465977936633863, 9171716.542976792901754, 0.0 ], [ 657148.65401893411763, 9171774.939006008207798, 0.0 ], [ 657186.772986509720795, 9171846.601042924448848, 0.0 ], [ 657186.76557147805579, 9171846.685576530173421, 0.0 ], [ 657186.273263352923095, 9171852.298040062189102, 0.0 ], [ 657181.274005040409975, 9171909.290959570556879, 0.0 ], [ 657181.235851770266891, 9171909.370645580813289, 0.0 ], [ 657161.956993579282425, 9171949.635962724685669, 0.0 ], [ 657136.408980192849413, 9171999.177008459344506, 0.0 ], [ 657136.420772122568451, 9171999.276832148432732, 0.0 ], [ 657145.699954480747692, 9172077.829010512679815, 0.0 ], [ 657159.041702177375555, 9172149.815031282603741, 0.0 ], [ 657154.506708442233503, 9172184.849448382854462, 0.0 ], [ 657147.692013149964623, 9172237.491978520527482, 0.0 ], [ 657141.063976232428104, 9172309.748980969190598, 0.0 ], [ 657141.702009533648379, 9172310.919168038293719, 0.0 ], [ 657197.32105895888526, 9172412.927266672253609, 0.0 ], [ 657198.12404226034414, 9172414.399975003674626, 0.0 ], [ 657216.665000551613048, 9172477.829977566376328, 0.0 ], [ 657232.16923223179765, 9172525.592459281906486, 0.0 ], [ 657234.09305021353066, 9172531.518986240029335, 0.0 ], [ 657234.107670559547842, 9172531.538663843646646, 0.0 ], [ 657285.006037033279426, 9172600.042948724702001, 0.0 ], [ 657349.527031687670387, 9172690.708997888490558, 0.0 ], [ 657373.745031858677976, 9172741.168957900255919, 0.0 ], [ 657373.760656457510777, 9172741.256378673017025, 0.0 ], [ 657389.3760286194738, 9172826.303955430164933, 0.0 ], [ 657401.955025617964566, 9172830.821973547339439, 0.0 ], [ 657402.486334775341675, 9172830.808174045756459, 0.0 ], [ 657484.425923241418786, 9172828.67991660349071, 0.0 ], [ 657576.229283923981711, 9172841.298405256122351, 0.0 ], [ 657627.248076563933864, 9172871.048794273287058, 0.0 ], [ 657645.08188521687407, 9172881.44813391007483, 0.0 ], [ 657641.639252061839215, 9172790.824444252997637, 0.0 ], [ 657604.917803905205801, 9172672.669475352391601, 0.0 ], [ 657752.982393346144818, 9172638.22216909006238, 0.0 ], [ 657754.480865873279981, 9172637.873545983806252, 0.0 ], [ 657815.188478969386779, 9172635.379590157419443, 0.0 ], [ 657838.251532441470772, 9172634.432106722146273, 0.0 ], [ 657801.530185397947207, 9172476.127419585362077, 0.0 ], [ 658186.236387223238125, 9172395.652542160823941, 0.0 ], [ 658180.498675460694358, 9172338.295768702402711, 0.0 ], [ 658197.711772957583889, 9172283.233201812952757, 0.0 ], [ 658173.613405390875414, 9172256.849087778478861, 0.0 ], [ 658173.707398582017049, 9172144.217710675671697, 0.0 ], [ 658364.930735344183631, 9172098.346274660900235, 0.0 ], [ 658375.087712943088263, 9172095.909752815961838, 0.0 ], [ 658430.64280000817962, 9172406.2552579510957, 0.0 ], [ 658472.333018915727735, 9172454.423031352460384, 0.0 ], [ 658498.645156097365543, 9172498.316779678687453, 0.0 ], [ 658499.269882048363797, 9172499.358942804858088, 0.0 ], [ 658510.7076899218373, 9172572.861840698868036, 0.0 ], [ 658504.171836831606925, 9172654.531665731221437, 0.0 ], [ 658504.454643602250144, 9172656.631773475557566, 0.0 ], [ 658511.057419857126661, 9172705.663617486134171, 0.0 ], [ 658515.609673867584206, 9172739.468383185565472, 0.0 ], [ 658518.22545666527003, 9172738.973127506673336, 0.0 ], [ 658747.379039279883727, 9172695.586039334535599, 0.0 ], [ 658770.746017955825664, 9172716.313003122806549, 0.0 ], [ 658837.871042448095977, 9172731.998041655868292, 0.0 ], [ 658883.008972483337857, 9172749.706991417333484, 0.0 ], [ 658998.698951232712716, 9172742.857053890824318, 0.0 ], [ 659122.101949710631743, 9172733.438007591292262, 0.0 ], [ 659195.802051166072488, 9172726.587972851470113, 0.0 ], [ 659311.548441142309457, 9172721.450898157432675, 0.0 ], [ 659311.590954597108066, 9172721.449011269956827, 0.0 ], [ 659315.094011416193098, 9172178.496990319341421, 0.0 ], [ 659311.948359119240195, 9171748.085984919220209, 0.0 ], [ 659311.845728604588658, 9171734.0449452213943, 0.0 ], [ 659620.350142429466359, 9171645.360701862722635, 0.0 ], [ 659632.440562639152631, 9171641.885079376399517, 0.0 ], [ 659594.064213606994599, 9171588.195101268589497, 0.0 ], [ 659594.047020829515532, 9171588.171047890558839, 0.0 ], [ 659637.354011869290844, 9171550.364954324439168, 0.0 ], [ 659693.057041548425332, 9171522.963996751233935, 0.0 ], [ 659782.781054976745509, 9171494.191047100350261, 0.0 ], [ 659806.349005109979771, 9171489.220982221886516, 0.0 ], [ 659906.480952392332256, 9171458.526183430105448, 0.0 ], [ 659918.668696312932298, 9171454.790091907605529, 0.0 ], [ 659971.701988367247395, 9171438.532958617433906, 0.0 ], [ 659971.772677174303681, 9171438.695065356791019, 0.0 ], [ 659980.142029071925208, 9171457.888030409812927, 0.0 ], [ 659980.172900878591463, 9171457.98128960467875, 0.0 ], [ 659982.80541403661482, 9171465.933724487200379, 0.0 ], [ 660016.990947062731721, 9171569.203015636652708, 0.0 ], [ 660016.961294039851055, 9171569.313236540183425, 0.0 ], [ 659995.567021390306763, 9171648.836003351956606, 0.0 ], [ 659986.997043698793277, 9171743.025039559230208, 0.0 ], [ 659986.998417169321328, 9171743.04959387332201, 0.0 ], [ 659994.252587594673969, 9171872.736257383599877, 0.0 ], [ 659996.467972003854811, 9171912.341969454661012, 0.0 ], [ 659996.480867026140913, 9171912.447676664218307, 0.0 ], [ 660024.949037407292053, 9172145.815949914976954, 0.0 ], [ 660049.487007074058056, 9172317.922001965343952, 0.0 ], [ 660064.788565420894884, 9172460.606026852503419, 0.0 ], [ 660093.797254655626602, 9172731.106175547465682, 0.0 ], [ 660094.395704801660031, 9172730.987408580258489, 0.0 ], [ 660234.414244254934601, 9172703.199442429468036, 0.0 ], [ 660370.310431639896706, 9172679.403260204941034, 0.0 ], [ 660625.695795645006001, 9172642.194363202899694, 0.0 ], [ 660861.847770818509161, 9172651.530165227130055, 0.0 ], [ 660945.597658146405593, 9172621.556285250931978, 0.0 ], [ 661158.591111077112146, 9172595.716784849762917, 0.0 ], [ 661197.458663438097574, 9173064.389208378270268, 0.0 ], [ 661215.83743383991532, 9173259.42045446485281, 0.0 ], [ 661218.57559050549753, 9173288.477145364508033, 0.0 ], [ 661252.762939884909429, 9173651.265635756775737, 0.0 ], [ 661260.842546911444515, 9173677.397556142881513, 0.0 ], [ 661260.859981512185186, 9173677.453944936394691, 0.0 ], [ 661274.17702200775966, 9173687.026009244844317, 0.0 ], [ 661323.358959967503324, 9173685.156012842431664, 0.0 ], [ 661380.370033881161362, 9173677.897035675123334, 0.0 ], [ 661425.708946388564073, 9173680.053048506379128, 0.0 ], [ 661473.236017085029744, 9173690.55203246884048, 0.0 ], [ 661500.483016379061155, 9173693.22502171061933, 0.0 ], [ 661546.607975414255634, 9173683.108006101101637, 0.0 ], [ 661590.655008135479875, 9173671.615979511290789, 0.0 ], [ 661614.85903250798583, 9173668.342018526047468, 0.0 ], [ 661633.985949378809892, 9173671.84400836750865, 0.0 ], [ 661634.135733351577073, 9173672.289610046893358, 0.0 ], [ 661636.472628467250615, 9173679.241784129291773, 0.0 ], [ 661636.501946481410414, 9173679.329004097729921, 0.0 ], [ 661668.350905934697948, 9173885.543988924473524, 0.0 ], [ 661584.817001699586399, 9173923.195965755730867, 0.0 ], [ 661584.821197838056833, 9173923.262668700888753, 0.0 ], [ 661587.686198545852676, 9173968.805545046925545, 0.0 ], [ 661588.476033548824489, 9173981.360998610034585, 0.0 ], [ 661595.424464517273009, 9174041.726371543481946, 0.0 ], [ 661601.625998562783934, 9174095.602966455742717, 0.0 ], [ 661609.773333411081694, 9174170.111004825681448, 0.0 ], [ 661612.687036154675297, 9174196.757048139348626, 0.0 ], [ 661635.652556261979043, 9174357.498761018738151, 0.0 ], [ 661863.975768723990768, 9174342.69052592664957, 0.0 ], [ 661866.201175023335963, 9174356.2588248886168, 0.0 ], [ 661955.196455852710642, 9174898.860488956794143, 0.0 ], [ 661900.432653005933389, 9174897.083215702325106, 0.0 ], [ 661707.016562382807024, 9174890.805709216743708, 0.0 ], [ 661673.84679790912196, 9174889.729075532406569, 0.0 ], [ 661663.21721158339642, 9174889.384052626788616, 0.0 ] ] ] ] } }
]
}
