{
"type": "FeatureCollection",
"name": "UC-info-rel-ka",
"crs": { "type": "name", "properties": { "name": "urn:ogc:def:crs:OGC:1.3:CRS84" } },
"features": [
{ "type": "Feature", "properties": { "osm_id": "24907041", "code": 6101, "fclass": "rail", "name": "Jalur KA Kandangan-Sidotopo" }, "geometry": { "type": "MultiLineString", "coordinates": [ [ [ 112.747064, -7.2437637 ], [ 112.7446245, -7.2438978 ], [ 112.7438845, -7.2439459 ], [ 112.7431702, -7.2440337 ] ] ] } },
{ "type": "Feature", "properties": { "osm_id": "28596581", "code": 6101, "fclass": "rail", "name": null }, "geometry": { "type": "MultiLineString", "coordinates": [ [ [ 112.7438845, -7.2439459 ], [ 112.7456258, -7.243774 ], [ 112.747187, -7.2436468 ] ] ] } },
{ "type": "Feature", "properties": { "osm_id": "29100289", "code": 6101, "fclass": "rail", "name": null }, "geometry": { "type": "MultiLineString", "coordinates": [ [ [ 112.7391296, -7.2135034 ], [ 112.7391098, -7.219383 ], [ 112.7391528, -7.2196555 ], [ 112.7392214, -7.2198854 ], [ 112.7393244, -7.2200982 ], [ 112.7394618, -7.2203196 ], [ 112.7396334, -7.2204899 ], [ 112.7400626, -7.2207113 ], [ 112.7402943, -7.220788 ], [ 112.7407522, -7.2208834 ], [ 112.7409068, -7.2209058 ], [ 112.740909, -7.2209061 ], [ 112.7424057, -7.2211456 ], [ 112.7465078, -7.2215902 ], [ 112.7470731, -7.2216642 ], [ 112.7475138, -7.2217259 ], [ 112.7478235, -7.2218328 ], [ 112.7480877, -7.2219971 ], [ 112.7483538, -7.2222014 ], [ 112.7484997, -7.2223547 ], [ 112.748973, -7.2231281 ], [ 112.7489784, -7.223137 ] ] ] } },
{ "type": "Feature", "properties": { "osm_id": "30411439", "code": 6101, "fclass": "rail", "name": null }, "geometry": { "type": "MultiLineString", "coordinates": [ [ [ 112.747064, -7.2437637 ], [ 112.7477218, -7.2437341 ] ] ] } },
{ "type": "Feature", "properties": { "osm_id": "30411440", "code": 6101, "fclass": "rail", "name": "Jalur KA Kandangan-Sidotopo" }, "geometry": { "type": "MultiLineString", "coordinates": [ [ [ 112.7477218, -7.2437341 ], [ 112.7482426, -7.2437339 ], [ 112.7487185, -7.2437537 ], [ 112.7498943, -7.2439354 ], [ 112.7504694, -7.2441482 ], [ 112.7504827, -7.2441555 ], [ 112.7507784, -7.2443185 ], [ 112.7513705, -7.2447158 ] ] ] } },
{ "type": "Feature", "properties": { "osm_id": "30411441", "code": 6101, "fclass": "rail", "name": null }, "geometry": { "type": "MultiLineString", "coordinates": [ [ [ 112.7513705, -7.2447158 ], [ 112.7516195, -7.244872 ] ] ] } },
{ "type": "Feature", "properties": { "osm_id": "30411447", "code": 6101, "fclass": "rail", "name": "Jalur KA Kandangan-Sidotopo" }, "geometry": { "type": "MultiLineString", "coordinates": [ [ [ 112.7516195, -7.244872 ], [ 112.7519281, -7.245006 ], [ 112.7521076, -7.2450722 ] ] ] } },
{ "type": "Feature", "properties": { "osm_id": "35450753", "code": 6101, "fclass": "rail", "name": null }, "geometry": { "type": "MultiLineString", "coordinates": [ [ [ 112.7564498, -7.2433055 ], [ 112.7563058, -7.2436183 ], [ 112.7562272, -7.2439515 ], [ 112.7555951, -7.2449205 ], [ 112.7545994, -7.2466473 ], [ 112.7541198, -7.2474473 ], [ 112.753909, -7.2479607 ], [ 112.7536542, -7.2491458 ], [ 112.7533689, -7.2501127 ], [ 112.7531643, -7.2513571 ] ] ] } },
{ "type": "Feature", "properties": { "osm_id": "35927936", "code": 6101, "fclass": "rail", "name": "Jalur KA Kandangan-Sidotopo" }, "geometry": { "type": "MultiLineString", "coordinates": [ [ [ 112.7372873, -7.2449183 ], [ 112.7375528, -7.2449742 ], [ 112.7378318, -7.2450248 ], [ 112.7380705, -7.24507 ], [ 112.7382985, -7.2450966 ] ] ] } },
{ "type": "Feature", "properties": { "osm_id": "35927937", "code": 6101, "fclass": "rail", "name": null }, "geometry": { "type": "MultiLineString", "coordinates": [ [ [ 112.7382985, -7.2450966 ], [ 112.738674, -7.2451099 ] ] ] } },
{ "type": "Feature", "properties": { "osm_id": "36978009", "code": 6101, "fclass": "rail", "name": "Jalur KA Surabaya Kota-Wonokromo" }, "geometry": { "type": "MultiLineString", "coordinates": [ [ [ 112.7421599, -7.2429455 ], [ 112.742831, -7.242995 ], [ 112.7428496, -7.2429969 ], [ 112.7431334, -7.2430253 ], [ 112.7434347, -7.2430555 ], [ 112.7435795, -7.24307 ], [ 112.744921, -7.2432308 ], [ 112.7470739, -7.2434186 ], [ 112.7471989, -7.2434295 ] ] ] } },
{ "type": "Feature", "properties": { "osm_id": "96183643", "code": 6101, "fclass": "rail", "name": null }, "geometry": { "type": "MultiLineString", "coordinates": [ [ [ 112.7569623, -7.2416565 ], [ 112.7571576, -7.2410508 ], [ 112.7572728, -7.2406952 ], [ 112.7573781, -7.2401947 ], [ 112.7574074, -7.2398707 ], [ 112.7572177, -7.2386494 ], [ 112.7570473, -7.2374425 ], [ 112.7567561, -7.2353794 ], [ 112.7561631, -7.2306219 ], [ 112.7560746, -7.2300797 ], [ 112.756014, -7.2298752 ], [ 112.7558139, -7.2294783 ], [ 112.7555351, -7.2291114 ], [ 112.7553593, -7.2289551 ], [ 112.7550562, -7.2287446 ], [ 112.7548743, -7.2286844 ], [ 112.7543748, -7.2285699 ], [ 112.7539683, -7.2284713 ], [ 112.7534099, -7.2282534 ], [ 112.7506672, -7.2259365 ], [ 112.7503968, -7.2255904 ], [ 112.7492334, -7.2236048 ], [ 112.749082, -7.2233132 ] ] ] } },
{ "type": "Feature", "properties": { "osm_id": "121501050", "code": 6101, "fclass": "rail", "name": null }, "geometry": { "type": "MultiLineString", "coordinates": [ [ [ 112.755543, -7.2344307 ], [ 112.7555558, -7.2341744 ], [ 112.7556416, -7.2335582 ], [ 112.7561124, -7.2314604 ], [ 112.7561631, -7.2306219 ], [ 112.7562147, -7.2289877 ], [ 112.756138, -7.2280103 ] ] ] } },
{ "type": "Feature", "properties": { "osm_id": "121501051", "code": 6101, "fclass": "rail", "name": null }, "geometry": { "type": "MultiLineString", "coordinates": [ [ [ 112.7569623, -7.2416565 ], [ 112.7569944, -7.2409296 ], [ 112.7567385, -7.2401782 ], [ 112.7556535, -7.2388174 ], [ 112.7554794, -7.238132 ], [ 112.7552542, -7.2369693 ], [ 112.75507, -7.2356999 ], [ 112.7550086, -7.2350602 ], [ 112.75507, -7.2346185 ], [ 112.7552798, -7.2343291 ], [ 112.7555558, -7.2341744 ], [ 112.7557292, -7.2341524 ], [ 112.7560424, -7.234197 ], [ 112.7563035, -7.2343849 ], [ 112.7564775, -7.2348317 ], [ 112.7568613, -7.2375024 ], [ 112.7572177, -7.2386494 ] ] ] } },
{ "type": "Feature", "properties": { "osm_id": "121501052", "code": 6101, "fclass": "rail", "name": null }, "geometry": { "type": "MultiLineString", "coordinates": [ [ [ 112.7489784, -7.223137 ], [ 112.7490589, -7.2232813 ], [ 112.749082, -7.2233132 ] ] ] } },
{ "type": "Feature", "properties": { "osm_id": "121501440", "code": 6101, "fclass": "rail", "name": "Jalur KA Kandangan-Sidotopo" }, "geometry": { "type": "MultiLineString", "coordinates": [ [ [ 112.6553034, -7.2501975 ], [ 112.6557488, -7.2503027 ], [ 112.6582964, -7.2511017 ], [ 112.6622904, -7.2522751 ], [ 112.6624032, -7.2523082 ], [ 112.6651081, -7.2531029 ], [ 112.6727501, -7.2551545 ], [ 112.6728606, -7.2551842 ], [ 112.6770643, -7.2563128 ], [ 112.6778557, -7.2565268 ], [ 112.6803634, -7.2572047 ], [ 112.6805907, -7.2572614 ], [ 112.6807363, -7.2572978 ], [ 112.6824073, -7.2577666 ], [ 112.6841947, -7.2582402 ], [ 112.6863536, -7.2588152 ], [ 112.6870124, -7.2589035 ], [ 112.6881083, -7.2589483 ], [ 112.6890937, -7.2588495 ], [ 112.6899109, -7.2587155 ], [ 112.6906124, -7.2585418 ], [ 112.6913453, -7.2582642 ], [ 112.6919914, -7.2579758 ], [ 112.7039992, -7.2510029 ], [ 112.7046658, -7.2507714 ], [ 112.7053361, -7.2505669 ], [ 112.7056395, -7.2505 ], [ 112.705945, -7.2504569 ], [ 112.7066185, -7.250375 ], [ 112.7073037, -7.2503653 ], [ 112.7078148, -7.2503883 ], [ 112.7083225, -7.2504697 ], [ 112.7089421, -7.2506033 ], [ 112.7092712, -7.2506809 ], [ 112.7095987, -7.2508524 ], [ 112.710184, -7.2511138 ], [ 112.7106488, -7.2513701 ], [ 112.7119676, -7.252104 ], [ 112.7129032, -7.2525638 ], [ 112.7136327, -7.2528362 ], [ 112.7140189, -7.2529171 ], [ 112.7142421, -7.2529639 ], [ 112.7154914, -7.2531182 ] ] ] } },
{ "type": "Feature", "properties": { "osm_id": "121501441", "code": 6101, "fclass": "rail", "name": null }, "geometry": { "type": "MultiLineString", "coordinates": [ [ [ 112.7431702, -7.2440337 ], [ 112.7421961, -7.2441113 ] ] ] } },
{ "type": "Feature", "properties": { "osm_id": "121501442", "code": 6101, "fclass": "rail", "name": null }, "geometry": { "type": "MultiLineString", "coordinates": [ [ [ 112.73694, -7.2448116 ], [ 112.7372873, -7.2449183 ] ] ] } },
{ "type": "Feature", "properties": { "osm_id": "121501443", "code": 6101, "fclass": "rail", "name": "Jalur KA Kandangan-Sidotopo" }, "geometry": { "type": "MultiLineString", "coordinates": [ [ [ 112.738674, -7.2451099 ], [ 112.7390229, -7.2450937 ], [ 112.7393107, -7.2450645 ], [ 112.7396389, -7.2450096 ], [ 112.7399715, -7.2449297 ], [ 112.740316, -7.2448068 ], [ 112.7407029, -7.2446575 ], [ 112.741612, -7.2442558 ], [ 112.7417689, -7.2441831 ], [ 112.7419428, -7.2441471 ], [ 112.7421961, -7.2441113 ] ] ] } },
{ "type": "Feature", "properties": { "osm_id": "121501444", "code": 6101, "fclass": "rail", "name": null }, "geometry": { "type": "MultiLineString", "coordinates": [ [ [ 112.7337182, -7.2224067 ], [ 112.7344345, -7.2215867 ], [ 112.7346397, -7.2211467 ], [ 112.7348135, -7.2205315 ], [ 112.7349557, -7.2196497 ], [ 112.7352125, -7.2176002 ], [ 112.7354929, -7.2159307 ], [ 112.7355285, -7.2152567 ] ] ] } },
{ "type": "Feature", "properties": { "osm_id": "121501797", "code": 6101, "fclass": "rail", "name": "Jalur KA Kandangan-Sidotopo" }, "geometry": { "type": "MultiLineString", "coordinates": [ [ [ 112.7161969, -7.2531947 ], [ 112.7183277, -7.2532534 ], [ 112.7204022, -7.2533491 ], [ 112.7216579, -7.2533812 ], [ 112.722439, -7.2533301 ], [ 112.7230827, -7.2532449 ], [ 112.7237576, -7.2531142 ], [ 112.72425, -7.252981 ], [ 112.7248765, -7.2527766 ], [ 112.7254087, -7.2525553 ], [ 112.7255371, -7.2524862 ], [ 112.7259151, -7.2522828 ], [ 112.7264301, -7.2519678 ], [ 112.727048, -7.2514834 ], [ 112.7275974, -7.2510482 ], [ 112.7278534, -7.2508107 ] ] ] } },
{ "type": "Feature", "properties": { "osm_id": "121501798", "code": 6101, "fclass": "rail", "name": "Jalur KA Surabaya Kota-Wonokromo" }, "geometry": { "type": "MultiLineString", "coordinates": [ [ [ 112.7471989, -7.2434295 ], [ 112.7474996, -7.2434867 ] ] ] } },
{ "type": "Feature", "properties": { "osm_id": "121501799", "code": 6101, "fclass": "rail", "name": "Jalur KA Surabaya Kota-Wonokromo" }, "geometry": { "type": "MultiLineString", "coordinates": [ [ [ 112.7474996, -7.2434867 ], [ 112.7478037, -7.2435109 ], [ 112.748172, -7.2435403 ], [ 112.7488647, -7.2435654 ], [ 112.7495158, -7.243642 ], [ 112.7499162, -7.2437275 ], [ 112.7503962, -7.243902 ], [ 112.7506023, -7.243977 ], [ 112.7511358, -7.244209 ], [ 112.751571, -7.2444327 ], [ 112.7516235, -7.2444715 ], [ 112.752023, -7.2448966 ], [ 112.7526238, -7.2457319 ], [ 112.7528297, -7.2460725 ], [ 112.7530054, -7.2464336 ], [ 112.7531463, -7.2468056 ], [ 112.7532165, -7.2470845 ], [ 112.7533206, -7.2477542 ], [ 112.7533074, -7.2480019 ], [ 112.7532644, -7.2491103 ], [ 112.7531643, -7.2513571 ], [ 112.7530622, -7.252327 ], [ 112.7528162, -7.2560933 ], [ 112.7527294, -7.2588402 ], [ 112.7527079, -7.259025 ], [ 112.7522333, -7.2651588 ], [ 112.7520279, -7.2672587 ], [ 112.7519904, -7.2676425 ] ] ] } },
{ "type": "Feature", "properties": { "osm_id": "121501800", "code": 6101, "fclass": "rail", "name": null }, "geometry": { "type": "MultiLineString", "coordinates": [ [ [ 112.7475093, -7.2436153 ], [ 112.748172, -7.2435403 ] ] ] } },
{ "type": "Feature", "properties": { "osm_id": "121501801", "code": 6101, "fclass": "rail", "name": null }, "geometry": { "type": "MultiLineString", "coordinates": [ [ [ 112.747187, -7.2436468 ], [ 112.7475093, -7.2436153 ] ] ] } },
{ "type": "Feature", "properties": { "osm_id": "121501802", "code": 6101, "fclass": "rail", "name": null }, "geometry": { "type": "MultiLineString", "coordinates": [ [ [ 112.726511, -7.2377635 ], [ 112.7266269, -7.2373277 ], [ 112.7284918, -7.2331637 ], [ 112.7286559, -7.2328319 ], [ 112.7287387, -7.2326277 ], [ 112.7293111, -7.231414 ], [ 112.7305905, -7.2287016 ], [ 112.7324412, -7.2247731 ], [ 112.7328318, -7.2239489 ], [ 112.7332621, -7.2231422 ], [ 112.7336025, -7.2225806 ], [ 112.7337182, -7.2224067 ], [ 112.7340748, -7.2218521 ], [ 112.7343592, -7.2211154 ], [ 112.7345686, -7.2204217 ], [ 112.735216, -7.2158646 ], [ 112.735216, -7.2148848 ], [ 112.7351657, -7.2141722 ], [ 112.7351296, -7.2136602 ], [ 112.7349815, -7.2131887 ], [ 112.7342902, -7.2121477 ], [ 112.734027, -7.2117708 ], [ 112.7338449, -7.2114942 ], [ 112.7334446, -7.2109537 ], [ 112.7326166, -7.2100471 ], [ 112.7321075, -7.209703 ], [ 112.731886, -7.2095886 ], [ 112.7318859, -7.2095885 ], [ 112.7317373, -7.2095117 ], [ 112.7308951, -7.2095489 ], [ 112.7282934, -7.209996 ] ] ] } },
{ "type": "Feature", "properties": { "osm_id": "320684018", "code": 6101, "fclass": "rail", "name": "Jalur KA Kandangan-Sidotopo" }, "geometry": { "type": "MultiLineString", "coordinates": [ [ [ 112.7523261, -7.2451388 ], [ 112.7526406, -7.2452075 ], [ 112.7538766, -7.2452145 ], [ 112.7542921, -7.2451299 ], [ 112.7546298, -7.2450367 ], [ 112.7549386, -7.244901 ], [ 112.7553696, -7.2446568 ], [ 112.7556039, -7.244486 ], [ 112.7557775, -7.2443182 ], [ 112.7559789, -7.2440944 ], [ 112.7561323, -7.2438587 ], [ 112.7564498, -7.2433055 ], [ 112.75662, -7.2428264 ], [ 112.7568482, -7.2420512 ], [ 112.7568795, -7.2419292 ], [ 112.7569623, -7.2416565 ] ] ] } },
{ "type": "Feature", "properties": { "osm_id": "320684022", "code": 6101, "fclass": "rail", "name": "Jalur KA Kandangan-Sidotopo" }, "geometry": { "type": "MultiLineString", "coordinates": [ [ [ 112.7521076, -7.2450722 ], [ 112.7523261, -7.2451388 ] ] ] } },
{ "type": "Feature", "properties": { "osm_id": "360643408", "code": 6101, "fclass": "rail", "name": null }, "geometry": { "type": "MultiLineString", "coordinates": [ [ [ 112.751639, -7.2444113 ], [ 112.7517523, -7.2444939 ], [ 112.7519238, -7.244633 ], [ 112.7520688, -7.2447281 ], [ 112.7523129, -7.2448532 ], [ 112.7525272, -7.2449416 ], [ 112.7528142, -7.2450294 ], [ 112.7532138, -7.2450773 ], [ 112.7535923, -7.2450793 ], [ 112.7539648, -7.2450667 ], [ 112.7543216, -7.2450002 ], [ 112.7546705, -7.2448904 ], [ 112.7550433, -7.2447228 ], [ 112.7554374, -7.244492 ], [ 112.7556922, -7.2443004 ], [ 112.7559336, -7.244029 ], [ 112.7561296, -7.2437675 ], [ 112.7564244, -7.2432494 ], [ 112.75662, -7.2428264 ] ] ] } },
{ "type": "Feature", "properties": { "osm_id": "365223995", "code": 6101, "fclass": "rail", "name": null }, "geometry": { "type": "MultiLineString", "coordinates": [ [ [ 112.7352319, -7.2444207 ], [ 112.7348402, -7.2443278 ], [ 112.7341302, -7.244157 ], [ 112.7337493, -7.2441198 ], [ 112.7332792, -7.2440617 ], [ 112.7325692, -7.2439122 ], [ 112.7315786, -7.2436786 ], [ 112.7301445, -7.2433375 ], [ 112.7293666, -7.243114 ], [ 112.7283546, -7.2426994 ], [ 112.7278841, -7.2424518 ] ] ] } },
{ "type": "Feature", "properties": { "osm_id": "421834518", "code": 6101, "fclass": "rail", "name": null }, "geometry": { "type": "MultiLineString", "coordinates": [ [ [ 112.7472284, -7.2435358 ], [ 112.7468902, -7.243556 ], [ 112.7466267, -7.2435778 ], [ 112.7464112, -7.2435957 ], [ 112.7462571, -7.2436084 ], [ 112.7461963, -7.2436134 ], [ 112.7459465, -7.2436227 ], [ 112.745776, -7.2436204 ], [ 112.7437072, -7.2434374 ] ] ] } },
{ "type": "Feature", "properties": { "osm_id": "421834519", "code": 6101, "fclass": "rail", "name": null }, "geometry": { "type": "MultiLineString", "coordinates": [ [ [ 112.7470739, -7.2434186 ], [ 112.7466353, -7.2433424 ], [ 112.746215, -7.2432683 ], [ 112.7458438, -7.2432312 ], [ 112.7433056, -7.2430135 ], [ 112.7428496, -7.2429969 ] ] ] } },
{ "type": "Feature", "properties": { "osm_id": "421834520", "code": 6101, "fclass": "rail", "name": null }, "geometry": { "type": "MultiLineString", "coordinates": [ [ [ 112.7462571, -7.2436084 ], [ 112.7437157, -7.2433951 ] ] ] } },
{ "type": "Feature", "properties": { "osm_id": "421834521", "code": 6101, "fclass": "rail", "name": null }, "geometry": { "type": "MultiLineString", "coordinates": [ [ [ 112.7436191, -7.2433362 ], [ 112.7464112, -7.2435957 ] ] ] } },
{ "type": "Feature", "properties": { "osm_id": "421834522", "code": 6101, "fclass": "rail", "name": null }, "geometry": { "type": "MultiLineString", "coordinates": [ [ [ 112.7466267, -7.2435778 ], [ 112.7440429, -7.2433255 ], [ 112.7437934, -7.2432856 ], [ 112.7435762, -7.2432244 ], [ 112.7433804, -7.2431712 ], [ 112.7432355, -7.2431419 ], [ 112.7429351, -7.2431126 ], [ 112.7422071, -7.2430571 ] ] ] } },
{ "type": "Feature", "properties": { "osm_id": "421834523", "code": 6101, "fclass": "rail", "name": null }, "geometry": { "type": "MultiLineString", "coordinates": [ [ [ 112.7467519, -7.2435304 ], [ 112.7447, -7.2433548 ], [ 112.7445284, -7.2433308 ], [ 112.7443733, -7.2432912 ], [ 112.7439343, -7.2431788 ], [ 112.743603, -7.243094 ], [ 112.7434347, -7.2430555 ] ] ] } },
{ "type": "Feature", "properties": { "osm_id": "421834524", "code": 6101, "fclass": "rail", "name": null }, "geometry": { "type": "MultiLineString", "coordinates": [ [ [ 112.7467787, -7.2434905 ], [ 112.7443733, -7.2432912 ] ] ] } },
{ "type": "Feature", "properties": { "osm_id": "421834525", "code": 6101, "fclass": "rail", "name": null }, "geometry": { "type": "MultiLineString", "coordinates": [ [ [ 112.7439343, -7.2431788 ], [ 112.7467622, -7.2434508 ] ] ] } },
{ "type": "Feature", "properties": { "osm_id": "421834526", "code": 6101, "fclass": "rail", "name": null }, "geometry": { "type": "MultiLineString", "coordinates": [ [ [ 112.7431334, -7.2430253 ], [ 112.7422071, -7.2430571 ] ] ] } },
{ "type": "Feature", "properties": { "osm_id": "421834527", "code": 6101, "fclass": "rail", "name": null }, "geometry": { "type": "MultiLineString", "coordinates": [ [ [ 112.7435762, -7.2432244 ], [ 112.7421494, -7.2431074 ] ] ] } },
{ "type": "Feature", "properties": { "osm_id": "421834528", "code": 6101, "fclass": "rail", "name": null }, "geometry": { "type": "MultiLineString", "coordinates": [ [ [ 112.7421667, -7.2429844 ], [ 112.7423658, -7.2430004 ], [ 112.7424463, -7.2430044 ], [ 112.7425267, -7.2430084 ], [ 112.742831, -7.242995 ] ] ] } },
{ "type": "Feature", "properties": { "osm_id": "422548596", "code": 6101, "fclass": "rail", "name": "Jalur KA Kandangan-Sidotopo" }, "geometry": { "type": "MultiLineString", "coordinates": [ [ [ 112.7324213, -7.2468031 ], [ 112.7324872, -7.2466826 ], [ 112.732532, -7.2465625 ], [ 112.7325581, -7.2464264 ], [ 112.7325888, -7.2462048 ], [ 112.7325563, -7.246024 ] ] ] } },
{ "type": "Feature", "properties": { "osm_id": "422548597", "code": 6101, "fclass": "rail", "name": "Jalur KA Kandangan-Sidotopo" }, "geometry": { "type": "MultiLineString", "coordinates": [ [ [ 112.7325563, -7.246024 ], [ 112.7325903, -7.2458139 ], [ 112.7326118, -7.2456703 ], [ 112.7327273, -7.2453545 ], [ 112.7329045, -7.2449271 ], [ 112.7330313, -7.244745 ], [ 112.7332121, -7.2445596 ], [ 112.7334571, -7.2444195 ], [ 112.7337213, -7.2443185 ], [ 112.7340561, -7.2442845 ], [ 112.7352319, -7.2444207 ], [ 112.73694, -7.2448116 ] ] ] } },
{ "type": "Feature", "properties": { "osm_id": "422548598", "code": 6101, "fclass": "rail", "name": null }, "geometry": { "type": "MultiLineString", "coordinates": [ [ [ 112.7293658, -7.2494879 ], [ 112.7294918, -7.249437 ], [ 112.7296368, -7.2493281 ], [ 112.7297181, -7.2492651 ], [ 112.7305986, -7.2485023 ] ] ] } },
{ "type": "Feature", "properties": { "osm_id": "422548599", "code": 6101, "fclass": "rail", "name": null }, "geometry": { "type": "MultiLineString", "coordinates": [ [ [ 112.7324782, -7.2468758 ], [ 112.7325455, -7.2467965 ], [ 112.7325915, -7.246649 ], [ 112.7326056, -7.2464594 ], [ 112.7325996, -7.2463673 ], [ 112.7325888, -7.2462048 ] ] ] } },
{ "type": "Feature", "properties": { "osm_id": "422548600", "code": 6101, "fclass": "rail", "name": null }, "geometry": { "type": "MultiLineString", "coordinates": [ [ [ 112.7325996, -7.2463673 ], [ 112.7325734, -7.2465507 ], [ 112.7325524, -7.2466433 ], [ 112.7325034, -7.246773 ], [ 112.7324519, -7.2468392 ] ] ] } },
{ "type": "Feature", "properties": { "osm_id": "422548601", "code": 6101, "fclass": "rail", "name": null }, "geometry": { "type": "MultiLineString", "coordinates": [ [ [ 112.7324519, -7.2468392 ], [ 112.7293658, -7.2494879 ], [ 112.7292879, -7.2495547 ], [ 112.7291243, -7.2496904 ], [ 112.7289135, -7.2498399 ] ] ] } },
{ "type": "Feature", "properties": { "osm_id": "422548603", "code": 6101, "fclass": "rail", "name": null }, "geometry": { "type": "MultiLineString", "coordinates": [ [ [ 112.7283668, -7.2503025 ], [ 112.7285085, -7.2501008 ], [ 112.7286287, -7.2499419 ], [ 112.7287304, -7.2498074 ], [ 112.7287612, -7.2497677 ], [ 112.7289229, -7.2495812 ], [ 112.7290231, -7.2494865 ], [ 112.7321164, -7.2468335 ] ] ] } },
{ "type": "Feature", "properties": { "osm_id": "422548604", "code": 6101, "fclass": "rail", "name": null }, "geometry": { "type": "MultiLineString", "coordinates": [ [ [ 112.7287612, -7.2497677 ], [ 112.7321288, -7.2468763 ] ] ] } },
{ "type": "Feature", "properties": { "osm_id": "422548605", "code": 6101, "fclass": "rail", "name": null }, "geometry": { "type": "MultiLineString", "coordinates": [ [ [ 112.7321596, -7.2468916 ], [ 112.7288012, -7.249786 ], [ 112.7286287, -7.2499419 ] ] ] } },
{ "type": "Feature", "properties": { "osm_id": "422548606", "code": 6101, "fclass": "rail", "name": null }, "geometry": { "type": "MultiLineString", "coordinates": [ [ [ 112.7310196, -7.2476098 ], [ 112.7299659, -7.2483617 ], [ 112.7297933, -7.2485054 ], [ 112.72963, -7.2486689 ], [ 112.729439, -7.2488721 ], [ 112.729352, -7.2489716 ], [ 112.7292572, -7.24908 ], [ 112.7291032, -7.2492481 ], [ 112.7289584, -7.2494345 ], [ 112.7288136, -7.2496423 ], [ 112.7286287, -7.2499419 ] ] ] } },
{ "type": "Feature", "properties": { "osm_id": "422548607", "code": 6101, "fclass": "rail", "name": null }, "geometry": { "type": "MultiLineString", "coordinates": [ [ [ 112.7312753, -7.2473378 ], [ 112.7302216, -7.2480958 ], [ 112.7299628, -7.2483036 ], [ 112.7297872, -7.2484503 ], [ 112.7296162, -7.2486169 ], [ 112.7294976, -7.248756 ], [ 112.729352, -7.2489716 ] ] ] } },
{ "type": "Feature", "properties": { "osm_id": "422548608", "code": 6101, "fclass": "rail", "name": null }, "geometry": { "type": "MultiLineString", "coordinates": [ [ [ 112.7310227, -7.247564 ], [ 112.7299628, -7.2483036 ] ] ] } },
{ "type": "Feature", "properties": { "osm_id": "422548609", "code": 6101, "fclass": "rail", "name": null }, "geometry": { "type": "MultiLineString", "coordinates": [ [ [ 112.7161839, -7.2531453 ], [ 112.7179693, -7.2531959 ], [ 112.7215488, -7.2533352 ], [ 112.7217299, -7.2533391 ], [ 112.7225618, -7.2532718 ], [ 112.7229438, -7.253229 ], [ 112.7236124, -7.2531068 ], [ 112.7241701, -7.2529509 ], [ 112.7247031, -7.2527736 ], [ 112.7253902, -7.2525016 ], [ 112.7258215, -7.2522785 ], [ 112.7261851, -7.2520706 ], [ 112.7266904, -7.251713 ], [ 112.7268691, -7.2515755 ], [ 112.7278276, -7.2507833 ] ] ] } },
{ "type": "Feature", "properties": { "osm_id": "422548610", "code": 6101, "fclass": "rail", "name": null }, "geometry": { "type": "MultiLineString", "coordinates": [ [ [ 112.7297181, -7.2492651 ], [ 112.7299042, -7.2491559 ], [ 112.7299927, -7.2491054 ], [ 112.7306308, -7.2485472 ] ] ] } },
{ "type": "Feature", "properties": { "osm_id": "422548611", "code": 6101, "fclass": "rail", "name": null }, "geometry": { "type": "MultiLineString", "coordinates": [ [ [ 112.7294918, -7.249437 ], [ 112.7293436, -7.249579 ], [ 112.7290756, -7.2498434 ], [ 112.7288635, -7.2500526 ], [ 112.7287401, -7.2502043 ], [ 112.7286409, -7.2503267 ], [ 112.7284452, -7.2505198 ], [ 112.7283203, -7.2506321 ] ] ] } },
{ "type": "Feature", "properties": { "osm_id": "422548613", "code": 6101, "fclass": "rail", "name": null }, "geometry": { "type": "MultiLineString", "coordinates": [ [ [ 112.7283203, -7.2506321 ], [ 112.72818, -7.2507593 ] ] ] } },
{ "type": "Feature", "properties": { "osm_id": "422548614", "code": 6101, "fclass": "rail", "name": null }, "geometry": { "type": "MultiLineString", "coordinates": [ [ [ 112.7290756, -7.2498434 ], [ 112.7289075, -7.2500779 ], [ 112.7288343, -7.2501949 ], [ 112.7286087, -7.2505861 ] ] ] } },
{ "type": "Feature", "properties": { "osm_id": "422548615", "code": 6101, "fclass": "rail", "name": null }, "geometry": { "type": "MultiLineString", "coordinates": [ [ [ 112.7289075, -7.2500779 ], [ 112.7287591, -7.2502735 ], [ 112.7286371, -7.2504167 ], [ 112.7285152, -7.2505296 ] ] ] } },
{ "type": "Feature", "properties": { "osm_id": "422548616", "code": 6101, "fclass": "rail", "name": null }, "geometry": { "type": "MultiLineString", "coordinates": [ [ [ 112.7286554, -7.2506103 ], [ 112.7288871, -7.2501868 ], [ 112.7289806, -7.2500356 ], [ 112.7291168, -7.2498581 ], [ 112.7292083, -7.2497694 ], [ 112.7295925, -7.2494125 ], [ 112.7297226, -7.2493238 ], [ 112.7298364, -7.2492612 ], [ 112.7300051, -7.2491403 ], [ 112.7303853, -7.2488116 ] ] ] } },
{ "type": "Feature", "properties": { "osm_id": "422548617", "code": 6101, "fclass": "rail", "name": null }, "geometry": { "type": "MultiLineString", "coordinates": [ [ [ 112.7290756, -7.2498434 ], [ 112.7289806, -7.2500356 ] ] ] } },
{ "type": "Feature", "properties": { "osm_id": "448090023", "code": 6101, "fclass": "rail", "name": null }, "geometry": { "type": "MultiLineString", "coordinates": [ [ [ 112.7474364, -7.2435234 ], [ 112.7472284, -7.2435358 ] ] ] } },
{ "type": "Feature", "properties": { "osm_id": "448090024", "code": 6101, "fclass": "rail", "name": null }, "geometry": { "type": "MultiLineString", "coordinates": [ [ [ 112.7478037, -7.2435109 ], [ 112.7475361, -7.2435174 ], [ 112.7474364, -7.2435234 ] ] ] } },
{ "type": "Feature", "properties": { "osm_id": "448096278", "code": 6101, "fclass": "rail", "name": null }, "geometry": { "type": "MultiLineString", "coordinates": [ [ [ 112.751586, -7.2443803 ], [ 112.751639, -7.2444113 ] ] ] } },
{ "type": "Feature", "properties": { "osm_id": "448096279", "code": 6101, "fclass": "rail", "name": null }, "geometry": { "type": "MultiLineString", "coordinates": [ [ [ 112.7503962, -7.243902 ], [ 112.7506418, -7.2439485 ], [ 112.7509314, -7.2440609 ], [ 112.7512695, -7.2442092 ], [ 112.7514866, -7.244319 ], [ 112.751586, -7.2443803 ] ] ] } },
{ "type": "Feature", "properties": { "osm_id": "449809694", "code": 6101, "fclass": "rail", "name": null }, "geometry": { "type": "MultiLineString", "coordinates": [ [ [ 112.7557836, -7.2359466 ], [ 112.7557547, -7.235785 ], [ 112.7556702, -7.2352888 ], [ 112.7555978, -7.2347699 ], [ 112.7555549, -7.2345597 ], [ 112.755543, -7.2344307 ] ] ] } },
{ "type": "Feature", "properties": { "osm_id": "449809695", "code": 6101, "fclass": "rail", "name": null }, "geometry": { "type": "MultiLineString", "coordinates": [ [ [ 112.7571576, -7.2410508 ], [ 112.7572311, -7.2404441 ], [ 112.7570839, -7.2399363 ], [ 112.7568536, -7.2394794 ], [ 112.756425, -7.2389145 ], [ 112.7561947, -7.2384385 ], [ 112.7560859, -7.2379308 ], [ 112.7558813, -7.2366297 ] ] ] } },
{ "type": "Feature", "properties": { "osm_id": "452042657", "code": 6101, "fclass": "rail", "name": null }, "geometry": { "type": "MultiLineString", "coordinates": [ [ [ 112.7558813, -7.2366297 ], [ 112.7557836, -7.2359466 ] ] ] } },
{ "type": "Feature", "properties": { "osm_id": "455609438", "code": 6101, "fclass": "rail", "name": "Jalur KA Surabaya Kota-Wonokromo" }, "geometry": { "type": "MultiLineString", "coordinates": [ [ [ 112.7413446, -7.2428854 ], [ 112.7421599, -7.2429455 ] ] ] } },
{ "type": "Feature", "properties": { "osm_id": "455609439", "code": 6101, "fclass": "rail", "name": null }, "geometry": { "type": "MultiLineString", "coordinates": [ [ [ 112.7421494, -7.2431074 ], [ 112.7413332, -7.2430404 ] ] ] } },
{ "type": "Feature", "properties": { "osm_id": "455609440", "code": 6101, "fclass": "rail", "name": null }, "geometry": { "type": "MultiLineString", "coordinates": [ [ [ 112.7413412, -7.242918 ], [ 112.7421667, -7.2429844 ] ] ] } },
{ "type": "Feature", "properties": { "osm_id": "455609441", "code": 6101, "fclass": "rail", "name": null }, "geometry": { "type": "MultiLineString", "coordinates": [ [ [ 112.7422071, -7.2430571 ], [ 112.741341, -7.2429911 ] ] ] } },
{ "type": "Feature", "properties": { "osm_id": "455637868", "code": 6101, "fclass": "rail", "name": "Jalur KA Kandangan-Sidotopo" }, "geometry": { "type": "MultiLineString", "coordinates": [ [ [ 112.7278534, -7.2508107 ], [ 112.7278949, -7.2507727 ] ] ] } },
{ "type": "Feature", "properties": { "osm_id": "455637869", "code": 6101, "fclass": "rail", "name": "Jalur KA Kandangan-Sidotopo" }, "geometry": { "type": "MultiLineString", "coordinates": [ [ [ 112.7278949, -7.2507727 ], [ 112.7288929, -7.2498676 ], [ 112.7289135, -7.2498399 ], [ 112.7300553, -7.2488458 ], [ 112.7308269, -7.2481806 ], [ 112.7312127, -7.2478427 ], [ 112.7324213, -7.2468031 ] ] ] } },
{ "type": "Feature", "properties": { "osm_id": "455637905", "code": 6101, "fclass": "rail", "name": null }, "geometry": { "type": "MultiLineString", "coordinates": [ [ [ 112.7306308, -7.2485472 ], [ 112.731496, -7.2477903 ] ] ] } },
{ "type": "Feature", "properties": { "osm_id": "455637906", "code": 6101, "fclass": "rail", "name": null }, "geometry": { "type": "MultiLineString", "coordinates": [ [ [ 112.7305986, -7.2485023 ], [ 112.7314654, -7.2477513 ] ] ] } },
{ "type": "Feature", "properties": { "osm_id": "455637907", "code": 6101, "fclass": "rail", "name": null }, "geometry": { "type": "MultiLineString", "coordinates": [ [ [ 112.7278724, -7.250743 ], [ 112.7283668, -7.2503025 ], [ 112.728601, -7.2500978 ], [ 112.7288929, -7.2498676 ] ] ] } },
{ "type": "Feature", "properties": { "osm_id": "455637908", "code": 6101, "fclass": "rail", "name": null }, "geometry": { "type": "MultiLineString", "coordinates": [ [ [ 112.7314654, -7.2477513 ], [ 112.7318721, -7.2473989 ], [ 112.7324782, -7.2468758 ] ] ] } },
{ "type": "Feature", "properties": { "osm_id": "455637909", "code": 6101, "fclass": "rail", "name": null }, "geometry": { "type": "MultiLineString", "coordinates": [ [ [ 112.731496, -7.2477903 ], [ 112.7316959, -7.2476154 ], [ 112.731763, -7.2475462 ], [ 112.7318721, -7.2473989 ] ] ] } },
{ "type": "Feature", "properties": { "osm_id": "457123402", "code": 6101, "fclass": "rail", "name": null }, "geometry": { "type": "MultiLineString", "coordinates": [ [ [ 112.7327273, -7.2453545 ], [ 112.7327382, -7.245103 ], [ 112.7327405, -7.2450482 ], [ 112.7326916, -7.244794 ], [ 112.7326809, -7.244678 ], [ 112.7326143, -7.2445811 ], [ 112.7325082, -7.2443639 ], [ 112.7323568, -7.244198 ], [ 112.7319792, -7.243934 ], [ 112.7317818, -7.2438659 ], [ 112.7293534, -7.2433158 ], [ 112.728543, -7.2429439 ], [ 112.7278841, -7.2424518 ], [ 112.7274145, -7.2418733 ], [ 112.7269525, -7.2411896 ], [ 112.7266837, -7.2406073 ], [ 112.7264603, -7.2399799 ], [ 112.7263201, -7.2394051 ], [ 112.7262974, -7.2389018 ], [ 112.7263429, -7.2384059 ], [ 112.7265003, -7.2378034 ] ] ] } },
{ "type": "Feature", "properties": { "osm_id": "457123403", "code": 6101, "fclass": "rail", "name": null }, "geometry": { "type": "MultiLineString", "coordinates": [ [ [ 112.7265003, -7.2378034 ], [ 112.726511, -7.2377635 ] ] ] } },
{ "type": "Feature", "properties": { "osm_id": "467871067", "code": 6101, "fclass": "rail", "name": "Jalur KA Kandangan-Sidotopo" }, "geometry": { "type": "MultiLineString", "coordinates": [ [ [ 112.7278276, -7.2507833 ], [ 112.7278724, -7.250743 ] ] ] } },
{ "type": "Feature", "properties": { "osm_id": "25203324", "code": 6101, "fclass": "rail", "name": "Jalur KA Kalisat-Banyuwangi Baru" }, "geometry": { "type": "MultiLineString", "coordinates": [ [ [ 113.9364239, -8.2705459 ], [ 113.9371917, -8.27047 ], [ 113.938117, -8.2702908 ], [ 113.9386601, -8.270032 ], [ 113.93931, -8.2695711 ], [ 113.9399832, -8.269055 ], [ 113.9406375, -8.2687547 ], [ 113.9412159, -8.2686515 ], [ 113.9423064, -8.2688767 ], [ 113.9433021, -8.2695242 ], [ 113.944658, -8.2705564 ], [ 113.9451416, -8.2708379 ], [ 113.9462416, -8.2709224 ], [ 113.9475975, -8.2706784 ], [ 113.9484794, -8.270547 ], [ 113.9518835, -8.2709974 ], [ 113.9527559, -8.2705752 ], [ 113.9537326, -8.2698057 ], [ 113.9541972, -8.2695992 ], [ 113.9557808, -8.2694773 ], [ 113.9563118, -8.2693553 ], [ 113.9575212, -8.268753 ], [ 113.9584733, -8.2684345 ], [ 113.9592242, -8.268408 ], [ 113.9601361, -8.2686999 ], [ 113.9615039, -8.2692838 ], [ 113.9620537, -8.2696687 ], [ 113.9652051, -8.2729863 ], [ 113.972526, -8.2808843 ], [ 113.9754691, -8.2840836 ], [ 113.9777135, -8.2864735 ], [ 113.9789374, -8.2877236 ], [ 113.979597, -8.2881619 ], [ 113.9800563, -8.2883665 ], [ 113.9807585, -8.2885353 ], [ 113.9820415, -8.288649 ], [ 113.9828652, -8.2886717 ], [ 113.9836133, -8.2887269 ], [ 113.984181, -8.2888081 ], [ 113.9878989, -8.2889864 ], [ 113.9919861, -8.2897619 ], [ 113.9962374, -8.2906205 ], [ 113.9973157, -8.2908288 ], [ 113.9984143, -8.2910745 ] ] ] } },
{ "type": "Feature", "properties": { "osm_id": "28781172", "code": 6101, "fclass": "rail", "name": null }, "geometry": { "type": "MultiLineString", "coordinates": [ [ [ 112.6557488, -7.2503027 ], [ 112.6553941, -7.2501779 ] ] ] } },
{ "type": "Feature", "properties": { "osm_id": "35680059", "code": 6101, "fclass": "rail", "name": null }, "geometry": { "type": "MultiLineString", "coordinates": [ [ [ 112.6553034, -7.2501975 ], [ 112.6551919, -7.2501634 ] ] ] } },
{ "type": "Feature", "properties": { "osm_id": "35680062", "code": 6101, "fclass": "rail", "name": null }, "geometry": { "type": "MultiLineString", "coordinates": [ [ [ 112.6482101, -7.1948831 ], [ 112.6482423, -7.1939155 ], [ 112.6483453, -7.1934472 ], [ 112.6486286, -7.1929192 ], [ 112.648929, -7.1924679 ], [ 112.6492895, -7.1922124 ], [ 112.6498045, -7.1919314 ], [ 112.6504568, -7.191727 ], [ 112.6558641, -7.1909606 ], [ 112.6563791, -7.1908499 ], [ 112.6568426, -7.1907052 ], [ 112.6592973, -7.1896577 ], [ 112.6598381, -7.1893427 ], [ 112.6603016, -7.188985 ], [ 112.660559, -7.1885081 ], [ 112.6610998, -7.1868731 ], [ 112.6621727, -7.1843866 ], [ 112.662516, -7.1838756 ], [ 112.6638893, -7.1824279 ], [ 112.6641468, -7.1820618 ], [ 112.6642385, -7.1818235 ], [ 112.66432, -7.1815179 ], [ 112.6644378, -7.1784175 ], [ 112.664483, -7.1744632 ], [ 112.6643109, -7.173879 ], [ 112.6641298, -7.1735196 ], [ 112.6638762, -7.173196 ], [ 112.6635048, -7.1728635 ], [ 112.6630881, -7.172531 ], [ 112.6626896, -7.1723063 ], [ 112.6624695, -7.1722328 ], [ 112.6621666, -7.1721951 ], [ 112.6618744, -7.1722165 ], [ 112.6610259, -7.1724236 ], [ 112.6603979, -7.1726838 ], [ 112.659733, -7.1730004 ], [ 112.6596867, -7.1730224 ], [ 112.6577133, -7.1739621 ], [ 112.6549813, -7.175263 ], [ 112.6541118, -7.1755237 ], [ 112.6536407, -7.1755596 ], [ 112.6530248, -7.1754967 ], [ 112.6520647, -7.1752001 ], [ 112.6519833, -7.1751694 ], [ 112.6519231, -7.1751467 ], [ 112.6516118, -7.1750294 ], [ 112.6508237, -7.174616 ], [ 112.6506245, -7.1744183 ], [ 112.6504071, -7.1740408 ], [ 112.650244, -7.1735555 ], [ 112.650244, -7.173196 ], [ 112.6503422, -7.1728095 ], [ 112.6504252, -7.1724826 ] ] ] } },
{ "type": "Feature", "properties": { "osm_id": "35680063", "code": 6101, "fclass": "rail", "name": null }, "geometry": { "type": "MultiLineString", "coordinates": [ [ [ 112.6553941, -7.2501779 ], [ 112.6552004, -7.2501209 ] ] ] } },
{ "type": "Feature", "properties": { "osm_id": "36043704", "code": 6101, "fclass": "rail", "name": null }, "geometry": { "type": "MultiLineString", "coordinates": [ [ [ 112.7559874, -7.2622693 ], [ 112.7542915, -7.2621503 ], [ 112.7540987, -7.2621066 ], [ 112.7539247, -7.262039 ], [ 112.7536368, -7.2618695 ], [ 112.7534394, -7.2616822 ], [ 112.7532372, -7.2614166 ], [ 112.7531204, -7.2611901 ], [ 112.7530591, -7.2609361 ], [ 112.7530388, -7.2606605 ] ] ] } },
{ "type": "Feature", "properties": { "osm_id": "36952501", "code": 6101, "fclass": "rail", "name": "Jalur KA Sidoarjo-Bangil" }, "geometry": { "type": "MultiLineString", "coordinates": [ [ [ 112.7076817, -7.5112225 ], [ 112.7070329, -7.5148355 ], [ 112.7065008, -7.5168778 ], [ 112.7047149, -7.5229659 ], [ 112.7033937, -7.5275992 ], [ 112.7029424, -7.5291821 ], [ 112.7027236, -7.5304383 ], [ 112.702635, -7.5317099 ], [ 112.7026107, -7.5325735 ], [ 112.7024402, -7.5344806 ], [ 112.7020801, -7.5368574 ], [ 112.7019, -7.5378062 ], [ 112.7017354, -7.5383475 ], [ 112.701303, -7.5397696 ], [ 112.7004407, -7.5429542 ], [ 112.7000616, -7.544833 ] ] ] } },
{ "type": "Feature", "properties": { "osm_id": "36952506", "code": 6101, "fclass": "rail", "name": "Jalur KA Bangil-Kalisat" }, "geometry": { "type": "MultiLineString", "coordinates": [ [ [ 112.7874307, -7.6041289 ], [ 112.7947683, -7.6083448 ], [ 112.7952463, -7.6085761 ], [ 112.795974, -7.6088439 ], [ 112.7966574, -7.6090209 ], [ 112.7971177, -7.6090968 ], [ 112.7977036, -7.6091438 ], [ 112.7982484, -7.6091355 ], [ 112.798714, -7.6090996 ], [ 112.7993411, -7.6089903 ], [ 112.7998487, -7.60884 ], [ 112.8002714, -7.6086937 ], [ 112.8005972, -7.6085514 ], [ 112.8013122, -7.6081407 ], [ 112.8015849, -7.6079464 ], [ 112.801784, -7.607783 ], [ 112.8024596, -7.6072077 ], [ 112.8027447, -7.6069292 ], [ 112.803487, -7.6062691 ], [ 112.803636, -7.6061408 ], [ 112.803804, -7.6060322 ], [ 112.8041414, -7.6057701 ], [ 112.8043863, -7.6056083 ], [ 112.804948, -7.6053279 ], [ 112.8058007, -7.6049726 ], [ 112.8061372, -7.6048609 ], [ 112.806438, -7.604801 ], [ 112.8078222, -7.6045902 ], [ 112.8156349, -7.6038046 ], [ 112.8174968, -7.6033806 ], [ 112.819634, -7.6028277 ], [ 112.8201923, -7.6026992 ], [ 112.8207594, -7.6026217 ], [ 112.8214731, -7.6025831 ], [ 112.8220129, -7.6026023 ], [ 112.8226016, -7.6026874 ], [ 112.8235041, -7.6028666 ], [ 112.824316, -7.6031859 ], [ 112.8259203, -7.6039889 ], [ 112.8457287, -7.614314 ], [ 112.8567987, -7.6201781 ], [ 112.857517, -7.6205162 ], [ 112.8595728, -7.6212557 ], [ 112.8669973, -7.6238122 ], [ 112.8678618, -7.624046 ], [ 112.8689921, -7.6242159 ], [ 112.8694914, -7.6242267 ], [ 112.8703627, -7.6241875 ], [ 112.8712076, -7.6240815 ], [ 112.8758451, -7.6231048 ], [ 112.8779476, -7.622782 ], [ 112.879147, -7.6228407 ], [ 112.8806128, -7.6233249 ], [ 112.8860686, -7.625884 ], [ 112.8954035, -7.6303231 ], [ 112.8958459, -7.630572 ], [ 112.8979341, -7.631911 ], [ 112.8986714, -7.6322744 ], [ 112.9039042, -7.6343906 ], [ 112.9055207, -7.6352185 ], [ 112.910102, -7.6376533 ], [ 112.9122244, -7.6388912 ] ] ] } },
{ "type": "Feature", "properties": { "osm_id": "38343635", "code": 6101, "fclass": "rail", "name": "Jalur KA Bangil-Kalisat" }, "geometry": { "type": "MultiLineString", "coordinates": [ [ [ 112.9127488, -7.6391724 ], [ 112.9130896, -7.639305 ], [ 112.9148112, -7.6401226 ], [ 112.9158553, -7.6407862 ], [ 112.9164736, -7.6412724 ], [ 112.9169767, -7.6417217 ], [ 112.9177986, -7.6426696 ], [ 112.9183964, -7.6435534 ], [ 112.9188896, -7.6445211 ], [ 112.9191884, -7.6453554 ], [ 112.9201499, -7.6483819 ], [ 112.9205597, -7.6495082 ], [ 112.9208636, -7.6500513 ], [ 112.9211846, -7.6505506 ], [ 112.9229707, -7.6525889 ], [ 112.9293221, -7.6589528 ], [ 112.9302934, -7.6599117 ], [ 112.9369318, -7.666466 ], [ 112.9376517, -7.6674536 ], [ 112.9377181, -7.6675397 ], [ 112.938959, -7.6691474 ], [ 112.9411072, -7.6720015 ], [ 112.9424771, -7.6734825 ], [ 112.9446876, -7.6753184 ], [ 112.9507665, -7.6798695 ], [ 112.9519652, -7.680664 ], [ 112.9531171, -7.6812503 ], [ 112.9541523, -7.6816977 ], [ 112.9550007, -7.6819445 ], [ 112.9568766, -7.682307 ], [ 112.9575459, -7.6825153 ], [ 112.9584878, -7.6829627 ], [ 112.9621382, -7.6852845 ], [ 112.9629088, -7.6858553 ], [ 112.9636716, -7.6865187 ], [ 112.9679185, -7.6913305 ], [ 112.9687775, -7.6923038 ], [ 112.9696026, -7.6931446 ], [ 112.9704397, -7.6938177 ], [ 112.9722237, -7.6948742 ], [ 112.9855749, -7.7024249 ], [ 112.995116, -7.7078529 ], [ 113.0011939, -7.7112404 ], [ 113.0120813, -7.7174144 ], [ 113.0190727, -7.7213544 ], [ 113.0196645, -7.7216511 ], [ 113.0203259, -7.7219063 ], [ 113.0219411, -7.7223962 ], [ 113.023793, -7.7228446 ], [ 113.0327348, -7.7252072 ], [ 113.0341098, -7.7253796 ], [ 113.035685, -7.7253538 ], [ 113.0383219, -7.7248795 ], [ 113.0726523, -7.7182963 ], [ 113.0754371, -7.7178479 ], [ 113.0761412, -7.7178537 ], [ 113.077011, -7.7179208 ], [ 113.0777453, -7.7180692 ], [ 113.0785936, -7.7183482 ], [ 113.0812243, -7.7193832 ], [ 113.0918244, -7.7236673 ], [ 113.0939999, -7.7245191 ], [ 113.0959996, -7.7253563 ], [ 113.1021654, -7.7278426 ], [ 113.1188549, -7.7345154 ], [ 113.12361, -7.7364576 ], [ 113.1258094, -7.7372524 ], [ 113.1486277, -7.745122 ], [ 113.1586029, -7.747881 ], [ 113.1787532, -7.7520637 ], [ 113.1849625, -7.7533196 ], [ 113.1864347, -7.7534531 ], [ 113.1921404, -7.7537677 ], [ 113.1934085, -7.7537628 ], [ 113.1939664, -7.7537202 ], [ 113.1945026, -7.7536055 ], [ 113.1946071, -7.7535893 ], [ 113.2005934, -7.7526582 ], [ 113.2017291, -7.7524416 ], [ 113.2022796, -7.7522648 ], [ 113.2027825, -7.7520214 ], [ 113.2036561, -7.7513487 ], [ 113.2040111, -7.7509243 ], [ 113.2087318, -7.7441132 ], [ 113.209301, -7.7435074 ], [ 113.2096296, -7.7432557 ], [ 113.2102895, -7.7428469 ], [ 113.2109575, -7.7425849 ], [ 113.2113639, -7.7424783 ], [ 113.2119762, -7.7424078 ], [ 113.2159975, -7.7426647 ], [ 113.2182682, -7.742959 ], [ 113.2218784, -7.743427 ], [ 113.2226375, -7.7436417 ], [ 113.2231947, -7.74394 ], [ 113.223802, -7.7444172 ], [ 113.2241915, -7.7448621 ], [ 113.2244739, -7.745328 ], [ 113.2246917, -7.7458643 ], [ 113.2247412, -7.7461745 ], [ 113.2248243, -7.7466955 ], [ 113.2244784, -7.7519957 ], [ 113.2241576, -7.7569113 ], [ 113.2241556, -7.7570097 ], [ 113.2241118, -7.7591799 ], [ 113.22541, -7.7804503 ], [ 113.2267292, -7.8011072 ] ] ] } },
{ "type": "Feature", "properties": { "osm_id": "42748860", "code": 6101, "fclass": "rail", "name": "Jalur KA Wonokromo-Sidoarjo" }, "geometry": { "type": "MultiLineString", "coordinates": [ [ [ 112.7288504, -7.3767987 ], [ 112.7286321, -7.3797067 ], [ 112.7284903, -7.3827606 ], [ 112.7285678, -7.3835362 ], [ 112.7287784, -7.3850507 ], [ 112.7288398, -7.3855758 ], [ 112.7288554, -7.3859276 ], [ 112.7287936, -7.3869108 ], [ 112.7286646, -7.3883755 ], [ 112.7286, -7.3889447 ], [ 112.7285361, -7.38947 ], [ 112.7284289, -7.3905242 ], [ 112.7276905, -7.3952378 ], [ 112.727686, -7.3952899 ], [ 112.7275982, -7.3962981 ], [ 112.7274097, -7.3997381 ], [ 112.7269779, -7.4049043 ], [ 112.7267032, -7.4079951 ], [ 112.726244, -7.4109962 ], [ 112.7259511, -7.4127236 ], [ 112.7249842, -7.4175145 ], [ 112.7248322, -7.4181479 ], [ 112.7244053, -7.4199987 ], [ 112.7238134, -7.4226667 ] ] ] } },
{ "type": "Feature", "properties": { "osm_id": "42748862", "code": 6101, "fclass": "rail", "name": null }, "geometry": { "type": "MultiLineString", "coordinates": [ [ [ 112.7288709, -7.3765118 ], [ 112.7288504, -7.3767987 ] ] ] } },
{ "type": "Feature", "properties": { "osm_id": "42748871", "code": 6101, "fclass": "rail", "name": "Jalur KA Wonokromo-Sidoarjo" }, "geometry": { "type": "MultiLineString", "coordinates": [ [ [ 112.7150122, -7.4426386 ], [ 112.7147795, -7.4432365 ], [ 112.7145946, -7.4439809 ], [ 112.7144744, -7.4446022 ], [ 112.7143714, -7.4454278 ], [ 112.7142942, -7.446815 ], [ 112.714174, -7.4481171 ], [ 112.7137878, -7.4505512 ], [ 112.7132628, -7.4532457 ], [ 112.7130945, -7.4541008 ], [ 112.7130079, -7.4544641 ], [ 112.7128826, -7.4553339 ], [ 112.7128573, -7.4557964 ], [ 112.7127567, -7.4567974 ] ] ] } },
{ "type": "Feature", "properties": { "osm_id": "42748969", "code": 6101, "fclass": "rail", "name": "Jalur KA Sidoarjo-Bangil" }, "geometry": { "type": "MultiLineString", "coordinates": [ [ [ 112.7127567, -7.4567974 ], [ 112.7126129, -7.4582642 ] ] ] } },
{ "type": "Feature", "properties": { "osm_id": "42748970", "code": 6101, "fclass": "rail", "name": "Jalur KA Sidoarjo-Tarik" }, "geometry": { "type": "MultiLineString", "coordinates": [ [ [ 112.7124891, -7.4582497 ], [ 112.7124651, -7.4585543 ] ] ] } },
{ "type": "Feature", "properties": { "osm_id": "42749047", "code": 6101, "fclass": "rail", "name": "Jalur KA Sidoarjo-Bangil" }, "geometry": { "type": "MultiLineString", "coordinates": [ [ [ 112.7109994, -7.4752552 ], [ 112.710655, -7.4795033 ], [ 112.7104662, -7.4816904 ], [ 112.7104919, -7.4858092 ], [ 112.7104576, -7.4867027 ], [ 112.7101486, -7.49123 ], [ 112.7098997, -7.4926596 ], [ 112.7087174, -7.4980218 ] ] ] } },
{ "type": "Feature", "properties": { "osm_id": "42749048", "code": 6101, "fclass": "rail", "name": null }, "geometry": { "type": "MultiLineString", "coordinates": [ [ [ 112.7110294, -7.4749615 ], [ 112.7109994, -7.4752552 ] ] ] } },
{ "type": "Feature", "properties": { "osm_id": "42749051", "code": 6101, "fclass": "rail", "name": null }, "geometry": { "type": "MultiLineString", "coordinates": [ [ [ 112.7081745, -7.5009651 ], [ 112.7081487, -7.5012459 ] ] ] } },
{ "type": "Feature", "properties": { "osm_id": "43382487", "code": 6101, "fclass": "rail", "name": "Jalur KA Bangil-Kalisat" }, "geometry": { "type": "MultiLineString", "coordinates": [ [ [ 113.3582308, -8.1204785 ], [ 113.360201, -8.1224352 ], [ 113.3608013, -8.1228115 ], [ 113.3612675, -8.122998 ], [ 113.3617618, -8.1231037 ], [ 113.3641178, -8.1232261 ], [ 113.3707899, -8.1235127 ], [ 113.3763375, -8.123657 ], [ 113.3877327, -8.1240545 ], [ 113.3884435, -8.1241457 ], [ 113.3891616, -8.1242995 ], [ 113.3921908, -8.1250518 ], [ 113.3984991, -8.1264241 ], [ 113.3991942, -8.1266626 ], [ 113.4075104, -8.13049 ], [ 113.416354, -8.134652 ], [ 113.4200956, -8.1363632 ], [ 113.4238374, -8.1381598 ], [ 113.4243557, -8.138471 ], [ 113.424819, -8.1388556 ], [ 113.4252437, -8.1392861 ], [ 113.4257069, -8.1400068 ], [ 113.4280421, -8.1453577 ], [ 113.4296452, -8.1488741 ], [ 113.4321615, -8.1546467 ], [ 113.4325914, -8.1554127 ], [ 113.4327681, -8.1556511 ], [ 113.4329513, -8.1558836 ], [ 113.4335574, -8.1564814 ], [ 113.434326, -8.1569553 ], [ 113.4351472, -8.1573007 ], [ 113.4451658, -8.1607303 ], [ 113.4456617, -8.160931 ], [ 113.446331, -8.1612888 ], [ 113.44833, -8.1628569 ], [ 113.4503855, -8.1646508 ], [ 113.4515795, -8.1655849 ], [ 113.4552375, -8.1686085 ], [ 113.4562667, -8.1693459 ], [ 113.4622189, -8.172998 ], [ 113.4688066, -8.1769715 ], [ 113.4870597, -8.1881559 ], [ 113.4877474, -8.1884753 ], [ 113.4898977, -8.189326 ], [ 113.4962659, -8.1917506 ], [ 113.4982068, -8.1925406 ], [ 113.4996593, -8.1932825 ], [ 113.5061435, -8.196271 ], [ 113.5075847, -8.1968977 ], [ 113.5085941, -8.1972798 ], [ 113.5095655, -8.1975278 ], [ 113.5195159, -8.1994515 ], [ 113.5206205, -8.1997125 ], [ 113.5225329, -8.2000593 ], [ 113.5275458, -8.2010381 ], [ 113.53319, -8.2029499 ], [ 113.5382353, -8.2046583 ], [ 113.5408303, -8.205295 ], [ 113.5413867, -8.205403 ], [ 113.542505, -8.2055337 ], [ 113.5685158, -8.2065266 ], [ 113.5806247, -8.2070483 ], [ 113.587665, -8.2072942 ], [ 113.5913787, -8.2074785 ], [ 113.59351, -8.207515 ], [ 113.5951442, -8.2073327 ], [ 113.6090524, -8.2051052 ], [ 113.6097008, -8.2049537 ], [ 113.6108601, -8.2045716 ], [ 113.614358, -8.2032245 ], [ 113.6168432, -8.2022838 ], [ 113.6192226, -8.2014942 ], [ 113.6482728, -8.1909389 ], [ 113.6509716, -8.1899552 ] ] ] } },
{ "type": "Feature", "properties": { "osm_id": "43383094", "code": 6101, "fclass": "rail", "name": "Jalur KA Kalisat-Banyuwangi Baru" }, "geometry": { "type": "MultiLineString", "coordinates": [ [ [ 113.9303585, -8.2714027 ], [ 113.9364239, -8.2705459 ] ] ] } },
{ "type": "Feature", "properties": { "osm_id": "43383095", "code": 6101, "fclass": "rail", "name": "Jalur KA Kalisat-Banyuwangi Baru" }, "geometry": { "type": "MultiLineString", "coordinates": [ [ [ 113.9232088, -8.2556094 ], [ 113.9239846, -8.2558264 ], [ 113.9242726, -8.2569672 ], [ 113.9242985, -8.2572926 ], [ 113.9242791, -8.2576026 ], [ 113.9241989, -8.2579086 ], [ 113.9240786, -8.2581959 ], [ 113.9239094, -8.2584495 ], [ 113.9232831, -8.2592119 ], [ 113.9231421, -8.2595067 ], [ 113.9230393, -8.2598106 ], [ 113.9229745, -8.2601392 ], [ 113.9227605, -8.2610664 ], [ 113.9225153, -8.261536 ], [ 113.9221506, -8.2618522 ], [ 113.9218198, -8.2619763 ], [ 113.9212084, -8.2620981 ], [ 113.9202106, -8.2621445 ], [ 113.9195903, -8.2622334 ], [ 113.9170948, -8.2628911 ], [ 113.9164474, -8.2630858 ], [ 113.9158919, -8.2633827 ], [ 113.9148176, -8.2641623 ], [ 113.9140709, -8.2648046 ], [ 113.9135975, -8.2652852 ], [ 113.913192, -8.2658304 ], [ 113.9128733, -8.2663919 ], [ 113.9126607, -8.2670473 ], [ 113.9126178, -8.2673575 ], [ 113.9126156, -8.2676663 ], [ 113.9126963, -8.2686022 ], [ 113.9126991, -8.2692415 ], [ 113.9126281, -8.2695585 ], [ 113.9120717, -8.2711388 ], [ 113.9119082, -8.2718502 ], [ 113.9118645, -8.2722913 ], [ 113.911878, -8.2726321 ], [ 113.9119651, -8.2729631 ], [ 113.9121107, -8.2732708 ], [ 113.9123161, -8.2735479 ], [ 113.9125808, -8.2738098 ], [ 113.9128942, -8.2740308 ], [ 113.9132411, -8.2741857 ], [ 113.9135399, -8.2742082 ], [ 113.9159237, -8.2735614 ], [ 113.9165792, -8.2734227 ], [ 113.9171736, -8.273368 ], [ 113.9177917, -8.2734133 ], [ 113.9180858, -8.2733973 ], [ 113.918375, -8.2733404 ], [ 113.9186526, -8.2732576 ], [ 113.919801, -8.2726765 ], [ 113.9201363, -8.2725909 ], [ 113.9212425, -8.272517 ], [ 113.9237937, -8.2724471 ], [ 113.9246644, -8.2723919 ], [ 113.92739, -8.27246 ], [ 113.928298, -8.2724462 ], [ 113.9287363, -8.2723194 ], [ 113.929152, -8.2721289 ], [ 113.9303585, -8.2714027 ] ] ] } },
{ "type": "Feature", "properties": { "osm_id": "43383096", "code": 6101, "fclass": "rail", "name": "Jalur KA Kalisat-Banyuwangi Baru" }, "geometry": { "type": "MultiLineString", "coordinates": [ [ [ 113.8194752, -8.1356555 ], [ 113.8201369, -8.1358528 ], [ 113.8207952, -8.1359314 ], [ 113.8209356, -8.1359326 ] ] ] } },
{ "type": "Feature", "properties": { "osm_id": "47497112", "code": 6101, "fclass": "rail", "name": null }, "geometry": { "type": "MultiLineString", "coordinates": [ [ [ 114.3677048, -8.1853323 ], [ 114.3679964, -8.1850533 ], [ 114.3692422, -8.183505 ], [ 114.3698322, -8.1828048 ], [ 114.3701991, -8.1823386 ], [ 114.3706813, -8.1817312 ], [ 114.3712276, -8.1809939 ], [ 114.3720494, -8.17996 ], [ 114.3723698, -8.179562 ], [ 114.3730667, -8.1787216 ], [ 114.3737972, -8.1778225 ], [ 114.3746014, -8.1768282 ], [ 114.3755113, -8.1757198 ], [ 114.3762178, -8.1748382 ], [ 114.3768971, -8.1739961 ], [ 114.3772319, -8.1736013 ], [ 114.3775795, -8.1731494 ], [ 114.3778294, -8.1728465 ], [ 114.3786673, -8.1717904 ], [ 114.3792648, -8.1710467 ], [ 114.3801203, -8.1699684 ], [ 114.380234, -8.1698146 ], [ 114.3808486, -8.1690365 ], [ 114.3820761, -8.167567 ], [ 114.3825681, -8.1666815 ], [ 114.3828314, -8.1662076 ], [ 114.3840429, -8.1628278 ], [ 114.384342, -8.1619936 ], [ 114.3850353, -8.1599938 ], [ 114.3853751, -8.1591067 ], [ 114.3858506, -8.1580508 ], [ 114.3862142, -8.1574302 ], [ 114.386538, -8.1569732 ], [ 114.3868998, -8.1564626 ], [ 114.3873998, -8.1556298 ], [ 114.3889597, -8.1534209 ], [ 114.3896206, -8.1523334 ], [ 114.3903845, -8.1513393 ], [ 114.3910454, -8.1507955 ], [ 114.3917063, -8.1504132 ], [ 114.39229, -8.1502008 ], [ 114.3937564, -8.1497887 ], [ 114.3941557, -8.1496914 ], [ 114.3943071, -8.1496369 ], [ 114.3948802, -8.149386 ], [ 114.3957232, -8.1489263 ], [ 114.396427, -8.1481871 ], [ 114.3969591, -8.147397 ], [ 114.3972939, -8.1463604 ], [ 114.3973797, -8.1457232 ], [ 114.3973378, -8.144675 ], [ 114.3973181, -8.1444447 ], [ 114.3973019, -8.1442564 ], [ 114.397266, -8.1438377 ], [ 114.397298, -8.1433065 ], [ 114.3972413, -8.1426084 ], [ 114.3967986, -8.1363284 ] ] ] } },
{ "type": "Feature", "properties": { "osm_id": "57942100", "code": 6101, "fclass": "rail", "name": "Jalur KA Kertosono-Bangil" }, "geometry": { "type": "MultiLineString", "coordinates": [ [ [ 112.5721495, -8.1335931 ], [ 112.5724927, -8.133058 ], [ 112.5729108, -8.132266 ], [ 112.5731099, -8.1319059 ], [ 112.5737482, -8.1310588 ], [ 112.5745284, -8.129734 ], [ 112.5759116, -8.1275627 ], [ 112.5768145, -8.1261116 ], [ 112.5773813, -8.1252096 ], [ 112.5779695, -8.1242412 ], [ 112.5784273, -8.1234769 ], [ 112.578911, -8.1225803 ], [ 112.579458, -8.1210558 ], [ 112.5801038, -8.1191138 ], [ 112.5806312, -8.1175057 ], [ 112.5813045, -8.115528 ], [ 112.5816134, -8.1144168 ], [ 112.5817065, -8.1138576 ], [ 112.5816629, -8.1131673 ], [ 112.5815511, -8.1125571 ], [ 112.581391, -8.1119439 ], [ 112.5811274, -8.1109229 ], [ 112.5807988, -8.1097184 ], [ 112.5805113, -8.1087816 ], [ 112.5803586, -8.1078305 ], [ 112.5803587, -8.1068885 ], [ 112.5807048, -8.1055809 ], [ 112.5824157, -8.101871 ], [ 112.5844977, -8.0974055 ], [ 112.5858978, -8.0943923 ], [ 112.5875356, -8.0908979 ], [ 112.5891345, -8.0872621 ], [ 112.5901309, -8.0853052 ], [ 112.5906325, -8.0838578 ], [ 112.590729, -8.0835354 ], [ 112.5916613, -8.0809895 ], [ 112.5925087, -8.0784466 ], [ 112.5932587, -8.0768192 ], [ 112.5936007, -8.076317 ], [ 112.594084, -8.0755327 ], [ 112.594818, -8.0744655 ], [ 112.5954976, -8.0735717 ], [ 112.5963253, -8.0723077 ], [ 112.5972958, -8.0709982 ], [ 112.598172, -8.069649 ], [ 112.5982922, -8.069464 ], [ 112.5994168, -8.0678392 ], [ 112.6002592, -8.0666004 ], [ 112.6006485, -8.0659283 ], [ 112.6011451, -8.0647006 ], [ 112.6017215, -8.0632704 ], [ 112.6021623, -8.0621907 ], [ 112.6036778, -8.0585023 ], [ 112.6043016, -8.0569804 ], [ 112.6049957, -8.0552809 ], [ 112.6058326, -8.0531954 ], [ 112.606626, -8.0512478 ], [ 112.6073223, -8.0495701 ], [ 112.6078887, -8.048155 ], [ 112.6085403, -8.0465572 ], [ 112.6099586, -8.0430834 ], [ 112.6107382, -8.0411448 ], [ 112.6112819, -8.0402106 ], [ 112.6118341, -8.0388342 ], [ 112.6120617, -8.0383206 ], [ 112.6121377, -8.0381759 ], [ 112.6122369, -8.0378927 ], [ 112.6122789, -8.0377807 ], [ 112.6124046, -8.0374643 ], [ 112.613426, -8.0349397 ], [ 112.6140152, -8.0335316 ], [ 112.6145903, -8.0326935 ], [ 112.6147324, -8.0325628 ] ] ] } },
{ "type": "Feature", "properties": { "osm_id": "57944478", "code": 6101, "fclass": "rail", "name": "Jalur KA Kertosono-Bangil" }, "geometry": { "type": "MultiLineString", "coordinates": [ [ [ 111.9231207, -8.0173861 ], [ 111.9170381, -8.0287437 ], [ 111.9157737, -8.031057 ], [ 111.9147981, -8.0328456 ], [ 111.9061258, -8.0486789 ], [ 111.9048055, -8.0510956 ], [ 111.9042905, -8.0523704 ], [ 111.9040749, -8.0536802 ], [ 111.9040124, -8.0550223 ], [ 111.9040773, -8.0559757 ], [ 111.9045975, -8.0629062 ], [ 111.904819, -8.0655243 ], [ 111.9048229, -8.0664901 ], [ 111.904934, -8.0669602 ], [ 111.9051059, -8.0674123 ], [ 111.9054492, -8.0680922 ], [ 111.9058354, -8.0686021 ], [ 111.9063504, -8.0691544 ], [ 111.9069829, -8.0695612 ], [ 111.907225, -8.0696868 ], [ 111.9077521, -8.0699296 ], [ 111.9218858, -8.0748481 ], [ 111.9238943, -8.0753857 ], [ 111.9315267, -8.0779913 ], [ 111.9415458, -8.08141 ], [ 111.9512751, -8.0847247 ], [ 111.9740007, -8.0924857 ], [ 111.9902445, -8.0980271 ], [ 111.9979637, -8.1006443 ], [ 112.0043119, -8.1027718 ], [ 112.0052372, -8.1029909 ], [ 112.006429, -8.1031879 ], [ 112.0120311, -8.1029276 ], [ 112.013599, -8.1028364 ], [ 112.0144263, -8.1028264 ], [ 112.0147463, -8.1028225 ], [ 112.0150219, -8.1028404 ], [ 112.0154372, -8.102883 ], [ 112.0162951, -8.1030883 ], [ 112.050546, -8.1134271 ], [ 112.0762952, -8.1211594 ], [ 112.0770247, -8.1212869 ], [ 112.077883, -8.1213718 ], [ 112.0789559, -8.1213294 ], [ 112.0811919, -8.1209534 ], [ 112.0923455, -8.1190776 ], [ 112.093118, -8.1188652 ], [ 112.0938476, -8.1185678 ], [ 112.0944055, -8.1181855 ], [ 112.0950063, -8.1174632 ], [ 112.0980834, -8.1130886 ] ] ] } },
{ "type": "Feature", "properties": { "osm_id": "72388243", "code": 6101, "fclass": "rail", "name": "Jalur KA Wonokromo-Sidoarjo" }, "geometry": { "type": "MultiLineString", "coordinates": [ [ [ 112.7194085, -7.4363167 ], [ 112.7171031, -7.438932 ], [ 112.7166815, -7.4394907 ], [ 112.7163795, -7.4399398 ], [ 112.7161613, -7.4403084 ], [ 112.7159306, -7.4407092 ], [ 112.7152749, -7.4420877 ], [ 112.7151462, -7.4423583 ] ] ] } },
{ "type": "Feature", "properties": { "osm_id": "72388244", "code": 6101, "fclass": "rail", "name": null }, "geometry": { "type": "MultiLineString", "coordinates": [ [ [ 112.7195116, -7.4361695 ], [ 112.7194085, -7.4363167 ] ] ] } },
{ "type": "Feature", "properties": { "osm_id": "72388319", "code": 6101, "fclass": "rail", "name": "Jalur KA Wonokromo-Sidoarjo" }, "geometry": { "type": "MultiLineString", "coordinates": [ [ [ 112.7228172, -7.4286358 ], [ 112.7225511, -7.4296486 ], [ 112.7218506, -7.4320392 ], [ 112.7216423, -7.432671 ], [ 112.7212274, -7.4337225 ], [ 112.7206202, -7.4347991 ], [ 112.7201369, -7.4354839 ], [ 112.7195116, -7.4361695 ] ] ] } },
{ "type": "Feature", "properties": { "osm_id": "72388322", "code": 6101, "fclass": "rail", "name": null }, "geometry": { "type": "MultiLineString", "coordinates": [ [ [ 112.7228687, -7.4284401 ], [ 112.7228172, -7.4286358 ] ] ] } },
{ "type": "Feature", "properties": { "osm_id": "72388383", "code": 6101, "fclass": "rail", "name": null }, "geometry": { "type": "MultiLineString", "coordinates": [ [ [ 112.7238134, -7.4226667 ], [ 112.7237509, -7.4230104 ] ] ] } },
{ "type": "Feature", "properties": { "osm_id": "72388389", "code": 6101, "fclass": "rail", "name": "Jalur KA Wonokromo-Sidoarjo" }, "geometry": { "type": "MultiLineString", "coordinates": [ [ [ 112.7237509, -7.4230104 ], [ 112.7234794, -7.4243672 ], [ 112.7232048, -7.426453 ], [ 112.7230276, -7.4276911 ], [ 112.7228687, -7.4284401 ] ] ] } },
{ "type": "Feature", "properties": { "osm_id": "82638156", "code": 6101, "fclass": "rail", "name": null }, "geometry": { "type": "MultiLineString", "coordinates": [ [ [ 111.9239731, -8.015832 ], [ 111.9231207, -8.0173861 ] ] ] } },
{ "type": "Feature", "properties": { "osm_id": "82638174", "code": 6101, "fclass": "rail", "name": "Jalur KA Kertosono-Bangil" }, "geometry": { "type": "MultiLineString", "coordinates": [ [ [ 112.1101206, -7.5956716 ], [ 112.1106412, -7.5958821 ], [ 112.1108878, -7.595989 ], [ 112.111166, -7.5961386 ], [ 112.1114105, -7.5963061 ], [ 112.1116426, -7.5964935 ], [ 112.1118184, -7.5966827 ], [ 112.1120706, -7.5969738 ], [ 112.1122446, -7.5972226 ], [ 112.1124123, -7.5975336 ], [ 112.112596, -7.5979659 ], [ 112.1127159, -7.59835 ], [ 112.1127938, -7.5987841 ], [ 112.1130039, -7.5998864 ], [ 112.1130543, -7.6001511 ], [ 112.1131099, -7.6005213 ], [ 112.1131164, -7.6005643 ], [ 112.1131202, -7.6006086 ], [ 112.1131413, -7.6008566 ], [ 112.1131523, -7.6011528 ], [ 112.1131498, -7.6015189 ], [ 112.1131245, -7.6017967 ], [ 112.1130879, -7.602135 ], [ 112.1130089, -7.6025373 ], [ 112.112721, -7.6036881 ], [ 112.1075805, -7.6221673 ], [ 112.1038897, -7.6351832 ], [ 112.1033748, -7.6372249 ], [ 112.1024735, -7.6408403 ], [ 112.1019156, -7.6428394 ], [ 112.1004136, -7.64671 ], [ 112.100107, -7.6474402 ], [ 112.0934613, -7.6638507 ], [ 112.0843204, -7.6860944 ], [ 112.0819668, -7.6917449 ], [ 112.0811929, -7.6936028 ], [ 112.0809166, -7.6942662 ], [ 112.0795168, -7.6976268 ], [ 112.0756515, -7.7069335 ], [ 112.0747931, -7.7088472 ], [ 112.0740207, -7.7102931 ], [ 112.0735057, -7.7111437 ], [ 112.0726045, -7.7121643 ], [ 112.0670487, -7.7185357 ], [ 112.0660384, -7.719649 ], [ 112.0635414, -7.7225041 ], [ 112.063491, -7.7225753 ] ] ] } },
{ "type": "Feature", "properties": { "osm_id": "97209604", "code": 6101, "fclass": "rail", "name": null }, "geometry": { "type": "MultiLineString", "coordinates": [ [ [ 112.5498075, -8.1485244 ], [ 112.5507638, -8.1482839 ] ] ] } },
{ "type": "Feature", "properties": { "osm_id": "120104731", "code": 6101, "fclass": "rail", "name": "Jalur KA Solo Balapan-Kertosono" }, "geometry": { "type": "MultiLineString", "coordinates": [ [ [ 111.519845, -7.6186587 ], [ 111.52231, -7.6186514 ], [ 111.522901, -7.6186371 ], [ 111.5251943, -7.6186038 ], [ 111.5285348, -7.6185906 ], [ 111.5307124, -7.6185943 ], [ 111.5316136, -7.6185943 ], [ 111.5324719, -7.6185092 ], [ 111.5333784, -7.6183529 ], [ 111.5340567, -7.6181568 ], [ 111.5356048, -7.6175734 ], [ 111.5365489, -7.617063 ], [ 111.5572025, -7.605218 ] ] ] } },
{ "type": "Feature", "properties": { "osm_id": "120104732", "code": 6101, "fclass": "rail", "name": null }, "geometry": { "type": "MultiLineString", "coordinates": [ [ [ 111.5187092, -7.6186746 ], [ 111.519845, -7.6186587 ] ] ] } },
{ "type": "Feature", "properties": { "osm_id": "120105536", "code": 6101, "fclass": "rail", "name": "Jalur KA Solo Balapan-Kertosono" }, "geometry": { "type": "MultiLineString", "coordinates": [ [ [ 111.5572025, -7.605218 ], [ 111.5574306, -7.6050855 ] ] ] } },
{ "type": "Feature", "properties": { "osm_id": "120105537", "code": 6101, "fclass": "rail", "name": "Jalur KA Solo Balapan-Kertosono" }, "geometry": { "type": "MultiLineString", "coordinates": [ [ [ 111.5574306, -7.6050855 ], [ 111.5888032, -7.5871352 ], [ 111.5923388, -7.5850742 ], [ 111.6487629, -7.5527579 ], [ 111.6505517, -7.5518311 ], [ 111.6513904, -7.5515515 ], [ 111.6521962, -7.5513794 ], [ 111.6533432, -7.5512781 ], [ 111.6551999, -7.5511676 ], [ 111.6606562, -7.551049 ], [ 111.662501, -7.5510031 ], [ 111.6644931, -7.5509656 ], [ 111.6755454, -7.5506737 ], [ 111.6882449, -7.5503383 ], [ 111.6904871, -7.5503041 ], [ 111.6906578, -7.5503015 ], [ 111.6916986, -7.5502747 ], [ 111.6924319, -7.5502445 ], [ 111.6934491, -7.5502211 ], [ 111.6944528, -7.5501809 ], [ 111.6951287, -7.5501507 ], [ 111.7239602, -7.5481055 ], [ 111.7320997, -7.5475202 ], [ 111.7356332, -7.5472546 ], [ 111.737736, -7.5472546 ], [ 111.7388089, -7.5473397 ], [ 111.739796, -7.547595 ], [ 111.7410834, -7.5480629 ], [ 111.7420276, -7.548616 ], [ 111.7449887, -7.5507006 ], [ 111.7500222, -7.5540683 ], [ 111.7571338, -7.5588263 ], [ 111.7579492, -7.5593368 ], [ 111.7588504, -7.5598048 ], [ 111.7597516, -7.5601026 ], [ 111.7606957, -7.5603153 ], [ 111.7620261, -7.5605705 ], [ 111.7640431, -7.5607833 ], [ 111.7870028, -7.5632507 ], [ 111.7883761, -7.5634634 ], [ 111.7892774, -7.5632932 ], [ 111.789964, -7.5631231 ], [ 111.7906077, -7.5628253 ], [ 111.7915519, -7.5621021 ], [ 111.7920435, -7.5615343 ], [ 111.7921623, -7.561374 ], [ 111.7925102, -7.5607792 ], [ 111.7928269, -7.5601256 ], [ 111.7935514, -7.5587855 ], [ 111.7938885, -7.5583705 ], [ 111.7943131, -7.55796 ], [ 111.7946616, -7.5577007 ], [ 111.7949767, -7.5574986 ], [ 111.7951347, -7.5574133 ], [ 111.7954434, -7.557254 ], [ 111.7957374, -7.5571312 ], [ 111.7961955, -7.5569879 ], [ 111.7965922, -7.5569294 ], [ 111.797208, -7.5568867 ], [ 111.7975632, -7.5568964 ], [ 111.7979921, -7.5569453 ], [ 111.798348, -7.5570248 ], [ 111.7986758, -7.5571246 ], [ 111.7990258, -7.5572636 ], [ 111.7993625, -7.5574224 ], [ 111.7996564, -7.5575811 ], [ 111.8001131, -7.5579076 ], [ 111.8016244, -7.5592929 ], [ 111.8036955, -7.5612285 ], [ 111.8106063, -7.5677601 ], [ 111.8112071, -7.5682706 ], [ 111.8121512, -7.5687386 ], [ 111.8126662, -7.5689513 ], [ 111.8133958, -7.5690789 ], [ 111.8140824, -7.5691215 ], [ 111.8153699, -7.5689513 ], [ 111.8161853, -7.5687386 ], [ 111.8170436, -7.568143 ], [ 111.8176015, -7.5674623 ], [ 111.8180736, -7.5666115 ], [ 111.8184598, -7.5657607 ], [ 111.8190712, -7.5625627 ], [ 111.8193362, -7.5612809 ], [ 111.8195355, -7.5605624 ], [ 111.8199118, -7.5598453 ], [ 111.8202133, -7.5593957 ], [ 111.8204768, -7.5590816 ], [ 111.8208201, -7.5586136 ], [ 111.8214639, -7.5581031 ], [ 111.8222793, -7.5576351 ], [ 111.823953, -7.5572522 ], [ 111.82494, -7.5572097 ], [ 111.8326219, -7.5579755 ], [ 111.834081, -7.5582307 ], [ 111.8353684, -7.5586561 ], [ 111.8367846, -7.5592943 ], [ 111.8377288, -7.5600175 ], [ 111.8437159, -7.5654282 ], [ 111.845239, -7.5668242 ], [ 111.8460544, -7.5674623 ], [ 111.8471272, -7.5682706 ], [ 111.8526864, -7.571652 ], [ 111.863478, -7.5782678 ], [ 111.888798, -7.5937097 ], [ 111.8957452, -7.5978612 ] ] ] } },
{ "type": "Feature", "properties": { "osm_id": "120106016", "code": 6101, "fclass": "rail", "name": null }, "geometry": { "type": "MultiLineString", "coordinates": [ [ [ 112.1083829, -7.5950042 ], [ 112.1101206, -7.5956716 ] ] ] } },
{ "type": "Feature", "properties": { "osm_id": "120152940", "code": 6101, "fclass": "rail", "name": "Jembatan Nguri" }, "geometry": { "type": "MultiLineString", "coordinates": [ [ [ 112.0980834, -8.1130886 ], [ 112.0988036, -8.1120791 ] ] ] } },
{ "type": "Feature", "properties": { "osm_id": "120162864", "code": 6101, "fclass": "rail", "name": "Jalur KA Kertosono-Bangil" }, "geometry": { "type": "MultiLineString", "coordinates": [ [ [ 112.5507638, -8.1482839 ], [ 112.5512804, -8.1482175 ], [ 112.551529, -8.1481984 ], [ 112.5518015, -8.1481349 ], [ 112.5519598, -8.1480653 ], [ 112.5523033, -8.1479254 ], [ 112.5551811, -8.1460177 ], [ 112.5555426, -8.14583 ], [ 112.5563366, -8.145471 ], [ 112.5616251, -8.1431268 ], [ 112.561948, -8.1429547 ], [ 112.5621937, -8.1428177 ], [ 112.5626395, -8.1425081 ], [ 112.5627843, -8.1423883 ], [ 112.5678342, -8.1379581 ], [ 112.5715003, -8.1345145 ], [ 112.5720513, -8.1337363 ] ] ] } },
{ "type": "Feature", "properties": { "osm_id": "120162867", "code": 6101, "fclass": "rail", "name": null }, "geometry": { "type": "MultiLineString", "coordinates": [ [ [ 112.5720513, -8.1337363 ], [ 112.5721495, -8.1335931 ] ] ] } },
{ "type": "Feature", "properties": { "osm_id": "120175308", "code": 6101, "fclass": "rail", "name": null }, "geometry": { "type": "MultiLineString", "coordinates": [ [ [ 112.6331489, -7.9939282 ], [ 112.6332959, -7.9936389 ], [ 112.6332801, -7.9927539 ], [ 112.6330349, -7.9922918 ], [ 112.6327067, -7.991955 ], [ 112.6322496, -7.9918048 ], [ 112.6317225, -7.9917033 ], [ 112.6310857, -7.9916453 ], [ 112.630394, -7.9914558 ], [ 112.6299622, -7.9911939 ], [ 112.6297093, -7.9907957 ], [ 112.6296181, -7.9903548 ], [ 112.6296234, -7.9899832 ], [ 112.6296766, -7.9895016 ], [ 112.6300247, -7.9883281 ] ] ] } },
{ "type": "Feature", "properties": { "osm_id": "120175311", "code": 6101, "fclass": "rail", "name": null }, "geometry": { "type": "MultiLineString", "coordinates": [ [ [ 112.6296766, -7.9895016 ], [ 112.6292525, -7.9905309 ], [ 112.6290368, -7.9909011 ], [ 112.6289279, -7.9910486 ], [ 112.62824, -7.9926385 ], [ 112.6281858, -7.9928986 ], [ 112.6282362, -7.993187 ], [ 112.6284481, -7.9935685 ], [ 112.6286203, -7.9937379 ], [ 112.6291913, -7.9940341 ] ] ] } },
{ "type": "Feature", "properties": { "osm_id": "120190563", "code": 6101, "fclass": "rail", "name": null }, "geometry": { "type": "MultiLineString", "coordinates": [ [ [ 112.707733, -7.5108373 ], [ 112.7076817, -7.5112225 ] ] ] } },
{ "type": "Feature", "properties": { "osm_id": "120190564", "code": 6101, "fclass": "rail", "name": null }, "geometry": { "type": "MultiLineString", "coordinates": [ [ [ 112.7087174, -7.4980218 ], [ 112.7086856, -7.49819 ] ] ] } },
{ "type": "Feature", "properties": { "osm_id": "120190565", "code": 6101, "fclass": "rail", "name": "Jalur KA Sidoarjo-Bangil" }, "geometry": { "type": "MultiLineString", "coordinates": [ [ [ 112.7086856, -7.49819 ], [ 112.7083805, -7.4995355 ], [ 112.7082002, -7.5005481 ], [ 112.7081745, -7.5009651 ] ] ] } },
{ "type": "Feature", "properties": { "osm_id": "120190566", "code": 6101, "fclass": "rail", "name": "Jalur KA Sidoarjo-Bangil" }, "geometry": { "type": "MultiLineString", "coordinates": [ [ [ 112.7081487, -7.5012459 ], [ 112.70802, -7.5068877 ], [ 112.7079599, -7.50893 ], [ 112.707914, -7.5094094 ], [ 112.7078483, -7.5101043 ], [ 112.707733, -7.5108373 ] ] ] } },
{ "type": "Feature", "properties": { "osm_id": "121495424", "code": 6101, "fclass": "rail", "name": null }, "geometry": { "type": "MultiLineString", "coordinates": [ [ [ 112.9122244, -7.6388912 ], [ 112.9127488, -7.6391724 ] ] ] } },
{ "type": "Feature", "properties": { "osm_id": "121498563", "code": 6101, "fclass": "rail", "name": "Jalur KA Wonokromo-Sidoarjo" }, "geometry": { "type": "MultiLineString", "coordinates": [ [ [ 112.7318022, -7.3273695 ], [ 112.7309883, -7.3311908 ], [ 112.7309442, -7.3314052 ], [ 112.7304708, -7.3337071 ], [ 112.7304324, -7.3339573 ], [ 112.7299139, -7.3373379 ], [ 112.7296321, -7.3394227 ], [ 112.7295377, -7.3403761 ], [ 112.7295034, -7.3413296 ], [ 112.729438, -7.3467664 ], [ 112.7294357, -7.3469555 ], [ 112.7293924, -7.3505506 ], [ 112.7294469, -7.3526428 ], [ 112.7295285, -7.3550532 ], [ 112.7295212, -7.3570434 ], [ 112.7295331, -7.3585845 ], [ 112.7294261, -7.3640324 ], [ 112.7292631, -7.3698718 ], [ 112.7291944, -7.3717529 ], [ 112.7291181, -7.3725544 ], [ 112.7289961, -7.3746369 ], [ 112.7288709, -7.3765118 ] ] ] } },
{ "type": "Feature", "properties": { "osm_id": "121498568", "code": 6101, "fclass": "rail", "name": null }, "geometry": { "type": "MultiLineString", "coordinates": [ [ [ 112.7407812, -7.3001335 ], [ 112.7403108, -7.3006967 ] ] ] } },
{ "type": "Feature", "properties": { "osm_id": "121499152", "code": 6101, "fclass": "rail", "name": "Jalur KA Surabaya Kota-Wonokromo" }, "geometry": { "type": "MultiLineString", "coordinates": [ [ [ 112.7403108, -7.3006967 ], [ 112.7402485, -7.3007766 ], [ 112.7402438, -7.3007826 ], [ 112.7398614, -7.3013003 ], [ 112.7378555, -7.3037122 ], [ 112.7367156, -7.3050704 ] ] ] } },
{ "type": "Feature", "properties": { "osm_id": "121501796", "code": 6101, "fclass": "rail", "name": "Jalur KA Kandangan-Sidotopo" }, "geometry": { "type": "MultiLineString", "coordinates": [ [ [ 112.7154914, -7.2531182 ], [ 112.7156621, -7.2531309 ] ] ] } },
{ "type": "Feature", "properties": { "osm_id": "121563205", "code": 6101, "fclass": "rail", "name": null }, "geometry": { "type": "MultiLineString", "coordinates": [ [ [ 113.3580373, -8.1202846 ], [ 113.3582308, -8.1204785 ] ] ] } },
{ "type": "Feature", "properties": { "osm_id": "121563307", "code": 6101, "fclass": "rail", "name": "Jalur KA Bangil-Kalisat" }, "geometry": { "type": "MultiLineString", "coordinates": [ [ [ 113.2267475, -7.8014075 ], [ 113.2270634, -7.8069525 ], [ 113.2270341, -7.8075887 ], [ 113.2269358, -7.8082257 ], [ 113.226179, -7.8119804 ], [ 113.2259043, -7.8133821 ], [ 113.2254361, -7.8173 ], [ 113.2253977, -7.8178623 ], [ 113.2254195, -7.8189966 ], [ 113.225785, -7.824196 ], [ 113.2266894, -7.835569 ], [ 113.2274477, -7.8401117 ], [ 113.2284109, -7.8439224 ], [ 113.229041, -7.8477464 ], [ 113.2291727, -7.8481583 ], [ 113.2292252, -7.8490254 ], [ 113.2291203, -7.8498875 ], [ 113.2289034, -7.850717 ], [ 113.2272744, -7.8563181 ], [ 113.2259074, -7.8606887 ], [ 113.2255985, -7.8614028 ], [ 113.2245211, -7.8635754 ], [ 113.222291, -7.8679453 ], [ 113.2220053, -7.8686123 ], [ 113.2219008, -7.8692898 ], [ 113.2219533, -7.8699493 ], [ 113.2220383, -7.8702711 ], [ 113.2223244, -7.8708805 ], [ 113.2225216, -7.8711486 ], [ 113.2227669, -7.8713954 ], [ 113.2230451, -7.8716179 ], [ 113.2233465, -7.871805 ], [ 113.223668, -7.8719532 ], [ 113.2239994, -7.8720718 ], [ 113.2253449, -7.8724482 ], [ 113.227105, -7.8728891 ], [ 113.2278355, -7.8731563 ], [ 113.2291415, -7.8739269 ], [ 113.231983, -7.8757942 ], [ 113.2324127, -7.8761677 ], [ 113.2327371, -7.8766332 ], [ 113.2328644, -7.8768922 ], [ 113.2330651, -7.8774454 ], [ 113.2336836, -7.879618 ], [ 113.2338425, -7.8799899 ], [ 113.2340513, -7.880346 ], [ 113.2343174, -7.8806564 ], [ 113.2346303, -7.8809328 ], [ 113.2349711, -7.8811847 ], [ 113.235343, -7.8813811 ], [ 113.2357218, -7.8815294 ], [ 113.2361075, -7.8816375 ], [ 113.2365082, -7.8817203 ], [ 113.2369094, -7.8817666 ], [ 113.2376813, -7.8817728 ], [ 113.2384164, -7.8816548 ], [ 113.2387646, -7.8815382 ], [ 113.2394287, -7.8812153 ], [ 113.2405912, -7.8806189 ], [ 113.2424103, -7.8796311 ], [ 113.2427338, -7.8795075 ], [ 113.2430704, -7.8794231 ], [ 113.2434041, -7.8793963 ], [ 113.2437309, -7.8794097 ], [ 113.2440659, -7.8794699 ], [ 113.2446913, -7.8796889 ], [ 113.2456018, -7.8800742 ], [ 113.2459288, -7.88017 ], [ 113.2466424, -7.8802756 ], [ 113.2470237, -7.8802623 ], [ 113.2474068, -7.8801691 ], [ 113.2477927, -7.88003 ], [ 113.2493818, -7.8793572 ], [ 113.2497692, -7.8792327 ], [ 113.250168, -7.8791488 ], [ 113.2505669, -7.8791286 ], [ 113.2509525, -7.8791766 ], [ 113.251337, -7.8792738 ], [ 113.2516872, -7.8794206 ], [ 113.2520016, -7.8796104 ], [ 113.2522885, -7.8798498 ], [ 113.2525525, -7.8801339 ], [ 113.2535463, -7.8816901 ], [ 113.2537887, -7.8819646 ], [ 113.2540712, -7.8821955 ], [ 113.2543934, -7.8823953 ], [ 113.2547442, -7.8825505 ], [ 113.2551146, -7.8826558 ], [ 113.256831, -7.8829529 ], [ 113.2579732, -7.8831718 ], [ 113.2583284, -7.8833087 ], [ 113.2586643, -7.8834711 ], [ 113.2589644, -7.8836655 ], [ 113.2593678, -7.8840581 ], [ 113.2596778, -7.8845872 ], [ 113.2599739, -7.8851022 ], [ 113.2604186, -7.8860142 ], [ 113.2610933, -7.8874638 ], [ 113.2617391, -7.889128 ], [ 113.2618524, -7.8896655 ], [ 113.2619087, -7.8905468 ], [ 113.2618359, -7.891226 ], [ 113.2610231, -7.8963105 ], [ 113.2609509, -7.8965731 ], [ 113.2607462, -7.8970608 ], [ 113.2603164, -7.8977391 ], [ 113.259928, -7.8981415 ], [ 113.2596897, -7.8983379 ], [ 113.2590981, -7.8987125 ], [ 113.2580419, -7.8992138 ], [ 113.2572958, -7.8995281 ], [ 113.2562465, -7.9000758 ], [ 113.2555853, -7.9005322 ], [ 113.2552817, -7.9008275 ], [ 113.2549975, -7.9011447 ], [ 113.2547381, -7.9014887 ], [ 113.254284, -7.9022084 ], [ 113.2539297, -7.9029774 ], [ 113.253724, -7.9038384 ], [ 113.2536697, -7.9042581 ], [ 113.2536546, -7.9046552 ], [ 113.253733, -7.9077972 ], [ 113.2537679, -7.913256 ], [ 113.2538179, -7.9155474 ], [ 113.2538775, -7.9182811 ], [ 113.2539357, -7.9211354 ], [ 113.2538799, -7.9219687 ], [ 113.2536747, -7.9231524 ], [ 113.2524552, -7.9291654 ], [ 113.2520817, -7.9302428 ], [ 113.2517121, -7.9310236 ], [ 113.2511395, -7.9319224 ], [ 113.2506494, -7.9325499 ], [ 113.2503996, -7.9328101 ], [ 113.2500478, -7.9331766 ], [ 113.2420583, -7.940043 ], [ 113.2379029, -7.9435226 ], [ 113.2375044, -7.9439963 ], [ 113.2373447, -7.9442607 ], [ 113.2372292, -7.9445503 ], [ 113.2370385, -7.9454507 ], [ 113.2365684, -7.9492786 ], [ 113.236472, -7.950782 ], [ 113.23672, -7.9528841 ], [ 113.2368395, -7.9543178 ], [ 113.238274, -7.9683836 ], [ 113.2385272, -7.9712723 ], [ 113.2394157, -7.9797735 ], [ 113.2394861, -7.9804468 ], [ 113.2399249, -7.9851264 ], [ 113.2400949, -7.9859585 ], [ 113.2402288, -7.9863538 ], [ 113.2405896, -7.9871007 ], [ 113.2408074, -7.9874485 ], [ 113.2425278, -7.9897219 ], [ 113.2433118, -7.9906097 ], [ 113.2436, -7.9908506 ], [ 113.2444975, -7.9913822 ], [ 113.245424, -7.991876 ], [ 113.2465548, -7.9925331 ], [ 113.2493699, -7.9941689 ], [ 113.251222, -7.995267 ], [ 113.2533244, -7.9964061 ], [ 113.2543932, -7.9970485 ], [ 113.2546182, -7.9972163 ], [ 113.2551231, -7.997593 ], [ 113.2555472, -7.9980229 ], [ 113.255887, -7.9984784 ], [ 113.2564381, -7.9995564 ], [ 113.2570199, -8.0009911 ], [ 113.2573831, -8.0017907 ], [ 113.2588437, -8.0050063 ], [ 113.2613148, -8.0108164 ], [ 113.2680646, -8.0262082 ], [ 113.2689778, -8.0284837 ], [ 113.2695233, -8.0302252 ], [ 113.2706665, -8.0338749 ], [ 113.2726756, -8.0404271 ], [ 113.2737239, -8.0440091 ], [ 113.2738424, -8.0443507 ], [ 113.2740178, -8.044657 ], [ 113.2742531, -8.0449425 ], [ 113.2745155, -8.0451968 ], [ 113.2748032, -8.0454087 ], [ 113.2751236, -8.0455841 ], [ 113.2758222, -8.0458107 ], [ 113.2761977, -8.0458304 ], [ 113.2773246, -8.0458037 ], [ 113.2803623, -8.0456582 ], [ 113.2811108, -8.0456983 ], [ 113.2818281, -8.0458608 ], [ 113.2821825, -8.0459737 ], [ 113.2828748, -8.0462756 ], [ 113.285995, -8.0477084 ], [ 113.2867718, -8.0480463 ], [ 113.2885033, -8.0487995 ], [ 113.2895592, -8.049301 ], [ 113.2914085, -8.0500707 ], [ 113.2921807, -8.0503384 ], [ 113.2925728, -8.0504074 ], [ 113.2950101, -8.0506636 ], [ 113.2953845, -8.0507488 ], [ 113.295728, -8.0508791 ], [ 113.2960444, -8.0510732 ], [ 113.2963432, -8.0513006 ], [ 113.2966235, -8.0515827 ], [ 113.2968691, -8.0518946 ], [ 113.2970574, -8.0521937 ], [ 113.2971973, -8.0525519 ], [ 113.2972522, -8.0529079 ], [ 113.2972701, -8.053279 ], [ 113.2972436, -8.0536454 ], [ 113.2971722, -8.0540063 ], [ 113.2962677, -8.0573124 ], [ 113.2960098, -8.0584336 ], [ 113.2959961, -8.058867 ], [ 113.2960458, -8.0592304 ], [ 113.2961478, -8.0595894 ], [ 113.2962997, -8.0599347 ], [ 113.2964908, -8.0602428 ], [ 113.2967294, -8.0605219 ], [ 113.2972788, -8.061033 ], [ 113.2989623, -8.0624667 ], [ 113.2995684, -8.0629829 ], [ 113.3001443, -8.0635159 ], [ 113.3019101, -8.0650297 ], [ 113.3021728, -8.0652969 ], [ 113.3024229, -8.0656044 ], [ 113.302631, -8.0659324 ], [ 113.3052084, -8.0701346 ], [ 113.3060422, -8.0715632 ], [ 113.3065221, -8.0721745 ], [ 113.3067873, -8.072396 ], [ 113.3071526, -8.0726128 ], [ 113.3075427, -8.072782 ], [ 113.307971, -8.0728768 ], [ 113.3083929, -8.0729109 ], [ 113.3087997, -8.0728716 ], [ 113.3095719, -8.072654 ], [ 113.310637, -8.0722618 ], [ 113.3109878, -8.0721702 ], [ 113.3113422, -8.0721177 ], [ 113.3116756, -8.0721145 ], [ 113.3122989, -8.0722555 ], [ 113.3125944, -8.0723798 ], [ 113.313103, -8.0726945 ], [ 113.3135469, -8.0730712 ], [ 113.3137577, -8.0732925 ], [ 113.3139276, -8.073522 ], [ 113.3140765, -8.0737468 ], [ 113.3143123, -8.0742047 ], [ 113.3150866, -8.0761612 ], [ 113.3155718, -8.0775255 ], [ 113.3159674, -8.0784651 ], [ 113.3165699, -8.0801266 ], [ 113.3170276, -8.081084 ], [ 113.3175116, -8.081736 ], [ 113.3176988, -8.0819261 ], [ 113.3185742, -8.0826248 ], [ 113.3223026, -8.0848019 ], [ 113.3232759, -8.0854787 ], [ 113.3238169, -8.0860344 ], [ 113.3242519, -8.0866065 ], [ 113.3255328, -8.0888157 ], [ 113.3260246, -8.0895455 ], [ 113.3269083, -8.0905647 ], [ 113.3277065, -8.0913056 ], [ 113.3282193, -8.0918805 ], [ 113.3302938, -8.0937329 ], [ 113.3331729, -8.0965215 ], [ 113.3402427, -8.1032137 ], [ 113.3416072, -8.1046402 ], [ 113.3448536, -8.1076337 ], [ 113.355399, -8.1177746 ], [ 113.3579994, -8.1202438 ], [ 113.3580373, -8.1202846 ] ] ] } },
{ "type": "Feature", "properties": { "osm_id": "121563308", "code": 6101, "fclass": "rail", "name": null }, "geometry": { "type": "MultiLineString", "coordinates": [ [ [ 113.2267292, -7.8011072 ], [ 113.2267475, -7.8014075 ] ] ] } },
{ "type": "Feature", "properties": { "osm_id": "121635374", "code": 6101, "fclass": "rail", "name": null }, "geometry": { "type": "MultiLineString", "coordinates": [ [ [ 114.3972346, -8.1436601 ], [ 114.3972434, -8.1434487 ], [ 114.3971524, -8.1420502 ], [ 114.397072, -8.1408603 ], [ 114.3970244, -8.1402636 ], [ 114.3967263, -8.1372819 ] ] ] } },
{ "type": "Feature", "properties": { "osm_id": "121635375", "code": 6101, "fclass": "rail", "name": null }, "geometry": { "type": "MultiLineString", "coordinates": [ [ [ 114.3989024, -8.1314054 ], [ 114.3988257, -8.1311502 ], [ 114.3976231, -8.1275291 ], [ 114.3974022, -8.126891 ], [ 114.3971004, -8.1262057 ], [ 114.3967315, -8.1255434 ], [ 114.3964724, -8.1251839 ], [ 114.3962517, -8.1249659 ], [ 114.3959397, -8.1248385 ], [ 114.395474, -8.1247639 ], [ 114.3951819, -8.1247902 ], [ 114.3948779, -8.1248989 ], [ 114.3946438, -8.1250417 ], [ 114.3944508, -8.1252232 ], [ 114.3942844, -8.1254248 ], [ 114.3941121, -8.1257061 ], [ 114.3940477, -8.1260452 ], [ 114.394084, -8.126323 ], [ 114.394247, -8.1266485 ], [ 114.3948841, -8.1275945 ], [ 114.3963924, -8.1298344 ], [ 114.3966984, -8.1302268 ], [ 114.3968811, -8.1305187 ], [ 114.3969403, -8.1307625 ], [ 114.3969675, -8.1310913 ], [ 114.3969201, -8.131527 ], [ 114.396761, -8.1327975 ], [ 114.3966027, -8.1337021 ], [ 114.3965325, -8.1340167 ], [ 114.3965103, -8.1344263 ], [ 114.3965066, -8.1348354 ], [ 114.3964263, -8.135376 ], [ 114.3964202, -8.1357687 ], [ 114.3964817, -8.1361801 ], [ 114.3965172, -8.1358036 ], [ 114.3966445, -8.1353991 ], [ 114.3968616, -8.1351255 ], [ 114.3982365, -8.1340787 ], [ 114.3989788, -8.1335136 ], [ 114.3990631, -8.1333977 ], [ 114.3990913, -8.1332036 ], [ 114.3989591, -8.1317375 ], [ 114.3989182, -8.1314959 ] ] ] } },
{ "type": "Feature", "properties": { "osm_id": "121642718", "code": 6101, "fclass": "rail", "name": "Jalur KA Kertosono-Wonokromo" }, "geometry": { "type": "MultiLineString", "coordinates": [ [ [ 112.6042884, -7.3958453 ], [ 112.6046758, -7.3956559 ], [ 112.6113729, -7.3921675 ], [ 112.6196032, -7.3877966 ], [ 112.6284114, -7.3832785 ], [ 112.6397702, -7.3773584 ], [ 112.6504217, -7.3717276 ], [ 112.6585928, -7.3673457 ], [ 112.6739488, -7.3592113 ], [ 112.6800838, -7.3560905 ] ] ] } },
{ "type": "Feature", "properties": { "osm_id": "121642720", "code": 6101, "fclass": "rail", "name": "Jalur KA Kertosono-Wonokromo" }, "geometry": { "type": "MultiLineString", "coordinates": [ [ [ 112.6802332, -7.3560145 ], [ 112.6895148, -7.3512931 ], [ 112.6914661, -7.35026 ], [ 112.6929954, -7.3494778 ], [ 112.6977727, -7.3471982 ], [ 112.7007437, -7.3456858 ], [ 112.7023768, -7.3448479 ], [ 112.705042, -7.3434355 ], [ 112.7060342, -7.3428439 ], [ 112.7067259, -7.3423532 ], [ 112.7078485, -7.3412828 ], [ 112.7084466, -7.3406113 ], [ 112.7102972, -7.3382559 ] ] ] } },
{ "type": "Feature", "properties": { "osm_id": "121642722", "code": 6101, "fclass": "rail", "name": "Jalur KA Kertosono-Wonokromo" }, "geometry": { "type": "MultiLineString", "coordinates": [ [ [ 112.7326851, -7.3100003 ], [ 112.7333351, -7.3091875 ], [ 112.7351934, -7.3069243 ], [ 112.7361697, -7.3057167 ], [ 112.7363481, -7.3054974 ], [ 112.7367156, -7.3050704 ] ] ] } },
{ "type": "Feature", "properties": { "osm_id": "121642723", "code": 6101, "fclass": "rail", "name": "Jalur KA Kertosono-Wonokromo" }, "geometry": { "type": "MultiLineString", "coordinates": [ [ [ 112.1101206, -7.5956716 ], [ 112.1109865, -7.5959362 ], [ 112.1113289, -7.5960079 ], [ 112.1116637, -7.5960527 ], [ 112.1119354, -7.5960713 ], [ 112.1121971, -7.5960741 ], [ 112.1129595, -7.5959507 ], [ 112.1144541, -7.5956688 ], [ 112.119388, -7.5947171 ], [ 112.122452, -7.5944536 ], [ 112.1363028, -7.5936102 ], [ 112.1369798, -7.5935162 ], [ 112.1376778, -7.5933542 ], [ 112.138426, -7.5931311 ], [ 112.1403768, -7.5924352 ], [ 112.1670666, -7.5825786 ], [ 112.1937545, -7.5727259 ], [ 112.2039814, -7.5689502 ], [ 112.2234946, -7.5617806 ], [ 112.2252442, -7.5611313 ], [ 112.2288422, -7.5598418 ], [ 112.2300468, -7.5593801 ], [ 112.2302296, -7.5593133 ], [ 112.2323731, -7.5585305 ], [ 112.233523, -7.5581165 ], [ 112.2349502, -7.5575931 ], [ 112.236035, -7.5571899 ], [ 112.2435269, -7.5543458 ], [ 112.2466195, -7.5532963 ], [ 112.2513693, -7.5519808 ], [ 112.2528218, -7.5515565 ], [ 112.269666, -7.5453065 ], [ 112.2792083, -7.5417523 ], [ 112.2925442, -7.5368297 ], [ 112.3013806, -7.5336009 ], [ 112.3220037, -7.5258927 ], [ 112.3409057, -7.5188924 ], [ 112.3451679, -7.5173165 ], [ 112.3546272, -7.5136358 ], [ 112.3555418, -7.5133356 ], [ 112.359761, -7.5117745 ], [ 112.3659877, -7.5093877 ], [ 112.3670466, -7.5088191 ], [ 112.3686184, -7.507977 ], [ 112.3704109, -7.5068889 ], [ 112.3924414, -7.4933225 ], [ 112.4075488, -7.4838896 ], [ 112.4227477, -7.4746295 ], [ 112.4243325, -7.473688 ], [ 112.4255924, -7.4731759 ], [ 112.4267596, -7.4728084 ], [ 112.42788, -7.4725611 ], [ 112.4290283, -7.4724517 ], [ 112.4293057, -7.4724273 ], [ 112.4306583, -7.4723743 ], [ 112.4319908, -7.4723974 ], [ 112.4326178, -7.4724513 ], [ 112.4339898, -7.4724757 ], [ 112.4365072, -7.4725331 ], [ 112.4368741, -7.472667 ], [ 112.4396169, -7.4725839 ], [ 112.439672, -7.472584 ], [ 112.4428505, -7.4726679 ], [ 112.4443743, -7.4726362 ], [ 112.4584914, -7.4714042 ] ] ] } },
{ "type": "Feature", "properties": { "osm_id": "121642725", "code": 6101, "fclass": "rail", "name": "Jalur KA Sidoarjo-Tarik" }, "geometry": { "type": "MultiLineString", "coordinates": [ [ [ 112.7124651, -7.4585543 ], [ 112.7124169, -7.4591284 ], [ 112.7123958, -7.4593805 ], [ 112.7123666, -7.4597452 ], [ 112.7123047, -7.4603129 ], [ 112.7122104, -7.4608463 ], [ 112.712079, -7.4613877 ], [ 112.7118818, -7.4619948 ], [ 112.7116382, -7.4626184 ], [ 112.7113719, -7.4631393 ], [ 112.7107809, -7.4641054 ], [ 112.7102022, -7.4647994 ], [ 112.7097389, -7.4653012 ], [ 112.7090345, -7.4659398 ], [ 112.7086301, -7.466247 ], [ 112.7080278, -7.4666226 ] ] ] } },
{ "type": "Feature", "properties": { "osm_id": "121642727", "code": 6101, "fclass": "rail", "name": null }, "geometry": { "type": "MultiLineString", "coordinates": [ [ [ 112.6800838, -7.3560905 ], [ 112.6802332, -7.3560145 ] ] ] } },
{ "type": "Feature", "properties": { "osm_id": "121642728", "code": 6101, "fclass": "rail", "name": null }, "geometry": { "type": "MultiLineString", "coordinates": [ [ [ 112.6040905, -7.3959466 ], [ 112.6042884, -7.3958453 ] ] ] } },
{ "type": "Feature", "properties": { "osm_id": "121642730", "code": 6101, "fclass": "rail", "name": null }, "geometry": { "type": "MultiLineString", "coordinates": [ [ [ 112.7216246, -7.3239634 ], [ 112.7217198, -7.3238352 ] ] ] } },
{ "type": "Feature", "properties": { "osm_id": "121772889", "code": 6101, "fclass": "rail", "name": "Jalur KA Gambringan-Kandangan" }, "geometry": { "type": "MultiLineString", "coordinates": [ [ [ 111.598288076211915, -7.149445988345316 ], [ 111.5989412, -7.1493348 ] ] ] } },
{ "type": "Feature", "properties": { "osm_id": "169384922", "code": 6101, "fclass": "rail", "name": "Jalur KA Kalisat-Banyuwangi Baru" }, "geometry": { "type": "MultiLineString", "coordinates": [ [ [ 114.3677048, -8.1853323 ], [ 114.3679964, -8.1850533 ], [ 114.3692422, -8.183505 ], [ 114.3698322, -8.1828048 ], [ 114.3701991, -8.1823386 ], [ 114.3706813, -8.1817312 ], [ 114.3712276, -8.1809939 ] ] ] } },
{ "type": "Feature", "properties": { "osm_id": "169384923", "code": 6101, "fclass": "rail", "name": "Jalur KA Kalisat-Banyuwangi Baru" }, "geometry": { "type": "MultiLineString", "coordinates": [ [ [ 114.3412662, -8.2210974 ], [ 114.3410003, -8.2216428 ], [ 114.3405838, -8.222851 ], [ 114.3403402, -8.2235676 ], [ 114.3400231, -8.2245348 ], [ 114.3397952, -8.2251741 ], [ 114.3397264, -8.2255223 ] ] ] } },
{ "type": "Feature", "properties": { "osm_id": "169384924", "code": 6101, "fclass": "rail", "name": "Jalur KA Kalisat-Banyuwangi Baru" }, "geometry": { "type": "MultiLineString", "coordinates": [ [ [ 114.2032132, -8.3094047 ], [ 114.2028325, -8.309461 ], [ 114.2024338, -8.3095036 ], [ 114.2017971, -8.3095507 ], [ 114.201139, -8.3095978 ], [ 114.2009246, -8.309597 ], [ 114.2006254, -8.309596 ] ] ] } },
{ "type": "Feature", "properties": { "osm_id": "169384925", "code": 6101, "fclass": "rail", "name": "Jalur KA Kalisat-Banyuwangi Baru" }, "geometry": { "type": "MultiLineString", "coordinates": [ [ [ 114.341436, -8.2206471 ], [ 114.3412662, -8.2210974 ], [ 114.3410644, -8.2216587 ], [ 114.3406446, -8.2228637 ], [ 114.3404043, -8.2235645 ], [ 114.3400871, -8.2245475 ], [ 114.3397264, -8.2255223 ], [ 114.3396511, -8.2257875 ] ] ] } },
{ "type": "Feature", "properties": { "osm_id": "169406700", "code": 6101, "fclass": "rail", "name": "Jalur KA Kalisat-Banyuwangi Baru" }, "geometry": { "type": "MultiLineString", "coordinates": [ [ [ 114.0471694, -8.2991065 ], [ 114.0479191, -8.2992638 ], [ 114.0495472, -8.299494 ], [ 114.0504364, -8.299612 ], [ 114.0513208, -8.2996737 ] ] ] } },
{ "type": "Feature", "properties": { "osm_id": "169406701", "code": 6101, "fclass": "rail", "name": "Jalur KA Kalisat-Banyuwangi Baru" }, "geometry": { "type": "MultiLineString", "coordinates": [ [ [ 114.1041609, -8.3018328 ], [ 114.1048489, -8.3017883 ], [ 114.1054079, -8.3017264 ], [ 114.1066939, -8.3015911 ], [ 114.1073425, -8.3015033 ] ] ] } },
{ "type": "Feature", "properties": { "osm_id": "177984014", "code": 6101, "fclass": "rail", "name": "Jalur KA Bangil-Kalisat" }, "geometry": { "type": "MultiLineString", "coordinates": [ [ [ 113.7706547, -8.1290431 ], [ 113.7709234, -8.1291861 ] ] ] } },
{ "type": "Feature", "properties": { "osm_id": "177984015", "code": 6101, "fclass": "rail", "name": "Jalur KA Bangil-Kalisat" }, "geometry": { "type": "MultiLineString", "coordinates": [ [ [ 113.7709234, -8.1291861 ], [ 113.7713857, -8.1294323 ], [ 113.7717748, -8.1295895 ], [ 113.7725481, -8.1297697 ], [ 113.7729586, -8.1298291 ], [ 113.7737745, -8.1298086 ], [ 113.774205, -8.1297461 ], [ 113.7746057, -8.129643 ], [ 113.7749837, -8.1295075 ], [ 113.7756857, -8.1291512 ], [ 113.7760029, -8.1289475 ], [ 113.7762893, -8.1287197 ], [ 113.7771981, -8.1278809 ], [ 113.7790506, -8.1261712 ], [ 113.7804819, -8.1248651 ], [ 113.7807082, -8.1246266 ], [ 113.7810072, -8.1243115 ], [ 113.7812542, -8.124003 ], [ 113.7814654, -8.1236841 ], [ 113.7841836, -8.1190899 ], [ 113.7843745, -8.1187672 ], [ 113.7865378, -8.1152006 ], [ 113.7868255, -8.1148177 ], [ 113.7869744, -8.1146196 ], [ 113.7878145, -8.1136392 ], [ 113.7879712, -8.1134563 ], [ 113.7884597, -8.1128862 ], [ 113.7886097, -8.1127111 ], [ 113.7890356, -8.1121301 ], [ 113.7893866, -8.1115038 ], [ 113.7895287, -8.1111657 ], [ 113.7902937, -8.1086963 ], [ 113.7904382, -8.1083922 ], [ 113.7906202, -8.1081067 ], [ 113.790828, -8.1078475 ], [ 113.7913016, -8.1074289 ], [ 113.7915966, -8.1072729 ], [ 113.7919192, -8.1071517 ], [ 113.7926116, -8.1069894 ], [ 113.7934126, -8.1069801 ], [ 113.7938098, -8.1070283 ], [ 113.7942165, -8.1071333 ], [ 113.7945952, -8.1072816 ], [ 113.7949217, -8.1075038 ], [ 113.795231, -8.1077591 ], [ 113.7954807, -8.108051 ], [ 113.7956847, -8.1083861 ], [ 113.7960038, -8.1091348 ], [ 113.7961111, -8.1098732 ], [ 113.7962047, -8.1109371 ], [ 113.7961825, -8.1112958 ], [ 113.7961125, -8.1116512 ], [ 113.7960027, -8.1120106 ], [ 113.795668, -8.11267 ], [ 113.7947847, -8.1138611 ], [ 113.7946339, -8.1141786 ], [ 113.7945157, -8.1145157 ], [ 113.794434, -8.1148679 ], [ 113.7943776, -8.1152219 ], [ 113.7943597, -8.115584 ], [ 113.7946559, -8.1200388 ], [ 113.7946898, -8.1204199 ] ] ] } },
{ "type": "Feature", "properties": { "osm_id": "177984016", "code": 6101, "fclass": "rail", "name": "Jalur KA Kalisat-Banyuwangi Baru" }, "geometry": { "type": "MultiLineString", "coordinates": [ [ [ 113.9021486, -8.1726859 ], [ 113.902169, -8.1749175 ], [ 113.9021435, -8.1755372 ], [ 113.9020311, -8.1772154 ], [ 113.9019556, -8.1775748 ], [ 113.9018351, -8.1779163 ], [ 113.9016703, -8.1782312 ], [ 113.9014726, -8.1785188 ], [ 113.901268, -8.1787428 ], [ 113.9012421, -8.1787711 ], [ 113.9009781, -8.1789855 ], [ 113.9006901, -8.179148 ], [ 113.8991176, -8.1798406 ], [ 113.8984838, -8.1801917 ], [ 113.8982028, -8.1804137 ], [ 113.8979623, -8.1806572 ], [ 113.8977739, -8.1809392 ], [ 113.8976121, -8.1812403 ], [ 113.8973919, -8.181877 ], [ 113.8968691, -8.1838087 ], [ 113.896652, -8.1844215 ], [ 113.8963567, -8.1849485 ], [ 113.8957633, -8.185798 ], [ 113.8955207, -8.1862532 ], [ 113.8953503, -8.1867402 ], [ 113.8950364, -8.1881443 ], [ 113.8949383, -8.1887663 ], [ 113.8949043, -8.1894385 ], [ 113.894943, -8.1897724 ], [ 113.895036, -8.190127 ], [ 113.8951695, -8.190468 ], [ 113.8953397, -8.1907946 ], [ 113.8968085, -8.19335 ], [ 113.8969865, -8.1936674 ] ] ] } },
{ "type": "Feature", "properties": { "osm_id": "177984018", "code": 6101, "fclass": "rail", "name": "Jalur KA Kalisat-Banyuwangi Baru" }, "geometry": { "type": "MultiLineString", "coordinates": [ [ [ 113.9021449, -8.1722832 ], [ 113.9021486, -8.1726859 ] ] ] } },
{ "type": "Feature", "properties": { "osm_id": "178666656", "code": 6101, "fclass": "rail", "name": "Jalur KA Kalisat-Banyuwangi Baru" }, "geometry": { "type": "MultiLineString", "coordinates": [ [ [ 113.8407307, -8.1348764 ], [ 113.8409485, -8.1348359 ], [ 113.8412792, -8.1347784 ], [ 113.8416116, -8.1346225 ], [ 113.8421885, -8.1341654 ], [ 113.8437053, -8.1326618 ], [ 113.8440055, -8.1324436 ], [ 113.8443171, -8.1322725 ], [ 113.8450745, -8.1320571 ], [ 113.8454731, -8.132032 ], [ 113.8477516, -8.1321151 ], [ 113.8480597, -8.1321791 ], [ 113.8483437, -8.1322958 ], [ 113.8489448, -8.1326671 ], [ 113.8492333, -8.1329128 ], [ 113.849475, -8.1331806 ], [ 113.8496843, -8.1334828 ], [ 113.8502529, -8.134768 ], [ 113.8506583, -8.1352877 ], [ 113.8509096, -8.135507 ], [ 113.8511942, -8.1357032 ], [ 113.851518, -8.1358592 ], [ 113.8525634, -8.1362388 ], [ 113.8531997, -8.1365037 ], [ 113.8532747, -8.1365559 ], [ 113.8537366, -8.1368775 ], [ 113.8544834, -8.1375031 ], [ 113.855081, -8.1378671 ], [ 113.8554409, -8.1380068 ], [ 113.8558459, -8.1380847 ], [ 113.8562638, -8.1380928 ], [ 113.8566744, -8.1380395 ], [ 113.8570377, -8.1379273 ], [ 113.8580911, -8.1374173 ], [ 113.8584477, -8.137281 ], [ 113.858793, -8.1372087 ], [ 113.8591489, -8.1371883 ], [ 113.8595139, -8.1372024 ], [ 113.8598724, -8.1372541 ], [ 113.8612608, -8.1377812 ], [ 113.8616053, -8.1379237 ], [ 113.8619215, -8.1381288 ], [ 113.8622441, -8.1383637 ], [ 113.8627425, -8.1389916 ], [ 113.8629212, -8.1393317 ], [ 113.8630616, -8.1396843 ], [ 113.8632075, -8.1403972 ], [ 113.8633769, -8.1410741 ], [ 113.8635028, -8.1413577 ], [ 113.8636769, -8.1416376 ], [ 113.8638772, -8.1418874 ], [ 113.8643251, -8.1423135 ], [ 113.8645872, -8.1424902 ], [ 113.8649071, -8.142635 ], [ 113.8652606, -8.142747 ], [ 113.8656394, -8.1427947 ], [ 113.8660426, -8.1427905 ], [ 113.8664253, -8.1427352 ], [ 113.8706582, -8.1417938 ], [ 113.8778789, -8.1401878 ], [ 113.8786041, -8.1399642 ], [ 113.8798156, -8.1393208 ], [ 113.8801188, -8.1392066 ], [ 113.8807912, -8.1390713 ], [ 113.8811457, -8.1390679 ], [ 113.881511, -8.1391072 ], [ 113.8818773, -8.1391996 ], [ 113.882239, -8.1393537 ], [ 113.8825573, -8.1395673 ], [ 113.882852, -8.1398145 ], [ 113.8831055, -8.1401035 ], [ 113.885229, -8.1431234 ], [ 113.8853481, -8.1433608 ], [ 113.8853609, -8.1433864 ], [ 113.885526, -8.1439638 ], [ 113.886164, -8.1466543 ], [ 113.8862867, -8.1469756 ], [ 113.8864458, -8.1472856 ], [ 113.8866586, -8.1475801 ], [ 113.8869109, -8.1478501 ], [ 113.8896285, -8.1503792 ], [ 113.8898816, -8.1506553 ], [ 113.8906287, -8.1520253 ], [ 113.8908472, -8.1523423 ], [ 113.8918197, -8.1534309 ], [ 113.8926814, -8.1541516 ], [ 113.8929444, -8.1544256 ], [ 113.8931852, -8.1547363 ], [ 113.8933633, -8.1550612 ], [ 113.8942118, -8.1571484 ], [ 113.8946628, -8.1582577 ], [ 113.8949375, -8.158826 ], [ 113.8959934, -8.1602682 ], [ 113.8993789, -8.164654 ], [ 113.9000675, -8.1656551 ], [ 113.9002066, -8.1660073 ], [ 113.9002921, -8.1663805 ], [ 113.9003317, -8.1667582 ], [ 113.9003323, -8.1667936 ], [ 113.9003512, -8.1679677 ], [ 113.9003922, -8.1683701 ], [ 113.90049, -8.1687491 ], [ 113.9005335, -8.1688583 ], [ 113.900633, -8.1691086 ], [ 113.9008139, -8.169437 ], [ 113.9016835, -8.1706536 ], [ 113.9018574, -8.1709524 ], [ 113.9019966, -8.1712612 ], [ 113.9021414, -8.1719028 ], [ 113.9021449, -8.1722832 ] ] ] } },
{ "type": "Feature", "properties": { "osm_id": "178666668", "code": 6101, "fclass": "rail", "name": "Jalur KA Kalisat-Banyuwangi Baru" }, "geometry": { "type": "MultiLineString", "coordinates": [ [ [ 113.897831, -8.1954778 ], [ 113.8981464, -8.1963076 ], [ 113.8983922, -8.1970824 ], [ 113.8984178, -8.1974732 ], [ 113.8983875, -8.1978731 ], [ 113.897311, -8.2015857 ], [ 113.8970675, -8.2022939 ], [ 113.8968744, -8.2025989 ], [ 113.8966525, -8.2028723 ], [ 113.8963712, -8.2031307 ], [ 113.8960807, -8.2033422 ], [ 113.8957586, -8.20353 ], [ 113.8945061, -8.2040964 ], [ 113.8925123, -8.2050791 ], [ 113.8917542, -8.2054514 ] ] ] } },
{ "type": "Feature", "properties": { "osm_id": "178666670", "code": 6101, "fclass": "rail", "name": "Jalur KA Kalisat-Banyuwangi Baru" }, "geometry": { "type": "MultiLineString", "coordinates": [ [ [ 113.8977417, -8.1952429 ], [ 113.897831, -8.1954778 ] ] ] } },
{ "type": "Feature", "properties": { "osm_id": "178666671", "code": 6101, "fclass": "rail", "name": "Jalur KA Kalisat-Banyuwangi Baru" }, "geometry": { "type": "MultiLineString", "coordinates": [ [ [ 113.8209356, -8.1359326 ], [ 113.821129, -8.1359342 ] ] ] } },
{ "type": "Feature", "properties": { "osm_id": "178666673", "code": 6101, "fclass": "rail", "name": "Jalur KA Kalisat-Banyuwangi Baru" }, "geometry": { "type": "MultiLineString", "coordinates": [ [ [ 113.8969865, -8.1936674 ], [ 113.8971335, -8.1939295 ] ] ] } },
{ "type": "Feature", "properties": { "osm_id": "178666678", "code": 6101, "fclass": "rail", "name": "Jalur KA Kalisat-Banyuwangi Baru" }, "geometry": { "type": "MultiLineString", "coordinates": [ [ [ 113.8917542, -8.2054514 ], [ 113.8914458, -8.2056029 ] ] ] } },
{ "type": "Feature", "properties": { "osm_id": "178666680", "code": 6101, "fclass": "rail", "name": "Jalur KA Kalisat-Banyuwangi Baru" }, "geometry": { "type": "MultiLineString", "coordinates": [ [ [ 113.8243922, -8.135262 ], [ 113.824873, -8.1349626 ] ] ] } },
{ "type": "Feature", "properties": { "osm_id": "178666682", "code": 6101, "fclass": "rail", "name": "Jalur KA Kalisat-Banyuwangi Baru" }, "geometry": { "type": "MultiLineString", "coordinates": [ [ [ 113.8971335, -8.1939295 ], [ 113.8974719, -8.1945329 ], [ 113.8977417, -8.1952429 ] ] ] } },
{ "type": "Feature", "properties": { "osm_id": "178666684", "code": 6101, "fclass": "rail", "name": "Jalur KA Kalisat-Banyuwangi Baru" }, "geometry": { "type": "MultiLineString", "coordinates": [ [ [ 113.821129, -8.1359342 ], [ 113.8218394, -8.1358703 ], [ 113.8232821, -8.1356525 ], [ 113.8239668, -8.1354715 ], [ 113.824282, -8.1353306 ], [ 113.8243922, -8.135262 ] ] ] } },
{ "type": "Feature", "properties": { "osm_id": "178666685", "code": 6101, "fclass": "rail", "name": "Jalur KA Kalisat-Banyuwangi Baru" }, "geometry": { "type": "MultiLineString", "coordinates": [ [ [ 113.8914458, -8.2056029 ], [ 113.890992, -8.2058202 ], [ 113.8906558, -8.2061081 ], [ 113.8905782, -8.2061746 ], [ 113.8902394, -8.2065846 ], [ 113.8901054, -8.2068197 ], [ 113.8899215, -8.2072867 ], [ 113.8898557, -8.2075452 ], [ 113.8898078, -8.2081418 ], [ 113.8899332, -8.2128146 ], [ 113.8899961, -8.2140227 ], [ 113.8901181, -8.2148042 ], [ 113.8902281, -8.2151653 ], [ 113.8903775, -8.2154995 ], [ 113.8914954, -8.2172861 ], [ 113.8926633, -8.2190679 ], [ 113.8928358, -8.2194059 ], [ 113.8942936, -8.222863 ], [ 113.8946016, -8.2235004 ], [ 113.8950058, -8.2240881 ], [ 113.8973573, -8.227133 ], [ 113.8975422, -8.2274764 ], [ 113.8976652, -8.2277995 ], [ 113.8977647, -8.228461 ], [ 113.8978378, -8.2293942 ], [ 113.8979834, -8.2299719 ], [ 113.8980933, -8.2302101 ], [ 113.8983455, -8.2306021 ], [ 113.8986463, -8.2309615 ], [ 113.8990212, -8.2312615 ], [ 113.9003247, -8.2319956 ], [ 113.9056981, -8.2336302 ], [ 113.9060301, -8.233713 ], [ 113.9067331, -8.2337724 ], [ 113.907733, -8.2337117 ], [ 113.9087627, -8.2335721 ], [ 113.9091306, -8.2335519 ], [ 113.909505, -8.233596 ], [ 113.9098939, -8.2336869 ], [ 113.9102468, -8.2338129 ], [ 113.9105865, -8.2339753 ], [ 113.9108896, -8.2341807 ], [ 113.9111592, -8.2344342 ], [ 113.9125866, -8.2362302 ], [ 113.9133888, -8.2371762 ], [ 113.9135965, -8.237506 ], [ 113.9141888, -8.2388768 ], [ 113.9143653, -8.2391856 ], [ 113.9145839, -8.2394656 ], [ 113.9148204, -8.2397001 ], [ 113.9150847, -8.2399042 ], [ 113.915367, -8.2400677 ], [ 113.9159757, -8.2403188 ], [ 113.9166584, -8.2405417 ], [ 113.917333, -8.2409164 ], [ 113.9176426, -8.2411558 ], [ 113.9179206, -8.2414283 ], [ 113.9191935, -8.2428109 ], [ 113.9195956, -8.243408 ], [ 113.9197456, -8.2437501 ], [ 113.9204201, -8.245883 ], [ 113.9206021, -8.246559 ], [ 113.9209548, -8.2475595 ], [ 113.9211221, -8.2478993 ], [ 113.9217879, -8.2488802 ], [ 113.9219634, -8.2492475 ], [ 113.9220914, -8.2496698 ], [ 113.9221096, -8.2501154 ], [ 113.9220849, -8.2506025 ], [ 113.9221941, -8.2514895 ], [ 113.9220926, -8.2517375 ], [ 113.9218798, -8.2518108 ], [ 113.9214981, -8.2522353 ], [ 113.9211805, -8.2528372 ], [ 113.9211059, -8.2531511 ], [ 113.9210734, -8.253464 ], [ 113.9210655, -8.2537785 ], [ 113.9211288, -8.2540605 ], [ 113.9213023, -8.254326 ], [ 113.9215068, -8.2545526 ], [ 113.9217182, -8.2547313 ], [ 113.9224972, -8.2552117 ], [ 113.9232088, -8.2556094 ] ] ] } },
{ "type": "Feature", "properties": { "osm_id": "179680290", "code": 6101, "fclass": "rail", "name": "Jalur KA Bangil-Kalisat" }, "geometry": { "type": "MultiLineString", "coordinates": [ [ [ 113.8109091, -8.124841 ], [ 113.8118949, -8.1262311 ], [ 113.8123451, -8.1268804 ], [ 113.8140133, -8.1292122 ], [ 113.81622, -8.1323698 ], [ 113.816995, -8.1335097 ], [ 113.8174899, -8.1342504 ], [ 113.8178414, -8.1346565 ], [ 113.8183177, -8.1350531 ], [ 113.8188665, -8.1353998 ], [ 113.8194752, -8.1356555 ] ] ] } },
{ "type": "Feature", "properties": { "osm_id": "179680291", "code": 6101, "fclass": "rail", "name": "Jalur KA Bangil-Kalisat" }, "geometry": { "type": "MultiLineString", "coordinates": [ [ [ 113.7480642, -8.1276159 ], [ 113.7514089, -8.1277126 ], [ 113.758237, -8.1277309 ], [ 113.7625915, -8.1277426 ], [ 113.7634339, -8.127755 ], [ 113.7672475, -8.127811 ], [ 113.7680029, -8.1278968 ], [ 113.7683752, -8.1279885 ], [ 113.7690967, -8.1282557 ], [ 113.7702395, -8.128822 ], [ 113.7706547, -8.1290431 ] ] ] } },
{ "type": "Feature", "properties": { "osm_id": "179680292", "code": 6101, "fclass": "rail", "name": "Jalur KA Bangil-Kalisat" }, "geometry": { "type": "MultiLineString", "coordinates": [ [ [ 113.739942, -8.1316165 ], [ 113.7401185, -8.1314367 ] ] ] } },
{ "type": "Feature", "properties": { "osm_id": "179680293", "code": 6101, "fclass": "rail", "name": "Jalur KA Bangil-Kalisat" }, "geometry": { "type": "MultiLineString", "coordinates": [ [ [ 113.8106882, -8.1245296 ], [ 113.8109091, -8.124841 ] ] ] } },
{ "type": "Feature", "properties": { "osm_id": "179680294", "code": 6101, "fclass": "rail", "name": "Jalur KA Bangil-Kalisat" }, "geometry": { "type": "MultiLineString", "coordinates": [ [ [ 113.7946898, -8.1204199 ], [ 113.7946986, -8.1205183 ] ] ] } },
{ "type": "Feature", "properties": { "osm_id": "179680295", "code": 6101, "fclass": "rail", "name": "Jalur KA Bangil-Kalisat" }, "geometry": { "type": "MultiLineString", "coordinates": [ [ [ 113.7946986, -8.1205183 ], [ 113.7947452, -8.1210421 ], [ 113.7949139, -8.1216759 ], [ 113.7950509, -8.1220019 ], [ 113.7952229, -8.1223208 ], [ 113.7956889, -8.1229068 ], [ 113.7959625, -8.1231691 ], [ 113.7962759, -8.1234131 ], [ 113.7966019, -8.123624 ], [ 113.7969595, -8.1237831 ], [ 113.7973134, -8.1239076 ], [ 113.7976804, -8.1239936 ], [ 113.7984046, -8.1240579 ], [ 113.7987683, -8.124036 ], [ 113.799111, -8.1239709 ], [ 113.7997644, -8.1237545 ], [ 113.7998791, -8.1236919 ], [ 113.8003759, -8.1234205 ], [ 113.800917, -8.122961 ], [ 113.8024904, -8.1213965 ], [ 113.8027889, -8.1211517 ], [ 113.8031058, -8.1209688 ], [ 113.8038119, -8.1206513 ], [ 113.804492, -8.1204626 ], [ 113.8045465, -8.1204475 ], [ 113.8049331, -8.1203882 ], [ 113.8057268, -8.1203717 ], [ 113.8061467, -8.1204108 ], [ 113.8065777, -8.1205051 ], [ 113.8070064, -8.1206337 ], [ 113.8074124, -8.1208163 ], [ 113.807797, -8.121038 ], [ 113.8081573, -8.1212922 ], [ 113.8084637, -8.1215278 ] ] ] } },
{ "type": "Feature", "properties": { "osm_id": "181060032", "code": 6101, "fclass": "rail", "name": "Jalur KA Bangil-Kalisat" }, "geometry": { "type": "MultiLineString", "coordinates": [ [ [ 113.8084637, -8.1215278 ], [ 113.8086566, -8.1217043 ] ] ] } },
{ "type": "Feature", "properties": { "osm_id": "181060033", "code": 6101, "fclass": "rail", "name": "Jalur KA Bangil-Kalisat" }, "geometry": { "type": "MultiLineString", "coordinates": [ [ [ 113.8086566, -8.1217043 ], [ 113.8090412, -8.1222072 ], [ 113.8106882, -8.1245296 ] ] ] } },
{ "type": "Feature", "properties": { "osm_id": "182356631", "code": 6101, "fclass": "rail", "name": "Jalur KA Kalisat-Banyuwangi Baru" }, "geometry": { "type": "MultiLineString", "coordinates": [ [ [ 114.0129421, -8.2929289 ], [ 114.0142941, -8.2925769 ], [ 114.0148496, -8.2924319 ], [ 114.0152587, -8.2923553 ], [ 114.0160271, -8.2922979 ], [ 114.0172018, -8.2922295 ], [ 114.0174561, -8.2922158 ], [ 114.0181465, -8.2921795 ], [ 114.0194365, -8.2921021 ], [ 114.0200541, -8.292048 ] ] ] } },
{ "type": "Feature", "properties": { "osm_id": "182356633", "code": 6101, "fclass": "rail", "name": "Jalur KA Kalisat-Banyuwangi Baru" }, "geometry": { "type": "MultiLineString", "coordinates": [ [ [ 114.0025057, -8.2918965 ], [ 114.0048352, -8.2923901 ], [ 114.0065433, -8.2927374 ], [ 114.0076738, -8.2929617 ], [ 114.0091084, -8.2932599 ], [ 114.0096999, -8.2933857 ], [ 114.0100627, -8.2934229 ], [ 114.0102057, -8.2934376 ], [ 114.0108276, -8.2934431 ], [ 114.0111455, -8.293413 ], [ 114.0116596, -8.2932927 ], [ 114.0124556, -8.2930602 ] ] ] } },
{ "type": "Feature", "properties": { "osm_id": "182356635", "code": 6101, "fclass": "rail", "name": "Jalur KA Kalisat-Banyuwangi Baru" }, "geometry": { "type": "MultiLineString", "coordinates": [ [ [ 114.0200541, -8.292048 ], [ 114.0205818, -8.292017 ] ] ] } },
{ "type": "Feature", "properties": { "osm_id": "182356636", "code": 6101, "fclass": "rail", "name": "Jalur KA Kalisat-Banyuwangi Baru" }, "geometry": { "type": "MultiLineString", "coordinates": [ [ [ 114.0021892, -8.2918421 ], [ 114.0025057, -8.2918965 ] ] ] } },
{ "type": "Feature", "properties": { "osm_id": "182356638", "code": 6101, "fclass": "rail", "name": "Jalur KA Kalisat-Banyuwangi Baru" }, "geometry": { "type": "MultiLineString", "coordinates": [ [ [ 114.0432127, -8.2985579 ], [ 114.0440805, -8.2986798 ] ] ] } },
{ "type": "Feature", "properties": { "osm_id": "182356642", "code": 6101, "fclass": "rail", "name": "Jalur KA Kalisat-Banyuwangi Baru" }, "geometry": { "type": "MultiLineString", "coordinates": [ [ [ 114.0124556, -8.2930602 ], [ 114.0129421, -8.2929289 ] ] ] } },
{ "type": "Feature", "properties": { "osm_id": "182356644", "code": 6101, "fclass": "rail", "name": "Jalur KA Kalisat-Banyuwangi Baru" }, "geometry": { "type": "MultiLineString", "coordinates": [ [ [ 113.9984143, -8.2910745 ], [ 113.9987874, -8.2911565 ] ] ] } },
{ "type": "Feature", "properties": { "osm_id": "182356645", "code": 6101, "fclass": "rail", "name": "Jalur KA Kalisat-Banyuwangi Baru" }, "geometry": { "type": "MultiLineString", "coordinates": [ [ [ 113.9987874, -8.2911565 ], [ 114.0000782, -8.2914218 ], [ 114.0021892, -8.2918421 ] ] ] } },
{ "type": "Feature", "properties": { "osm_id": "182356646", "code": 6101, "fclass": "rail", "name": "Jalur KA Kalisat-Banyuwangi Baru" }, "geometry": { "type": "MultiLineString", "coordinates": [ [ [ 114.0205818, -8.292017 ], [ 114.0208828, -8.292017 ], [ 114.0211154, -8.2920403 ], [ 114.0213167, -8.2920828 ], [ 114.0215415, -8.2921563 ], [ 114.0221767, -8.2924425 ], [ 114.0226242, -8.292663 ], [ 114.0233845, -8.2930363 ], [ 114.0242934, -8.2934811 ], [ 114.0244712, -8.2935643 ], [ 114.0253429, -8.2939743 ], [ 114.0259468, -8.2942721 ], [ 114.0261325, -8.2943669 ], [ 114.0267658, -8.2946744 ], [ 114.0276883, -8.2951115 ], [ 114.0283098, -8.2954248 ], [ 114.0291287, -8.2958039 ], [ 114.0298734, -8.2961598 ], [ 114.0303776, -8.2964015 ], [ 114.0311164, -8.2967612 ], [ 114.0312826, -8.2968444 ], [ 114.031693, -8.2969817 ], [ 114.0321738, -8.2970881 ], [ 114.0336299, -8.2972912 ], [ 114.033642, -8.2972927 ], [ 114.034826, -8.297442 ], [ 114.0362352, -8.2976373 ], [ 114.0373571, -8.2977979 ], [ 114.0390067, -8.2980029 ], [ 114.0401066, -8.298153 ], [ 114.0401403, -8.2981576 ], [ 114.0412465, -8.2983084 ], [ 114.0423742, -8.2984593 ], [ 114.0432127, -8.2985579 ] ] ] } },
{ "type": "Feature", "properties": { "osm_id": "182356652", "code": 6101, "fclass": "rail", "name": "Jalur KA Kalisat-Banyuwangi Baru" }, "geometry": { "type": "MultiLineString", "coordinates": [ [ [ 114.0440805, -8.2986798 ], [ 114.0448422, -8.298795 ], [ 114.0448857, -8.2988016 ], [ 114.0458799, -8.2989452 ], [ 114.0471694, -8.2991065 ], [ 114.0485199, -8.2992883 ], [ 114.0495597, -8.2994237 ], [ 114.050449, -8.2995475 ], [ 114.0513208, -8.2996737 ], [ 114.0579842, -8.3005666 ], [ 114.059368, -8.3007445 ], [ 114.0653567, -8.3015565 ], [ 114.0668577, -8.301746 ], [ 114.0688474, -8.3020284 ], [ 114.073086, -8.3026138 ], [ 114.0742838, -8.3027532 ], [ 114.0754448, -8.3029176 ], [ 114.0777505, -8.3032245 ], [ 114.0785991, -8.3033284 ], [ 114.0827031, -8.3038843 ], [ 114.0838497, -8.3040248 ] ] ] } },
{ "type": "Feature", "properties": { "osm_id": "182391732", "code": 6101, "fclass": "rail", "name": "Jalur KA Kalisat-Banyuwangi Baru" }, "geometry": { "type": "MultiLineString", "coordinates": [ [ [ 114.1309105, -8.3017958 ], [ 114.1309788, -8.3018032 ], [ 114.1354168, -8.3022463 ], [ 114.1366419, -8.3024009 ], [ 114.1377946, -8.3025186 ], [ 114.1382257, -8.3025696 ], [ 114.1389359, -8.3026153 ], [ 114.1397917, -8.3027207 ], [ 114.1408428, -8.3028156 ], [ 114.1421248, -8.3029737 ], [ 114.1426788, -8.3030088 ], [ 114.1438258, -8.3031564 ], [ 114.1442874, -8.3031951 ] ] ] } },
{ "type": "Feature", "properties": { "osm_id": "182391733", "code": 6101, "fclass": "rail", "name": "Jalur KA Kalisat-Banyuwangi Baru" }, "geometry": { "type": "MultiLineString", "coordinates": [ [ [ 114.1306191, -8.301764 ], [ 114.1309105, -8.3017958 ] ] ] } },
{ "type": "Feature", "properties": { "osm_id": "182391734", "code": 6101, "fclass": "rail", "name": "Jalur KA Kalisat-Banyuwangi Baru" }, "geometry": { "type": "MultiLineString", "coordinates": [ [ [ 114.0838497, -8.3040248 ], [ 114.084067, -8.3040515 ] ] ] } },
{ "type": "Feature", "properties": { "osm_id": "182391735", "code": 6101, "fclass": "rail", "name": "Jalur KA Kalisat-Banyuwangi Baru" }, "geometry": { "type": "MultiLineString", "coordinates": [ [ [ 114.1262874, -8.3013053 ], [ 114.1264805, -8.3013251 ] ] ] } },
{ "type": "Feature", "properties": { "osm_id": "182391736", "code": 6101, "fclass": "rail", "name": "Jalur KA Kalisat-Banyuwangi Baru" }, "geometry": { "type": "MultiLineString", "coordinates": [ [ [ 114.0907938, -8.3035648 ], [ 114.0909713, -8.3035433 ] ] ] } },
{ "type": "Feature", "properties": { "osm_id": "182391737", "code": 6101, "fclass": "rail", "name": "Jalur KA Kalisat-Banyuwangi Baru" }, "geometry": { "type": "MultiLineString", "coordinates": [ [ [ 114.087521, -8.3039868 ], [ 114.0877818, -8.3039508 ] ] ] } },
{ "type": "Feature", "properties": { "osm_id": "182391738", "code": 6101, "fclass": "rail", "name": "Jalur KA Kalisat-Banyuwangi Baru" }, "geometry": { "type": "MultiLineString", "coordinates": [ [ [ 114.0877818, -8.3039508 ], [ 114.0885731, -8.3038415 ] ] ] } },
{ "type": "Feature", "properties": { "osm_id": "182391739", "code": 6101, "fclass": "rail", "name": "Jalur KA Kalisat-Banyuwangi Baru" }, "geometry": { "type": "MultiLineString", "coordinates": [ [ [ 114.0885731, -8.3038415 ], [ 114.0887697, -8.3038143 ] ] ] } },
{ "type": "Feature", "properties": { "osm_id": "182391740", "code": 6101, "fclass": "rail", "name": "Jalur KA Kalisat-Banyuwangi Baru" }, "geometry": { "type": "MultiLineString", "coordinates": [ [ [ 114.1442874, -8.3031951 ], [ 114.1445502, -8.3032197 ] ] ] } },
{ "type": "Feature", "properties": { "osm_id": "182391742", "code": 6101, "fclass": "rail", "name": "Jalur KA Kalisat-Banyuwangi Baru" }, "geometry": { "type": "MultiLineString", "coordinates": [ [ [ 114.0918158, -8.3034375 ], [ 114.0925885, -8.3033369 ] ] ] } },
{ "type": "Feature", "properties": { "osm_id": "182391743", "code": 6101, "fclass": "rail", "name": "Jalur KA Kalisat-Banyuwangi Baru" }, "geometry": { "type": "MultiLineString", "coordinates": [ [ [ 114.0887697, -8.3038143 ], [ 114.0890549, -8.3037749 ], [ 114.0907938, -8.3035648 ] ] ] } },
{ "type": "Feature", "properties": { "osm_id": "182391744", "code": 6101, "fclass": "rail", "name": "Jalur KA Kalisat-Banyuwangi Baru" }, "geometry": { "type": "MultiLineString", "coordinates": [ [ [ 114.0909713, -8.3035433 ], [ 114.0914107, -8.3034902 ], [ 114.0918158, -8.3034375 ] ] ] } },
{ "type": "Feature", "properties": { "osm_id": "182391745", "code": 6101, "fclass": "rail", "name": "Jalur KA Kalisat-Banyuwangi Baru" }, "geometry": { "type": "MultiLineString", "coordinates": [ [ [ 114.0925885, -8.3033369 ], [ 114.0936701, -8.3031962 ], [ 114.1001407, -8.3023766 ], [ 114.1006799, -8.3023093 ], [ 114.1015379, -8.3021991 ], [ 114.1031368, -8.302003 ], [ 114.1039284, -8.301893 ], [ 114.1041609, -8.3018328 ], [ 114.1048352, -8.3017303 ], [ 114.105404, -8.3016645 ], [ 114.1059024, -8.3016239 ], [ 114.10669, -8.3015524 ], [ 114.1073425, -8.3015033 ], [ 114.1076712, -8.3014808 ], [ 114.1079702, -8.3014576 ], [ 114.1082536, -8.3014325 ], [ 114.108797, -8.3013802 ], [ 114.1094068, -8.3013164 ], [ 114.1108316, -8.3011559 ], [ 114.1116665, -8.3010773 ] ] ] } },
{ "type": "Feature", "properties": { "osm_id": "182391751", "code": 6101, "fclass": "rail", "name": "Jalur KA Kalisat-Banyuwangi Baru" }, "geometry": { "type": "MultiLineString", "coordinates": [ [ [ 114.1445502, -8.3032197 ], [ 114.1448201, -8.3032618 ], [ 114.1451809, -8.3033937 ], [ 114.145644, -8.3035886 ], [ 114.146134, -8.3039295 ], [ 114.1468407, -8.3044671 ], [ 114.1473272, -8.3047412 ], [ 114.147803, -8.3049028 ], [ 114.148286, -8.3049555 ], [ 114.149053, -8.3049626 ], [ 114.1498662, -8.3049836 ], [ 114.1503989, -8.3050715 ], [ 114.1510168, -8.3052683 ], [ 114.1515814, -8.3055283 ], [ 114.1524266, -8.3060167 ], [ 114.1534754, -8.3066452 ], [ 114.1535402, -8.306684 ], [ 114.1551714, -8.3076211 ], [ 114.1560142, -8.3080605 ], [ 114.156644, -8.3083071 ], [ 114.157224, -8.3084281 ], [ 114.1588417, -8.308603 ], [ 114.1613021, -8.3089123 ], [ 114.1641015, -8.3092278 ], [ 114.1648993, -8.3093324 ], [ 114.1656138, -8.3093609 ], [ 114.1660015, -8.3092849 ], [ 114.1662706, -8.3092119 ], [ 114.1667801, -8.3089773 ], [ 114.1671838, -8.308654 ], [ 114.1674786, -8.3083686 ], [ 114.1676644, -8.3081277 ], [ 114.1678246, -8.3078138 ], [ 114.1679271, -8.3076236 ], [ 114.1680553, -8.3071988 ], [ 114.1681642, -8.3067739 ], [ 114.168286, -8.3064442 ], [ 114.1685134, -8.3060828 ], [ 114.168651, -8.3059162 ], [ 114.1687281, -8.3058228 ], [ 114.1689524, -8.3056136 ], [ 114.1692151, -8.305417 ], [ 114.1695323, -8.3052109 ], [ 114.1699104, -8.3050714 ], [ 114.170266, -8.3049953 ], [ 114.1705224, -8.3049605 ], [ 114.1709132, -8.3049446 ], [ 114.1712304, -8.3049953 ], [ 114.1725056, -8.305287 ], [ 114.1726082, -8.3053155 ], [ 114.1734861, -8.305528 ], [ 114.1749407, -8.305883 ], [ 114.1751827, -8.3059424 ], [ 114.1757545, -8.3060828 ], [ 114.1771226, -8.3063744 ], [ 114.1791123, -8.3068532 ], [ 114.1804259, -8.3071607 ], [ 114.1805541, -8.3071924 ], [ 114.1824028, -8.3076299 ], [ 114.1836748, -8.3079216 ], [ 114.1848571, -8.3082038 ], [ 114.1864559, -8.308581 ], [ 114.1871575, -8.3087364 ], [ 114.1884071, -8.3090249 ], [ 114.1893555, -8.3092436 ], [ 114.1901821, -8.3094434 ], [ 114.1905185, -8.3095195 ], [ 114.1916432, -8.3097953 ], [ 114.1926044, -8.3100204 ], [ 114.192976, -8.3100806 ], [ 114.1935816, -8.3101123 ], [ 114.195504, -8.3099823 ], [ 114.196808, -8.3098936 ], [ 114.1981965, -8.3097775 ], [ 114.1991561, -8.3097062 ], [ 114.2002134, -8.3096269 ] ] ] } },
{ "type": "Feature", "properties": { "osm_id": "182391763", "code": 6101, "fclass": "rail", "name": "Jalur KA Kalisat-Banyuwangi Baru" }, "geometry": { "type": "MultiLineString", "coordinates": [ [ [ 114.1264805, -8.3013251 ], [ 114.1265861, -8.3013359 ], [ 114.1284327, -8.3015256 ], [ 114.1306191, -8.301764 ] ] ] } },
{ "type": "Feature", "properties": { "osm_id": "182391764", "code": 6101, "fclass": "rail", "name": "Jalur KA Kalisat-Banyuwangi Baru" }, "geometry": { "type": "MultiLineString", "coordinates": [ [ [ 114.084067, -8.3040515 ], [ 114.0845772, -8.304114 ], [ 114.0854617, -8.3042015 ], [ 114.0860698, -8.3041742 ], [ 114.0873523, -8.3040101 ], [ 114.087521, -8.3039868 ] ] ] } },
{ "type": "Feature", "properties": { "osm_id": "182514481", "code": 6101, "fclass": "rail", "name": "Jalur KA Kalisat-Banyuwangi Baru" }, "geometry": { "type": "MultiLineString", "coordinates": [ [ [ 114.2002134, -8.3096269 ], [ 114.2004617, -8.3096079 ] ] ] } },
{ "type": "Feature", "properties": { "osm_id": "182514482", "code": 6101, "fclass": "rail", "name": "Jalur KA Kalisat-Banyuwangi Baru" }, "geometry": { "type": "MultiLineString", "coordinates": [ [ [ 114.2358708, -8.3069226 ], [ 114.2359861, -8.3069131 ] ] ] } },
{ "type": "Feature", "properties": { "osm_id": "182514483", "code": 6101, "fclass": "rail", "name": "Jalur KA Kalisat-Banyuwangi Baru" }, "geometry": { "type": "MultiLineString", "coordinates": [ [ [ 114.2004617, -8.3096079 ], [ 114.2006254, -8.309596 ], [ 114.2009281, -8.309574 ], [ 114.2018026, -8.3095064 ], [ 114.2032132, -8.3094047 ], [ 114.2044331, -8.3093067 ], [ 114.2065157, -8.3091767 ], [ 114.2076211, -8.3090848 ], [ 114.2098959, -8.3089041 ], [ 114.2118338, -8.3087561 ] ] ] } },
{ "type": "Feature", "properties": { "osm_id": "182514484", "code": 6101, "fclass": "rail", "name": "Jalur KA Kalisat-Banyuwangi Baru" }, "geometry": { "type": "MultiLineString", "coordinates": [ [ [ 114.2359861, -8.3069131 ], [ 114.2366622, -8.306856 ], [ 114.2384308, -8.3067228 ], [ 114.2391837, -8.3066785 ], [ 114.2407921, -8.3065548 ], [ 114.2417079, -8.3064948 ], [ 114.2438648, -8.3063265 ], [ 114.2451175, -8.3062251 ], [ 114.2459826, -8.3062187 ], [ 114.2475878, -8.3062822 ], [ 114.2490777, -8.3063899 ], [ 114.2504939, -8.3064724 ], [ 114.2530667, -8.3066626 ], [ 114.2549538, -8.3068021 ], [ 114.25637, -8.306894 ], [ 114.256527, -8.3069162 ], [ 114.2565724, -8.3069193 ], [ 114.2582764, -8.3070367 ], [ 114.2598752, -8.3071572 ], [ 114.2612177, -8.307246 ], [ 114.261458, -8.3072491 ], [ 114.262621, -8.3073506 ], [ 114.2636221, -8.3074133 ], [ 114.2641397, -8.3074457 ] ] ] } },
{ "type": "Feature", "properties": { "osm_id": "186337184", "code": 6101, "fclass": "rail", "name": "Jalur KA Kalisat-Banyuwangi Baru" }, "geometry": { "type": "MultiLineString", "coordinates": [ [ [ 114.2181334, -8.3082795 ], [ 114.2192922, -8.3081648 ], [ 114.2202128, -8.3081146 ], [ 114.2218373, -8.3080005 ], [ 114.2241826, -8.307823 ], [ 114.2262107, -8.3076644 ], [ 114.2279281, -8.3075345 ], [ 114.2291296, -8.3074393 ], [ 114.2306002, -8.3073189 ], [ 114.2316191, -8.3072586 ], [ 114.2322567, -8.3072047 ], [ 114.2344835, -8.307024 ], [ 114.2358708, -8.3069226 ] ] ] } },
{ "type": "Feature", "properties": { "osm_id": "186337185", "code": 6101, "fclass": "rail", "name": "Jalur KA Kalisat-Banyuwangi Baru" }, "geometry": { "type": "MultiLineString", "coordinates": [ [ [ 114.2643928, -8.3074552 ], [ 114.2648895, -8.3074996 ], [ 114.2656107, -8.3075519 ], [ 114.2662447, -8.3075979 ], [ 114.2675648, -8.3077057 ], [ 114.2703939, -8.3079117 ] ] ] } },
{ "type": "Feature", "properties": { "osm_id": "186337186", "code": 6101, "fclass": "rail", "name": "Jalur KA Kalisat-Banyuwangi Baru" }, "geometry": { "type": "MultiLineString", "coordinates": [ [ [ 114.217986, -8.3082827 ], [ 114.2181334, -8.3082795 ] ] ] } },
{ "type": "Feature", "properties": { "osm_id": "186337187", "code": 6101, "fclass": "rail", "name": "Jalur KA Kalisat-Banyuwangi Baru" }, "geometry": { "type": "MultiLineString", "coordinates": [ [ [ 114.2641397, -8.3074457 ], [ 114.2643928, -8.3074552 ] ] ] } },
{ "type": "Feature", "properties": { "osm_id": "186337188", "code": 6101, "fclass": "rail", "name": "Jalur KA Kalisat-Banyuwangi Baru" }, "geometry": { "type": "MultiLineString", "coordinates": [ [ [ 114.2118338, -8.3087561 ], [ 114.2119598, -8.3087467 ] ] ] } },
{ "type": "Feature", "properties": { "osm_id": "186337189", "code": 6101, "fclass": "rail", "name": "Jalur KA Kalisat-Banyuwangi Baru" }, "geometry": { "type": "MultiLineString", "coordinates": [ [ [ 114.2877715, -8.3083606 ], [ 114.2879829, -8.308294 ] ] ] } },
{ "type": "Feature", "properties": { "osm_id": "186337190", "code": 6101, "fclass": "rail", "name": "Jalur KA Kalisat-Banyuwangi Baru" }, "geometry": { "type": "MultiLineString", "coordinates": [ [ [ 114.2879829, -8.308294 ], [ 114.2885386, -8.3081215 ], [ 114.2889634, -8.3079896 ], [ 114.2894568, -8.3078279 ], [ 114.2899182, -8.3075997 ], [ 114.2903827, -8.307327 ], [ 114.29078, -8.3069846 ], [ 114.2911677, -8.306601 ], [ 114.2916213, -8.3059667 ], [ 114.2920677, -8.3053424 ], [ 114.2931094, -8.3037413 ], [ 114.2936028, -8.3029201 ], [ 114.2943109, -8.3018232 ], [ 114.294359, -8.3017525 ], [ 114.2944102, -8.3016773 ], [ 114.2948267, -8.3010242 ], [ 114.2949292, -8.3008657 ], [ 114.2957815, -8.2995722 ], [ 114.2958263, -8.2994897 ], [ 114.2960026, -8.299252 ], [ 114.2967908, -8.2980028 ], [ 114.2969189, -8.2978221 ], [ 114.2969603, -8.2977598 ], [ 114.2978609, -8.2964049 ], [ 114.2988509, -8.2948577 ], [ 114.2994276, -8.2940017 ], [ 114.2998538, -8.293561 ], [ 114.3003472, -8.2931424 ], [ 114.3009303, -8.2928191 ], [ 114.3014782, -8.292594 ], [ 114.3019812, -8.2924544 ], [ 114.3029937, -8.2922959 ], [ 114.3041183, -8.2921247 ], [ 114.3055986, -8.2918996 ], [ 114.3064701, -8.2917538 ], [ 114.3069378, -8.2916174 ], [ 114.3072895, -8.2914817 ], [ 114.3073896, -8.2914431 ], [ 114.3078926, -8.2912148 ], [ 114.3083925, -8.2908977 ], [ 114.3088346, -8.2904919 ], [ 114.3095843, -8.2898641 ], [ 114.3106609, -8.288821 ], [ 114.3108884, -8.2885642 ], [ 114.3113145, -8.2879428 ], [ 114.3116413, -8.2872738 ], [ 114.3118368, -8.2867697 ], [ 114.3119137, -8.2864368 ], [ 114.3121027, -8.285492 ], [ 114.3122565, -8.2847754 ], [ 114.3124423, -8.2837925 ], [ 114.3125993, -8.2828762 ] ] ] } },
{ "type": "Feature", "properties": { "osm_id": "186337191", "code": 6101, "fclass": "rail", "name": "Jalur KA Kalisat-Banyuwangi Baru" }, "geometry": { "type": "MultiLineString", "coordinates": [ [ [ 114.2119598, -8.3087467 ], [ 114.213619, -8.3086314 ], [ 114.2159483, -8.3084444 ], [ 114.217986, -8.3082827 ] ] ] } },
{ "type": "Feature", "properties": { "osm_id": "186520803", "code": 6101, "fclass": "rail", "name": "Jalur KA Kalisat-Banyuwangi Baru" }, "geometry": { "type": "MultiLineString", "coordinates": [ [ [ 114.2706214, -8.3079212 ], [ 114.2732583, -8.3080988 ], [ 114.2753121, -8.3082573 ], [ 114.2760287, -8.3083063 ], [ 114.2765648, -8.3083429 ], [ 114.2781861, -8.3084602 ], [ 114.2805731, -8.3086377 ], [ 114.281954, -8.3087233 ], [ 114.2849465, -8.3089358 ], [ 114.2855745, -8.3089294 ], [ 114.285991, -8.3088597 ], [ 114.2860046, -8.3088564 ], [ 114.2863938, -8.3087632 ], [ 114.2877715, -8.3083606 ] ] ] } },
{ "type": "Feature", "properties": { "osm_id": "186520804", "code": 6101, "fclass": "rail", "name": "Jalur KA Kalisat-Banyuwangi Baru" }, "geometry": { "type": "MultiLineString", "coordinates": [ [ [ 114.3138809, -8.2797373 ], [ 114.3140079, -8.2795413 ], [ 114.3143903, -8.278951 ], [ 114.3144097, -8.278921 ], [ 114.3152234, -8.2776606 ], [ 114.3158642, -8.2766935 ], [ 114.3164843, -8.275778 ], [ 114.3170304, -8.2749719 ], [ 114.3178154, -8.2738083 ], [ 114.3184787, -8.2728444 ], [ 114.3191611, -8.2719122 ], [ 114.3200454, -8.2706883 ], [ 114.3204299, -8.270162 ], [ 114.3208368, -8.2696547 ], [ 114.3213591, -8.269103 ], [ 114.3218268, -8.2687225 ], [ 114.3228489, -8.267841 ], [ 114.3237207, -8.2671176 ], [ 114.3237813, -8.2670674 ], [ 114.3247745, -8.2662081 ], [ 114.3262356, -8.2649557 ], [ 114.3274274, -8.2638111 ], [ 114.3279177, -8.2631991 ], [ 114.3283085, -8.2626474 ], [ 114.3290166, -8.2612586 ], [ 114.3294908, -8.2601964 ], [ 114.3299586, -8.2592325 ], [ 114.3303431, -8.2584017 ], [ 114.3305513, -8.2577898 ], [ 114.3306346, -8.2573808 ], [ 114.3306731, -8.2568227 ], [ 114.3306449, -8.2562043 ], [ 114.3306411, -8.2561219 ], [ 114.3305353, -8.255269 ], [ 114.3303591, -8.2542734 ] ] ] } },
{ "type": "Feature", "properties": { "osm_id": "186520805", "code": 6101, "fclass": "rail", "name": "Jalur KA Kalisat-Banyuwangi Baru" }, "geometry": { "type": "MultiLineString", "coordinates": [ [ [ 114.3135509, -8.2802034 ], [ 114.3138809, -8.2797373 ] ] ] } },
{ "type": "Feature", "properties": { "osm_id": "186520806", "code": 6101, "fclass": "rail", "name": "Jalur KA Kalisat-Banyuwangi Baru" }, "geometry": { "type": "MultiLineString", "coordinates": [ [ [ 114.2703939, -8.3079117 ], [ 114.2706214, -8.3079212 ] ] ] } },
{ "type": "Feature", "properties": { "osm_id": "186520807", "code": 6101, "fclass": "rail", "name": "Jalur KA Kalisat-Banyuwangi Baru" }, "geometry": { "type": "MultiLineString", "coordinates": [ [ [ 114.3125993, -8.2828762 ], [ 114.3126698, -8.2824926 ] ] ] } },
{ "type": "Feature", "properties": { "osm_id": "186520808", "code": 6101, "fclass": "rail", "name": "Jalur KA Kalisat-Banyuwangi Baru" }, "geometry": { "type": "MultiLineString", "coordinates": [ [ [ 114.3126698, -8.2824926 ], [ 114.3127948, -8.2818585 ], [ 114.3128275, -8.2817335 ], [ 114.3129069, -8.2814304 ], [ 114.3130062, -8.2811514 ], [ 114.3131696, -8.28079 ], [ 114.3135509, -8.2802034 ] ] ] } },
{ "type": "Feature", "properties": { "osm_id": "187061898", "code": 6101, "fclass": "rail", "name": "Jalur KA Kalisat-Banyuwangi Baru" }, "geometry": { "type": "MultiLineString", "coordinates": [ [ [ 114.3302982, -8.253839 ], [ 114.3301316, -8.252615 ], [ 114.3301124, -8.251816 ], [ 114.3301797, -8.2512991 ], [ 114.3303078, -8.2506903 ], [ 114.330452, -8.2502686 ], [ 114.3306891, -8.2497327 ], [ 114.3309422, -8.2492444 ], [ 114.3312754, -8.2487783 ], [ 114.3318586, -8.2481663 ], [ 114.3319835, -8.2480268 ], [ 114.3322943, -8.2476939 ], [ 114.3335279, -8.2463526 ], [ 114.3342776, -8.2454996 ], [ 114.3345307, -8.245154 ], [ 114.3348095, -8.2447228 ], [ 114.3351591, -8.2440776 ], [ 114.3353061, -8.2438064 ], [ 114.335854, -8.2425602 ], [ 114.3362352, -8.2415709 ], [ 114.3366902, -8.2404579 ], [ 114.3371292, -8.239421 ] ] ] } },
{ "type": "Feature", "properties": { "osm_id": "187061902", "code": 6101, "fclass": "rail", "name": "Jalur KA Kalisat-Banyuwangi Baru" }, "geometry": { "type": "MultiLineString", "coordinates": [ [ [ 114.3303591, -8.2542734 ], [ 114.3302982, -8.253839 ] ] ] } },
{ "type": "Feature", "properties": { "osm_id": "188044521", "code": 6101, "fclass": "rail", "name": "Jalur KA Kalisat-Banyuwangi Baru" }, "geometry": { "type": "MultiLineString", "coordinates": [ [ [ 114.3471035, -8.2017727 ], [ 114.3472, -8.2016899 ] ] ] } },
{ "type": "Feature", "properties": { "osm_id": "188044522", "code": 6101, "fclass": "rail", "name": "Jalur KA Kalisat-Banyuwangi Baru" }, "geometry": { "type": "MultiLineString", "coordinates": [ [ [ 114.3371292, -8.239421 ], [ 114.3373791, -8.2388471 ] ] ] } },
{ "type": "Feature", "properties": { "osm_id": "188044523", "code": 6101, "fclass": "rail", "name": "Jalur KA Kalisat-Banyuwangi Baru" }, "geometry": { "type": "MultiLineString", "coordinates": [ [ [ 114.3639602, -8.189268 ], [ 114.3641332, -8.1891063 ] ] ] } },
{ "type": "Feature", "properties": { "osm_id": "188044524", "code": 6101, "fclass": "rail", "name": "Jalur KA Kalisat-Banyuwangi Baru" }, "geometry": { "type": "MultiLineString", "coordinates": [ [ [ 114.3434994, -8.2141178 ], [ 114.343593, -8.2138852 ] ] ] } },
{ "type": "Feature", "properties": { "osm_id": "188044525", "code": 6101, "fclass": "rail", "name": "Jalur KA Kalisat-Banyuwangi Baru" }, "geometry": { "type": "MultiLineString", "coordinates": [ [ [ 114.343593, -8.2138852 ], [ 114.3436372, -8.2137753 ], [ 114.343839, -8.2134138 ], [ 114.3443805, -8.2124371 ], [ 114.3450299, -8.2112819 ], [ 114.3450437, -8.2112574 ], [ 114.3455756, -8.2102997 ], [ 114.345928, -8.2095386 ], [ 114.3461107, -8.2088251 ], [ 114.3461523, -8.2080957 ], [ 114.3461139, -8.2076581 ], [ 114.3459985, -8.2071222 ], [ 114.3457806, -8.2064626 ], [ 114.3456973, -8.2062152 ], [ 114.3455403, -8.2055049 ], [ 114.3455115, -8.2051212 ], [ 114.3455307, -8.2044774 ], [ 114.3456429, -8.2039415 ], [ 114.3457967, -8.2035007 ], [ 114.3459857, -8.2030726 ], [ 114.3461192, -8.2028636 ] ] ] } },
{ "type": "Feature", "properties": { "osm_id": "188044526", "code": 6101, "fclass": "rail", "name": "Jalur KA Kalisat-Banyuwangi Baru" }, "geometry": { "type": "MultiLineString", "coordinates": [ [ [ 114.3472, -8.2016899 ], [ 114.3488309, -8.2003929 ], [ 114.3498946, -8.1995461 ], [ 114.3504168, -8.1990863 ], [ 114.3506379, -8.1988263 ], [ 114.351064, -8.1981318 ], [ 114.3516568, -8.1970155 ], [ 114.3524065, -8.1957343 ], [ 114.3527237, -8.1952269 ], [ 114.3529672, -8.1949318 ], [ 114.3530089, -8.1948812 ], [ 114.3532203, -8.1946624 ], [ 114.3536305, -8.1943421 ], [ 114.3540374, -8.1940916 ], [ 114.3546878, -8.1938379 ], [ 114.3560943, -8.1935366 ], [ 114.3574817, -8.1932353 ], [ 114.3578149, -8.1931698 ], [ 114.358225, -8.1930831 ], [ 114.3589876, -8.192896 ], [ 114.359545, -8.192655 ], [ 114.3600929, -8.1922871 ], [ 114.360958, -8.1917131 ], [ 114.3621403, -8.1909139 ], [ 114.3627779, -8.1903906 ], [ 114.3639602, -8.189268 ] ] ] } },
{ "type": "Feature", "properties": { "osm_id": "188044527", "code": 6101, "fclass": "rail", "name": "Jalur KA Kalisat-Banyuwangi Baru" }, "geometry": { "type": "MultiLineString", "coordinates": [ [ [ 114.3373791, -8.2388471 ], [ 114.3377027, -8.2380416 ], [ 114.3380679, -8.2371506 ], [ 114.338289, -8.2365703 ], [ 114.3384268, -8.2360661 ], [ 114.3385037, -8.2356381 ], [ 114.3385037, -8.2349785 ], [ 114.3384912, -8.2348681 ], [ 114.3384684, -8.2346677 ], [ 114.3381865, -8.2332725 ], [ 114.337991, -8.232188 ], [ 114.3379398, -8.2315221 ], [ 114.3379494, -8.2310623 ], [ 114.3380391, -8.2305296 ], [ 114.3383499, -8.2296037 ], [ 114.3387309, -8.2284941 ], [ 114.3390298, -8.2276234 ], [ 114.3393534, -8.2266214 ], [ 114.3396511, -8.2257875 ], [ 114.3401192, -8.2246046 ], [ 114.3404812, -8.223574 ], [ 114.3407151, -8.2229049 ], [ 114.3408721, -8.2223785 ], [ 114.3411188, -8.2216587 ], [ 114.341436, -8.2206471 ], [ 114.3416382, -8.2200707 ], [ 114.341891, -8.2193501 ], [ 114.3422146, -8.2184749 ], [ 114.3424421, -8.2177011 ], [ 114.3425203, -8.2174331 ] ] ] } },
{ "type": "Feature", "properties": { "osm_id": "188044528", "code": 6101, "fclass": "rail", "name": "Jalur KA Kalisat-Banyuwangi Baru" }, "geometry": { "type": "MultiLineString", "coordinates": [ [ [ 114.3641332, -8.1891063 ], [ 114.3663694, -8.1869634 ], [ 114.3666138, -8.1866675 ], [ 114.3677048, -8.1853323 ], [ 114.3682094, -8.1847234 ], [ 114.3692051, -8.1834762 ], [ 114.3701639, -8.18231 ], [ 114.3706509, -8.1817011 ], [ 114.3712276, -8.1809939 ], [ 114.371391, -8.1807798 ], [ 114.3720494, -8.17996 ], [ 114.3723698, -8.179562 ], [ 114.3730667, -8.1787216 ], [ 114.3737972, -8.1778225 ], [ 114.3746014, -8.1768282 ], [ 114.3755113, -8.1757198 ], [ 114.3762178, -8.1748382 ], [ 114.3768971, -8.1739961 ], [ 114.3772319, -8.1736013 ], [ 114.3772491, -8.173579 ], [ 114.3775795, -8.1731494 ], [ 114.3778294, -8.1728465 ], [ 114.3786673, -8.1717904 ], [ 114.3792648, -8.1710467 ], [ 114.3801203, -8.1699684 ], [ 114.380234, -8.1698146 ], [ 114.3808486, -8.1690365 ], [ 114.3820761, -8.167567 ], [ 114.3825681, -8.1666815 ], [ 114.3828314, -8.1662076 ], [ 114.3840429, -8.1628278 ], [ 114.384342, -8.1619936 ], [ 114.3850353, -8.1599938 ], [ 114.3853751, -8.1591067 ], [ 114.3858506, -8.1580508 ], [ 114.3862142, -8.1574302 ], [ 114.386538, -8.1569732 ], [ 114.3868998, -8.1564626 ], [ 114.3873998, -8.1556298 ], [ 114.3889597, -8.1534209 ], [ 114.3896206, -8.1523334 ], [ 114.3903845, -8.1513393 ], [ 114.3910454, -8.1507955 ], [ 114.3917063, -8.1504132 ], [ 114.39229, -8.1502008 ], [ 114.3937564, -8.1497887 ], [ 114.3941557, -8.1496914 ] ] ] } },
{ "type": "Feature", "properties": { "osm_id": "188125240", "code": 6101, "fclass": "rail", "name": "Jalur KA Kalisat-Banyuwangi Baru" }, "geometry": { "type": "MultiLineString", "coordinates": [ [ [ 114.3941557, -8.1496914 ], [ 114.3943071, -8.1496369 ] ] ] } },
{ "type": "Feature", "properties": { "osm_id": "188125241", "code": 6101, "fclass": "rail", "name": "Jalur KA Kalisat-Banyuwangi Baru" }, "geometry": { "type": "MultiLineString", "coordinates": [ [ [ 114.3973181, -8.1444447 ], [ 114.3973019, -8.1442564 ] ] ] } },
{ "type": "Feature", "properties": { "osm_id": "188125242", "code": 6101, "fclass": "rail", "name": "Jalur KA Kalisat-Banyuwangi Baru" }, "geometry": { "type": "MultiLineString", "coordinates": [ [ [ 114.3973019, -8.1442564 ], [ 114.397266, -8.1438377 ], [ 114.3972346, -8.1436601 ], [ 114.3971171, -8.142611 ], [ 114.3970479, -8.1419071 ], [ 114.3970104, -8.141222 ], [ 114.3967427, -8.1383847 ], [ 114.396633, -8.1373126 ], [ 114.3964817, -8.1361801 ] ] ] } },
{ "type": "Feature", "properties": { "osm_id": "188125243", "code": 6101, "fclass": "rail", "name": "Jalur KA Kalisat-Banyuwangi Baru" }, "geometry": { "type": "MultiLineString", "coordinates": [ [ [ 114.3943071, -8.1496369 ], [ 114.3948802, -8.149386 ], [ 114.3957232, -8.1489263 ], [ 114.396427, -8.1481871 ], [ 114.3969591, -8.147397 ], [ 114.3972939, -8.1463604 ], [ 114.3973797, -8.1457232 ], [ 114.3973378, -8.144675 ], [ 114.3973181, -8.1444447 ] ] ] } },
{ "type": "Feature", "properties": { "osm_id": "188231867", "code": 6101, "fclass": "rail", "name": "Jalur KA Kalisat-Banyuwangi Baru" }, "geometry": { "type": "MultiLineString", "coordinates": [ [ [ 114.3461192, -8.2028636 ], [ 114.3462252, -8.2026977 ] ] ] } },
{ "type": "Feature", "properties": { "osm_id": "188231868", "code": 6101, "fclass": "rail", "name": "Jalur KA Kalisat-Banyuwangi Baru" }, "geometry": { "type": "MultiLineString", "coordinates": [ [ [ 114.3462252, -8.2026977 ], [ 114.3462487, -8.2026609 ], [ 114.3462612, -8.2026413 ], [ 114.3466489, -8.2021624 ], [ 114.3471035, -8.2017727 ] ] ] } },
{ "type": "Feature", "properties": { "osm_id": "188489820", "code": 6101, "fclass": "rail", "name": "Jalur KA Kalisat-Banyuwangi Baru" }, "geometry": { "type": "MultiLineString", "coordinates": [ [ [ 114.3425203, -8.2174331 ], [ 114.3426243, -8.2170768 ] ] ] } },
{ "type": "Feature", "properties": { "osm_id": "188489821", "code": 6101, "fclass": "rail", "name": "Jalur KA Kalisat-Banyuwangi Baru" }, "geometry": { "type": "MultiLineString", "coordinates": [ [ [ 114.3426243, -8.2170768 ], [ 114.3426984, -8.2168227 ], [ 114.3429387, -8.2159285 ], [ 114.3432431, -8.2148123 ], [ 114.3434451, -8.2142378 ], [ 114.3434994, -8.2141178 ] ] ] } },
{ "type": "Feature", "properties": { "osm_id": "200894908", "code": 6101, "fclass": "rail", "name": "Jalur KA Sidoarjo-Bangil" }, "geometry": { "type": "MultiLineString", "coordinates": [ [ [ 112.7000616, -7.544833 ], [ 112.6998729, -7.5463604 ] ] ] } },
{ "type": "Feature", "properties": { "osm_id": "200894909", "code": 6101, "fclass": "rail", "name": "Jalur KA Sidoarjo-Bangil" }, "geometry": { "type": "MultiLineString", "coordinates": [ [ [ 112.6998729, -7.5463604 ], [ 112.699776, -7.5471962 ], [ 112.699776, -7.5482202 ], [ 112.7000863, -7.5501399 ], [ 112.7006952, -7.5518745 ], [ 112.7010553, -7.5527011 ], [ 112.7015385, -7.5534714 ], [ 112.7021355, -7.5542042 ], [ 112.7029884, -7.5549745 ], [ 112.7037749, -7.5554723 ], [ 112.7066841, -7.5567875 ], [ 112.7076696, -7.5574732 ], [ 112.7085699, -7.5581966 ], [ 112.7093564, -7.5591172 ], [ 112.7099723, -7.5602162 ], [ 112.7103135, -7.5610992 ], [ 112.7113954, -7.5662409 ], [ 112.712313, -7.5706714 ], [ 112.712891, -7.5727849 ], [ 112.7137912, -7.5744382 ], [ 112.7174301, -7.5794261 ], [ 112.7191832, -7.5817369 ], [ 112.7204435, -7.5827983 ], [ 112.7221397, -7.5837564 ], [ 112.7239687, -7.5845924 ], [ 112.7240497, -7.5846163 ], [ 112.7378997, -7.588706 ], [ 112.7396974, -7.5892306 ], [ 112.7416017, -7.5896935 ], [ 112.7583464, -7.593314 ], [ 112.7626794, -7.5941829 ], [ 112.7678312, -7.5953194 ], [ 112.773503, -7.5964787 ], [ 112.7745805, -7.5968819 ], [ 112.776947, -7.5981799 ], [ 112.7782128, -7.5989566 ], [ 112.7805076, -7.6002163 ], [ 112.7874307, -7.6041289 ] ] ] } },
{ "type": "Feature", "properties": { "osm_id": "207243304", "code": 6101, "fclass": "rail", "name": "Jalur KA Surabaya Kota-Wonokromo" }, "geometry": { "type": "MultiLineString", "coordinates": [ [ [ 112.7504157, -7.2770229 ], [ 112.7503319, -7.2774366 ] ] ] } },
{ "type": "Feature", "properties": { "osm_id": "217647101", "code": 6101, "fclass": "rail", "name": "Jalur KA Bangil-Kalisat" }, "geometry": { "type": "MultiLineString", "coordinates": [ [ [ 113.6509716, -8.1899552 ], [ 113.6511327, -8.1899392 ] ] ] } },
{ "type": "Feature", "properties": { "osm_id": "217647102", "code": 6101, "fclass": "rail", "name": "Jalur KA Mangli-Kalisat" }, "geometry": { "type": "MultiLineString", "coordinates": [ [ [ 113.6511327, -8.1899392 ], [ 113.6599856, -8.1867123 ], [ 113.6633198, -8.1854634 ], [ 113.663774, -8.1852602 ], [ 113.6646512, -8.1847457 ], [ 113.6695029, -8.1813587 ], [ 113.6707622, -8.1806503 ], [ 113.6740921, -8.179089 ], [ 113.6867738, -8.1731428 ], [ 113.6904404, -8.1714729 ], [ 113.6949874, -8.1693048 ], [ 113.6977787, -8.1680113 ], [ 113.6983524, -8.1677533 ], [ 113.7004185, -8.1671792 ], [ 113.7010379, -8.166964 ], [ 113.7014006, -8.1667377 ], [ 113.7030036, -8.1653034 ], [ 113.7033927, -8.1648538 ], [ 113.703627, -8.1645669 ], [ 113.703844, -8.1643869 ], [ 113.704076, -8.1640663 ], [ 113.7053633, -8.1626737 ], [ 113.7058324, -8.1622451 ], [ 113.7062563, -8.162001 ], [ 113.7074638, -8.1614603 ], [ 113.7081758, -8.1610032 ], [ 113.7085721, -8.1606252 ], [ 113.7089038, -8.1602264 ], [ 113.7122544, -8.1555834 ], [ 113.7126484, -8.1551224 ], [ 113.7130829, -8.154708 ], [ 113.7177385, -8.1510514 ], [ 113.719477, -8.149594 ], [ 113.7215465, -8.1479696 ], [ 113.7255546, -8.1447111 ], [ 113.7288288, -8.142106 ], [ 113.7298379, -8.1413399 ], [ 113.731892, -8.1396736 ], [ 113.7343305, -8.1377557 ], [ 113.7349891, -8.1371816 ], [ 113.735893, -8.1362994 ], [ 113.7375793, -8.134191 ], [ 113.7384029, -8.1330125 ], [ 113.738859, -8.1324608 ], [ 113.7391434, -8.1322144 ], [ 113.739942, -8.1316165 ] ] ] } },
{ "type": "Feature", "properties": { "osm_id": "219008228", "code": 6101, "fclass": "rail", "name": "Jalur KA Gambringan-Kandangan" }, "geometry": { "type": "MultiLineString", "coordinates": [ [ [ 111.9362109, -7.1995923 ], [ 111.9332894, -7.199339 ], [ 111.9322697, -7.199223 ], [ 111.9316279, -7.1991512 ], [ 111.9309099, -7.1989968 ], [ 111.9303202, -7.1987794 ], [ 111.9298232, -7.1985186 ], [ 111.9293586, -7.1981889 ], [ 111.9288855, -7.1978129 ], [ 111.9251835, -7.1948975 ], [ 111.9246292, -7.1944609 ], [ 111.9231121, -7.1932226 ], [ 111.9196087, -7.1904432 ], [ 111.9185635, -7.1895946 ], [ 111.9172365, -7.1885136 ], [ 111.9169679, -7.188301 ], [ 111.9152212, -7.1869018 ], [ 111.9137993, -7.1857827 ], [ 111.9116861, -7.1840889 ], [ 111.9115884, -7.1840113 ], [ 111.9057657, -7.1793758 ], [ 111.9047027, -7.1785325 ], [ 111.9045802, -7.1784344 ], [ 111.899134, -7.174091 ], [ 111.899061, -7.1740297 ], [ 111.8980873, -7.173247 ], [ 111.8978981, -7.1730955 ], [ 111.8962421, -7.1717673 ], [ 111.896098, -7.1716509 ], [ 111.892173, -7.1685174 ], [ 111.8915902, -7.1680898 ], [ 111.8896881, -7.1668018 ], [ 111.8889207, -7.1662685 ], [ 111.8883252, -7.1657654 ], [ 111.8876489, -7.1652313 ], [ 111.88662, -7.1644208 ], [ 111.8859032, -7.1638377 ], [ 111.8847075, -7.1628813 ], [ 111.8841184, -7.1624101 ], [ 111.8837543, -7.1621192 ], [ 111.882986, -7.1616306 ], [ 111.8822688, -7.1613566 ], [ 111.8814514, -7.1612034 ], [ 111.8808566, -7.1611923 ], [ 111.8803237, -7.161247 ], [ 111.8798443, -7.1613412 ], [ 111.8792535, -7.1615242 ], [ 111.8782517, -7.1618874 ], [ 111.874945, -7.1630422 ], [ 111.873633, -7.1635266 ], [ 111.8706637, -7.1645714 ], [ 111.869349, -7.1650297 ], [ 111.8685125, -7.1653258 ] ] ] } },
{ "type": "Feature", "properties": { "osm_id": "219179257", "code": 6101, "fclass": "rail", "name": "Jalur KA Gambringan-Kandangan" }, "geometry": { "type": "MultiLineString", "coordinates": [ [ [ 112.3915311, -7.1072498 ], [ 112.3918612, -7.107316 ] ] ] } },
{ "type": "Feature", "properties": { "osm_id": "219179258", "code": 6101, "fclass": "rail", "name": "Jalur KA Gambringan-Kandangan" }, "geometry": { "type": "MultiLineString", "coordinates": [ [ [ 112.3918612, -7.107316 ], [ 112.3937373, -7.1076923 ], [ 112.4060223, -7.1102695 ], [ 112.406843, -7.1103563 ], [ 112.4073618, -7.1103388 ], [ 112.4082138, -7.1101584 ], [ 112.4092811, -7.1098873 ], [ 112.4102447, -7.1097389 ], [ 112.411024, -7.1097534 ], [ 112.4115469, -7.1098836 ], [ 112.4137095, -7.1108014 ], [ 112.4156175, -7.1114973 ], [ 112.420203, -7.1124805 ], [ 112.4227852, -7.1130476 ], [ 112.4256407, -7.1136465 ], [ 112.4264854, -7.1139255 ], [ 112.4270449, -7.1142782 ], [ 112.4278308, -7.1146906 ], [ 112.4288016, -7.1151123 ], [ 112.4295139, -7.115258 ], [ 112.4304027, -7.1153296 ], [ 112.432163, -7.1156312 ], [ 112.4493926, -7.1191464 ], [ 112.4667574, -7.1226215 ], [ 112.4685735, -7.1232018 ], [ 112.4700061, -7.1238168 ], [ 112.4711701, -7.1245847 ], [ 112.4753053, -7.1284104 ], [ 112.4762428, -7.1290459 ], [ 112.4827035, -7.1328917 ], [ 112.4883138, -7.1363641 ], [ 112.4942696, -7.139875 ], [ 112.5101753, -7.1490647 ], [ 112.5123744, -7.1502785 ], [ 112.5189165, -7.1538894 ], [ 112.5195104, -7.1542088 ], [ 112.5218855, -7.1554858 ], [ 112.522031, -7.1555641 ], [ 112.5287513, -7.1592073 ], [ 112.5294683, -7.1596054 ], [ 112.5301888, -7.1600609 ], [ 112.5316393, -7.1609814 ], [ 112.5345065, -7.1627598 ], [ 112.5349382, -7.163021 ], [ 112.5354232, -7.1633247 ], [ 112.5354697, -7.1633584 ], [ 112.5358612, -7.1636424 ], [ 112.5362859, -7.1639837 ], [ 112.5366217, -7.1643012 ], [ 112.5369561, -7.1646423 ], [ 112.5372645, -7.1649811 ], [ 112.537564, -7.1653663 ], [ 112.5381075, -7.1661469 ], [ 112.5386655, -7.1671561 ], [ 112.5396427, -7.1690205 ], [ 112.5415594, -7.172728 ], [ 112.5453745, -7.1801471 ], [ 112.5505766, -7.1902187 ], [ 112.5651639, -7.2184593 ], [ 112.5658763, -7.2197844 ], [ 112.5664016, -7.2205647 ], [ 112.5670309, -7.2213156 ], [ 112.567764, -7.2220164 ], [ 112.5682626, -7.2224021 ], [ 112.5823465, -7.2326137 ], [ 112.5830314, -7.2330652 ], [ 112.5838504, -7.2334862 ], [ 112.5847105, -7.2338429 ], [ 112.5853714, -7.2340643 ], [ 112.585987, -7.2342081 ], [ 112.5866974, -7.2343021 ], [ 112.5874055, -7.2343368 ], [ 112.588178, -7.2343198 ], [ 112.5896028, -7.2342091 ], [ 112.6048045, -7.2333539 ], [ 112.6077465, -7.233445 ], [ 112.6088646, -7.2335009 ], [ 112.6141761, -7.2337663 ], [ 112.6151349, -7.2338959 ], [ 112.6159325, -7.2341311 ], [ 112.6172168, -7.2346722 ], [ 112.6265701, -7.2399565 ], [ 112.6275142, -7.2403993 ], [ 112.6288786, -7.2408825 ], [ 112.63581, -7.2433374 ], [ 112.6413455, -7.2452978 ], [ 112.6446951, -7.2464544 ], [ 112.6448057, -7.2464918 ], [ 112.644901, -7.246524 ], [ 112.6495985, -7.2481475 ], [ 112.6551919, -7.2501634 ] ] ] } },
{ "type": "Feature", "properties": { "osm_id": "219179259", "code": 6101, "fclass": "rail", "name": "Jalur KA Gambringan-Kandangan" }, "geometry": { "type": "MultiLineString", "coordinates": [ [ [ 112.3826289, -7.1053883 ], [ 112.383882, -7.105647 ], [ 112.3848373, -7.1058422 ], [ 112.3860727, -7.1060859 ], [ 112.3872912, -7.1063351 ], [ 112.3894508, -7.1068058 ], [ 112.3906299, -7.1070502 ], [ 112.3915311, -7.1072498 ] ] ] } },
{ "type": "Feature", "properties": { "osm_id": "221110047", "code": 6101, "fclass": "rail", "name": "Jalur KA Gambringan-Kandangan" }, "geometry": { "type": "MultiLineString", "coordinates": [ [ [ 112.3826289, -7.1053883 ], [ 112.3806769, -7.1049545 ], [ 112.3797116, -7.1047589 ], [ 112.3728094, -7.1033252 ], [ 112.372198, -7.103234 ], [ 112.3707185, -7.1030851 ], [ 112.3690979, -7.1029447 ], [ 112.3686667, -7.1028947 ], [ 112.3678927, -7.1027091 ], [ 112.3648387, -7.1018167 ], [ 112.3644366, -7.1017079 ], [ 112.3639302, -7.1015494 ], [ 112.3614294, -7.1009759 ], [ 112.3521888, -7.0990715 ], [ 112.3493995, -7.0984825 ], [ 112.342241, -7.0969849 ], [ 112.3364529, -7.0957735 ], [ 112.3322191, -7.0949005 ], [ 112.3267807, -7.0939669 ], [ 112.325114, -7.0936806 ], [ 112.3246421, -7.0936303 ], [ 112.3242366, -7.0936251 ], [ 112.3227102, -7.0936932 ], [ 112.3193215, -7.0938629 ], [ 112.3166242, -7.0940153 ], [ 112.3147484, -7.0941049 ], [ 112.3092727, -7.0944066 ], [ 112.3074058, -7.0945219 ], [ 112.3058175, -7.094614 ], [ 112.3034042, -7.0947429 ], [ 112.3019854, -7.0948152 ], [ 112.3004114, -7.0949126 ], [ 112.2969552, -7.0952054 ], [ 112.2932477, -7.0955254 ], [ 112.288627, -7.0959371 ], [ 112.2852099, -7.0962357 ], [ 112.2839875, -7.0963499 ], [ 112.2802092, -7.0966882 ], [ 112.2789804, -7.0967888 ], [ 112.2758071, -7.0970685 ], [ 112.2730201, -7.0973168 ], [ 112.2715777, -7.0974594 ], [ 112.2698502, -7.0975889 ], [ 112.2678685, -7.0977603 ], [ 112.2619557, -7.0982922 ], [ 112.2591519, -7.0985367 ], [ 112.2530511, -7.0990648 ], [ 112.2470995, -7.09959 ], [ 112.2367824, -7.1006562 ], [ 112.2309188, -7.1013444 ], [ 112.2227495, -7.1023605 ], [ 112.2210694, -7.1024774 ], [ 112.2193647, -7.1024781 ], [ 112.2145822, -7.1022863 ], [ 112.2065347, -7.1019276 ], [ 112.1932105, -7.1011336 ], [ 112.1920503, -7.1010945 ], [ 112.1908712, -7.1011799 ], [ 112.1885233, -7.1015792 ], [ 112.1801415, -7.1030231 ], [ 112.1731767, -7.1042229 ], [ 112.1724492, -7.1043787 ], [ 112.1717554, -7.1046431 ], [ 112.1688245, -7.1063027 ], [ 112.1667247, -7.1075317 ], [ 112.165801, -7.1080723 ], [ 112.1657268, -7.1081187 ], [ 112.1652382, -7.1084378 ], [ 112.1646472, -7.1089707 ], [ 112.1642768, -7.1094194 ], [ 112.1637939, -7.1101549 ], [ 112.1634468, -7.1107711 ], [ 112.163154, -7.111219 ], [ 112.1627095, -7.1117232 ], [ 112.162341, -7.1120238 ], [ 112.161942, -7.1122926 ], [ 112.1614215, -7.11257 ], [ 112.1594771, -7.113551 ], [ 112.157115, -7.1147198 ], [ 112.1535771, -7.1164949 ], [ 112.152542, -7.1170241 ], [ 112.1519835, -7.1172762 ], [ 112.1516738, -7.1174023 ], [ 112.15153, -7.1174554 ], [ 112.1498031, -7.118178 ], [ 112.1491192, -7.1185096 ], [ 112.1486659, -7.1187935 ], [ 112.1481743, -7.1192034 ], [ 112.1460827, -7.1210739 ], [ 112.1440927, -7.1228474 ], [ 112.1433705, -7.12342 ], [ 112.1428163, -7.1237493 ], [ 112.1422611, -7.1239894 ], [ 112.1417072, -7.1241486 ], [ 112.1411171, -7.1242267 ], [ 112.140766, -7.1242435 ], [ 112.1395876, -7.1241819 ], [ 112.1350065, -7.1238272 ], [ 112.1346295, -7.1237959 ], [ 112.1307734, -7.1234989 ], [ 112.1299158, -7.1234778 ], [ 112.1291786, -7.1235204 ], [ 112.1283488, -7.1236428 ], [ 112.1257534, -7.1240144 ], [ 112.1236334, -7.1243146 ], [ 112.1218314, -7.1245633 ], [ 112.1207068, -7.1247278 ], [ 112.1196676, -7.1248749 ], [ 112.1187026, -7.1249619 ], [ 112.1177617, -7.1249942 ], [ 112.1120844, -7.125133 ], [ 112.1113311, -7.1251639 ], [ 112.1105109, -7.1252533 ], [ 112.1099885, -7.1253496 ], [ 112.1098092, -7.1253855 ], [ 112.1090926, -7.1255943 ], [ 112.1083493, -7.1258641 ], [ 112.1079535, -7.1260514 ], [ 112.1074016, -7.1263563 ], [ 112.1062396, -7.1270699 ], [ 112.1051533, -7.1277619 ], [ 112.1040813, -7.1284863 ], [ 112.1008158, -7.1305785 ], [ 112.0998899, -7.1312099 ], [ 112.0981096, -7.1324231 ], [ 112.0976015, -7.1327466 ], [ 112.0972158, -7.133031 ], [ 112.0966222, -7.1335264 ], [ 112.0956263, -7.1345571 ], [ 112.094508, -7.1356621 ], [ 112.0921819, -7.1380054 ], [ 112.0910965, -7.1390774 ], [ 112.0905753, -7.1395178 ], [ 112.0901095, -7.1398254 ], [ 112.0895443, -7.1401074 ], [ 112.0889032, -7.1403309 ], [ 112.0880595, -7.1404697 ], [ 112.0872986, -7.1404923 ], [ 112.0850883, -7.1404043 ], [ 112.0836722, -7.1403667 ], [ 112.0827956, -7.1403747 ], [ 112.0819488, -7.1405058 ], [ 112.0811368, -7.1407758 ], [ 112.0804449, -7.1411505 ], [ 112.0790787, -7.1420717 ], [ 112.0784538, -7.1424998 ], [ 112.071671, -7.1470924 ], [ 112.0695615, -7.1485244 ], [ 112.0674874, -7.1499237 ], [ 112.0657868, -7.1509969 ], [ 112.063827, -7.1522375 ], [ 112.0622347, -7.1532557 ], [ 112.0608617, -7.1541252 ], [ 112.0606577, -7.1542491 ], [ 112.0605024, -7.1543539 ], [ 112.0566678, -7.1567952 ], [ 112.0555326, -7.1575203 ], [ 112.0538338, -7.1584784 ], [ 112.0516331, -7.159729 ], [ 112.050724, -7.1602331 ], [ 112.0506829, -7.1602549 ], [ 112.0506056, -7.1602981 ], [ 112.049594, -7.160895 ], [ 112.0483807, -7.1615564 ], [ 112.0480285, -7.1617451 ], [ 112.0470355, -7.1622812 ], [ 112.046092, -7.1627591 ], [ 112.0429729, -7.1641417 ], [ 112.0407629, -7.1650916 ], [ 112.0392836, -7.1656755 ], [ 112.0365653, -7.1667245 ], [ 112.0353364, -7.1671999 ], [ 112.0311885, -7.1688237 ], [ 112.0292425, -7.1698172 ], [ 112.0273199, -7.1708202 ], [ 112.0261879, -7.1713864 ], [ 112.0256206, -7.1716701 ], [ 112.0239455, -7.1721913 ], [ 112.0154154, -7.1739951 ], [ 112.0100219, -7.1750708 ] ] ] } },
{ "type": "Feature", "properties": { "osm_id": "221232672", "code": 6101, "fclass": "rail", "name": "Jalur KA Gambringan-Kandangan" }, "geometry": { "type": "MultiLineString", "coordinates": [ [ [ 111.943823, -7.1983199 ], [ 111.9436029, -7.1983981 ] ] ] } },
{ "type": "Feature", "properties": { "osm_id": "221232673", "code": 6101, "fclass": "rail", "name": "Jalur KA Gambringan-Kandangan" }, "geometry": { "type": "MultiLineString", "coordinates": [ [ [ 111.9366164, -7.1996291 ], [ 111.9362109, -7.1995923 ] ] ] } },
{ "type": "Feature", "properties": { "osm_id": "221232675", "code": 6101, "fclass": "rail", "name": "Jalur KA Gambringan-Kandangan" }, "geometry": { "type": "MultiLineString", "coordinates": [ [ [ 111.9436029, -7.1983981 ], [ 111.940818, -7.1993506 ], [ 111.9401075, -7.1995172 ], [ 111.9398191, -7.1995738 ], [ 111.9394415, -7.1996505 ], [ 111.9388046, -7.1997435 ], [ 111.9380961, -7.1997724 ], [ 111.9366164, -7.1996291 ] ] ] } },
{ "type": "Feature", "properties": { "osm_id": "221235192", "code": 6101, "fclass": "rail", "name": "Jalur KA Gambringan-Kandangan" }, "geometry": { "type": "MultiLineString", "coordinates": [ [ [ 111.8681934, -7.1654381 ], [ 111.8655481, -7.1663759 ] ] ] } },
{ "type": "Feature", "properties": { "osm_id": "221235193", "code": 6101, "fclass": "rail", "name": "Jalur KA Gambringan-Kandangan" }, "geometry": { "type": "MultiLineString", "coordinates": [ [ [ 111.8685125, -7.1653258 ], [ 111.8681934, -7.1654381 ] ] ] } },
{ "type": "Feature", "properties": { "osm_id": "221243169", "code": 6101, "fclass": "rail", "name": "Jalur KA Gambringan-Kandangan" }, "geometry": { "type": "MultiLineString", "coordinates": [ [ [ 111.6633118, -7.1730433 ], [ 111.662808, -7.1732039 ] ] ] } },
{ "type": "Feature", "properties": { "osm_id": "221243170", "code": 6101, "fclass": "rail", "name": "Jalur KA Gambringan-Kandangan" }, "geometry": { "type": "MultiLineString", "coordinates": [ [ [ 111.662808, -7.1732039 ], [ 111.6622053, -7.1734038 ], [ 111.6619663, -7.1734762 ], [ 111.6615686, -7.1735674 ], [ 111.6611219, -7.1736423 ], [ 111.6606703, -7.1736806 ], [ 111.6602107, -7.1736753 ], [ 111.6596907, -7.1736252 ], [ 111.6592042, -7.1735152 ], [ 111.6582613, -7.1732988 ], [ 111.6574692, -7.1731096 ], [ 111.6572143, -7.1730458 ], [ 111.6563971, -7.1728323 ], [ 111.655743, -7.1726591 ], [ 111.6551675, -7.17242 ], [ 111.6547865, -7.1722626 ], [ 111.654144, -7.1719438 ], [ 111.6526835, -7.1711881 ], [ 111.6490142, -7.1691665 ], [ 111.6472516, -7.1682255 ], [ 111.6382759, -7.1635053 ], [ 111.6376896, -7.1632143 ], [ 111.6347023, -7.1615472 ], [ 111.6340602, -7.1612478 ], [ 111.6333411, -7.1610503 ], [ 111.6319702, -7.1607835 ], [ 111.6300997, -7.1604075 ], [ 111.6270194, -7.1597948 ], [ 111.6250027, -7.1593988 ], [ 111.6242915, -7.1593219 ], [ 111.6236552, -7.1593002 ], [ 111.6232434, -7.1592938 ], [ 111.6226183, -7.1592856 ], [ 111.6216638, -7.1592853 ], [ 111.62099, -7.159247 ], [ 111.6205454, -7.1591645 ], [ 111.6182644, -7.1584852 ], [ 111.6154352, -7.1576352 ], [ 111.6115762, -7.1564538 ], [ 111.6108439, -7.1561819 ], [ 111.6099948, -7.1557549 ], [ 111.6092755, -7.1553128 ], [ 111.6084176, -7.154719 ], [ 111.6064064, -7.1533223 ], [ 111.6043277, -7.1518521 ], [ 111.6020441, -7.1502501 ], [ 111.6016438, -7.1499558 ], [ 111.6012864, -7.1497041 ], [ 111.600828, -7.1494745 ], [ 111.6005014, -7.1493634 ], [ 111.6002355, -7.1493117 ], [ 111.5998353, -7.1492835 ], [ 111.599337, -7.1493192 ], [ 111.5989412, -7.1493348 ] ] ] } },
{ "type": "Feature", "properties": { "osm_id": "222344738", "code": 6101, "fclass": "rail", "name": "Jalur KA Gambringan-Kandangan" }, "geometry": { "type": "MultiLineString", "coordinates": [ [ [ 111.8655009, -7.1663916 ], [ 111.8644834, -7.1667829 ], [ 111.8637345, -7.1670323 ], [ 111.8629562, -7.167187 ], [ 111.8623974, -7.1672392 ], [ 111.8616131, -7.1672177 ], [ 111.860859, -7.1670996 ], [ 111.8602793, -7.1669209 ], [ 111.859287, -7.1664466 ], [ 111.8571095, -7.1650256 ], [ 111.8538031, -7.1628117 ], [ 111.8537499, -7.1627761 ], [ 111.8495624, -7.1600242 ] ] ] } },
{ "type": "Feature", "properties": { "osm_id": "222344739", "code": 6101, "fclass": "rail", "name": "Jalur KA Gambringan-Kandangan" }, "geometry": { "type": "MultiLineString", "coordinates": [ [ [ 111.8495624, -7.1600242 ], [ 111.8490894, -7.1597065 ] ] ] } },
{ "type": "Feature", "properties": { "osm_id": "222344740", "code": 6101, "fclass": "rail", "name": "Jalur KA Gambringan-Kandangan" }, "geometry": { "type": "MultiLineString", "coordinates": [ [ [ 111.8655481, -7.1663759 ], [ 111.8655009, -7.1663916 ] ] ] } },
{ "type": "Feature", "properties": { "osm_id": "222344741", "code": 6101, "fclass": "rail", "name": "Jalur KA Gambringan-Kandangan" }, "geometry": { "type": "MultiLineString", "coordinates": [ [ [ 111.8490894, -7.1597065 ], [ 111.8432953, -7.1559114 ], [ 111.8370681, -7.1518885 ], [ 111.8346185, -7.1503131 ], [ 111.8308877, -7.1479268 ], [ 111.8243081, -7.1437636 ], [ 111.8218743, -7.1422302 ], [ 111.8210027, -7.1416637 ], [ 111.8206503, -7.1414435 ], [ 111.8182045, -7.1398892 ], [ 111.8172549, -7.1394151 ], [ 111.8118335, -7.1370619 ], [ 111.8077977, -7.1353949 ], [ 111.8070766, -7.1351259 ], [ 111.8058553, -7.1347286 ], [ 111.8031731, -7.1338631 ], [ 111.8009135, -7.1331506 ], [ 111.7979706, -7.1323586 ], [ 111.7971798, -7.1321505 ], [ 111.7960121, -7.1319113 ], [ 111.7952927, -7.1318388 ], [ 111.7932248, -7.1316847 ], [ 111.789804, -7.1314347 ], [ 111.7892159, -7.1313894 ], [ 111.7821592, -7.1308726 ], [ 111.7804212, -7.1307534 ], [ 111.7797547, -7.130721 ], [ 111.778621, -7.130731 ], [ 111.7777614, -7.1308132 ], [ 111.7769822, -7.1309735 ], [ 111.7723189, -7.1321065 ], [ 111.7715556, -7.1322363 ], [ 111.7708283, -7.1322944 ], [ 111.7703844, -7.1323138 ], [ 111.7693982, -7.1322372 ], [ 111.7685867, -7.1321007 ], [ 111.7674388, -7.1317978 ], [ 111.7655519, -7.1313381 ], [ 111.7612446, -7.1302447 ], [ 111.7607565, -7.1301215 ], [ 111.7600099, -7.129935 ], [ 111.7584098, -7.1295399 ], [ 111.7574023, -7.1292875 ], [ 111.7571481, -7.1292372 ], [ 111.7566513, -7.1291572 ], [ 111.7560579, -7.1290984 ], [ 111.7552052, -7.1290984 ], [ 111.7538077, -7.1292437 ], [ 111.7514472, -7.1295096 ], [ 111.7476322, -7.129901 ], [ 111.7451194, -7.130198 ], [ 111.744375, -7.1303291 ], [ 111.7436848, -7.1305236 ], [ 111.7428003, -7.1308458 ], [ 111.7413242, -7.1314693 ], [ 111.7362175, -7.1336111 ], [ 111.7333801, -7.1348055 ], [ 111.7311983, -7.1357228 ], [ 111.7286684, -7.1367991 ], [ 111.725568, -7.1380993 ], [ 111.7238846, -7.1388036 ], [ 111.7232664, -7.1390159 ], [ 111.7221509, -7.1393492 ], [ 111.7216665, -7.1395012 ], [ 111.7209522, -7.13971 ], [ 111.7203932, -7.139891 ], [ 111.7197627, -7.140135 ], [ 111.7190848, -7.1404347 ], [ 111.7127777, -7.1433735 ], [ 111.7113378, -7.1440244 ], [ 111.7075721, -7.1457641 ], [ 111.7037122, -7.1475653 ], [ 111.70307, -7.1479014 ], [ 111.7024977, -7.1482774 ], [ 111.6952089, -7.1535029 ], [ 111.6845779, -7.1612074 ], [ 111.6834126, -7.1620281 ], [ 111.681366, -7.1632625 ], [ 111.6785316, -7.1648738 ], [ 111.6712314, -7.1690748 ], [ 111.669213, -7.1702488 ], [ 111.6663939, -7.1718869 ], [ 111.6655829, -7.172279 ], [ 111.6648742, -7.1725374 ], [ 111.6633118, -7.1730433 ] ] ] } },
{ "type": "Feature", "properties": { "osm_id": "222361644", "code": 6106, "fclass": "narrow_gauge", "name": null }, "geometry": { "type": "MultiLineString", "coordinates": [ [ [ 111.8926765, -7.1732893 ], [ 111.8928896, -7.1737009 ] ] ] } },
{ "type": "Feature", "properties": { "osm_id": "222362920", "code": 6101, "fclass": "rail", "name": "Jalur KA Gambringan-Kandangan" }, "geometry": { "type": "MultiLineString", "coordinates": [ [ [ 112.0100219, -7.1750708 ], [ 112.0096762, -7.1751295 ] ] ] } },
{ "type": "Feature", "properties": { "osm_id": "222362921", "code": 6101, "fclass": "rail", "name": "Jalur KA Gambringan-Kandangan" }, "geometry": { "type": "MultiLineString", "coordinates": [ [ [ 112.0096762, -7.1751295 ], [ 112.0093012, -7.1752053 ], [ 112.0068022, -7.1757501 ], [ 112.0051628, -7.1761464 ], [ 112.0044955, -7.1763774 ], [ 112.0039351, -7.1766312 ], [ 112.0013085, -7.1779267 ], [ 112.0003768, -7.1783922 ], [ 111.9995855, -7.1787789 ], [ 111.9982181, -7.1793506 ], [ 111.9964888, -7.1800485 ], [ 111.9944195, -7.1809045 ], [ 111.9942424, -7.180981 ], [ 111.9935656, -7.1812514 ], [ 111.9900304, -7.1826999 ], [ 111.9874498, -7.1836095 ], [ 111.9864126, -7.1840432 ], [ 111.9862836, -7.1840973 ], [ 111.9853214, -7.1845009 ], [ 111.9849498, -7.1846542 ], [ 111.9837589, -7.1851957 ], [ 111.980749, -7.1863403 ], [ 111.9790618, -7.187021 ], [ 111.9744093, -7.1885928 ], [ 111.9742894, -7.1886296 ], [ 111.9717639, -7.1894689 ], [ 111.9688617, -7.1903191 ], [ 111.9687604, -7.1903502 ], [ 111.9681864, -7.1905287 ], [ 111.9671269, -7.1908262 ], [ 111.9665577, -7.1909501 ], [ 111.9654763, -7.1911832 ], [ 111.9649023, -7.191339 ], [ 111.9643438, -7.1915246 ], [ 111.9609679, -7.192652 ], [ 111.9599327, -7.1929891 ], [ 111.9591079, -7.1932612 ], [ 111.9584774, -7.1934887 ], [ 111.956326, -7.1941845 ], [ 111.953869, -7.1949997 ], [ 111.9534092, -7.1951527 ], [ 111.9533064, -7.1951867 ], [ 111.9509653, -7.1959606 ], [ 111.9508603, -7.1959956 ], [ 111.9502392, -7.1962053 ], [ 111.9490803, -7.1965849 ], [ 111.9489318, -7.1966331 ], [ 111.943823, -7.1983199 ] ] ] } },
{ "type": "Feature", "properties": { "osm_id": "229635956", "code": 6101, "fclass": "rail", "name": null }, "geometry": { "type": "MultiLineString", "coordinates": [ [ [ 111.5313123, -7.6178297 ], [ 111.5308804, -7.617827 ], [ 111.5305586, -7.6178642 ], [ 111.5303091, -7.617944 ], [ 111.5300275, -7.618053 ], [ 111.529593, -7.6181381 ], [ 111.5291236, -7.6181859 ], [ 111.5286435, -7.6183056 ], [ 111.5282277, -7.618388 ], [ 111.5279247, -7.6184757 ], [ 111.5268196, -7.618481 ], [ 111.5242929, -7.6184757 ], [ 111.5236895, -7.6185453 ], [ 111.5233703, -7.618582 ], [ 111.5231964, -7.6186024 ], [ 111.522901, -7.6186371 ] ] ] } },
{ "type": "Feature", "properties": { "osm_id": "229635957", "code": 6101, "fclass": "rail", "name": null }, "geometry": { "type": "MultiLineString", "coordinates": [ [ [ 111.5236895, -7.6185453 ], [ 111.5239119, -7.6184912 ], [ 111.5240301, -7.6184624 ], [ 111.5250627, -7.6183508 ], [ 111.5267686, -7.6183401 ], [ 111.5273212, -7.618396 ], [ 111.5278817, -7.6184279 ], [ 111.5282277, -7.618388 ] ] ] } },
{ "type": "Feature", "properties": { "osm_id": "229635958", "code": 6101, "fclass": "rail", "name": null }, "geometry": { "type": "MultiLineString", "coordinates": [ [ [ 111.5240301, -7.6184624 ], [ 111.5236036, -7.6184225 ], [ 111.5231262, -7.6182364 ] ] ] } },
{ "type": "Feature", "properties": { "osm_id": "229635959", "code": 6101, "fclass": "rail", "name": null }, "geometry": { "type": "MultiLineString", "coordinates": [ [ [ 111.5236036, -7.6184225 ], [ 111.5232093, -7.618388 ] ] ] } },
{ "type": "Feature", "properties": { "osm_id": "229635960", "code": 6101, "fclass": "rail", "name": null }, "geometry": { "type": "MultiLineString", "coordinates": [ [ [ 111.5232066, -7.6184438 ], [ 111.5237592, -7.6184837 ], [ 111.5239119, -7.6184912 ] ] ] } },
{ "type": "Feature", "properties": { "osm_id": "229635961", "code": 6101, "fclass": "rail", "name": null }, "geometry": { "type": "MultiLineString", "coordinates": [ [ [ 111.5231964, -7.6186024 ], [ 111.5210823, -7.61859 ], [ 111.5206065, -7.6186131 ], [ 111.5199835, -7.6186218 ] ] ] } },
{ "type": "Feature", "properties": { "osm_id": "229635962", "code": 6101, "fclass": "rail", "name": null }, "geometry": { "type": "MultiLineString", "coordinates": [ [ [ 111.5210823, -7.61859 ], [ 111.5215759, -7.6185395 ], [ 111.5220908, -7.6184491 ], [ 111.5225012, -7.618271 ], [ 111.5227829, -7.6180397 ], [ 111.5229948, -7.6177845 ], [ 111.5238182, -7.616636 ], [ 111.5247301, -7.6153758 ], [ 111.5256162, -7.6141659 ], [ 111.5258272, -7.6139216 ], [ 111.5259613, -7.6138259 ], [ 111.5261088, -7.6137568 ], [ 111.5262805, -7.613701 ], [ 111.5265165, -7.6136691 ], [ 111.5266855, -7.6136797 ], [ 111.5268491, -7.6137116 ], [ 111.5271146, -7.6138419 ], [ 111.5272595, -7.6139136 ], [ 111.5274499, -7.6139668 ], [ 111.527694, -7.6140173 ], [ 111.5279702, -7.6140386 ], [ 111.5289412, -7.61402 ] ] ] } },
{ "type": "Feature", "properties": { "osm_id": "229635963", "code": 6101, "fclass": "rail", "name": null }, "geometry": { "type": "MultiLineString", "coordinates": [ [ [ 111.5272595, -7.6139136 ], [ 111.5275679, -7.6140333 ], [ 111.5278495, -7.614121 ], [ 111.5282867, -7.6141237 ], [ 111.5289305, -7.6141051 ] ] ] } },
{ "type": "Feature", "properties": { "osm_id": "232106788", "code": 6101, "fclass": "rail", "name": "Jalur KA Solo Balapan-Kertosono" }, "geometry": { "type": "MultiLineString", "coordinates": [ [ [ 111.2276608, -7.3991924 ], [ 111.2477421, -7.4022482 ], [ 111.2562645, -7.403555 ], [ 111.2584961, -7.4039805 ], [ 111.2604702, -7.4044912 ], [ 111.2914551, -7.4137687 ], [ 111.3068084, -7.4183384 ], [ 111.3483608, -7.4307058 ], [ 111.3858109, -7.44192 ], [ 111.3864336, -7.4420593 ], [ 111.3866527, -7.4421265 ], [ 111.3894201, -7.4429752 ], [ 111.3900426, -7.4431374 ], [ 111.3906851, -7.443337 ], [ 111.3913782, -7.443551 ], [ 111.3917443, -7.4436721 ], [ 111.391984, -7.4437915 ], [ 111.3922673, -7.4438987 ], [ 111.3927155, -7.4441257 ], [ 111.3930902, -7.4443217 ], [ 111.3937224, -7.4447374 ], [ 111.394023, -7.4449508 ], [ 111.3942769, -7.4451246 ], [ 111.3947909, -7.4455893 ], [ 111.3950458, -7.4458483 ], [ 111.3952792, -7.4461084 ], [ 111.3957009, -7.4466379 ], [ 111.3958863, -7.4469052 ], [ 111.3960722, -7.4471785 ], [ 111.3966835, -7.4483232 ], [ 111.4001597, -7.456153 ], [ 111.4153852, -7.4902954 ], [ 111.4187546, -7.4978072 ], [ 111.428398, -7.5196367 ], [ 111.4301119, -7.523301 ], [ 111.4318448, -7.5272077 ], [ 111.4352116, -7.5347973 ], [ 111.4418766, -7.5499575 ], [ 111.443183, -7.5528641 ], [ 111.4439692, -7.5545862 ], [ 111.444242, -7.5550879 ], [ 111.4445528, -7.5555851 ], [ 111.4449243, -7.5561347 ], [ 111.4453577, -7.5566193 ], [ 111.4457717, -7.5570265 ], [ 111.4511876, -7.5620387 ], [ 111.4662493, -7.5760919 ], [ 111.4898956, -7.5979147 ], [ 111.5063322, -7.6131007 ], [ 111.50998, -7.6164186 ], [ 111.5110116, -7.6171571 ], [ 111.5118575, -7.6176363 ], [ 111.5127755, -7.6180354 ], [ 111.5135587, -7.6183048 ], [ 111.5143143, -7.6184443 ], [ 111.5153439, -7.6185346 ], [ 111.5162886, -7.6185454 ], [ 111.5187092, -7.6186746 ] ] ] } },
{ "type": "Feature", "properties": { "osm_id": "232106792", "code": 6101, "fclass": "rail", "name": "Jalur KA Solo Balapan-Kertosono" }, "geometry": { "type": "MultiLineString", "coordinates": [ [ [ 111.227362, -7.3992706 ], [ 111.2276608, -7.3991924 ] ] ] } },
{ "type": "Feature", "properties": { "osm_id": "233467092", "code": 6101, "fclass": "rail", "name": "Jalur KA Kertosono-Bangil" }, "geometry": { "type": "MultiLineString", "coordinates": [ [ [ 112.4525852, -8.1531048 ], [ 112.4535338, -8.1554305 ], [ 112.4542177, -8.1570029 ], [ 112.4547471, -8.1581493 ], [ 112.4555854, -8.1593941 ], [ 112.4587434, -8.1620878 ], [ 112.4601167, -8.1631074 ], [ 112.4612325, -8.1636171 ], [ 112.4622625, -8.1636171 ], [ 112.4631208, -8.1631923 ], [ 112.4638933, -8.1624277 ], [ 112.4645799, -8.1615781 ], [ 112.4650091, -8.1608134 ], [ 112.4662965, -8.1600487 ], [ 112.4683565, -8.1591991 ], [ 112.4703306, -8.1588593 ], [ 112.4724763, -8.1586044 ], [ 112.4758237, -8.1584345 ], [ 112.4786083, -8.1583995 ], [ 112.4870675, -8.1584345 ], [ 112.4937767, -8.1585039 ], [ 112.4962377, -8.1580759 ], [ 112.5050742, -8.1543946 ], [ 112.5054749, -8.1542292 ], [ 112.505932, -8.1540611 ], [ 112.5102656, -8.152668 ], [ 112.5107299, -8.152552 ], [ 112.5110874, -8.1524917 ], [ 112.5114919, -8.1524633 ], [ 112.513292, -8.1523656 ], [ 112.5138254, -8.152325 ], [ 112.514224, -8.1522695 ], [ 112.5165114, -8.1519471 ], [ 112.5191537, -8.1515579 ], [ 112.5197067, -8.1515167 ], [ 112.5200637, -8.1515058 ], [ 112.5204408, -8.1515579 ], [ 112.5210494, -8.1516689 ], [ 112.5266593, -8.1528286 ], [ 112.5271952, -8.1529311 ], [ 112.5276155, -8.1529858 ], [ 112.5285301, -8.1529996 ], [ 112.5325486, -8.1530872 ], [ 112.5381236, -8.1531972 ], [ 112.5387697, -8.1531462 ], [ 112.5393306, -8.1530381 ], [ 112.5398651, -8.1528642 ], [ 112.5403882, -8.152612 ], [ 112.5468829, -8.1497317 ], [ 112.547481, -8.1494943 ], [ 112.547753, -8.1493698 ], [ 112.5480526, -8.1492214 ], [ 112.5483449, -8.1490615 ], [ 112.5489932, -8.1487944 ], [ 112.5493824, -8.1486468 ], [ 112.5498075, -8.1485244 ] ] ] } },
{ "type": "Feature", "properties": { "osm_id": "233467093", "code": 6101, "fclass": "rail", "name": "Jalur KA Kertosono-Bangil" }, "geometry": { "type": "MultiLineString", "coordinates": [ [ [ 112.4454779, -8.1573966 ], [ 112.4457821, -8.1562778 ], [ 112.4455998, -8.1533506 ], [ 112.4451699, -8.1526155 ], [ 112.4449975, -8.1520581 ], [ 112.4450645, -8.1514946 ] ] ] } },
{ "type": "Feature", "properties": { "osm_id": "233467094", "code": 6101, "fclass": "rail", "name": "Jalur KA Kertosono-Bangil" }, "geometry": { "type": "MultiLineString", "coordinates": [ [ [ 112.4450645, -8.1514946 ], [ 112.4458688, -8.1501081 ], [ 112.4469846, -8.1495983 ], [ 112.4472074, -8.1495126 ], [ 112.448232, -8.1494728 ], [ 112.4489083, -8.1497313 ], [ 112.4499195, -8.1502749 ] ] ] } },
{ "type": "Feature", "properties": { "osm_id": "233467095", "code": 6101, "fclass": "rail", "name": "Jalur KA Kertosono-Bangil" }, "geometry": { "type": "MultiLineString", "coordinates": [ [ [ 112.4499195, -8.1502749 ], [ 112.4507566, -8.1507522 ], [ 112.451877, -8.1517224 ], [ 112.4525852, -8.1531048 ] ] ] } },
{ "type": "Feature", "properties": { "osm_id": "233987588", "code": 6101, "fclass": "rail", "name": "Jalur KA Kertosono-Bangil" }, "geometry": { "type": "MultiLineString", "coordinates": [ [ [ 112.6377917, -7.9805301 ], [ 112.6375209, -7.9798585 ], [ 112.6374454, -7.9795825 ], [ 112.6373408, -7.9792 ], [ 112.6372808, -7.9788362 ], [ 112.6372136, -7.9778021 ], [ 112.6371385, -7.9768639 ], [ 112.637093, -7.975907 ], [ 112.6370554, -7.9752477 ], [ 112.6370481, -7.9749244 ], [ 112.6370511, -7.9746318 ], [ 112.6370691, -7.973612 ], [ 112.6370651, -7.9734407 ], [ 112.6370711, -7.9731813 ], [ 112.6369492, -7.9715324 ], [ 112.6368412, -7.9692833 ], [ 112.6365317, -7.9654223 ], [ 112.6365217, -7.965195 ], [ 112.6364842, -7.9644063 ], [ 112.6364982, -7.9635572 ], [ 112.6366388, -7.96262 ], [ 112.636859, -7.9617432 ], [ 112.6383253, -7.9580566 ], [ 112.6403905, -7.9523577 ], [ 112.6421984, -7.9473655 ], [ 112.6442347, -7.9416006 ], [ 112.644857, -7.9399004 ], [ 112.6470062, -7.9334938 ], [ 112.6472521, -7.9324962 ], [ 112.6506129, -7.9147741 ], [ 112.6516437, -7.9092846 ], [ 112.6517382, -7.9089973 ], [ 112.6518418, -7.9086827 ], [ 112.6523156, -7.9075956 ], [ 112.6538399, -7.9050484 ], [ 112.6566736, -7.9003129 ], [ 112.6572011, -7.8994314 ], [ 112.6578074, -7.8986609 ], [ 112.6583303, -7.8981596 ], [ 112.6589661, -7.8977163 ], [ 112.6596102, -7.8973849 ], [ 112.6603882, -7.8971238 ], [ 112.6611829, -7.8969664 ], [ 112.6633356, -7.8969379 ], [ 112.6648394, -7.8969179 ], [ 112.6655043, -7.8969084 ], [ 112.6659644, -7.8968882 ], [ 112.6662087, -7.896868 ], [ 112.6667804, -7.8968086 ], [ 112.6679665, -7.8966394 ], [ 112.6683849, -7.8965672 ], [ 112.6690642, -7.8963635 ], [ 112.6692373, -7.8962756 ], [ 112.6693883, -7.896199 ], [ 112.6696987, -7.8960059 ], [ 112.67027, -7.8955748 ], [ 112.6709261, -7.8949443 ], [ 112.6713732, -7.8944781 ], [ 112.6725968, -7.8932309 ], [ 112.6736491, -7.8926224 ], [ 112.6773286, -7.8907256 ], [ 112.6784527, -7.8900329 ], [ 112.6789102, -7.8896057 ], [ 112.679372, -7.889094 ], [ 112.6798948, -7.8882929 ], [ 112.6801971, -7.8875565 ], [ 112.6804014, -7.8867635 ], [ 112.6810876, -7.8809209 ], [ 112.6816268, -7.8783313 ], [ 112.6825254, -7.8759683 ], [ 112.6839142, -7.8719221 ], [ 112.6848047, -7.8703117 ], [ 112.6887342, -7.8644688 ], [ 112.6934562, -7.8570559 ], [ 112.6960786, -7.8525967 ], [ 112.697541, -7.8499584 ], [ 112.6977534, -7.8490196 ], [ 112.6979168, -7.8474496 ], [ 112.6984723, -7.8435406 ], [ 112.6985213, -7.8422457 ], [ 112.6983661, -7.8405705 ], [ 112.697751, -7.836642 ], [ 112.6976072, -7.8354194 ], [ 112.6975457, -7.833819 ], [ 112.697645, -7.8313586 ], [ 112.6977601, -7.8304522 ], [ 112.6979483, -7.8298772 ], [ 112.6983457, -7.8291831 ], [ 112.6992293, -7.8279296 ], [ 112.7012318, -7.8252983 ], [ 112.7018906, -7.8245835 ], [ 112.7022722, -7.8242364 ], [ 112.7035369, -7.8234708 ], [ 112.7045519, -7.8229467 ], [ 112.7050904, -7.8225219 ], [ 112.7056342, -7.8219521 ], [ 112.705927, -7.8215118 ], [ 112.7061413, -7.821113 ], [ 112.7076648, -7.8174709 ], [ 112.7079017, -7.8170154 ], [ 112.7083953, -7.8162198 ], [ 112.709031, -7.815536 ], [ 112.7104114, -7.8145705 ], [ 112.7111736, -7.8138947 ], [ 112.7120544, -7.812668 ], [ 112.7155264, -7.8069922 ], [ 112.7169867, -7.8046653 ], [ 112.7172726, -7.8040279 ], [ 112.7177424, -7.8028037 ], [ 112.7181611, -7.800932 ], [ 112.7187534, -7.7980283 ], [ 112.7194478, -7.7950335 ], [ 112.7202647, -7.7910472 ], [ 112.7216229, -7.7846832 ], [ 112.7229305, -7.7792209 ], [ 112.7242228, -7.7738226 ], [ 112.725195, -7.770002 ], [ 112.7253257, -7.7691683 ], [ 112.7254156, -7.7682698 ], [ 112.7253829, -7.7673066 ], [ 112.725146, -7.763324 ], [ 112.724584, -7.7553122 ], [ 112.7245405, -7.7550584 ], [ 112.7244843, -7.7547598 ], [ 112.7243305, -7.7543331 ], [ 112.72428, -7.7541932 ], [ 112.724084, -7.7537965 ], [ 112.7212512, -7.7493677 ], [ 112.7207549, -7.7484926 ], [ 112.7204338, -7.7477116 ], [ 112.7203097, -7.747068 ], [ 112.7202878, -7.746099 ], [ 112.7204411, -7.7452456 ], [ 112.720806, -7.7443128 ], [ 112.7249514, -7.7357431 ], [ 112.7256927, -7.7341555 ], [ 112.7264431, -7.7325727 ], [ 112.7266322, -7.7319561 ], [ 112.7268147, -7.7310973 ], [ 112.7268033, -7.7304193 ], [ 112.7266436, -7.7295605 ], [ 112.7235353, -7.7193204 ], [ 112.7210445, -7.7110057 ], [ 112.7186612, -7.7031971 ], [ 112.7185243, -7.7025529 ], [ 112.7184445, -7.7019201 ], [ 112.7185357, -7.7012873 ], [ 112.7186954, -7.7005075 ], [ 112.7189691, -7.6997843 ], [ 112.719505, -7.6990045 ], [ 112.7206796, -7.6976371 ], [ 112.72247, -7.6957951 ], [ 112.723405, -7.6948798 ], [ 112.7253778, -7.6933541 ], [ 112.727305, -7.6921224 ], [ 112.7299164, -7.6908793 ], [ 112.7391068, -7.687291 ], [ 112.7395752, -7.6870256 ], [ 112.7400998, -7.6865962 ], [ 112.740727, -7.6858729 ], [ 112.7452998, -7.6787193 ], [ 112.7461878, -7.6770333 ], [ 112.7509101, -7.6674835 ], [ 112.7520264, -7.6658448 ], [ 112.7548723, -7.6620151 ], [ 112.760093, -7.6550403 ], [ 112.7626673, -7.6511299 ], [ 112.7646772, -7.6479936 ], [ 112.7689392, -7.6414242 ], [ 112.7756103, -7.6309271 ], [ 112.7786179, -7.6263496 ], [ 112.7800719, -7.6240467 ], [ 112.7889711, -7.6102666 ], [ 112.7892561, -7.6096775 ], [ 112.7894199, -7.6091665 ], [ 112.7895412, -7.6086375 ], [ 112.7895715, -7.6079281 ], [ 112.7895351, -7.6073631 ], [ 112.7893168, -7.6064974 ], [ 112.789056, -7.6058662 ], [ 112.7886254, -7.6051629 ], [ 112.7880129, -7.6045678 ], [ 112.7874307, -7.6041289 ] ] ] } },
{ "type": "Feature", "properties": { "osm_id": "233987601", "code": 6101, "fclass": "rail", "name": "Jalur KA Kertosono-Bangil" }, "geometry": { "type": "MultiLineString", "coordinates": [ [ [ 112.6381039, -7.9813174 ], [ 112.6377917, -7.9805301 ] ] ] } },
{ "type": "Feature", "properties": { "osm_id": "257607442", "code": 6101, "fclass": "rail", "name": null }, "geometry": { "type": "MultiLineString", "coordinates": [ [ [ 112.4326178, -7.4724513 ], [ 112.4328923, -7.4724982 ], [ 112.4380432, -7.4726082 ], [ 112.4368741, -7.472667 ] ] ] } },
{ "type": "Feature", "properties": { "osm_id": "257607443", "code": 6101, "fclass": "rail", "name": "Jalur KA Kertosono-Wonokromo" }, "geometry": { "type": "MultiLineString", "coordinates": [ [ [ 112.4594254, -7.4713209 ], [ 112.4841199, -7.4691314 ], [ 112.5001272, -7.4677093 ], [ 112.5010014, -7.4676136 ], [ 112.501802, -7.4674282 ], [ 112.5026733, -7.4671302 ], [ 112.5034954, -7.4667519 ], [ 112.5044829, -7.4662075 ], [ 112.5053737, -7.4655521 ], [ 112.5061217, -7.4647762 ], [ 112.5065331, -7.4642632 ] ] ] } },
{ "type": "Feature", "properties": { "osm_id": "257607444", "code": 6101, "fclass": "rail", "name": "Jalur KA Kertosono-Wonokromo" }, "geometry": { "type": "MultiLineString", "coordinates": [ [ [ 112.4584914, -7.4714042 ], [ 112.4594254, -7.4713209 ] ] ] } },
{ "type": "Feature", "properties": { "osm_id": "261815921", "code": 6101, "fclass": "rail", "name": "Jalur KA Kertosono-Bangil" }, "geometry": { "type": "MultiLineString", "coordinates": [ [ [ 112.2858858, -8.0911365 ], [ 112.2864876, -8.0911714 ], [ 112.2869371, -8.0912526 ], [ 112.287315, -8.091343 ], [ 112.2874663, -8.0914041 ], [ 112.2884358, -8.0916418 ], [ 112.2892025, -8.0918137 ], [ 112.2896926, -8.0918971 ], [ 112.2903375, -8.0919872 ], [ 112.2910542, -8.0920431 ], [ 112.2916538, -8.0920184 ], [ 112.2921329, -8.0919334 ] ] ] } },
{ "type": "Feature", "properties": { "osm_id": "261815931", "code": 6101, "fclass": "rail", "name": "Jalur KA Kertosono-Bangil" }, "geometry": { "type": "MultiLineString", "coordinates": [ [ [ 112.2782099, -8.0906002 ], [ 112.2782981, -8.0905959 ] ] ] } },
{ "type": "Feature", "properties": { "osm_id": "261815932", "code": 6101, "fclass": "rail", "name": "Jalur KA Kertosono-Bangil" }, "geometry": { "type": "MultiLineString", "coordinates": [ [ [ 112.2856801, -8.0911398 ], [ 112.2858858, -8.0911365 ] ] ] } },
{ "type": "Feature", "properties": { "osm_id": "261815936", "code": 6101, "fclass": "rail", "name": "Jalur KA Kertosono-Bangil" }, "geometry": { "type": "MultiLineString", "coordinates": [ [ [ 112.2797958, -8.0906894 ], [ 112.2798285, -8.0906935 ] ] ] } },
{ "type": "Feature", "properties": { "osm_id": "261815938", "code": 6101, "fclass": "rail", "name": "Jalur KA Kertosono-Bangil" }, "geometry": { "type": "MultiLineString", "coordinates": [ [ [ 112.2829321, -8.09135 ], [ 112.2832565, -8.0913592 ] ] ] } },
{ "type": "Feature", "properties": { "osm_id": "261815939", "code": 6101, "fclass": "rail", "name": "Jalur KA Kertosono-Bangil" }, "geometry": { "type": "MultiLineString", "coordinates": [ [ [ 112.2782981, -8.0905959 ], [ 112.2789767, -8.0905989 ], [ 112.2797958, -8.0906894 ] ] ] } },
{ "type": "Feature", "properties": { "osm_id": "261815940", "code": 6101, "fclass": "rail", "name": "Jalur KA Kertosono-Bangil" }, "geometry": { "type": "MultiLineString", "coordinates": [ [ [ 112.2798285, -8.0906935 ], [ 112.2803085, -8.0907859 ], [ 112.2819282, -8.091214 ], [ 112.2829321, -8.09135 ] ] ] } },
{ "type": "Feature", "properties": { "osm_id": "261815941", "code": 6101, "fclass": "rail", "name": "Jalur KA Kertosono-Bangil" }, "geometry": { "type": "MultiLineString", "coordinates": [ [ [ 112.2832565, -8.0913592 ], [ 112.2840669, -8.0913265 ], [ 112.2846609, -8.0912572 ], [ 112.285511, -8.0911452 ], [ 112.2856801, -8.0911398 ] ] ] } },
{ "type": "Feature", "properties": { "osm_id": "261815974", "code": 6101, "fclass": "rail", "name": null }, "geometry": { "type": "MultiLineString", "coordinates": [ [ [ 112.287315, -8.091343 ], [ 112.2874795, -8.0913606 ], [ 112.2892082, -8.0917664 ], [ 112.2896926, -8.0918971 ] ] ] } },
{ "type": "Feature", "properties": { "osm_id": "261819497", "code": 6101, "fclass": "rail", "name": "Jalur KA Kertosono-Bangil" }, "geometry": { "type": "MultiLineString", "coordinates": [ [ [ 112.2943517, -8.0910725 ], [ 112.2946799, -8.0909566 ], [ 112.295335, -8.090787 ], [ 112.2968983, -8.0904853 ], [ 112.2971773, -8.0904079 ], [ 112.2982065, -8.0899473 ], [ 112.2990554, -8.0893119 ], [ 112.2998279, -8.0885471 ], [ 112.3006862, -8.0875274 ], [ 112.3015167, -8.0869073 ], [ 112.3025069, -8.0865839 ], [ 112.3034766, -8.0865359 ], [ 112.3065125, -8.0866177 ], [ 112.3074845, -8.0866177 ], [ 112.3082043, -8.0865508 ], [ 112.3106164, -8.0858899 ], [ 112.3116981, -8.0857325 ], [ 112.3125485, -8.0857451 ], [ 112.3151593, -8.0860812 ], [ 112.3162454, -8.0863069 ], [ 112.3173439, -8.0866815 ], [ 112.3183427, -8.0872763 ], [ 112.3198687, -8.0884268 ], [ 112.3218731, -8.089922 ] ] ] } },
{ "type": "Feature", "properties": { "osm_id": "261819501", "code": 6101, "fclass": "rail", "name": "Jalur KA Kertosono-Bangil" }, "geometry": { "type": "MultiLineString", "coordinates": [ [ [ 112.2942513, -8.0911108 ], [ 112.2943517, -8.0910725 ] ] ] } },
{ "type": "Feature", "properties": { "osm_id": "261819503", "code": 6101, "fclass": "rail", "name": "Jalur KA Kertosono-Bangil" }, "geometry": { "type": "MultiLineString", "coordinates": [ [ [ 112.2921329, -8.0919334 ], [ 112.2923534, -8.0918894 ] ] ] } },
{ "type": "Feature", "properties": { "osm_id": "261819504", "code": 6101, "fclass": "rail", "name": "Jalur KA Kertosono-Bangil" }, "geometry": { "type": "MultiLineString", "coordinates": [ [ [ 112.2664296, -8.0884041 ], [ 112.2667863, -8.0885203 ] ] ] } },
{ "type": "Feature", "properties": { "osm_id": "261819506", "code": 6101, "fclass": "rail", "name": "Jalur KA Kertosono-Bangil" }, "geometry": { "type": "MultiLineString", "coordinates": [ [ [ 112.2923534, -8.0918894 ], [ 112.2929664, -8.0917176 ], [ 112.2934833, -8.0914843 ], [ 112.2937462, -8.0913366 ], [ 112.2942513, -8.0911108 ] ] ] } },
{ "type": "Feature", "properties": { "osm_id": "261819508", "code": 6101, "fclass": "rail", "name": "Jalur KA Kertosono-Bangil" }, "geometry": { "type": "MultiLineString", "coordinates": [ [ [ 112.2667863, -8.0885203 ], [ 112.2672305, -8.088678 ], [ 112.2711397, -8.0900657 ], [ 112.2723159, -8.0903464 ], [ 112.2747821, -8.0907145 ], [ 112.2758782, -8.0907683 ], [ 112.2775413, -8.0906493 ], [ 112.2782099, -8.0906002 ] ] ] } },
{ "type": "Feature", "properties": { "osm_id": "262067253", "code": 6101, "fclass": "rail", "name": "Jalur KA Kertosono-Bangil" }, "geometry": { "type": "MultiLineString", "coordinates": [ [ [ 112.2209531, -8.0739812 ], [ 112.2210604, -8.0740365 ] ] ] } },
{ "type": "Feature", "properties": { "osm_id": "262067254", "code": 6101, "fclass": "rail", "name": "Jalur KA Kertosono-Bangil" }, "geometry": { "type": "MultiLineString", "coordinates": [ [ [ 112.2208038, -8.0738835 ], [ 112.22088, -8.0739473 ] ] ] } },
{ "type": "Feature", "properties": { "osm_id": "262067255", "code": 6101, "fclass": "rail", "name": "Jalur KA Kertosono-Bangil" }, "geometry": { "type": "MultiLineString", "coordinates": [ [ [ 112.22088, -8.0739473 ], [ 112.2209531, -8.0739812 ] ] ] } },
{ "type": "Feature", "properties": { "osm_id": "262067256", "code": 6101, "fclass": "rail", "name": "Jalur KA Kertosono-Bangil" }, "geometry": { "type": "MultiLineString", "coordinates": [ [ [ 112.2210604, -8.0740365 ], [ 112.2213598, -8.0742128 ], [ 112.2217869, -8.0745668 ], [ 112.2222371, -8.0750121 ], [ 112.223373, -8.0760577 ], [ 112.2239574, -8.07639 ], [ 112.2247301, -8.0766339 ], [ 112.2258635, -8.0768568 ], [ 112.228021, -8.0769195 ], [ 112.2303666, -8.0771278 ], [ 112.2312226, -8.0772187 ], [ 112.2321527, -8.0774542 ], [ 112.2325959, -8.0776011 ], [ 112.2338072, -8.0781214 ], [ 112.2362616, -8.0796591 ], [ 112.2368566, -8.0800318 ], [ 112.2375316, -8.0802944 ], [ 112.2388076, -8.0806319 ], [ 112.2417923, -8.0811694 ], [ 112.2441256, -8.0817002 ], [ 112.2442124, -8.0817229 ], [ 112.2449751, -8.0818585 ], [ 112.2464178, -8.0823496 ], [ 112.2477473, -8.0831167 ], [ 112.2525858, -8.0854023 ], [ 112.2532666, -8.0856177 ], [ 112.2542452, -8.0858103 ], [ 112.2547973, -8.0858457 ], [ 112.2555126, -8.0858865 ], [ 112.2562479, -8.0858101 ], [ 112.2567143, -8.0857166 ], [ 112.2572965, -8.0856448 ], [ 112.2575869, -8.085609 ], [ 112.2581884, -8.0855858 ], [ 112.2586031, -8.0856056 ], [ 112.2589026, -8.0856429 ], [ 112.2593291, -8.0857546 ], [ 112.2605256, -8.0861748 ], [ 112.2664296, -8.0884041 ] ] ] } },
{ "type": "Feature", "properties": { "osm_id": "262334971", "code": 6101, "fclass": "rail", "name": "Jalur KA Kertosono-Bangil" }, "geometry": { "type": "MultiLineString", "coordinates": [ [ [ 112.063491, -7.7225753 ], [ 112.063314, -7.7228243 ] ] ] } },
{ "type": "Feature", "properties": { "osm_id": "262334972", "code": 6101, "fclass": "rail", "name": "Jalur KA Kertosono-Bangil" }, "geometry": { "type": "MultiLineString", "coordinates": [ [ [ 112.063314, -7.7228243 ], [ 112.0630596, -7.7231029 ], [ 112.0623101, -7.7239445 ], [ 112.06148, -7.7247559 ], [ 112.0604296, -7.7257267 ], [ 112.0603296, -7.725807 ], [ 112.0574602, -7.7281112 ], [ 112.0478758, -7.7362377 ], [ 112.0394644, -7.7433393 ], [ 112.0362458, -7.7462309 ], [ 112.0355162, -7.7472515 ], [ 112.0349154, -7.7483146 ], [ 112.0339712, -7.7509085 ], [ 112.028521, -7.765111 ], [ 112.0268441, -7.7695553 ], [ 112.0263752, -7.7703837 ], [ 112.0260614, -7.771252 ], [ 112.0255598, -7.7726798 ], [ 112.0231995, -7.7829273 ], [ 112.0218215, -7.7886139 ], [ 112.0202339, -7.7954811 ], [ 112.0183846, -7.8027605 ], [ 112.0174838, -7.8066031 ], [ 112.0164854, -7.8119183 ], [ 112.0160311, -7.8148025 ], [ 112.0157475, -7.8172541 ], [ 112.0150908, -7.8201669 ], [ 112.0149422, -7.821245 ], [ 112.0143051, -7.8253396 ], [ 112.0138431, -7.8285151 ], [ 112.0137213, -7.8293768 ] ] ] } },
{ "type": "Feature", "properties": { "osm_id": "262449175", "code": 6101, "fclass": "rail", "name": "Jalur KA Kertosono-Bangil" }, "geometry": { "type": "MultiLineString", "coordinates": [ [ [ 112.3218731, -8.089922 ], [ 112.3222876, -8.0903411 ] ] ] } },
{ "type": "Feature", "properties": { "osm_id": "262449176", "code": 6101, "fclass": "rail", "name": "Jalur KA Kertosono-Bangil" }, "geometry": { "type": "MultiLineString", "coordinates": [ [ [ 112.3222876, -8.0903411 ], [ 112.3234743, -8.0917337 ], [ 112.3245901, -8.0931358 ], [ 112.3255342, -8.0939431 ], [ 112.3265642, -8.094453 ], [ 112.3279804, -8.0949628 ], [ 112.3293966, -8.0956001 ], [ 112.3305553, -8.0964499 ], [ 112.3318427, -8.0979369 ], [ 112.3335164, -8.0999763 ], [ 112.3345893, -8.1011235 ], [ 112.3356622, -8.1024831 ], [ 112.3362201, -8.1034178 ], [ 112.3365634, -8.1042675 ], [ 112.3369068, -8.1054571 ], [ 112.3370355, -8.1070291 ], [ 112.3363489, -8.1226214 ], [ 112.3365205, -8.1244057 ], [ 112.3385375, -8.1302261 ], [ 112.3411768, -8.13799 ], [ 112.3413976, -8.1385993 ], [ 112.3416489, -8.139222 ], [ 112.3418849, -8.1397318 ], [ 112.3420888, -8.1400079 ], [ 112.3423999, -8.1402522 ], [ 112.3428076, -8.1404434 ], [ 112.3436659, -8.1406027 ], [ 112.3460477, -8.1409319 ], [ 112.346906, -8.1416116 ], [ 112.3482793, -8.1426312 ], [ 112.3499101, -8.1439907 ], [ 112.3520162, -8.1456789 ], [ 112.353, -8.1464546 ], [ 112.3542016, -8.1471344 ], [ 112.3554891, -8.1476441 ], [ 112.3572915, -8.147899 ], [ 112.3602098, -8.148069 ], [ 112.3616689, -8.1484088 ], [ 112.3635116, -8.1492717 ], [ 112.3647588, -8.1499382 ], [ 112.3658746, -8.1511277 ], [ 112.3671621, -8.1543563 ], [ 112.3679212, -8.1556075 ], [ 112.3705953, -8.1608134 ], [ 112.3712819, -8.1623427 ], [ 112.3725694, -8.1641269 ], [ 112.3740285, -8.1651464 ], [ 112.3757451, -8.1658261 ], [ 112.3774618, -8.1662509 ], [ 112.3792642, -8.1665058 ], [ 112.3808092, -8.1664208 ], [ 112.3821824, -8.165996 ], [ 112.3832982, -8.1649765 ], [ 112.3840707, -8.163957 ], [ 112.3851865, -8.1629374 ], [ 112.3873323, -8.1618329 ], [ 112.3888772, -8.1611532 ], [ 112.3900789, -8.1608984 ], [ 112.3913663, -8.1609833 ], [ 112.3928255, -8.1612382 ], [ 112.3956579, -8.1622577 ], [ 112.3964303, -8.1625976 ], [ 112.3972886, -8.1625976 ], [ 112.3984044, -8.1624277 ], [ 112.3994344, -8.1620878 ], [ 112.400636, -8.161748 ], [ 112.4022668, -8.161663 ], [ 112.4036401, -8.1614081 ], [ 112.4050992, -8.1608984 ], [ 112.4070733, -8.1600487 ], [ 112.4094766, -8.159454 ], [ 112.4108499, -8.1592841 ], [ 112.4118799, -8.1597089 ], [ 112.4129098, -8.1597089 ], [ 112.4139398, -8.159539 ], [ 112.4160856, -8.1586894 ], [ 112.4182313, -8.1577548 ], [ 112.4203858, -8.1571095 ], [ 112.4252695, -8.1562255 ], [ 112.428531, -8.1558006 ], [ 112.4311059, -8.1552059 ], [ 112.4336809, -8.1542713 ], [ 112.4343675, -8.1542713 ], [ 112.4363416, -8.1551209 ], [ 112.4372857, -8.1552909 ], [ 112.4381441, -8.1555458 ], [ 112.4392599, -8.1561405 ], [ 112.4406331, -8.157245 ], [ 112.4411481, -8.1580097 ], [ 112.4417815, -8.1588796 ], [ 112.4426182, -8.1592003 ], [ 112.4435258, -8.1590608 ], [ 112.444238, -8.1586044 ], [ 112.4448614, -8.1581362 ], [ 112.4454779, -8.1573966 ] ] ] } },
{ "type": "Feature", "properties": { "osm_id": "266280762", "code": 6101, "fclass": "rail", "name": "Abandon Rail" }, "geometry": { "type": "MultiLineString", "coordinates": [ [ [ 112.659733, -7.1730004 ], [ 112.6596198, -7.1730374 ], [ 112.6594473, -7.1731091 ], [ 112.6592733, -7.1731764 ], [ 112.6591804, -7.1732173 ], [ 112.6589401, -7.1733387 ], [ 112.6586614, -7.1734455 ], [ 112.6585715, -7.1734792 ], [ 112.6584565, -7.173507 ], [ 112.6582959, -7.1735317 ], [ 112.6581666, -7.1735338 ], [ 112.658077, -7.173542 ], [ 112.6579519, -7.1735462 ], [ 112.6578664, -7.173542 ], [ 112.6577079, -7.1735234 ], [ 112.6575661, -7.1734924 ], [ 112.6574431, -7.173451 ], [ 112.6573534, -7.1734179 ], [ 112.6572679, -7.1733745 ], [ 112.6571908, -7.1733372 ], [ 112.6570302, -7.17324 ], [ 112.6569552, -7.1731779 ], [ 112.6568655, -7.173091 ], [ 112.6567821, -7.1730041 ], [ 112.65673, -7.1729276 ], [ 112.6566612, -7.17282 ], [ 112.6566007, -7.1727124 ], [ 112.6565402, -7.172609 ], [ 112.6564962, -7.1725182 ], [ 112.6564654, -7.1724356 ], [ 112.6564315, -7.1723409 ], [ 112.6563984, -7.1722138 ], [ 112.6563421, -7.1719883 ], [ 112.6562771, -7.1717374 ], [ 112.6562316, -7.1715146 ], [ 112.6561899, -7.1713822 ], [ 112.6561294, -7.1712394 ], [ 112.6560773, -7.1711091 ], [ 112.6560023, -7.170956 ], [ 112.6559188, -7.1708381 ], [ 112.6558146, -7.170685 ], [ 112.6557416, -7.1706022 ], [ 112.6556207, -7.170505 ], [ 112.6552349, -7.170234 ], [ 112.6549075, -7.1700374 ], [ 112.6542236, -7.1696092 ], [ 112.6540214, -7.169485 ], [ 112.6537941, -7.1693319 ], [ 112.6536273, -7.1692326 ], [ 112.6534271, -7.169094 ], [ 112.6532811, -7.1690051 ], [ 112.6529767, -7.1688168 ], [ 112.6528474, -7.1687299 ], [ 112.6527536, -7.1686596 ], [ 112.6525346, -7.1684154 ], [ 112.6524074, -7.1682603 ], [ 112.6522615, -7.1680761 ], [ 112.6521614, -7.1679458 ], [ 112.6520571, -7.1678341 ], [ 112.6519529, -7.1677534 ], [ 112.6518653, -7.1676769 ], [ 112.6517027, -7.167532 ], [ 112.6515713, -7.1674286 ], [ 112.6513878, -7.1673169 ], [ 112.6512293, -7.1672238 ], [ 112.6507643, -7.1669776 ], [ 112.6502931, -7.1667645 ], [ 112.6495424, -7.1663755 ], [ 112.6493777, -7.1662824 ], [ 112.649213, -7.1661645 ], [ 112.6489503, -7.1659659 ], [ 112.6483748, -7.1654797 ], [ 112.6473718, -7.1646439 ], [ 112.646936, -7.1642736 ], [ 112.6467212, -7.1641453 ], [ 112.6452074, -7.1632867 ], [ 112.6442316, -7.162724 ], [ 112.6438708, -7.1625212 ], [ 112.6437144, -7.1624219 ], [ 112.6436415, -7.1623619 ], [ 112.6435581, -7.1622916 ], [ 112.6434747, -7.162213 ], [ 112.6433892, -7.1621075 ], [ 112.6432953, -7.1619419 ], [ 112.6431598, -7.1616771 ], [ 112.6430326, -7.1613833 ], [ 112.6427492, -7.1608429 ], [ 112.6425032, -7.1605243 ], [ 112.6422113, -7.1601767 ], [ 112.6415148, -7.1593119 ], [ 112.6413063, -7.1590926 ], [ 112.641127, -7.1588692 ], [ 112.6409977, -7.1586623 ], [ 112.6408934, -7.1583892 ], [ 112.6408392, -7.1580416 ], [ 112.6408142, -7.1576858 ], [ 112.6408677, -7.1573954 ], [ 112.6409336, -7.1570515 ], [ 112.6410122, -7.1567817 ], [ 112.6412452, -7.1559829 ], [ 112.6413749, -7.155427 ], [ 112.6415076, -7.1546955 ], [ 112.6415755, -7.1542742 ], [ 112.6417553, -7.1533438 ], [ 112.6418821, -7.1527088 ], [ 112.6419293, -7.1523841 ], [ 112.6419352, -7.1522641 ], [ 112.6419234, -7.1521441 ], [ 112.6419205, -7.1519364 ], [ 112.6418969, -7.1517667 ], [ 112.6418792, -7.1516497 ], [ 112.6418703, -7.1514712 ], [ 112.6418586, -7.1513278 ], [ 112.6418762, -7.1511903 ], [ 112.6419382, -7.1509796 ], [ 112.6421298, -7.1503535 ], [ 112.6423687, -7.1497829 ], [ 112.6424926, -7.1495225 ], [ 112.6426105, -7.1493119 ], [ 112.6427609, -7.1491129 ], [ 112.6429496, -7.1489315 ], [ 112.6431826, -7.1487325 ], [ 112.6434716, -7.1484633 ], [ 112.64356, -7.1483902 ] ] ] } },
{ "type": "Feature", "properties": { "osm_id": "266280763", "code": 6101, "fclass": "rail", "name": null }, "geometry": { "type": "MultiLineString", "coordinates": [ [ [ 112.6412452, -7.1559829 ], [ 112.6412919, -7.1556282 ], [ 112.6413398, -7.1553571 ], [ 112.641417, -7.154933 ], [ 112.6414337, -7.1547923 ], [ 112.6414733, -7.154513 ], [ 112.64154, -7.1540703 ], [ 112.641588, -7.1537827 ], [ 112.6416734, -7.1533606 ], [ 112.6417339, -7.1530193 ], [ 112.6417589, -7.1528393 ], [ 112.6417652, -7.1527131 ], [ 112.6417506, -7.1525807 ], [ 112.6417381, -7.1524482 ], [ 112.6417235, -7.1523613 ], [ 112.6416922, -7.1522662 ], [ 112.6416505, -7.1521565 ], [ 112.6416151, -7.1520924 ], [ 112.6415421, -7.1519765 ], [ 112.6414399, -7.1518545 ], [ 112.6413523, -7.1517531 ], [ 112.6412418, -7.1516496 ], [ 112.6411563, -7.1515814 ], [ 112.641025, -7.1515193 ], [ 112.6408436, -7.1514717 ], [ 112.6406017, -7.1514241 ], [ 112.6402998, -7.1513637 ], [ 112.6400975, -7.1513203 ], [ 112.6399078, -7.1512934 ], [ 112.6383856, -7.1510016 ], [ 112.6378789, -7.1509147 ] ] ] } },
{ "type": "Feature", "properties": { "osm_id": "266280764", "code": 6101, "fclass": "rail", "name": null }, "geometry": { "type": "MultiLineString", "coordinates": [ [ [ 112.6503422, -7.1728095 ], [ 112.6502837, -7.1726787 ], [ 112.650095, -7.1725734 ], [ 112.6490983, -7.1721462 ], [ 112.6475826, -7.171485 ], [ 112.6459399, -7.1707906 ], [ 112.6443239, -7.1701245 ], [ 112.6425911, -7.1693859 ] ] ] } },
{ "type": "Feature", "properties": { "osm_id": "266453671", "code": 6101, "fclass": "rail", "name": "Jalur KA Gambringan-Kandangan" }, "geometry": { "type": "MultiLineString", "coordinates": [ [ [ 112.5218855, -7.1554858 ], [ 112.5218275, -7.1554164 ], [ 112.5216439, -7.1552902 ], [ 112.5213213, -7.155115 ], [ 112.5208715, -7.1548697 ], [ 112.5206125, -7.1547389 ], [ 112.520184, -7.1545216 ], [ 112.5199014, -7.1543744 ], [ 112.5197013, -7.1542576 ], [ 112.5196047, -7.1542202 ], [ 112.5195104, -7.1542088 ] ] ] } },
{ "type": "Feature", "properties": { "osm_id": "266470325", "code": 6101, "fclass": "rail", "name": null }, "geometry": { "type": "MultiLineString", "coordinates": [ [ [ 112.1667247, -7.1075317 ], [ 112.1669746, -7.1073338 ], [ 112.1672939, -7.1071237 ], [ 112.1694679, -7.10586 ], [ 112.1707809, -7.1051373 ], [ 112.1717554, -7.1046431 ] ] ] } },
{ "type": "Feature", "properties": { "osm_id": "266489297", "code": 6101, "fclass": "rail", "name": null }, "geometry": { "type": "MultiLineString", "coordinates": [ [ [ 111.8883252, -7.1657654 ], [ 111.8881571, -7.1655629 ], [ 111.8878057, -7.1652177 ], [ 111.887201, -7.164678 ], [ 111.8869746, -7.1644936 ], [ 111.886157, -7.16385 ], [ 111.8859779, -7.1637125 ], [ 111.885782, -7.1635751 ], [ 111.8856063, -7.1634645 ], [ 111.8853427, -7.1633002 ] ] ] } },
{ "type": "Feature", "properties": { "osm_id": "270794778", "code": 6101, "fclass": "rail", "name": "Jalur KA Kertosono-Bangil" }, "geometry": { "type": "MultiLineString", "coordinates": [ [ [ 112.0137213, -7.8293768 ], [ 112.013663, -7.8295365 ] ] ] } },
{ "type": "Feature", "properties": { "osm_id": "270794779", "code": 6101, "fclass": "rail", "name": "Jalur KA Kertosono-Bangil" }, "geometry": { "type": "MultiLineString", "coordinates": [ [ [ 112.013663, -7.8295365 ], [ 112.0135617, -7.8301187 ], [ 112.0132593, -7.8318972 ] ] ] } },
{ "type": "Feature", "properties": { "osm_id": "283555967", "code": 6101, "fclass": "rail", "name": "Jalur KA Sidoarjo-Tarik" }, "geometry": { "type": "MultiLineString", "coordinates": [ [ [ 112.7079287, -7.4666769 ], [ 112.7074952, -7.4669142 ], [ 112.7066014, -7.4673149 ], [ 112.7059044, -7.4675615 ] ] ] } },
{ "type": "Feature", "properties": { "osm_id": "283555968", "code": 6101, "fclass": "rail", "name": "Jalur KA Sidoarjo-Tarik" }, "geometry": { "type": "MultiLineString", "coordinates": [ [ [ 112.7080278, -7.4666226 ], [ 112.7079287, -7.4666769 ] ] ] } },
{ "type": "Feature", "properties": { "osm_id": "283556020", "code": 6101, "fclass": "rail", "name": "Jalur KA Sidoarjo-Bangil" }, "geometry": { "type": "MultiLineString", "coordinates": [ [ [ 112.7117879, -7.4659381 ], [ 112.7117741, -7.4660926 ] ] ] } },
{ "type": "Feature", "properties": { "osm_id": "283556021", "code": 6101, "fclass": "rail", "name": "Jalur KA Sidoarjo-Bangil" }, "geometry": { "type": "MultiLineString", "coordinates": [ [ [ 112.7117741, -7.4660926 ], [ 112.7114452, -7.4697878 ], [ 112.7110294, -7.4749615 ] ] ] } },
{ "type": "Feature", "properties": { "osm_id": "300807128", "code": 6101, "fclass": "rail", "name": null }, "geometry": { "type": "MultiLineString", "coordinates": [ [ [ 112.7150122, -7.4426386 ], [ 112.7151462, -7.4423583 ] ] ] } },
{ "type": "Feature", "properties": { "osm_id": "302529686", "code": 6101, "fclass": "rail", "name": "Jalur KA Kertosono-Bangil" }, "geometry": { "type": "MultiLineString", "coordinates": [ [ [ 112.6384274, -7.9832944 ], [ 112.6384105, -7.9827703 ], [ 112.6383708, -7.9823204 ], [ 112.6382571, -7.9817522 ], [ 112.6381039, -7.9813174 ] ] ] } },
{ "type": "Feature", "properties": { "osm_id": "302529687", "code": 6101, "fclass": "rail", "name": "Jalur KA Kertosono-Bangil" }, "geometry": { "type": "MultiLineString", "coordinates": [ [ [ 112.6384226, -7.9838857 ], [ 112.6384274, -7.9832944 ] ] ] } },
{ "type": "Feature", "properties": { "osm_id": "302529688", "code": 6101, "fclass": "rail", "name": null }, "geometry": { "type": "MultiLineString", "coordinates": [ [ [ 112.637093, -7.975907 ], [ 112.6370855, -7.9764492 ], [ 112.6370564, -7.97681 ], [ 112.6370506, -7.9769572 ], [ 112.6370506, -7.9771074 ], [ 112.6371497, -7.9785969 ], [ 112.6371701, -7.9788292 ], [ 112.6371934, -7.978949 ], [ 112.6375082, -7.9799319 ], [ 112.6376015, -7.9802004 ], [ 112.6377917, -7.9805301 ] ] ] } },
{ "type": "Feature", "properties": { "osm_id": "302529689", "code": 6101, "fclass": "rail", "name": null }, "geometry": { "type": "MultiLineString", "coordinates": [ [ [ 112.6370855, -7.9764492 ], [ 112.6370783, -7.9768317 ], [ 112.6370812, -7.9770467 ], [ 112.637208, -7.9788148 ], [ 112.6372255, -7.9789346 ], [ 112.6375082, -7.9799319 ] ] ] } },
{ "type": "Feature", "properties": { "osm_id": "302529690", "code": 6101, "fclass": "rail", "name": null }, "geometry": { "type": "MultiLineString", "coordinates": [ [ [ 112.6374454, -7.9795825 ], [ 112.6373193, -7.978821 ], [ 112.6372012, -7.9771583 ], [ 112.6371793, -7.9768913 ], [ 112.6370511, -7.9746318 ] ] ] } },
{ "type": "Feature", "properties": { "osm_id": "302529692", "code": 6101, "fclass": "rail", "name": null }, "geometry": { "type": "MultiLineString", "coordinates": [ [ [ 112.6376235, -7.9749277 ], [ 112.6376715, -7.975156 ], [ 112.6376565, -7.9754133 ] ] ] } },
{ "type": "Feature", "properties": { "osm_id": "302529694", "code": 6101, "fclass": "rail", "name": null }, "geometry": { "type": "MultiLineString", "coordinates": [ [ [ 112.6376565, -7.9754133 ], [ 112.6376486, -7.9755775 ], [ 112.6376343, -7.9756506 ], [ 112.6376285, -7.9757386 ], [ 112.6376222, -7.9758299 ], [ 112.6376175, -7.9758884 ], [ 112.6376146, -7.975918 ], [ 112.637495, -7.9760326 ], [ 112.637464, -7.9761719 ], [ 112.6374519, -7.9762562 ], [ 112.6374446, -7.9766055 ], [ 112.6374446, -7.976747 ], [ 112.6374597, -7.9771234 ], [ 112.6374679, -7.97746 ], [ 112.6375627, -7.9788542 ], [ 112.6375764, -7.9792178 ], [ 112.6375903, -7.9795701 ], [ 112.6376093, -7.9797909 ], [ 112.6376443, -7.9800016 ], [ 112.6377332, -7.9803524 ] ] ] } },
{ "type": "Feature", "properties": { "osm_id": "302529695", "code": 6101, "fclass": "rail", "name": null }, "geometry": { "type": "MultiLineString", "coordinates": [ [ [ 112.6375583, -7.9773589 ], [ 112.6374912, -7.9762418 ], [ 112.637495, -7.9760326 ] ] ] } },
{ "type": "Feature", "properties": { "osm_id": "302529696", "code": 6101, "fclass": "rail", "name": null }, "geometry": { "type": "MultiLineString", "coordinates": [ [ [ 112.6376049, -7.9773575 ], [ 112.6375364, -7.9763977 ], [ 112.6375233, -7.9761162 ], [ 112.6376146, -7.975918 ] ] ] } },
{ "type": "Feature", "properties": { "osm_id": "302529697", "code": 6101, "fclass": "rail", "name": null }, "geometry": { "type": "MultiLineString", "coordinates": [ [ [ 112.6370711, -7.9731813 ], [ 112.6370758, -7.9733929 ], [ 112.6370906, -7.973535 ], [ 112.6371008, -7.9737621 ], [ 112.6370994, -7.9741975 ], [ 112.6370948, -7.9746372 ], [ 112.6370918, -7.9747584 ], [ 112.6370977, -7.9749731 ], [ 112.6371137, -7.9752087 ], [ 112.6371458, -7.9756706 ], [ 112.6371545, -7.9758568 ], [ 112.6371662, -7.9760238 ], [ 112.6372376, -7.9766474 ], [ 112.6372726, -7.9769894 ], [ 112.6372916, -7.9772608 ], [ 112.6374257, -7.9791645 ], [ 112.6374577, -7.9794604 ], [ 112.6375, -7.9796466 ], [ 112.6376078, -7.9800088 ] ] ] } },
{ "type": "Feature", "properties": { "osm_id": "302529698", "code": 6101, "fclass": "rail", "name": null }, "geometry": { "type": "MultiLineString", "coordinates": [ [ [ 112.637156, -7.9736279 ], [ 112.6371502, -7.9740725 ], [ 112.6371269, -7.9747523 ], [ 112.6371283, -7.9749558 ], [ 112.6371458, -7.9751622 ], [ 112.6371881, -7.9754898 ], [ 112.637261, -7.9758564 ], [ 112.6373397, -7.9761191 ], [ 112.6373819, -7.9763111 ], [ 112.6374597, -7.9771234 ] ] ] } },
{ "type": "Feature", "properties": { "osm_id": "302529699", "code": 6101, "fclass": "rail", "name": null }, "geometry": { "type": "MultiLineString", "coordinates": [ [ [ 112.6370977, -7.9749731 ], [ 112.6371444, -7.9754278 ], [ 112.6371721, -7.9756125 ], [ 112.6372945, -7.976174 ], [ 112.6373601, -7.9765348 ], [ 112.6374597, -7.9771234 ] ] ] } },
{ "type": "Feature", "properties": { "osm_id": "302529700", "code": 6101, "fclass": "rail", "name": null }, "geometry": { "type": "MultiLineString", "coordinates": [ [ [ 112.6371662, -7.9760238 ], [ 112.6372289, -7.976415 ], [ 112.637312, -7.9769447 ], [ 112.637328, -7.9771164 ], [ 112.6374577, -7.9790996 ], [ 112.637481, -7.9793594 ], [ 112.6375116, -7.9795542 ], [ 112.6375831, -7.9798602 ] ] ] } },
{ "type": "Feature", "properties": { "osm_id": "302529701", "code": 6101, "fclass": "rail", "name": null }, "geometry": { "type": "MultiLineString", "coordinates": [ [ [ 112.6374679, -7.97746 ], [ 112.6374402, -7.9772348 ], [ 112.637398, -7.9770775 ], [ 112.6373207, -7.9767672 ], [ 112.6372289, -7.976415 ] ] ] } },
{ "type": "Feature", "properties": { "osm_id": "302529702", "code": 6101, "fclass": "rail", "name": null }, "geometry": { "type": "MultiLineString", "coordinates": [ [ [ 112.6376093, -7.9797909 ], [ 112.6375699, -7.9795095 ], [ 112.6375364, -7.9791024 ], [ 112.637449, -7.9777789 ], [ 112.637398, -7.9770775 ] ] ] } },
{ "type": "Feature", "properties": { "osm_id": "302529703", "code": 6101, "fclass": "rail", "name": null }, "geometry": { "type": "MultiLineString", "coordinates": [ [ [ 112.6375764, -7.9792178 ], [ 112.637586, -7.9788095 ], [ 112.6374825, -7.9768956 ], [ 112.6374519, -7.9762562 ] ] ] } },
{ "type": "Feature", "properties": { "osm_id": "302529704", "code": 6101, "fclass": "rail", "name": null }, "geometry": { "type": "MultiLineString", "coordinates": [ [ [ 112.6376428, -7.9773618 ], [ 112.6376005, -7.976747 ], [ 112.6375641, -7.9762822 ], [ 112.6375912, -7.9761045 ], [ 112.6376282, -7.9759853 ], [ 112.6376349, -7.9759448 ], [ 112.6376457, -7.9758645 ], [ 112.637647, -7.9758266 ], [ 112.6376534, -7.9757792 ], [ 112.6376611, -7.9756971 ], [ 112.6376685, -7.9756294 ], [ 112.6376731, -7.9755929 ], [ 112.6376565, -7.9754133 ] ] ] } },
{ "type": "Feature", "properties": { "osm_id": "302529705", "code": 6101, "fclass": "rail", "name": null }, "geometry": { "type": "MultiLineString", "coordinates": [ [ [ 112.6377917, -7.9805301 ], [ 112.6376078, -7.9800088 ], [ 112.6375831, -7.9798602 ], [ 112.6375612, -7.9797173 ], [ 112.6375248, -7.9794373 ], [ 112.6375058, -7.979202 ], [ 112.6373601, -7.9770515 ], [ 112.6373207, -7.9767672 ] ] ] } },
{ "type": "Feature", "properties": { "osm_id": "313409678", "code": 6101, "fclass": "rail", "name": "Jalur KA Kertosono-Bangil" }, "geometry": { "type": "MultiLineString", "coordinates": [ [ [ 112.0988036, -8.1120791 ], [ 112.1037401, -8.1050535 ], [ 112.1043195, -8.1041401 ], [ 112.1045555, -8.1032691 ], [ 112.1045555, -8.1022494 ], [ 112.1044211, -8.1011092 ], [ 112.1040227, -8.1001502 ], [ 112.1035882, -8.0995138 ], [ 112.1022482, -8.098241 ], [ 112.1008177, -8.0969592 ], [ 112.0977598, -8.0940298 ], [ 112.0966939, -8.0923045 ], [ 112.0965078, -8.0902442 ], [ 112.096635, -8.0892327 ], [ 112.0970424, -8.0882915 ], [ 112.0975132, -8.0873593 ], [ 112.0982197, -8.0865546 ], [ 112.0987664, -8.0861825 ], [ 112.0992726, -8.0858554 ], [ 112.1002112, -8.0854142 ], [ 112.1006051, -8.0852465 ], [ 112.1010322, -8.0850943 ], [ 112.1017497, -8.0850266 ], [ 112.1024502, -8.0849759 ], [ 112.1032702, -8.0852127 ], [ 112.1304566, -8.0948781 ], [ 112.1627343, -8.1013714 ], [ 112.1652591, -8.1018455 ], [ 112.1682797, -8.1024619 ], [ 112.1713877, -8.1031122 ], [ 112.1721706, -8.103127 ], [ 112.1726862, -8.1030355 ], [ 112.173026, -8.1029406 ], [ 112.1733197, -8.1027983 ], [ 112.1739374, -8.1024818 ], [ 112.175152, -8.101871 ], [ 112.1783722, -8.1001705 ], [ 112.1797583, -8.0994662 ], [ 112.1808048, -8.0988946 ], [ 112.1814772, -8.098369 ], [ 112.1820577, -8.0977943 ], [ 112.1825319, -8.0972477 ], [ 112.1830416, -8.0966311 ], [ 112.1841033, -8.0953486 ], [ 112.1848961, -8.0943745 ], [ 112.186418, -8.0925385 ], [ 112.1874089, -8.0913541 ], [ 112.1878619, -8.0908846 ], [ 112.1882442, -8.0905132 ], [ 112.1887751, -8.0901347 ], [ 112.1917763, -8.0880884 ], [ 112.1924063, -8.0876469 ], [ 112.1929088, -8.0872194 ], [ 112.1933123, -8.0867639 ], [ 112.1937441, -8.0862243 ], [ 112.1945015, -8.0849628 ], [ 112.1961724, -8.0821784 ], [ 112.1965117, -8.0817251 ], [ 112.1969294, -8.0812836 ], [ 112.1972974, -8.0809682 ], [ 112.1977788, -8.0806038 ], [ 112.1989113, -8.0800151 ], [ 112.1997961, -8.0797138 ], [ 112.2003907, -8.0796017 ], [ 112.2010136, -8.0795456 ], [ 112.2019055, -8.0795105 ], [ 112.203937, -8.0793564 ], [ 112.2047581, -8.0791812 ], [ 112.2053668, -8.0789849 ], [ 112.2058481, -8.0787677 ], [ 112.2063153, -8.0785434 ], [ 112.2068816, -8.078179 ], [ 112.2074762, -8.0777375 ], [ 112.2087857, -8.0766092 ], [ 112.2096775, -8.0758102 ], [ 112.2104845, -8.0750884 ], [ 112.210987, -8.074731 ], [ 112.2116878, -8.0743385 ], [ 112.2123461, -8.0740442 ], [ 112.213238, -8.0737849 ], [ 112.2139387, -8.0736447 ], [ 112.2144271, -8.0736026 ], [ 112.2151775, -8.0735746 ], [ 112.216836, -8.0736194 ], [ 112.2188158, -8.0735886 ], [ 112.2191626, -8.0735746 ], [ 112.2193171, -8.0735879 ], [ 112.2195519, -8.0735956 ], [ 112.2197996, -8.0735848 ], [ 112.2201279, -8.0736353 ], [ 112.2205229, -8.0737629 ], [ 112.2208038, -8.0738835 ] ] ] } },
{ "type": "Feature", "properties": { "osm_id": "313913566", "code": 6101, "fclass": "rail", "name": "Jalur KA Surabaya Kota-Wonokromo" }, "geometry": { "type": "MultiLineString", "coordinates": [ [ [ 112.7519825, -7.2677236 ], [ 112.7519756, -7.2677943 ], [ 112.7516951, -7.2706638 ], [ 112.7515276, -7.2715739 ], [ 112.7511544, -7.2736012 ], [ 112.7504157, -7.2770229 ] ] ] } },
{ "type": "Feature", "properties": { "osm_id": "313913567", "code": 6101, "fclass": "rail", "name": "Jalur KA Surabaya Kota-Wonokromo" }, "geometry": { "type": "MultiLineString", "coordinates": [ [ [ 112.7519904, -7.2676425 ], [ 112.7519825, -7.2677236 ] ] ] } },
{ "type": "Feature", "properties": { "osm_id": "314689124", "code": 6101, "fclass": "rail", "name": null }, "geometry": { "type": "MultiLineString", "coordinates": [ [ [ 112.7520279, -7.2672587 ], [ 112.752263, -7.2659916 ], [ 112.7522898, -7.2658293 ], [ 112.7524373, -7.2640892 ], [ 112.7525446, -7.2628387 ], [ 112.7525754, -7.262435 ], [ 112.7527082, -7.2606968 ], [ 112.7527082, -7.260186 ], [ 112.7527377, -7.2596166 ], [ 112.7527294, -7.2588402 ] ] ] } },
{ "type": "Feature", "properties": { "osm_id": "326330414", "code": 6101, "fclass": "rail", "name": "Jalur KA Kertosono-Bangil" }, "geometry": { "type": "MultiLineString", "coordinates": [ [ [ 112.6147324, -8.0325628 ], [ 112.6149189, -8.032422 ], [ 112.6150449, -8.0323137 ], [ 112.6152625, -8.0320601 ], [ 112.6154889, -8.0317822 ], [ 112.6156218, -8.0316441 ], [ 112.6156997, -8.0315104 ], [ 112.615738, -8.0314237 ], [ 112.6158356, -8.0312744 ], [ 112.6158921, -8.0310911 ], [ 112.6161042, -8.0306273 ], [ 112.6163745, -8.0299567 ], [ 112.6165894, -8.0294237 ], [ 112.6169029, -8.0286458 ], [ 112.6201495, -8.0205995 ], [ 112.6223334, -8.0153892 ], [ 112.622539, -8.0151663 ], [ 112.6228388, -8.0148439 ], [ 112.6230726, -8.014612 ], [ 112.6232797, -8.0143386 ], [ 112.6234836, -8.014092 ], [ 112.6236119, -8.0138364 ], [ 112.623692, -8.0136987 ], [ 112.6239391, -8.013201 ], [ 112.6241905, -8.0126498 ], [ 112.6246494, -8.0115481 ], [ 112.6262341, -8.0078093 ], [ 112.627775, -8.0041068 ], [ 112.6284535, -8.0025041 ], [ 112.6293409, -8.0004079 ], [ 112.6301419, -7.998537 ], [ 112.630975, -7.9967645 ], [ 112.6317039, -7.9956332 ], [ 112.632626, -7.9944724 ], [ 112.6331489, -7.9939282 ], [ 112.6341772, -7.9931489 ], [ 112.6347733, -7.9925925 ], [ 112.6352101, -7.9918941 ], [ 112.6354653, -7.9910814 ], [ 112.6354957, -7.9909845 ], [ 112.635568, -7.9907039 ], [ 112.6356348, -7.9904029 ], [ 112.6356712, -7.9902737 ], [ 112.6357611, -7.9899546 ], [ 112.6358839, -7.9896676 ], [ 112.6359399, -7.9895365 ], [ 112.6359869, -7.9894267 ], [ 112.6360419, -7.9892981 ], [ 112.6361019, -7.9891579 ], [ 112.6367708, -7.9875939 ], [ 112.6371676, -7.9866738 ], [ 112.637365, -7.9864017 ], [ 112.6377458, -7.9859105 ], [ 112.638105, -7.9853896 ], [ 112.6382903, -7.984966 ], [ 112.638363, -7.9847888 ], [ 112.6384263, -7.9844068 ], [ 112.6384301, -7.9841959 ], [ 112.6384226, -7.9838857 ] ] ] } },
{ "type": "Feature", "properties": { "osm_id": "329103796", "code": 6101, "fclass": "rail", "name": "Jalur KA Solo Balapan-Kertosono" }, "geometry": { "type": "MultiLineString", "coordinates": [ [ [ 112.0453054, -7.6022428 ], [ 112.0454094, -7.6022206 ] ] ] } },
{ "type": "Feature", "properties": { "osm_id": "329103797", "code": 6101, "fclass": "rail", "name": "Jalur KA Solo Balapan-Kertosono" }, "geometry": { "type": "MultiLineString", "coordinates": [ [ [ 112.0454094, -7.6022206 ], [ 112.0513806, -7.6009509 ], [ 112.0706304, -7.5968576 ], [ 112.0914443, -7.5924761 ], [ 112.0947059, -7.5917104 ], [ 112.0960362, -7.5914977 ], [ 112.0968291, -7.5914342 ], [ 112.0975491, -7.5914198 ], [ 112.0983108, -7.5914551 ], [ 112.0984687, -7.5914864 ], [ 112.0987205, -7.5915364 ], [ 112.0989628, -7.5915845 ], [ 112.1006401, -7.5922146 ], [ 112.1019855, -7.59272 ], [ 112.1024002, -7.5928206 ], [ 112.1025335, -7.5928529 ], [ 112.1032523, -7.5931021 ], [ 112.1040095, -7.5933523 ], [ 112.1047051, -7.5935821 ], [ 112.1083829, -7.5950042 ] ] ] } },
{ "type": "Feature", "properties": { "osm_id": "329103800", "code": 6101, "fclass": "rail", "name": "Jalur KA Solo Balapan-Kertosono" }, "geometry": { "type": "MultiLineString", "coordinates": [ [ [ 111.9045203, -7.6003537 ], [ 111.9046386, -7.6003608 ] ] ] } },
{ "type": "Feature", "properties": { "osm_id": "329103801", "code": 6101, "fclass": "rail", "name": "Jalur KA Solo Balapan-Kertosono" }, "geometry": { "type": "MultiLineString", "coordinates": [ [ [ 111.9046386, -7.6003608 ], [ 111.9135006, -7.6008932 ], [ 111.9390974, -7.6024521 ], [ 111.9426259, -7.6026669 ], [ 111.9434621, -7.6027202 ], [ 111.9439355, -7.6027846 ], [ 111.9443753, -7.6028122 ], [ 111.9783195, -7.6049398 ], [ 111.9966872, -7.6059182 ], [ 111.9992192, -7.6059182 ], [ 112.0218193, -7.604026 ], [ 112.0241101, -7.6038338 ], [ 112.0372223, -7.6029874 ], [ 112.0390078, -7.6028499 ], [ 112.0410177, -7.6027002 ], [ 112.0413234, -7.6026763 ], [ 112.0440658, -7.6024301 ], [ 112.0452245, -7.6022599 ], [ 112.0453054, -7.6022428 ] ] ] } },
{ "type": "Feature", "properties": { "osm_id": "334838928", "code": 6101, "fclass": "rail", "name": "Jalur KA Solo Balapan-Kertosono" }, "geometry": { "type": "MultiLineString", "coordinates": [ [ [ 111.8961781, -7.5981199 ], [ 111.8977674, -7.5990696 ], [ 111.8984969, -7.5994524 ], [ 111.8995698, -7.5998778 ], [ 111.9002322, -7.6000075 ], [ 111.9003852, -7.600048 ], [ 111.9009555, -7.600113 ], [ 111.9015758, -7.6001691 ], [ 111.9020765, -7.6002143 ], [ 111.9027159, -7.6002645 ], [ 111.9033408, -7.6002977 ], [ 111.9037874, -7.6002991 ], [ 111.9045203, -7.6003537 ] ] ] } },
{ "type": "Feature", "properties": { "osm_id": "334838929", "code": 6101, "fclass": "rail", "name": "Jalur KA Solo Balapan-Kertosono" }, "geometry": { "type": "MultiLineString", "coordinates": [ [ [ 111.8957452, -7.5978612 ], [ 111.8961781, -7.5981199 ] ] ] } },
{ "type": "Feature", "properties": { "osm_id": "340935925", "code": 6101, "fclass": "rail", "name": null }, "geometry": { "type": "MultiLineString", "coordinates": [ [ [ 114.3989182, -8.1314959 ], [ 114.3989024, -8.1314054 ] ] ] } },
{ "type": "Feature", "properties": { "osm_id": "353131202", "code": 6101, "fclass": "rail", "name": null }, "geometry": { "type": "MultiLineString", "coordinates": [ [ [ 112.0410177, -7.6027002 ], [ 112.040607, -7.6027798 ], [ 112.0403446, -7.6028232 ], [ 112.0378524, -7.6030168 ], [ 112.0375959, -7.603011 ], [ 112.0372223, -7.6029874 ] ] ] } },
{ "type": "Feature", "properties": { "osm_id": "353131203", "code": 6101, "fclass": "rail", "name": null }, "geometry": { "type": "MultiLineString", "coordinates": [ [ [ 112.1040095, -7.5933523 ], [ 112.1030232, -7.5928818 ], [ 112.1020584, -7.5925148 ] ] ] } },
{ "type": "Feature", "properties": { "osm_id": "353131204", "code": 6101, "fclass": "rail", "name": null }, "geometry": { "type": "MultiLineString", "coordinates": [ [ [ 112.1032523, -7.5931021 ], [ 112.102446, -7.5927778 ], [ 112.1006758, -7.5921148 ], [ 112.099607, -7.5917145 ], [ 112.0994123, -7.5916537 ], [ 112.0991911, -7.5916213 ], [ 112.0989628, -7.5915845 ] ] ] } },
{ "type": "Feature", "properties": { "osm_id": "353131205", "code": 6101, "fclass": "rail", "name": null }, "geometry": { "type": "MultiLineString", "coordinates": [ [ [ 112.1025335, -7.5928529 ], [ 112.1006615, -7.5921531 ], [ 112.0994184, -7.5916884 ], [ 112.0991911, -7.5916213 ] ] ] } },
{ "type": "Feature", "properties": { "osm_id": "353326895", "code": 6101, "fclass": "rail", "name": null }, "geometry": { "type": "MultiLineString", "coordinates": [ [ [ 112.0987205, -7.5915364 ], [ 112.1018892, -7.5927327 ], [ 112.1019529, -7.592749 ], [ 112.1020892, -7.5927841 ], [ 112.1024002, -7.5928206 ] ] ] } },
{ "type": "Feature", "properties": { "osm_id": "353326896", "code": 6101, "fclass": "rail", "name": null }, "geometry": { "type": "MultiLineString", "coordinates": [ [ [ 112.1019529, -7.592749 ], [ 112.1017719, -7.592725 ], [ 112.0988488, -7.591627 ], [ 112.0987172, -7.5915784 ], [ 112.0984687, -7.5914864 ] ] ] } },
{ "type": "Feature", "properties": { "osm_id": "353326897", "code": 6101, "fclass": "rail", "name": null }, "geometry": { "type": "MultiLineString", "coordinates": [ [ [ 112.1017719, -7.592725 ], [ 112.1015603, -7.5926831 ], [ 112.1013623, -7.5926202 ], [ 112.0987815, -7.5916461 ], [ 112.098518, -7.5915641 ], [ 112.0984221, -7.5915441 ], [ 112.0981719, -7.5914917 ] ] ] } },
{ "type": "Feature", "properties": { "osm_id": "353326898", "code": 6101, "fclass": "rail", "name": null }, "geometry": { "type": "MultiLineString", "coordinates": [ [ [ 112.098518, -7.5915641 ], [ 112.0987172, -7.5915784 ] ] ] } },
{ "type": "Feature", "properties": { "osm_id": "353326899", "code": 6101, "fclass": "rail", "name": null }, "geometry": { "type": "MultiLineString", "coordinates": [ [ [ 112.0984221, -7.5915441 ], [ 112.1002911, -7.5922561 ], [ 112.1012796, -7.5926297 ], [ 112.1015603, -7.5926831 ] ] ] } },
{ "type": "Feature", "properties": { "osm_id": "353326900", "code": 6101, "fclass": "rail", "name": null }, "geometry": { "type": "MultiLineString", "coordinates": [ [ [ 112.1012796, -7.5926297 ], [ 112.1016084, -7.5927327 ], [ 112.1018103, -7.5927689 ], [ 112.1019738, -7.5927956 ], [ 112.1024698, -7.5929014 ], [ 112.1030023, -7.5930782 ] ] ] } },
{ "type": "Feature", "properties": { "osm_id": "353326901", "code": 6101, "fclass": "rail", "name": null }, "geometry": { "type": "MultiLineString", "coordinates": [ [ [ 112.1016084, -7.5927327 ], [ 112.1012738, -7.5926888 ], [ 112.1010123, -7.5925956 ], [ 112.10052, -7.59242 ], [ 112.1003315, -7.5923686 ], [ 112.0992084, -7.5920769 ], [ 112.0986565, -7.5918825 ] ] ] } },
{ "type": "Feature", "properties": { "osm_id": "353326902", "code": 6101, "fclass": "rail", "name": null }, "geometry": { "type": "MultiLineString", "coordinates": [ [ [ 112.1010123, -7.5925956 ], [ 112.1006238, -7.5925382 ], [ 112.1004123, -7.5924982 ], [ 112.1001584, -7.5924315 ], [ 112.099993, -7.592401 ], [ 112.0995565, -7.5923571 ] ] ] } },
{ "type": "Feature", "properties": { "osm_id": "353327621", "code": 6101, "fclass": "rail", "name": null }, "geometry": { "type": "MultiLineString", "coordinates": [ [ [ 111.9439355, -7.6027846 ], [ 111.941325, -7.6026359 ], [ 111.9394917, -7.6025189 ], [ 111.9390974, -7.6024521 ] ] ] } },
{ "type": "Feature", "properties": { "osm_id": "353327970", "code": 6101, "fclass": "rail", "name": null }, "geometry": { "type": "MultiLineString", "coordinates": [ [ [ 112.1020892, -7.5927841 ], [ 112.1022995, -7.5928376 ], [ 112.1024698, -7.5929014 ] ] ] } },
{ "type": "Feature", "properties": { "osm_id": "353328342", "code": 6101, "fclass": "rail", "name": null }, "geometry": { "type": "MultiLineString", "coordinates": [ [ [ 111.9015758, -7.6001691 ], [ 111.9018857, -7.6001635 ], [ 111.9035527, -7.6002672 ], [ 111.9037874, -7.6002991 ] ] ] } },
{ "type": "Feature", "properties": { "osm_id": "363873190", "code": 6101, "fclass": "rail", "name": "Jalur KA Kertosono-Bangil" }, "geometry": { "type": "MultiLineString", "coordinates": [ [ [ 112.0132593, -7.8318972 ], [ 112.0132358, -7.8320412 ] ] ] } },
{ "type": "Feature", "properties": { "osm_id": "363873191", "code": 6101, "fclass": "rail", "name": "Jalur KA Kertosono-Bangil" }, "geometry": { "type": "MultiLineString", "coordinates": [ [ [ 112.0132358, -7.8320412 ], [ 112.012995, -7.8335194 ], [ 112.0126088, -7.835475 ], [ 112.0109956, -7.8421634 ], [ 112.0104879, -7.8442328 ], [ 112.0097854, -7.8470622 ], [ 112.0084887, -7.8523411 ], [ 112.0073133, -7.8569333 ], [ 112.0069565, -7.85797 ], [ 112.0059442, -7.8604998 ], [ 112.0048979, -7.8630251 ], [ 112.0008071, -7.8730138 ], [ 111.9974168, -7.8818134 ], [ 111.996301, -7.8840665 ], [ 111.9950994, -7.8861069 ], [ 111.9878284, -7.8984512 ], [ 111.9779761, -7.9151399 ], [ 111.9741567, -7.9215583 ], [ 111.9713672, -7.9265315 ], [ 111.9684918, -7.9323547 ], [ 111.9666631, -7.9360136 ], [ 111.9650654, -7.9392238 ], [ 111.9619687, -7.9450634 ], [ 111.9601477, -7.9488146 ], [ 111.9596513, -7.9498237 ], [ 111.9555743, -7.9578992 ], [ 111.9532998, -7.9621919 ], [ 111.949137, -7.9697146 ], [ 111.9346745, -7.9963193 ], [ 111.9269351, -8.0104536 ], [ 111.9239731, -8.015832 ] ] ] } },
{ "type": "Feature", "properties": { "osm_id": "363961478", "code": 6101, "fclass": "rail", "name": "Jalur KA Kertosono-Wonokromo" }, "geometry": { "type": "MultiLineString", "coordinates": [ [ [ 112.5065331, -7.4642632 ], [ 112.5080249, -7.4623674 ] ] ] } },
{ "type": "Feature", "properties": { "osm_id": "363961479", "code": 6101, "fclass": "rail", "name": "Jalur KA Kertosono-Wonokromo" }, "geometry": { "type": "MultiLineString", "coordinates": [ [ [ 112.5080249, -7.4623674 ], [ 112.5086199, -7.4617202 ], [ 112.5091605, -7.461201 ], [ 112.5099808, -7.4605606 ], [ 112.5108166, -7.46005 ], [ 112.5116009, -7.4597085 ], [ 112.512339, -7.4594654 ], [ 112.5129935, -7.459326 ], [ 112.5141533, -7.4592457 ], [ 112.5150679, -7.4592867 ], [ 112.5164433, -7.4593402 ], [ 112.5189076, -7.4594361 ], [ 112.5210842, -7.4594979 ], [ 112.5226322, -7.4593995 ], [ 112.5237363, -7.4591754 ], [ 112.5245474, -7.4589239 ], [ 112.5257889, -7.4583946 ], [ 112.5265322, -7.4579661 ], [ 112.5271959, -7.457481 ], [ 112.5285051, -7.4564298 ], [ 112.5527074, -7.4369355 ], [ 112.5749565, -7.4190205 ], [ 112.5771632, -7.4172684 ], [ 112.5772174, -7.4172253 ], [ 112.5820708, -7.4133362 ], [ 112.5861697, -7.4100612 ], [ 112.6029579, -7.3966581 ], [ 112.6040905, -7.3959466 ] ] ] } },
{ "type": "Feature", "properties": { "osm_id": "367072981", "code": 6101, "fclass": "rail", "name": null }, "geometry": { "type": "MultiLineString", "coordinates": [ [ [ 112.7132628, -7.4532457 ], [ 112.7131514, -7.4536169 ], [ 112.7130515, -7.4540943 ], [ 112.7129805, -7.4543746 ], [ 112.7129211, -7.4545791 ], [ 112.7127918, -7.4552945 ], [ 112.7127089, -7.4561643 ], [ 112.7126538, -7.4567795 ], [ 112.7125338, -7.4582538 ] ] ] } },
{ "type": "Feature", "properties": { "osm_id": "367072990", "code": 6101, "fclass": "rail", "name": "Jalur KA Sidoarjo-Bangil" }, "geometry": { "type": "MultiLineString", "coordinates": [ [ [ 112.712585, -7.4585649 ], [ 112.7124996, -7.4593951 ], [ 112.7123848, -7.4606436 ], [ 112.7121055, -7.4637424 ], [ 112.7117879, -7.4659381 ] ] ] } },
{ "type": "Feature", "properties": { "osm_id": "367072992", "code": 6101, "fclass": "rail", "name": null }, "geometry": { "type": "MultiLineString", "coordinates": [ [ [ 112.7129805, -7.4543746 ], [ 112.7128422, -7.455307 ], [ 112.7127957, -7.4557839 ], [ 112.7127045, -7.4567918 ], [ 112.712625, -7.4576075 ], [ 112.7125704, -7.4582651 ] ] ] } },
{ "type": "Feature", "properties": { "osm_id": "367072994", "code": 6101, "fclass": "rail", "name": null }, "geometry": { "type": "MultiLineString", "coordinates": [ [ [ 112.7125704, -7.4582651 ], [ 112.7125436, -7.4585603 ] ] ] } },
{ "type": "Feature", "properties": { "osm_id": "367072996", "code": 6101, "fclass": "rail", "name": null }, "geometry": { "type": "MultiLineString", "coordinates": [ [ [ 112.7125436, -7.4585603 ], [ 112.7124632, -7.45939 ], [ 112.7123706, -7.4604416 ], [ 112.7123848, -7.4606436 ] ] ] } },
{ "type": "Feature", "properties": { "osm_id": "367072998", "code": 6101, "fclass": "rail", "name": null }, "geometry": { "type": "MultiLineString", "coordinates": [ [ [ 112.7125338, -7.4582538 ], [ 112.7125096, -7.4585649 ] ] ] } },
{ "type": "Feature", "properties": { "osm_id": "367073004", "code": 6101, "fclass": "rail", "name": null }, "geometry": { "type": "MultiLineString", "coordinates": [ [ [ 112.7124903, -7.4587752 ], [ 112.7124169, -7.4591284 ] ] ] } },
{ "type": "Feature", "properties": { "osm_id": "367073006", "code": 6101, "fclass": "rail", "name": null }, "geometry": { "type": "MultiLineString", "coordinates": [ [ [ 112.7125096, -7.4585649 ], [ 112.7124903, -7.4587752 ], [ 112.7124343, -7.4593859 ], [ 112.7123562, -7.460211 ], [ 112.7123706, -7.4604416 ] ] ] } },
{ "type": "Feature", "properties": { "osm_id": "367073010", "code": 6101, "fclass": "rail", "name": "Jalur KA Sidoarjo-Bangil" }, "geometry": { "type": "MultiLineString", "coordinates": [ [ [ 112.7126129, -7.4582642 ], [ 112.712585, -7.4585649 ] ] ] } },
{ "type": "Feature", "properties": { "osm_id": "367073012", "code": 6101, "fclass": "rail", "name": null }, "geometry": { "type": "MultiLineString", "coordinates": [ [ [ 112.7131514, -7.4536169 ], [ 112.7130666, -7.4538557 ], [ 112.7130095, -7.454087 ], [ 112.7128789, -7.4545578 ], [ 112.7127426, -7.4552807 ], [ 112.7125982, -7.4567804 ] ] ] } },
{ "type": "Feature", "properties": { "osm_id": "367073512", "code": 6101, "fclass": "rail", "name": "Jalur KA Sidoarjo-Tarik" }, "geometry": { "type": "MultiLineString", "coordinates": [ [ [ 112.7125982, -7.4567804 ], [ 112.7125392, -7.4575224 ], [ 112.7124891, -7.4582497 ] ] ] } },
{ "type": "Feature", "properties": { "osm_id": "367074769", "code": 6101, "fclass": "rail", "name": null }, "geometry": { "type": "MultiLineString", "coordinates": [ [ [ 112.2300468, -7.5593801 ], [ 112.2302354, -7.5592763 ], [ 112.2335085, -7.5580795 ], [ 112.2344051, -7.5577532 ], [ 112.2352701, -7.5574293 ], [ 112.2357943, -7.5572361 ], [ 112.236035, -7.5571899 ] ] ] } },
{ "type": "Feature", "properties": { "osm_id": "367096200", "code": 6101, "fclass": "rail", "name": null }, "geometry": { "type": "MultiLineString", "coordinates": [ [ [ 112.2342801, -7.5579784 ], [ 112.2344656, -7.5578997 ], [ 112.2346748, -7.5577614 ], [ 112.2349929, -7.5576357 ] ] ] } },
{ "type": "Feature", "properties": { "osm_id": "367096209", "code": 6101, "fclass": "rail", "name": null }, "geometry": { "type": "MultiLineString", "coordinates": [ [ [ 112.2343405, -7.5578617 ], [ 112.2341962, -7.5579632 ], [ 112.2335581, -7.5581926 ], [ 112.232377, -7.5586156 ], [ 112.2319169, -7.5587346 ] ] ] } },
{ "type": "Feature", "properties": { "osm_id": "367096215", "code": 6101, "fclass": "rail", "name": null }, "geometry": { "type": "MultiLineString", "coordinates": [ [ [ 112.2302354, -7.5592763 ], [ 112.2288076, -7.5598058 ] ] ] } },
{ "type": "Feature", "properties": { "osm_id": "367096217", "code": 6101, "fclass": "rail", "name": null }, "geometry": { "type": "MultiLineString", "coordinates": [ [ [ 112.2345616, -7.5577733 ], [ 112.2342801, -7.5579784 ], [ 112.23357, -7.5582363 ], [ 112.2321317, -7.5587531 ], [ 112.2316748, -7.5588297 ] ] ] } },
{ "type": "Feature", "properties": { "osm_id": "367096218", "code": 6101, "fclass": "rail", "name": null }, "geometry": { "type": "MultiLineString", "coordinates": [ [ [ 112.2292789, -7.5597124 ], [ 112.2304983, -7.5592548 ] ] ] } },
{ "type": "Feature", "properties": { "osm_id": "367102618", "code": 6101, "fclass": "rail", "name": null }, "geometry": { "type": "MultiLineString", "coordinates": [ [ [ 112.2342801, -7.5579784 ], [ 112.2341626, -7.5580645 ], [ 112.2323902, -7.5587046 ], [ 112.2321317, -7.5587531 ] ] ] } },
{ "type": "Feature", "properties": { "osm_id": "367102619", "code": 6101, "fclass": "rail", "name": null }, "geometry": { "type": "MultiLineString", "coordinates": [ [ [ 112.2340273, -7.558151 ], [ 112.2338748, -7.558253 ], [ 112.232894, -7.5586043 ], [ 112.2326261, -7.5586577 ] ] ] } },
{ "type": "Feature", "properties": { "osm_id": "367102625", "code": 6101, "fclass": "rail", "name": null }, "geometry": { "type": "MultiLineString", "coordinates": [ [ [ 112.2349502, -7.5575931 ], [ 112.2348592, -7.5576588 ], [ 112.2345616, -7.5577733 ], [ 112.2343405, -7.5578617 ], [ 112.2335438, -7.5581528 ], [ 112.2319169, -7.5587346 ], [ 112.2316748, -7.5588297 ], [ 112.2304983, -7.5592548 ], [ 112.2302296, -7.5593133 ] ] ] } },
{ "type": "Feature", "properties": { "osm_id": "367102626", "code": 6101, "fclass": "rail", "name": null }, "geometry": { "type": "MultiLineString", "coordinates": [ [ [ 112.2341626, -7.5580645 ], [ 112.2340273, -7.558151 ], [ 112.2326261, -7.5586577 ], [ 112.2323902, -7.5587046 ] ] ] } },
{ "type": "Feature", "properties": { "osm_id": "367102628", "code": 6101, "fclass": "rail", "name": null }, "geometry": { "type": "MultiLineString", "coordinates": [ [ [ 112.2347529, -7.5579636 ], [ 112.2331596, -7.558546 ], [ 112.232894, -7.5586043 ] ] ] } },
{ "type": "Feature", "properties": { "osm_id": "367102630", "code": 6101, "fclass": "rail", "name": null }, "geometry": { "type": "MultiLineString", "coordinates": [ [ [ 112.2338748, -7.558253 ], [ 112.2347446, -7.5579315 ] ] ] } },
{ "type": "Feature", "properties": { "osm_id": "367388308", "code": 6101, "fclass": "rail", "name": null }, "geometry": { "type": "MultiLineString", "coordinates": [ [ [ 112.4368022, -7.4726695 ], [ 112.4364015, -7.4727114 ], [ 112.4335808, -7.4726482 ], [ 112.433339, -7.4726209 ], [ 112.4330605, -7.4725418 ] ] ] } },
{ "type": "Feature", "properties": { "osm_id": "367388309", "code": 6101, "fclass": "rail", "name": null }, "geometry": { "type": "MultiLineString", "coordinates": [ [ [ 112.4375535, -7.4726434 ], [ 112.4368741, -7.472667 ], [ 112.4368022, -7.4726695 ], [ 112.4334347, -7.4725918 ], [ 112.4333364, -7.4725837 ], [ 112.4330605, -7.4725418 ], [ 112.4328923, -7.4724982 ] ] ] } },
{ "type": "Feature", "properties": { "osm_id": "367388310", "code": 6101, "fclass": "rail", "name": null }, "geometry": { "type": "MultiLineString", "coordinates": [ [ [ 112.4349725, -7.4723709 ], [ 112.4356457, -7.4723896 ], [ 112.4358362, -7.4724029 ], [ 112.4359488, -7.4724215 ], [ 112.4360803, -7.4724561 ], [ 112.4362278, -7.4724959 ], [ 112.4363382, -7.4725152 ], [ 112.4365072, -7.4725331 ] ] ] } },
{ "type": "Feature", "properties": { "osm_id": "367388311", "code": 6101, "fclass": "rail", "name": null }, "geometry": { "type": "MultiLineString", "coordinates": [ [ [ 112.4380432, -7.4726082 ], [ 112.4375535, -7.4726434 ], [ 112.4339372, -7.4725598 ], [ 112.4337603, -7.4725616 ], [ 112.4336519, -7.4725669 ], [ 112.4334347, -7.4725918 ] ] ] } },
{ "type": "Feature", "properties": { "osm_id": "367388312", "code": 6101, "fclass": "rail", "name": null }, "geometry": { "type": "MultiLineString", "coordinates": [ [ [ 112.4364015, -7.4727114 ], [ 112.4361205, -7.4727672 ], [ 112.433905, -7.4727167 ], [ 112.4336529, -7.4726954 ], [ 112.4334843, -7.4726642 ], [ 112.433339, -7.4726209 ] ] ] } },
{ "type": "Feature", "properties": { "osm_id": "390884339", "code": 6101, "fclass": "rail", "name": "Jalur KA Kalisat-Banyuwangi Baru" }, "geometry": { "type": "MultiLineString", "coordinates": [ [ [ 113.8384013, -8.134188 ], [ 113.838588, -8.1342955 ] ] ] } },
{ "type": "Feature", "properties": { "osm_id": "390884340", "code": 6101, "fclass": "rail", "name": "Jalur KA Kalisat-Banyuwangi Baru" }, "geometry": { "type": "MultiLineString", "coordinates": [ [ [ 113.824873, -8.1349626 ], [ 113.8254119, -8.134627 ], [ 113.8257655, -8.1345049 ], [ 113.8264917, -8.1343872 ], [ 113.8272082, -8.1344449 ], [ 113.8315694, -8.1353784 ], [ 113.8319702, -8.1354302 ], [ 113.8323587, -8.1354215 ], [ 113.8327429, -8.1353554 ], [ 113.8331073, -8.1352437 ], [ 113.8334255, -8.1350764 ], [ 113.8349998, -8.1340319 ], [ 113.8353314, -8.1338542 ], [ 113.8355012, -8.1337686 ], [ 113.8357245, -8.1336902 ], [ 113.8360348, -8.1336153 ], [ 113.8364087, -8.1335679 ], [ 113.836694, -8.1335676 ], [ 113.8368111, -8.1335835 ], [ 113.8371011, -8.1336329 ], [ 113.8374378, -8.1337271 ], [ 113.8377751, -8.1338604 ], [ 113.8380793, -8.1340159 ], [ 113.8384013, -8.134188 ] ] ] } },
{ "type": "Feature", "properties": { "osm_id": "390884341", "code": 6101, "fclass": "rail", "name": "Jalur KA Kalisat-Banyuwangi Baru" }, "geometry": { "type": "MultiLineString", "coordinates": [ [ [ 113.8404539, -8.1349061 ], [ 113.8405951, -8.1348971 ], [ 113.8407307, -8.1348764 ] ] ] } },
{ "type": "Feature", "properties": { "osm_id": "390884342", "code": 6101, "fclass": "rail", "name": "Jalur KA Kalisat-Banyuwangi Baru" }, "geometry": { "type": "MultiLineString", "coordinates": [ [ [ 113.838588, -8.1342955 ], [ 113.8390533, -8.1345626 ], [ 113.8393096, -8.1346743 ], [ 113.8395136, -8.1347652 ], [ 113.8398201, -8.1348516 ], [ 113.8400219, -8.1348905 ], [ 113.840182, -8.1349037 ], [ 113.8404539, -8.1349061 ] ] ] } },
{ "type": "Feature", "properties": { "osm_id": "420491264", "code": 6101, "fclass": "rail", "name": null }, "geometry": { "type": "MultiLineString", "coordinates": [ [ [ 112.7530388, -7.2606605 ], [ 112.752924, -7.2611366 ], [ 112.7528408, -7.2615217 ], [ 112.7527884, -7.2618334 ], [ 112.7527493, -7.2620126 ], [ 112.7527021, -7.2621757 ], [ 112.7525754, -7.262435 ] ] ] } },
{ "type": "Feature", "properties": { "osm_id": "420491266", "code": 6101, "fclass": "rail", "name": null }, "geometry": { "type": "MultiLineString", "coordinates": [ [ [ 112.7536368, -7.2618695 ], [ 112.7539198, -7.2620813 ], [ 112.7540915, -7.2621531 ], [ 112.7542658, -7.2621984 ], [ 112.7545663, -7.2622143 ], [ 112.7559849, -7.262318 ] ] ] } },
{ "type": "Feature", "properties": { "osm_id": "420491267", "code": 6101, "fclass": "rail", "name": null }, "geometry": { "type": "MultiLineString", "coordinates": [ [ [ 112.7534394, -7.2616822 ], [ 112.7536248, -7.2619084 ], [ 112.7537965, -7.2620467 ], [ 112.7539574, -7.2621505 ], [ 112.7541237, -7.2622037 ], [ 112.75429, -7.2622463 ], [ 112.7559823, -7.262369 ] ] ] } },
{ "type": "Feature", "properties": { "osm_id": "420491269", "code": 6101, "fclass": "rail", "name": null }, "geometry": { "type": "MultiLineString", "coordinates": [ [ [ 112.7559797, -7.2624216 ], [ 112.7543409, -7.2623048 ], [ 112.7541881, -7.2622755 ], [ 112.7540338, -7.2622276 ], [ 112.7539333, -7.2621744 ], [ 112.7537522, -7.2620494 ], [ 112.7536248, -7.2619084 ] ] ] } },
{ "type": "Feature", "properties": { "osm_id": "422107150", "code": 6101, "fclass": "rail", "name": "Jalur KA Solo Balapan-Kertosono" }, "geometry": { "type": "MultiLineString", "coordinates": [ [ [ 111.1297756, -7.400942 ], [ 111.1302715, -7.4007255 ], [ 111.1384662, -7.397135 ], [ 111.1539586, -7.3903257 ], [ 111.1561044, -7.3896447 ], [ 111.1582501, -7.3893468 ], [ 111.1611255, -7.3893468 ], [ 111.1648162, -7.3898575 ], [ 111.2045987, -7.3959009 ], [ 111.222812, -7.3985965 ], [ 111.2230125, -7.3986248 ], [ 111.2247012, -7.3988636 ], [ 111.2270036, -7.3992158 ], [ 111.227362, -7.3992706 ] ] ] } },
{ "type": "Feature", "properties": { "osm_id": "431745699", "code": 6101, "fclass": "rail", "name": "Jalur KA Kalisat-Banyuwangi Baru" }, "geometry": { "type": "MultiLineString", "coordinates": [ [ [ 114.1116665, -8.3010773 ], [ 114.1123893, -8.3010089 ], [ 114.1138825, -8.3008426 ], [ 114.1150474, -8.3007208 ], [ 114.116222, -8.3005989 ], [ 114.1172169, -8.3004925 ], [ 114.117768, -8.3004423 ], [ 114.1180749, -8.3004481 ], [ 114.118626, -8.3004887 ], [ 114.1198495, -8.3006202 ], [ 114.1205942, -8.3006937 ], [ 114.1207447, -8.3007111 ], [ 114.1215968, -8.3007981 ], [ 114.1233546, -8.3009985 ], [ 114.1245087, -8.3011215 ], [ 114.1261742, -8.3012937 ], [ 114.1262874, -8.3013053 ] ] ] } },
{ "type": "Feature", "properties": { "osm_id": "434584268", "code": 6101, "fclass": "rail", "name": "Jalur KA Solo Balapan-Kertosono" }, "geometry": { "type": "MultiLineString", "coordinates": [ [ [ 111.129468963149947, -7.401074661264007 ], [ 111.1297756, -7.400942 ] ] ] } },
{ "type": "Feature", "properties": { "osm_id": "449903845", "code": 6101, "fclass": "rail", "name": "Jalur KA Surabaya Kota-Wonokromo" }, "geometry": { "type": "MultiLineString", "coordinates": [ [ [ 112.7481755, -7.2873692 ], [ 112.7481684, -7.2873913 ], [ 112.7480273, -7.2883388 ], [ 112.7477138, -7.2899366 ], [ 112.7473319, -7.2911101 ], [ 112.7472978, -7.2911941 ], [ 112.7469011, -7.2920633 ], [ 112.74646, -7.2928047 ], [ 112.746151, -7.2932559 ], [ 112.7438829, -7.2960717 ], [ 112.74169, -7.29887 ], [ 112.7408277, -7.3000778 ], [ 112.7407812, -7.3001335 ] ] ] } },
{ "type": "Feature", "properties": { "osm_id": "453916239", "code": 6101, "fclass": "rail", "name": "Jalur KA Kertosono-Wonokromo" }, "geometry": { "type": "MultiLineString", "coordinates": [ [ [ 112.7217198, -7.3238352 ], [ 112.7218415, -7.3236818 ], [ 112.7326005, -7.3101139 ] ] ] } },
{ "type": "Feature", "properties": { "osm_id": "453916240", "code": 6101, "fclass": "rail", "name": "Jalur KA Kertosono-Wonokromo" }, "geometry": { "type": "MultiLineString", "coordinates": [ [ [ 112.7326005, -7.3101139 ], [ 112.7326607, -7.3100331 ], [ 112.7326851, -7.3100003 ] ] ] } },
{ "type": "Feature", "properties": { "osm_id": "457153878", "code": 6101, "fclass": "rail", "name": null }, "geometry": { "type": "MultiLineString", "coordinates": [ [ [ 112.6552004, -7.2501209 ], [ 112.6549172, -7.2500187 ], [ 112.654222, -7.2496952 ], [ 112.6538299, -7.2494332 ], [ 112.6533578, -7.2490075 ], [ 112.6529716, -7.2485392 ], [ 112.6527141, -7.2480964 ], [ 112.6524995, -7.2475004 ], [ 112.6523965, -7.2469214 ], [ 112.6507143, -7.228104 ], [ 112.6497272, -7.2175284 ], [ 112.6494369, -7.2141679 ] ] ] } },
{ "type": "Feature", "properties": { "osm_id": "457153879", "code": 6101, "fclass": "rail", "name": null }, "geometry": { "type": "MultiLineString", "coordinates": [ [ [ 112.6494369, -7.2141679 ], [ 112.6494259, -7.2140412 ] ] ] } },
{ "type": "Feature", "properties": { "osm_id": "458204784", "code": 6101, "fclass": "rail", "name": "Jalur KA Kandangan-Sidotopo" }, "geometry": { "type": "MultiLineString", "coordinates": [ [ [ 112.7156621, -7.2531309 ], [ 112.7161647, -7.2531938 ] ] ] } },
{ "type": "Feature", "properties": { "osm_id": "458204785", "code": 6101, "fclass": "rail", "name": "Jalur KA Kandangan-Sidotopo" }, "geometry": { "type": "MultiLineString", "coordinates": [ [ [ 112.7161647, -7.2531938 ], [ 112.7161969, -7.2531947 ] ] ] } },
{ "type": "Feature", "properties": { "osm_id": "458204790", "code": 6101, "fclass": "rail", "name": null }, "geometry": { "type": "MultiLineString", "coordinates": [ [ [ 112.7161393, -7.2531441 ], [ 112.7161839, -7.2531453 ] ] ] } },
{ "type": "Feature", "properties": { "osm_id": "458204791", "code": 6101, "fclass": "rail", "name": null }, "geometry": { "type": "MultiLineString", "coordinates": [ [ [ 112.7156621, -7.2531309 ], [ 112.7161393, -7.2531441 ] ] ] } },
{ "type": "Feature", "properties": { "osm_id": "465074904", "code": 6101, "fclass": "rail", "name": "Jalur KA Surabaya Kota-Wonokromo" }, "geometry": { "type": "MultiLineString", "coordinates": [ [ [ 112.7481966, -7.2872123 ], [ 112.7481755, -7.2873692 ] ] ] } },
{ "type": "Feature", "properties": { "osm_id": "465074905", "code": 6101, "fclass": "rail", "name": "Jalur KA Surabaya Kota-Wonokromo" }, "geometry": { "type": "MultiLineString", "coordinates": [ [ [ 112.7503319, -7.2774366 ], [ 112.7496982, -7.280322 ], [ 112.7494935, -7.2811991 ], [ 112.7494159, -7.2815185 ], [ 112.7493468, -7.2819146 ], [ 112.7490072, -7.2834272 ], [ 112.7481966, -7.2872123 ] ] ] } },
{ "type": "Feature", "properties": { "osm_id": "465137441", "code": 6101, "fclass": "rail", "name": "Jalur KA Kertosono-Wonokromo" }, "geometry": { "type": "MultiLineString", "coordinates": [ [ [ 112.7103354, -7.3382107 ], [ 112.7137681, -7.3338488 ], [ 112.7158702, -7.3311778 ], [ 112.718002, -7.3285265 ], [ 112.7209389, -7.3248737 ], [ 112.7216246, -7.3239634 ] ] ] } },
{ "type": "Feature", "properties": { "osm_id": "465137442", "code": 6101, "fclass": "rail", "name": "Jalur KA Kertosono-Wonokromo" }, "geometry": { "type": "MultiLineString", "coordinates": [ [ [ 112.7102972, -7.3382559 ], [ 112.7103354, -7.3382107 ] ] ] } },
{ "type": "Feature", "properties": { "osm_id": "466611396", "code": 6101, "fclass": "rail", "name": null }, "geometry": { "type": "MultiLineString", "coordinates": [ [ [ 112.6481918, -7.1954337 ], [ 112.6482101, -7.1948831 ] ] ] } },
{ "type": "Feature", "properties": { "osm_id": "466611397", "code": 6101, "fclass": "rail", "name": null }, "geometry": { "type": "MultiLineString", "coordinates": [ [ [ 112.6494259, -7.2140412 ], [ 112.648826, -7.2070973 ], [ 112.6481651, -7.2007279 ], [ 112.6480964, -7.1995783 ], [ 112.6480964, -7.1988284 ], [ 112.6480964, -7.198301 ], [ 112.6481918, -7.1954337 ] ] ] } },
{ "type": "Feature", "properties": { "osm_id": "468832437", "code": 6101, "fclass": "rail", "name": "Jalur KA Bangil-Kalisat" }, "geometry": { "type": "MultiLineString", "coordinates": [ [ [ 113.7477972, -8.1276176 ], [ 113.7480642, -8.1276159 ] ] ] } },
{ "type": "Feature", "properties": { "osm_id": "468832438", "code": 6101, "fclass": "rail", "name": "Jalur KA Bangil-Kalisat" }, "geometry": { "type": "MultiLineString", "coordinates": [ [ [ 113.7401185, -8.1314367 ], [ 113.7427913, -8.1294357 ], [ 113.7439763, -8.1285142 ], [ 113.7445428, -8.1281653 ], [ 113.7451438, -8.1279048 ], [ 113.746061, -8.1276934 ], [ 113.7466673, -8.1276543 ], [ 113.747271, -8.1276159 ], [ 113.7477972, -8.1276176 ] ] ] } },
{ "type": "Feature", "properties": { "osm_id": "470890761", "code": 6101, "fclass": "rail", "name": "Jalur KA Wonokromo-Sidoarjo" }, "geometry": { "type": "MultiLineString", "coordinates": [ [ [ 112.7367156, -7.3050704 ], [ 112.7364624, -7.3056148 ], [ 112.7363617, -7.305891 ], [ 112.7362732, -7.3062001 ], [ 112.7361619, -7.3068461 ], [ 112.7361132, -7.307165 ], [ 112.735106, -7.3118201 ], [ 112.7347414, -7.313561 ], [ 112.7345667, -7.3144006 ], [ 112.7341733, -7.3162482 ], [ 112.7341555, -7.3163315 ], [ 112.7318311, -7.3272155 ], [ 112.7318153, -7.3272926 ] ] ] } },
{ "type": "Feature", "properties": { "osm_id": "470890762", "code": 6101, "fclass": "rail", "name": "Jalur KA Wonokromo-Sidoarjo" }, "geometry": { "type": "MultiLineString", "coordinates": [ [ [ 112.7318153, -7.3272926 ], [ 112.7318022, -7.3273695 ] ] ] } },
{ "type": "Feature", "properties": { "osm_id": "473250563", "code": 6101, "fclass": "rail", "name": "Jalur KA Sidoarjo-Tarik" }, "geometry": { "type": "MultiLineString", "coordinates": [ [ [ 112.7059044, -7.4675615 ], [ 112.7057316, -7.467606 ], [ 112.7055136, -7.4676546 ], [ 112.7050895, -7.467758 ], [ 112.7042029, -7.4678863 ], [ 112.7036443, -7.4679205 ], [ 112.7010773, -7.4678366 ], [ 112.6510714, -7.465521 ], [ 112.5969229, -7.463012 ], [ 112.5210842, -7.4594979 ] ] ] } }
]
}
